To honour the JVM settings for this build a single-use Daemon process will be forked. For more on this, please refer to https://docs.gradle.org/8.12.1/userguide/gradle_daemon.html#sec:disabling_the_daemon in the Gradle documentation.
Daemon will be stopped at the end of the build 
> Task :createMinecraftArtifacts UP-TO-DATE
> Task :compileJava UP-TO-DATE
> Task :generateModMetadata UP-TO-DATE
> Task :processResources
> Task :classes
> Task :downloadAssets UP-TO-DATE
> Task :writeDataLegacyClasspath UP-TO-DATE
> Task :prepareDataRun UP-TO-DATE

> Task :runData
WARN StatusConsoleListener Advanced terminal features are not available in this environment
[04:25:36] [main/INFO] [cp.mo.mo.Launcher/MODLAUNCHER]: ModLauncher running: args [--launchTarget, forgedatadev, --assetIndex, 17, --assetsDir, C:\\Users\\24745\\.gradle\\caches\\neoformruntime\\assets, --gameDir, ., --fml.fmlVersion, 4.0.42, --fml.mcVersion, 1.21.1, --fml.neoForgeVersion, 21.1.219, --fml.neoFormVersion, 20240808.144430, --mod, poopsky, --all, --output, F:\\Minecraft\\ModDev\\PoopSkyMod\\src\\generated\\resources, --existing, F:\\Minecraft\\ModDev\\PoopSkyMod\\src\\main\\resources]
[04:25:36] [main/INFO] [cp.mo.mo.Launcher/MODLAUNCHER]: JVM identified as Eclipse Adoptium OpenJDK 64-Bit Server VM 21.0.11+10-LTS
[04:25:36] [main/INFO] [cp.mo.mo.Launcher/MODLAUNCHER]: ModLauncher 11.0.5+main.901c6ea8 starting: java version 21.0.11 by Eclipse Adoptium; OS Windows 11 arch amd64 version 10.0
[04:25:36] [main/DEBUG] [cp.mo.mo.LaunchServiceHandler/MODLAUNCHER]: Found launch services [minecraft,forgeclient,forgedatauserdev,testharness,forgeserverdev,forgeserveruserdev,forgejunitdev,forgeclientdev,forgeclientuserdev,forgeserver,forgejunituserdev,forgedatadev]
[04:25:36] [main/DEBUG] [cp.mo.mo.LaunchPluginHandler/MODLAUNCHER]: Found launch plugins: [mixin,slf4jfixer,runtime_enum_extender,accesstransformer,runtimedistcleaner]
[04:25:36] [main/DEBUG] [cp.mo.mo.TransformationServicesHandler/MODLAUNCHER]: Discovering transformation services
[04:25:36] [main/DEBUG] [ne.ne.fm.lo.FMLPaths/CORE]: Path GAMEDIR is F:\Minecraft\ModDev\PoopSkyMod\run
[04:25:36] [main/DEBUG] [ne.ne.fm.lo.FMLPaths/CORE]: Path MODSDIR is F:\Minecraft\ModDev\PoopSkyMod\run\mods
[04:25:36] [main/DEBUG] [ne.ne.fm.lo.FMLPaths/CORE]: Path CONFIGDIR is F:\Minecraft\ModDev\PoopSkyMod\run\config
[04:25:36] [main/DEBUG] [ne.ne.fm.lo.FMLPaths/CORE]: Path FMLCONFIG is F:\Minecraft\ModDev\PoopSkyMod\run\config\fml.toml
[04:25:36] [main/DEBUG] [ne.ne.fm.lo.ta.CommonLaunchHandler/CORE]: Got mod coordinates poopsky%%F:\Minecraft\ModDev\PoopSkyMod\build\classes\java\main;poopsky%%F:\Minecraft\ModDev\PoopSkyMod\build\resources\main from env
[04:25:36] [main/DEBUG] [ne.ne.fm.lo.ta.CommonLaunchHandler/CORE]: Found supplied mod coordinates [{poopsky=[F:\Minecraft\ModDev\PoopSkyMod\build\classes\java\main, F:\Minecraft\ModDev\PoopSkyMod\build\resources\main]}]
[04:25:36] [main/DEBUG] [cp.mo.mo.TransformationServicesHandler/MODLAUNCHER]: Found additional transformation services from discovery services: 
[04:25:36] [main/INFO] [ne.ne.fm.lo.ImmediateWindowHandler/]: ImmediateWindowProvider not loading because launch target is forgedatadev
[04:25:36] [main/DEBUG] [cp.mo.mo.TransformationServicesHandler/MODLAUNCHER]: Found transformer services : [mixin,fml]
[04:25:36] [main/DEBUG] [cp.mo.mo.TransformationServicesHandler/MODLAUNCHER]: Transformation services loading
[04:25:36] [main/DEBUG] [cp.mo.mo.TransformationServiceDecorator/MODLAUNCHER]: Loading service mixin
[04:25:36] [main/DEBUG] [cp.mo.mo.TransformationServiceDecorator/MODLAUNCHER]: Loaded service mixin
[04:25:36] [main/DEBUG] [cp.mo.mo.TransformationServiceDecorator/MODLAUNCHER]: Loading service fml
[04:25:36] [main/DEBUG] [ne.ne.fm.lo.FMLLoader/CORE]: FML 4.0.42 loading
[04:25:36] [main/DEBUG] [ne.ne.fm.lo.FMLLoader/CORE]: FML found ModLauncher version : 11.0.5+main.901c6ea8
[04:25:36] [main/DEBUG] [ne.ne.fm.lo.FMLLoader/CORE]: FML found AccessTransformer version : 10.0.1+139da711
[04:25:36] [main/DEBUG] [ne.ne.fm.lo.FMLLoader/CORE]: FML found EventBus version : null
[04:25:36] [main/DEBUG] [ne.ne.fm.lo.FMLLoader/CORE]: Found Runtime Dist Cleaner
[04:25:36] [main/DEBUG] [cp.mo.mo.TransformationServiceDecorator/MODLAUNCHER]: Loaded service fml
[04:25:36] [main/DEBUG] [cp.mo.mo.TransformationServicesHandler/MODLAUNCHER]: Configuring option handling for services
[04:25:36] [main/DEBUG] [ne.ne.fm.lo.FMLServiceProvider/CORE]: Received command line version data  : VersionInfo[neoForgeVersion=21.1.219, fmlVersion=4.0.42, mcVersion=1.21.1, neoFormVersion=20240808.144430]
[04:25:36] [main/DEBUG] [cp.mo.mo.TransformationServicesHandler/MODLAUNCHER]: Transformation services initializing
[04:25:36] [main/DEBUG] [cp.mo.mo.TransformationServiceDecorator/MODLAUNCHER]: Initializing transformation service mixin
[04:25:36] [main/DEBUG] [mixin/]: MixinService [ModLauncher] was successfully booted in cpw.mods.cl.ModuleClassLoader@2e3fc542
[04:25:36] [main/INFO] [mixin/]: SpongePowered MIXIN Subsystem Version=0.8.7 Source=union:/C:/Users/24745/.gradle/caches/modules-2/files-2.1/net.fabricmc/sponge-mixin/0.15.2+mixin.0.8.7/2af2f021d8e02a0220dc27a7a72b4666d66d44ca/sponge-mixin-0.15.2+mixin.0.8.7.jar%23138!/ Service=ModLauncher Env=CLIENT
[04:25:36] [main/DEBUG] [mixin/]: Initialising Mixin Platform Manager
[04:25:36] [main/DEBUG] [mixin/]: Adding mixin platform agents for container ModLauncher Root Container(ModLauncher:4f56a0a2)
[04:25:36] [main/DEBUG] [mixin/]: Instancing new MixinPlatformAgentMinecraftForge for ModLauncher Root Container(ModLauncher:4f56a0a2)
[04:25:36] [main/DEBUG] [mixin/]: MixinPlatformAgentMinecraftForge rejected container ModLauncher Root Container(ModLauncher:4f56a0a2)
[04:25:36] [main/DEBUG] [mixin/]: Instancing new MixinPlatformAgentDefault for ModLauncher Root Container(ModLauncher:4f56a0a2)
[04:25:36] [main/DEBUG] [mixin/]: MixinPlatformAgentDefault accepted container ModLauncher Root Container(ModLauncher:4f56a0a2)
[04:25:37] [main/DEBUG] [cp.mo.mo.TransformationServiceDecorator/MODLAUNCHER]: Initialized transformation service mixin
[04:25:37] [main/DEBUG] [cp.mo.mo.TransformationServiceDecorator/MODLAUNCHER]: Initializing transformation service fml
[04:25:37] [main/DEBUG] [ne.ne.fm.lo.FMLServiceProvider/CORE]: Setting up basic FML game directories
[04:25:37] [main/DEBUG] [ne.ne.fm.lo.FMLPaths/CORE]: Path GAMEDIR is F:\Minecraft\ModDev\PoopSkyMod\run
[04:25:37] [main/DEBUG] [ne.ne.fm.lo.FMLPaths/CORE]: Path MODSDIR is F:\Minecraft\ModDev\PoopSkyMod\run\mods
[04:25:37] [main/DEBUG] [ne.ne.fm.lo.FMLPaths/CORE]: Path CONFIGDIR is F:\Minecraft\ModDev\PoopSkyMod\run\config
[04:25:37] [main/DEBUG] [ne.ne.fm.lo.FMLPaths/CORE]: Path FMLCONFIG is F:\Minecraft\ModDev\PoopSkyMod\run\config\fml.toml
[04:25:37] [main/DEBUG] [ne.ne.fm.lo.FMLServiceProvider/CORE]: Loading configuration
[04:25:37] [main/DEBUG] [ne.ne.fm.lo.FMLServiceProvider/CORE]: Preparing launch handler
[04:25:37] [main/DEBUG] [ne.ne.fm.lo.FMLLoader/CORE]: Using forgedatadev as launch service
[04:25:37] [main/DEBUG] [cp.mo.mo.TransformationServiceDecorator/MODLAUNCHER]: Initialized transformation service fml
[04:25:37] [main/DEBUG] [cp.mo.mo.TransformationServicesHandler/MODLAUNCHER]: Transformation services begin scanning
[04:25:37] [main/DEBUG] [cp.mo.mo.TransformationServiceDecorator/MODLAUNCHER]: Beginning scan trigger - transformation service mixin
[04:25:37] [main/DEBUG] [cp.mo.mo.TransformationServiceDecorator/MODLAUNCHER]: End scan trigger - transformation service mixin
[04:25:37] [main/DEBUG] [cp.mo.mo.TransformationServiceDecorator/MODLAUNCHER]: Beginning scan trigger - transformation service fml
[04:25:37] [main/DEBUG] [ne.ne.fm.lo.FMLServiceProvider/CORE]: Initiating mod scan
[04:25:37] [main/DEBUG] [ne.ne.fm.lo.ta.CommonLaunchHandler/CORE]: Got mod coordinates poopsky%%F:\Minecraft\ModDev\PoopSkyMod\build\classes\java\main;poopsky%%F:\Minecraft\ModDev\PoopSkyMod\build\resources\main from env
[04:25:37] [main/DEBUG] [ne.ne.fm.lo.ta.CommonLaunchHandler/CORE]: Found supplied mod coordinates [{poopsky=[F:\Minecraft\ModDev\PoopSkyMod\build\classes\java\main, F:\Minecraft\ModDev\PoopSkyMod\build\resources\main]}]
[04:25:37] [main/DEBUG] [ne.ne.fm.lo.ta.CommonDevLaunchHandler/]: Launching with NeoForge from F:\Minecraft\ModDev\PoopSkyMod\build\moddev\artifacts\neoforge-21.1.219.jar
[04:25:37] [main/DEBUG] [ne.ne.fm.ut.ServiceLoaderUtil/CORE]: Found 4 implementations of IModFileCandidateLocator:
[04:25:37] [main/DEBUG] [ne.ne.fm.ut.ServiceLoaderUtil/CORE]: 	       0 - [built-in] net.neoforged.fml.loading.moddiscovery.locators.NeoForgeDevProvider from loader-4.0.42.jar
[04:25:37] [main/DEBUG] [ne.ne.fm.ut.ServiceLoaderUtil/CORE]: 	       0 - net.neoforged.fml.loading.moddiscovery.locators.ModsFolderLocator from loader-4.0.42.jar
[04:25:37] [main/DEBUG] [ne.ne.fm.ut.ServiceLoaderUtil/CORE]: 	       0 - net.neoforged.fml.loading.moddiscovery.locators.MavenDirectoryLocator from loader-4.0.42.jar
[04:25:37] [main/DEBUG] [ne.ne.fm.ut.ServiceLoaderUtil/CORE]: 	   -1000 - [built-in] net.neoforged.fml.loading.moddiscovery.locators.UserdevLocator from loader-4.0.42.jar
[04:25:37] [main/DEBUG] [ne.ne.fm.ut.ServiceLoaderUtil/CORE]: Found 2 implementations of IModFileReader:
[04:25:37] [main/DEBUG] [ne.ne.fm.ut.ServiceLoaderUtil/CORE]: 	       0 - net.neoforged.fml.loading.moddiscovery.readers.JarModsDotTomlModFileReader from loader-4.0.42.jar
[04:25:37] [main/DEBUG] [ne.ne.fm.ut.ServiceLoaderUtil/CORE]: 	   -1000 - net.neoforged.fml.loading.moddiscovery.readers.NestedLibraryModReader from loader-4.0.42.jar
[04:25:37] [main/DEBUG] [ne.ne.fm.ut.ServiceLoaderUtil/CORE]: Found 1 implementations of IDependencyLocator:
[04:25:37] [main/DEBUG] [ne.ne.fm.ut.ServiceLoaderUtil/CORE]: 	       0 - net.neoforged.fml.loading.moddiscovery.locators.JarInJarDependencyLocator from loader-4.0.42.jar
[04:25:37] [main/DEBUG] [ne.ne.fm.lo.mo.ModFileInfo/LOADING]: Found valid mod file neoforge-21.1.219.jar with {minecraft} mods - versions {1.21.1}
[04:25:37] [main/DEBUG] [ne.ne.fm.lo.mo.ModFileParser/LOADING]: Considering mod file candidate F:\Minecraft\ModDev\PoopSkyMod\build\moddev\artifacts\neoforge-21.1.219.jar
[04:25:37] [main/DEBUG] [ne.ne.fm.lo.mo.ModFileInfo/LOADING]: Found valid mod file neoforge-21.1.219.jar with {neoforge} mods - versions {21.1.219}
[04:25:37] [main/DEBUG] [ne.ne.fm.lo.mo.ModFileParser/LOADING]: Considering mod file candidate F:\Minecraft\ModDev\PoopSkyMod\run\mods\appleskin-neoforge-mc1.21-3.0.7.jar
[04:25:37] [main/DEBUG] [ne.ne.fm.lo.mo.ModFileInfo/LOADING]: Found valid mod file appleskin-neoforge-mc1.21-3.0.7.jar with {appleskin} mods - versions {3.0.7+mc1.21}
[04:25:37] [main/DEBUG] [ne.ne.fm.lo.mo.ModFileParser/LOADING]: Considering mod file candidate F:\Minecraft\ModDev\PoopSkyMod\run\mods\BetterAdvancements-NeoForge-1.21.1-0.4.3.21.jar
[04:25:37] [main/DEBUG] [ne.ne.fm.lo.mo.ModFileInfo/LOADING]: Found valid mod file BetterAdvancements-NeoForge-1.21.1-0.4.3.21.jar with {betteradvancements} mods - versions {0.4.3.21}
[04:25:37] [main/DEBUG] [ne.ne.fm.lo.mo.ModFileParser/LOADING]: Considering mod file candidate F:\Minecraft\ModDev\PoopSkyMod\run\mods\emi-1.1.22+1.21.1+neoforge.jar
[04:25:37] [main/DEBUG] [ne.ne.fm.lo.mo.ModFileInfo/LOADING]: Found valid mod file emi-1.1.22+1.21.1+neoforge.jar with {emi} mods - versions {1.1.22+1.21.1+neoforge}
[04:25:37] [main/DEBUG] [ne.ne.fm.lo.mo.ModFileParser/LOADING]: Considering mod file candidate F:\Minecraft\ModDev\PoopSkyMod\run\mods\FarmersDelight-1.21.1-1.2.9.jar
[04:25:37] [main/DEBUG] [ne.ne.fm.lo.mo.ModFileInfo/LOADING]: Found valid mod file FarmersDelight-1.21.1-1.2.9.jar with {farmersdelight} mods - versions {1.2.9}
[04:25:37] [main/DEBUG] [ne.ne.fm.lo.mo.ModFileParser/LOADING]: Considering mod file candidate F:\Minecraft\ModDev\PoopSkyMod\run\mods\frog_variant_mod-1.2.0.jar
[04:25:37] [main/DEBUG] [ne.ne.fm.lo.mo.ModFileInfo/LOADING]: Found valid mod file frog_variant_mod-1.2.0.jar with {frog_variant_mod_1782245873} mods - versions {1.2.0}
[04:25:37] [main/DEBUG] [ne.ne.fm.lo.mo.ModFileParser/LOADING]: Considering mod file candidate F:\Minecraft\ModDev\PoopSkyMod\run\mods\Jade-1.21.1-NeoForge-15.10.0.jar
[04:25:37] [main/DEBUG] [ne.ne.fm.lo.mo.ModFileInfo/LOADING]: Found valid mod file Jade-1.21.1-NeoForge-15.10.0.jar with {jade} mods - versions {15.10.0+neoforge}
[04:25:37] [main/DEBUG] [ne.ne.fm.lo.mo.ModFileParser/LOADING]: Considering mod file candidate F:\Minecraft\ModDev\PoopSkyMod\run\mods\jei-1.21.1-neoforge-19.27.0.340.jar
[04:25:37] [main/DEBUG] [ne.ne.fm.lo.mo.ModFileInfo/LOADING]: Found valid mod file jei-1.21.1-neoforge-19.27.0.340.jar with {jei} mods - versions {19.27.0.340}
[04:25:37] [main/DEBUG] [ne.ne.fm.lo.mo.ModFileParser/LOADING]: Considering mod file candidate F:\Minecraft\ModDev\PoopSkyMod\run\mods\kubejs-neoforge-2101.7.2-build.368.jar
[04:25:37] [main/DEBUG] [ne.ne.fm.lo.mo.ModFileInfo/LOADING]: Found valid mod file kubejs-neoforge-2101.7.2-build.368.jar with {kubejs} mods - versions {2101.7.2-build.368}
[04:25:37] [main/DEBUG] [ne.ne.fm.lo.mo.ModFileParser/LOADING]: Considering mod file candidate F:\Minecraft\ModDev\PoopSkyMod\run\mods\powerful_dummy-21-0.0.9-hotfix.jar
[04:25:37] [main/DEBUG] [ne.ne.fm.lo.mo.ModFileInfo/LOADING]: Found valid mod file powerful_dummy-21-0.0.9-hotfix.jar with {powerful_dummy} mods - versions {21-0.0.9-hotfix}
[04:25:37] [main/DEBUG] [ne.ne.fm.lo.mo.ModFileParser/LOADING]: Considering mod file candidate F:\Minecraft\ModDev\PoopSkyMod\run\mods\rhino-2101.2.7-build.85.jar
[04:25:37] [main/DEBUG] [ne.ne.fm.lo.mo.ModFileInfo/LOADING]: Found valid mod file rhino-2101.2.7-build.85.jar with {rhino} mods - versions {2101.2.7-build.85}
[04:25:37] [main/DEBUG] [ne.ne.fm.lo.mo.ModListHandler/CORE]: Found mod coordinates from lists: []
[04:25:37] [main/DEBUG] [ne.ne.fm.lo.mo.ModFileParser/LOADING]: Considering mod file candidate F:\Minecraft\ModDev\PoopSkyMod\build\classes\java\main
[04:25:37] [main/DEBUG] [ne.ne.fm.lo.mo.ModFileInfo/LOADING]: Found valid mod file main with {poopsky} mods - versions {1.21.1-1.5-dev}
[04:25:37] [main/DEBUG] [ne.ne.fm.lo.mo.ModFileParser/LOADING]: Considering mod file candidate F:\Minecraft\ModDev\PoopSkyMod\build\moddev\artifacts\neoforge-21.1.219.jar
[04:25:37] [main/DEBUG] [ne.ne.fm.lo.mo.ModFileInfo/LOADING]: Found valid mod file neoforge-21.1.219.jar with {neoforge} mods - versions {21.1.219}
[04:25:37] [main/DEBUG] [ne.ne.fm.lo.mo.ModFileParser/LOADING]: Considering mod file candidate C:\Users\24745\.gradle\caches\modules-2\files-2.1\dev.ryanhcode.sable-companion\sable-companion-common-1.21.1\1.6.0\370be7db705926176e05c0215ed676150c45daae\sable-companion-common-1.21.1-1.6.0.jar
[04:25:37] [main/DEBUG] [ne.ne.fm.lo.mo.ModFileInfo/LOADING]: Found valid mod file sable-companion-common-1.21.1-1.6.0.jar with {sablecompanion} mods - versions {1.6.0}
[04:25:37] [main/DEBUG] [ne.ne.fm.lo.mo.ModFileParser/LOADING]: Considering mod file candidate C:\Users\24745\.gradle\caches\modules-2\files-2.1\curse.maven\touhou-little-maid-355044\7307724\86592411e55d7bf91be1a543b6ca3858f9f9c3b\touhou-little-maid-355044-7307724.jar
[04:25:37] [main/DEBUG] [ne.ne.fm.lo.mo.ModFileInfo/LOADING]: Found valid mod file touhou-little-maid-355044-7307724.jar with {touhou_little_maid} mods - versions {1.4.6-neoforge+mc1.21.1}
[04:25:37] [main/DEBUG] [ne.ne.fm.lo.mo.ModFileParser/LOADING]: Considering mod file candidate C:\Users\24745\.gradle\caches\modules-2\files-2.1\com.simibubi.create\create-1.21.1\6.0.8-168\22f78139dc39d48c2a7637d4b0b3f64ca6ff9386\create-1.21.1-6.0.8-168-slim.jar
[04:25:37] [main/DEBUG] [ne.ne.fm.lo.mo.ModFileInfo/LOADING]: Found valid mod file create-1.21.1-6.0.8-168-slim.jar with {create} mods - versions {6.0.8}
[04:25:37] [main/DEBUG] [ne.ne.fm.lo.mo.ModFileParser/LOADING]: Considering mod file candidate C:\Users\24745\.gradle\caches\modules-2\files-2.1\net.createmod.ponder\Ponder-NeoForge-1.21.1\1.0.64\115affcebbb877f4c878ab9e2867973a32895838\Ponder-NeoForge-1.21.1-1.0.64.jar
[04:25:37] [main/DEBUG] [ne.ne.fm.lo.mo.ModFileInfo/LOADING]: Found valid mod file Ponder-NeoForge-1.21.1-1.0.64.jar with {ponder} mods - versions {1.0.64}
[04:25:37] [main/DEBUG] [ne.ne.fm.lo.mo.ModFileParser/LOADING]: Considering mod file candidate C:\Users\24745\.gradle\caches\modules-2\files-2.1\mezz.jei\jei-1.21.1-neoforge\19.27.0.340\27d0d85e7e32e926fc3664ab6815df5cdabb7941\jei-1.21.1-neoforge-19.27.0.340.jar
[04:25:37] [main/DEBUG] [ne.ne.fm.lo.mo.ModFileInfo/LOADING]: Found valid mod file jei-1.21.1-neoforge-19.27.0.340.jar with {jei} mods - versions {19.27.0.340}
[04:25:37] [main/DEBUG] [ne.ne.fm.lo.mo.ModFileParser/LOADING]: Considering mod file candidate C:\Users\24745\.gradle\caches\modules-2\files-2.1\dev.engine-room.flywheel\flywheel-neoforge-1.21.1\1.0.4\47fe9da825b4479bbac55d6432d5932ee76f32f0\flywheel-neoforge-1.21.1-1.0.4.jar
[04:25:37] [main/DEBUG] [ne.ne.fm.lo.mo.ModFileInfo/LOADING]: Found valid mod file flywheel-neoforge-1.21.1-1.0.4.jar with {flywheel} mods - versions {1.0.4}
[04:25:37] [main/DEBUG] [ne.ne.fm.lo.mo.ModDiscoverer/]: Skipping C:\Users\24745\.gradle\caches\modules-2\files-2.1\net.neoforged.fancymodloader\earlydisplay\4.0.42\46555dbfff14e9e052f1f693aed14d542a74e111\earlydisplay-4.0.42.jar because it was already located earlier
[04:25:37] [main/DEBUG] [ne.ne.fm.lo.mo.ModDiscoverer/]: Skipping C:\Users\24745\.gradle\caches\modules-2\files-2.1\net.neoforged.fancymodloader\loader\4.0.42\76e15f98bf676fb44b36c5e776f52a55581ec43a\loader-4.0.42.jar because it was already located earlier
[04:25:37] [main/DEBUG] [ne.ne.fm.lo.mo.ModDiscoverer/]: Skipping C:\Users\24745\.gradle\caches\modules-2\files-2.1\net.neoforged.accesstransformers\at-modlauncher\10.0.1\5aba50202aceead086bc09fbc2751c9f05cb4890\at-modlauncher-10.0.1.jar because it was already located earlier
[04:25:37] [main/DEBUG] [ne.ne.fm.lo.mo.ModDiscoverer/]: Skipping C:\Users\24745\.gradle\caches\modules-2\files-2.1\net.neoforged\accesstransformers\10.0.1\fd83b5725f76eae9115e9355fa1c456a6a441400\accesstransformers-10.0.1.jar because it was already located earlier
[04:25:37] [main/DEBUG] [ne.ne.fm.lo.mo.ModDiscoverer/]: Skipping C:\Users\24745\.gradle\caches\modules-2\files-2.1\net.neoforged\bus\8.0.5\5b2d33285ab5d1554e9798ad98c40d6ea3868bd5\bus-8.0.5.jar because it was already located earlier
[04:25:37] [main/DEBUG] [ne.ne.fm.lo.mo.ModDiscoverer/]: Skipping C:\Users\24745\.gradle\caches\modules-2\files-2.1\net.neoforged\coremods\7.0.3\9147e6f638b4272b3bd5fc8f92ad37802512c6c\coremods-7.0.3.jar because it was already located earlier
[04:25:37] [main/DEBUG] [ne.ne.fm.lo.mo.ModDiscoverer/]: Skipping C:\Users\24745\.gradle\caches\modules-2\files-2.1\cpw.mods\modlauncher\11.0.5\b8f0d49294f733fdb6173931b263553e943dc950\modlauncher-11.0.5.jar because it was already located earlier
[04:25:37] [main/DEBUG] [ne.ne.fm.lo.mo.ModDiscoverer/]: Skipping C:\Users\24745\.gradle\caches\modules-2\files-2.1\net.neoforged\mergetool\2.0.0\52fe1949be64e3303aabaaa21e315f551db9c9f4\mergetool-2.0.0-api.jar because it was already located earlier
[04:25:37] [main/DEBUG] [ne.ne.fm.lo.mo.ModDiscoverer/]: Skipping C:\Users\24745\.gradle\caches\modules-2\files-2.1\com.electronwill.night-config\toml\3.8.3\90b2fd6efcb4a7d5b9810cf78f9d824994d717f2\toml-3.8.3.jar because it was already located earlier
[04:25:37] [main/DEBUG] [ne.ne.fm.lo.mo.ModDiscoverer/]: Skipping C:\Users\24745\.gradle\caches\modules-2\files-2.1\com.electronwill.night-config\core\3.8.3\b442a95f09e349927f5a945ecb594455870fcf4f\core-3.8.3.jar because it was already located earlier
[04:25:37] [main/DEBUG] [ne.ne.fm.lo.mo.ModDiscoverer/]: Skipping C:\Users\24745\.gradle\caches\modules-2\files-2.1\net.neoforged\JarJarSelector\0.4.1\fb3cc7a58af22ad2880adb98af6d518128c47dae\JarJarSelector-0.4.1.jar because it was already located earlier
[04:25:37] [main/DEBUG] [ne.ne.fm.lo.mo.ModDiscoverer/]: Skipping C:\Users\24745\.gradle\caches\modules-2\files-2.1\net.neoforged\JarJarMetadata\0.4.1\f8da03683dc81694556dc3e177c5e3bb77ae6fcb\JarJarMetadata-0.4.1.jar because it was already located earlier
[04:25:37] [main/DEBUG] [ne.ne.fm.lo.mo.ModDiscoverer/]: Skipping C:\Users\24745\.gradle\caches\modules-2\files-2.1\org.apache.maven\maven-artifact\3.8.5\4433f50c07debefaed0553bd0068f4f48d449313\maven-artifact-3.8.5.jar because it was already located earlier
[04:25:37] [main/DEBUG] [ne.ne.fm.lo.mo.ModDiscoverer/]: Skipping C:\Users\24745\.gradle\caches\modules-2\files-2.1\net.jodah\typetools\0.6.3\a01aaa6ddaea9ec07ec4f209487b7a46a526283a\typetools-0.6.3.jar because it was already located earlier
[04:25:37] [main/DEBUG] [ne.ne.fm.lo.mo.ModDiscoverer/]: Skipping C:\Users\24745\.gradle\caches\modules-2\files-2.1\net.minecrell\terminalconsoleappender\1.3.0\b562e9bb61235c9520e26282cdee71f8f802d1fc\terminalconsoleappender-1.3.0.jar because it was already located earlier
[04:25:37] [main/DEBUG] [ne.ne.fm.lo.mo.ModDiscoverer/]: Skipping C:\Users\24745\.gradle\caches\modules-2\files-2.1\net.fabricmc\sponge-mixin\0.15.2+mixin.0.8.7\2af2f021d8e02a0220dc27a7a72b4666d66d44ca\sponge-mixin-0.15.2+mixin.0.8.7.jar because it was already located earlier
[04:25:37] [main/DEBUG] [ne.ne.fm.lo.mo.ModDiscoverer/]: Skipping C:\Users\24745\.gradle\caches\modules-2\files-2.1\org.openjdk.nashorn\nashorn-core\15.4\f67f5ffaa5f5130cf6fb9b133da00c7df3b532a5\nashorn-core-15.4.jar because it was already located earlier
[04:25:37] [main/DEBUG] [ne.ne.fm.lo.mo.ModDiscoverer/]: Skipping C:\Users\24745\.gradle\caches\modules-2\files-2.1\org.apache.commons\commons-lang3\3.14.0\1ed471194b02f2c6cb734a0cd6f6f107c673afae\commons-lang3-3.14.0.jar because it was already located earlier
[04:25:37] [main/DEBUG] [ne.ne.fm.lo.mo.ModDiscoverer/]: Skipping C:\Users\24745\.gradle\caches\modules-2\files-2.1\net.sf.jopt-simple\jopt-simple\5.0.4\4fdac2fbe92dfad86aa6e9301736f6b4342a3f5c\jopt-simple-5.0.4.jar because it was already located earlier
[04:25:37] [main/DEBUG] [ne.ne.fm.lo.mo.ModDiscoverer/]: Skipping C:\Users\24745\.gradle\caches\modules-2\files-2.1\commons-io\commons-io\2.15.1\f11560da189ab563a5c8e351941415430e9304ea\commons-io-2.15.1.jar because it was already located earlier
[04:25:37] [main/DEBUG] [ne.ne.fm.lo.mo.ModDiscoverer/]: Skipping C:\Users\24745\.gradle\caches\modules-2\files-2.1\com.mojang\logging\1.2.7\24cb95ffb0e3433fd6e844c04e68009e504ca1c0\logging-1.2.7.jar because it was already located earlier
[04:25:37] [main/DEBUG] [ne.ne.fm.lo.mo.ModDiscoverer/]: Skipping C:\Users\24745\.gradle\caches\modules-2\files-2.1\org.apache.logging.log4j\log4j-slf4j2-impl\2.22.1\d7e6693c2606cb7e7335047d7bb96dec52db5665\log4j-slf4j2-impl-2.22.1.jar because it was already located earlier
[04:25:37] [main/DEBUG] [ne.ne.fm.lo.mo.ModDiscoverer/]: Skipping C:\Users\24745\.gradle\caches\modules-2\files-2.1\org.apache.logging.log4j\log4j-core\2.22.1\7183a25510a02ad00cc6a95d3b3d2a7d3c5a8dc4\log4j-core-2.22.1.jar because it was already located earlier
[04:25:37] [main/DEBUG] [ne.ne.fm.lo.mo.ModDiscoverer/]: Skipping C:\Users\24745\.gradle\caches\modules-2\files-2.1\org.apache.logging.log4j\log4j-api\2.22.1\bea6fede6328fabafd7e68363161a7ea6605abd1\log4j-api-2.22.1.jar because it was already located earlier
[04:25:37] [main/DEBUG] [ne.ne.fm.lo.mo.ModDiscoverer/]: Skipping C:\Users\24745\.gradle\caches\modules-2\files-2.1\com.google.guava\guava\32.1.2-jre\5e64ec7e056456bef3a4bc4c6fdaef71e8ab6318\guava-32.1.2-jre.jar because it was already located earlier
[04:25:37] [main/DEBUG] [ne.ne.fm.lo.mo.ModDiscoverer/]: Skipping C:\Users\24745\.gradle\caches\modules-2\files-2.1\com.google.code.gson\gson\2.10.1\b3add478d4382b78ea20b1671390a858002feb6c\gson-2.10.1.jar because it was already located earlier
[04:25:37] [main/DEBUG] [ne.ne.fm.lo.mo.ModDiscoverer/]: Skipping C:\Users\24745\.gradle\caches\modules-2\files-2.1\org.slf4j\slf4j-api\2.0.9\7cf2726fdcfbc8610f9a71fb3ed639871f315340\slf4j-api-2.0.9.jar because it was already located earlier
[04:25:37] [main/DEBUG] [ne.ne.fm.lo.mo.ModDiscoverer/]: Skipping C:\Users\24745\.gradle\caches\modules-2\files-2.1\org.antlr\antlr4-runtime\4.13.1\17125bae1d965624e265ef49552f6465a2bfa307\antlr4-runtime-4.13.1.jar because it was already located earlier
[04:25:37] [main/DEBUG] [ne.ne.fm.lo.mo.ModDiscoverer/]: Skipping C:\Users\24745\.gradle\caches\modules-2\files-2.1\net.minecraftforge\srgutils\0.4.15\ca408b131759478f164e010fae0d73997e125fb5\srgutils-0.4.15.jar because it was already located earlier
[04:25:37] [main/DEBUG] [ne.ne.fm.lo.mo.ModDiscoverer/]: Skipping C:\Users\24745\.gradle\caches\modules-2\files-2.1\org.codehaus.plexus\plexus-utils\3.3.0\cf43b5391de623b36fe066a21127baef82c64022\plexus-utils-3.3.0.jar because it was already located earlier
[04:25:37] [main/DEBUG] [ne.ne.fm.lo.mo.ModDiscoverer/]: Skipping C:\Users\24745\.gradle\caches\modules-2\files-2.1\org.jline\jline-reader\3.20.0\8f15415b022a25b473e8e16c28ae913186ffb9c4\jline-reader-3.20.0.jar because it was already located earlier
[04:25:37] [main/DEBUG] [ne.ne.fm.lo.mo.ModDiscoverer/]: Skipping C:\Users\24745\.gradle\caches\modules-2\files-2.1\com.machinezoo.noexception\noexception\1.7.1\b65330c98e38a1f915fa54a6e5eca496505e3f0a\noexception-1.7.1.jar because it was already located earlier
[04:25:37] [main/DEBUG] [ne.ne.fm.lo.mo.ModDiscoverer/]: Skipping C:\Users\24745\.gradle\caches\modules-2\files-2.1\com.github.oshi\oshi-core\6.4.10\b1d8ab82d11d92fd639b56d639f8f46f739dd5fa\oshi-core-6.4.10.jar because it was already located earlier
[04:25:37] [main/DEBUG] [ne.ne.fm.lo.mo.ModDiscoverer/]: Skipping C:\Users\24745\.gradle\caches\modules-2\files-2.1\com.google.guava\failureaccess\1.0.1\1dcf1de382a0bf95a3d8b0849546c88bac1292c9\failureaccess-1.0.1.jar because it was already located earlier
[04:25:37] [main/DEBUG] [ne.ne.fm.lo.mo.ModDiscoverer/]: Skipping C:\Users\24745\.gradle\caches\modules-2\files-2.1\com.ibm.icu\icu4j\73.2\61ad4ef7f9131fcf6d25c34b817f90d6da06c9e9\icu4j-73.2.jar because it was already located earlier
[04:25:37] [main/DEBUG] [ne.ne.fm.lo.mo.ModDiscoverer/]: Skipping C:\Users\24745\.gradle\caches\modules-2\files-2.1\com.mojang\authlib\6.0.54\de8bc95660e1b2fe8793fd427a7a10dcec5b3ea7\authlib-6.0.54.jar because it was already located earlier
[04:25:37] [main/DEBUG] [ne.ne.fm.lo.mo.ModDiscoverer/]: Skipping C:\Users\24745\.gradle\caches\modules-2\files-2.1\com.mojang\blocklist\1.0.10\5c685c5ffa94c4cd39496c7184c1d122e515ecef\blocklist-1.0.10.jar because it was already located earlier
[04:25:37] [main/DEBUG] [ne.ne.fm.lo.mo.ModDiscoverer/]: Skipping C:\Users\24745\.gradle\caches\modules-2\files-2.1\com.mojang\brigadier\1.3.10\d15b53a14cf20fdcaa98f731af5dda654452c010\brigadier-1.3.10.jar because it was already located earlier
[04:25:37] [main/DEBUG] [ne.ne.fm.lo.mo.ModDiscoverer/]: Skipping C:\Users\24745\.gradle\caches\modules-2\files-2.1\com.mojang\datafixerupper\8.0.16\67d4de6d7f95d89bcf5862995fb854ebaec02a34\datafixerupper-8.0.16.jar because it was already located earlier
[04:25:37] [main/DEBUG] [ne.ne.fm.lo.mo.ModDiscoverer/]: Skipping C:\Users\24745\.gradle\caches\modules-2\files-2.1\com.mojang\patchy\2.2.10\da05971b07cbb379d002cf7eaec6a2048211fefc\patchy-2.2.10.jar because it was already located earlier
[04:25:37] [main/DEBUG] [ne.ne.fm.lo.mo.ModDiscoverer/]: Skipping C:\Users\24745\.gradle\caches\modules-2\files-2.1\com.mojang\text2speech\1.17.9\3cad216e3a7f0c19b4b394388bc9ffc446f13b14\text2speech-1.17.9.jar because it was already located earlier
[04:25:37] [main/DEBUG] [ne.ne.fm.lo.mo.ModDiscoverer/]: Skipping C:\Users\24745\.gradle\caches\modules-2\files-2.1\commons-codec\commons-codec\1.16.0\4e3eb3d79888d76b54e28b350915b5dc3919c9de\commons-codec-1.16.0.jar because it was already located earlier
[04:25:37] [main/DEBUG] [ne.ne.fm.lo.mo.ModDiscoverer/]: Skipping C:\Users\24745\.gradle\caches\modules-2\files-2.1\commons-logging\commons-logging\1.2\4bfc12adfe4842bf07b657f0369c4cb522955686\commons-logging-1.2.jar because it was already located earlier
[04:25:37] [main/DEBUG] [ne.ne.fm.lo.mo.ModDiscoverer/]: Skipping C:\Users\24745\.gradle\caches\modules-2\files-2.1\io.netty\netty-buffer\4.1.97.Final\f8f3d8644afa5e6e1a40a3a6aeb9d9aa970ecb4f\netty-buffer-4.1.97.Final.jar because it was already located earlier
[04:25:37] [main/DEBUG] [ne.ne.fm.lo.mo.ModDiscoverer/]: Skipping C:\Users\24745\.gradle\caches\modules-2\files-2.1\io.netty\netty-codec\4.1.97.Final\384ba4d75670befbedb45c4d3b497a93639c206d\netty-codec-4.1.97.Final.jar because it was already located earlier
[04:25:37] [main/DEBUG] [ne.ne.fm.lo.mo.ModDiscoverer/]: Skipping C:\Users\24745\.gradle\caches\modules-2\files-2.1\io.netty\netty-common\4.1.97.Final\7cceacaf11df8dc63f23d0fb58e9d4640fc88404\netty-common-4.1.97.Final.jar because it was already located earlier
[04:25:37] [main/DEBUG] [ne.ne.fm.lo.mo.ModDiscoverer/]: Skipping C:\Users\24745\.gradle\caches\modules-2\files-2.1\io.netty\netty-handler\4.1.97.Final\abb86c6906bf512bf2b797a41cd7d2e8d3cd7c36\netty-handler-4.1.97.Final.jar because it was already located earlier
[04:25:37] [main/DEBUG] [ne.ne.fm.lo.mo.ModDiscoverer/]: Skipping C:\Users\24745\.gradle\caches\modules-2\files-2.1\io.netty\netty-resolver\4.1.97.Final\cec8348108dc76c47cf87c669d514be52c922144\netty-resolver-4.1.97.Final.jar because it was already located earlier
[04:25:37] [main/DEBUG] [ne.ne.fm.lo.mo.ModDiscoverer/]: Skipping C:\Users\24745\.gradle\caches\modules-2\files-2.1\io.netty\netty-transport-classes-epoll\4.1.97.Final\795da37ded759e862457a82d9d92c4d39ce8ecee\netty-transport-classes-epoll-4.1.97.Final.jar because it was already located earlier
[04:25:37] [main/DEBUG] [ne.ne.fm.lo.mo.ModDiscoverer/]: Skipping C:\Users\24745\.gradle\caches\modules-2\files-2.1\io.netty\netty-transport-native-unix-common\4.1.97.Final\d469d84265ab70095b01b40886cabdd433b6e664\netty-transport-native-unix-common-4.1.97.Final.jar because it was already located earlier
[04:25:37] [main/DEBUG] [ne.ne.fm.lo.mo.ModDiscoverer/]: Skipping C:\Users\24745\.gradle\caches\modules-2\files-2.1\io.netty\netty-transport\4.1.97.Final\f37380d23c9bb079bc702910833b2fd532c9abd0\netty-transport-4.1.97.Final.jar because it was already located earlier
[04:25:37] [main/DEBUG] [ne.ne.fm.lo.mo.ModDiscoverer/]: Skipping C:\Users\24745\.gradle\caches\modules-2\files-2.1\it.unimi.dsi\fastutil\8.5.12\c24946d46824bd528054bface3231d2ecb7e95e8\fastutil-8.5.12.jar because it was already located earlier
[04:25:37] [main/DEBUG] [ne.ne.fm.lo.mo.ModDiscoverer/]: Skipping C:\Users\24745\.gradle\caches\modules-2\files-2.1\net.java.dev.jna\jna-platform\5.14.0\28934d48aed814f11e4c584da55c49fa7032b31b\jna-platform-5.14.0.jar because it was already located earlier
[04:25:37] [main/DEBUG] [ne.ne.fm.lo.mo.ModDiscoverer/]: Skipping C:\Users\24745\.gradle\caches\modules-2\files-2.1\net.java.dev.jna\jna\5.14.0\67bf3eaea4f0718cb376a181a629e5f88fa1c9dd\jna-5.14.0.jar because it was already located earlier
[04:25:37] [main/DEBUG] [ne.ne.fm.lo.mo.ModDiscoverer/]: Skipping C:\Users\24745\.gradle\caches\modules-2\files-2.1\org.apache.commons\commons-compress\1.26.0\659feffdd12280201c8aacb8f7be94f9a883c824\commons-compress-1.26.0.jar because it was already located earlier
[04:25:37] [main/DEBUG] [ne.ne.fm.lo.mo.ModDiscoverer/]: Skipping C:\Users\24745\.gradle\caches\modules-2\files-2.1\org.apache.httpcomponents\httpclient\4.5.13\e5f6cae5ca7ecaac1ec2827a9e2d65ae2869cada\httpclient-4.5.13.jar because it was already located earlier
[04:25:37] [main/DEBUG] [ne.ne.fm.lo.mo.ModDiscoverer/]: Skipping C:\Users\24745\.gradle\caches\modules-2\files-2.1\org.apache.httpcomponents\httpcore\4.4.16\51cf043c87253c9f58b539c9f7e44c8894223850\httpcore-4.4.16.jar because it was already located earlier
[04:25:37] [main/DEBUG] [ne.ne.fm.lo.mo.ModDiscoverer/]: Skipping C:\Users\24745\.gradle\caches\modules-2\files-2.1\org.jcraft\jorbis\0.0.17\8872d22b293e8f5d7d56ff92be966e6dc28ebdc6\jorbis-0.0.17.jar because it was already located earlier
[04:25:37] [main/DEBUG] [ne.ne.fm.lo.mo.ModDiscoverer/]: Skipping C:\Users\24745\.gradle\caches\modules-2\files-2.1\org.joml\joml\1.10.5\22566d58af70ad3d72308bab63b8339906deb649\joml-1.10.5.jar because it was already located earlier
[04:25:37] [main/DEBUG] [ne.ne.fm.lo.mo.ModDiscoverer/]: Skipping C:\Users\24745\.gradle\caches\modules-2\files-2.1\org.lwjgl\lwjgl-freetype\3.3.3\a0db6c84a8becc8ca05f9dbfa985edc348a824c7\lwjgl-freetype-3.3.3.jar because it was already located earlier
[04:25:37] [main/DEBUG] [ne.ne.fm.lo.mo.ModDiscoverer/]: Skipping C:\Users\24745\.gradle\caches\modules-2\files-2.1\org.lwjgl\lwjgl-freetype\3.3.3\15a8c1de7f51d07a92eae7ce1222557073a0c0c3\lwjgl-freetype-3.3.3-natives-windows-x86.jar because it was already located earlier
[04:25:37] [main/DEBUG] [ne.ne.fm.lo.mo.ModDiscoverer/]: Skipping C:\Users\24745\.gradle\caches\modules-2\files-2.1\org.lwjgl\lwjgl-glfw\3.3.3\efa1eb78c5ccd840e9f329717109b5e892d72f8e\lwjgl-glfw-3.3.3.jar because it was already located earlier
[04:25:37] [main/DEBUG] [ne.ne.fm.lo.mo.ModDiscoverer/]: Skipping C:\Users\24745\.gradle\caches\modules-2\files-2.1\org.lwjgl\lwjgl-glfw\3.3.3\32334f3fd5270a59bad9939a93115acb6de36dcf\lwjgl-glfw-3.3.3-natives-windows-x86.jar because it was already located earlier
[04:25:37] [main/DEBUG] [ne.ne.fm.lo.mo.ModDiscoverer/]: Skipping C:\Users\24745\.gradle\caches\modules-2\files-2.1\org.lwjgl\lwjgl-jemalloc\3.3.3\b543467b7ff3c6920539a88ee602d34098628be5\lwjgl-jemalloc-3.3.3.jar because it was already located earlier
[04:25:37] [main/DEBUG] [ne.ne.fm.lo.mo.ModDiscoverer/]: Skipping C:\Users\24745\.gradle\caches\modules-2\files-2.1\org.lwjgl\lwjgl-jemalloc\3.3.3\426222fc027602a5f21b9c0fe79cde6a4c7a011f\lwjgl-jemalloc-3.3.3-natives-windows.jar because it was already located earlier
[04:25:37] [main/DEBUG] [ne.ne.fm.lo.mo.ModDiscoverer/]: Skipping C:\Users\24745\.gradle\caches\modules-2\files-2.1\org.lwjgl\lwjgl-openal\3.3.3\daada81ceb5fc0c291fbfdd4433cb8d9423577f2\lwjgl-openal-3.3.3.jar because it was already located earlier
[04:25:37] [main/DEBUG] [ne.ne.fm.lo.mo.ModDiscoverer/]: Skipping C:\Users\24745\.gradle\caches\modules-2\files-2.1\org.lwjgl\lwjgl-openal\3.3.3\87b8d5050e3adb46bb58fe1cb2669a4a48fce10d\lwjgl-openal-3.3.3-natives-windows-x86.jar because it was already located earlier
[04:25:37] [main/DEBUG] [ne.ne.fm.lo.mo.ModDiscoverer/]: Skipping C:\Users\24745\.gradle\caches\modules-2\files-2.1\org.lwjgl\lwjgl-opengl\3.3.3\2f6b0147078396a58979125a4c947664e98293a\lwjgl-opengl-3.3.3.jar because it was already located earlier
[04:25:37] [main/DEBUG] [ne.ne.fm.lo.mo.ModDiscoverer/]: Skipping C:\Users\24745\.gradle\caches\modules-2\files-2.1\org.lwjgl\lwjgl-opengl\3.3.3\65e956d3735a1abdc82eff4baec1b61174697d4b\lwjgl-opengl-3.3.3-natives-windows-arm64.jar because it was already located earlier
[04:25:37] [main/DEBUG] [ne.ne.fm.lo.mo.ModDiscoverer/]: Skipping C:\Users\24745\.gradle\caches\modules-2\files-2.1\org.lwjgl\lwjgl-stb\3.3.3\25dd6161988d7e65f71d5065c99902402ee32746\lwjgl-stb-3.3.3.jar because it was already located earlier
[04:25:37] [main/DEBUG] [ne.ne.fm.lo.mo.ModDiscoverer/]: Skipping C:\Users\24745\.gradle\caches\modules-2\files-2.1\org.lwjgl\lwjgl-stb\3.3.3\1d9facdf6541de114b0f963be33505b7679c78cb\lwjgl-stb-3.3.3-natives-windows.jar because it was already located earlier
[04:25:37] [main/DEBUG] [ne.ne.fm.lo.mo.ModDiscoverer/]: Skipping C:\Users\24745\.gradle\caches\modules-2\files-2.1\org.lwjgl\lwjgl-tinyfd\3.3.3\82d755ca94b102e9ca77283b9e2dc46d1b15fbe5\lwjgl-tinyfd-3.3.3.jar because it was already located earlier
[04:25:37] [main/DEBUG] [ne.ne.fm.lo.mo.ModDiscoverer/]: Skipping C:\Users\24745\.gradle\caches\modules-2\files-2.1\org.lwjgl\lwjgl-tinyfd\3.3.3\a6697981b0449a5087c1d546fc08b4f73e8f98c9\lwjgl-tinyfd-3.3.3-natives-windows.jar because it was already located earlier
[04:25:37] [main/DEBUG] [ne.ne.fm.lo.mo.ModDiscoverer/]: Skipping C:\Users\24745\.gradle\caches\modules-2\files-2.1\org.lwjgl\lwjgl\3.3.3\29589b5f87ed335a6c7e7ee6a5775f81f97ecb84\lwjgl-3.3.3.jar because it was already located earlier
[04:25:37] [main/DEBUG] [ne.ne.fm.lo.mo.ModDiscoverer/]: Skipping C:\Users\24745\.gradle\caches\modules-2\files-2.1\org.lwjgl\lwjgl\3.3.3\9e670718e050aeaeea0c2d5b907cffb142f2e58f\lwjgl-3.3.3-natives-windows-x86.jar because it was already located earlier
[04:25:37] [main/DEBUG] [ne.ne.fm.lo.mo.ModDiscoverer/]: Skipping C:\Users\24745\.gradle\caches\modules-2\files-2.1\org.lz4\lz4-java\1.8.0\4b986a99445e49ea5fbf5d149c4b63f6ed6c6780\lz4-java-1.8.0.jar because it was already located earlier
[04:25:37] [main/DEBUG] [ne.ne.fm.lo.mo.ModDiscoverer/]: Skipping C:\Users\24745\.gradle\caches\modules-2\files-2.1\org.jline\jline-terminal\3.20.0\d0ddcc708ddf527a3454c941b7b9225cc83a15ff\jline-terminal-3.20.0.jar because it was already located earlier
[04:25:37] [main/DEBUG] [ne.ne.fm.lo.mo.ModDiscoverer/]: Skipping C:\Users\24745\.gradle\caches\modules-2\files-2.1\com.google.guava\listenablefuture\9999.0-empty-to-avoid-conflict-with-guava\b421526c5f297295adef1c886e5246c39d4ac629\listenablefuture-9999.0-empty-to-avoid-conflict-with-guava.jar because it was already located earlier
[04:25:37] [main/DEBUG] [ne.ne.fm.lo.mo.ModDiscoverer/]: Skipping C:\Users\24745\.gradle\caches\modules-2\files-2.1\com.google.code.findbugs\jsr305\3.0.2\25ea2e8b0c338a877313bd4672d3fe056ea78f0d\jsr305-3.0.2.jar because it was already located earlier
[04:25:37] [main/DEBUG] [ne.ne.fm.lo.mo.ModDiscoverer/]: Skipping C:\Users\24745\.gradle\caches\modules-2\files-2.1\org.checkerframework\checker-qual\3.33.0\de2b60b62da487644fc11f734e73c8b0b431238f\checker-qual-3.33.0.jar because it was already located earlier
[04:25:37] [main/DEBUG] [ne.ne.fm.lo.mo.ModDiscoverer/]: Skipping C:\Users\24745\.gradle\caches\modules-2\files-2.1\com.google.errorprone\error_prone_annotations\2.18.0\89b684257096f548fa39a7df9fdaa409d4d4df91\error_prone_annotations-2.18.0.jar because it was already located earlier
[04:25:37] [main/DEBUG] [ne.ne.fm.lo.mo.ModDiscoverer/]: Skipping C:\Users\24745\.gradle\caches\modules-2\files-2.1\com.google.j2objc\j2objc-annotations\2.8\c85270e307e7b822f1086b93689124b89768e273\j2objc-annotations-2.8.jar because it was already located earlier
[04:25:37] [main/DEBUG] [ne.ne.fm.lo.UniqueModListBuilder/]: Found 2 mods for first modid jei, selecting most recent based on version data
[04:25:37] [main/DEBUG] [ne.ne.fm.lo.UniqueModListBuilder/]: Selected file jei-1.21.1-neoforge-19.27.0.340.jar for modid jei with version 19.27.0.340
[04:25:37] [main/DEBUG] [ne.ne.fm.lo.UniqueModListBuilder/]: Found 2 mods for first modid neoforge, selecting most recent based on version data
[04:25:37] [main/DEBUG] [ne.ne.fm.lo.UniqueModListBuilder/]: Selected file neoforge-21.1.219.jar for modid neoforge with version 21.1.219
[04:25:37] [main/DEBUG] [ne.ne.fm.lo.mo.ModFileParser/LOADING]: Considering mod file candidate 
[04:25:37] [main/DEBUG] [ne.ne.fm.lo.mo.ModFileInfo/LOADING]: Found valid mod file better-advanced-tooltips-2101.1.0-build.1.jar with {betteradvancedtooltips} mods - versions {2101.1.0-build.1}
[04:25:37] [main/DEBUG] [ne.ne.fm.lo.mo.ModFileParser/LOADING]: Considering mod file candidate 
[04:25:37] [main/DEBUG] [ne.ne.fm.lo.mo.ModFileInfo/LOADING]: Found valid mod file better-advanced-tooltips-2101.1.0-build.1.jar with {betteradvancedtooltips} mods - versions {2101.1.0-build.1}
[04:25:37] [main/INFO] [ne.ne.fm.lo.mo.lo.JarInJarDependencyLocator/]: Found 5 dependencies adding them to mods collection
[04:25:37] [main/INFO] [ne.ne.fm.lo.mo.ModDiscoverer/]: 
     Mod List:
		Name Version (Mod Id)

		AppleSkin 3.0.7+mc1.21 (appleskin)
		Better Advanced Tooltips 2101.1.0-build.1 (betteradvancedtooltips)
		Better Advancements 0.4.3.21 (betteradvancements)
		Create 6.0.8 (create)
		EMI 1.1.22+1.21.1+neoforge (emi)
		Farmer's Delight 1.2.9 (farmersdelight)
		Flywheel 1.0.4 (flywheel)
		Jade 15.10.0+neoforge (jade)
		Just Enough Items 19.27.0.340 (jei)
		KubeJS 2101.7.2-build.368 (kubejs)
		Minecraft 1.21.1 (minecraft)
		NeoForge 21.1.219 (neoforge)
		Ponder 1.0.64 (ponder)
		PoopSky 1.21.1-1.5-dev (poopsky)
		Powerful Dummy 21-0.0.9-hotfix (powerful_dummy)
		Rhino 2101.2.7-build.85 (rhino)
		Sable Companion 1.6.0 (sablecompanion)
		Touhou Little Maid 1.4.6-neoforge+mc1.21.1 (touhou_little_maid)
		闈掕洐鍙樼 1.2.0 (frog_variant_mod_1782245873)
[04:25:37] [main/DEBUG] [ne.ne.fm.lo.mo.ModFileInfo/LOADING]: Found valid mod file neoforge-21.1.219.jar with {minecraft} mods - versions {1.21.1}
[04:25:37] [main/DEBUG] [ne.ne.fm.lo.mo.ModFile/LOADING]: Loading mod file F:\Minecraft\ModDev\PoopSkyMod\build\moddev\artifacts\neoforge-21.1.219.jar with languages [LanguageSpec[languageName=minecraft, acceptedVersions=1]]
[04:25:37] [main/DEBUG] [ne.ne.fm.lo.mo.ModFileParser/LOADING]: Considering mod file candidate F:\Minecraft\ModDev\PoopSkyMod\run\mods\emi-1.1.22+1.21.1+neoforge.jar
[04:25:37] [main/DEBUG] [ne.ne.fm.lo.mo.ModFileInfo/LOADING]: Found valid mod file emi-1.1.22+1.21.1+neoforge.jar with {emi} mods - versions {1.1.22+1.21.1+neoforge}
[04:25:37] [main/DEBUG] [ne.ne.fm.lo.mo.ModFile/LOADING]: Loading mod file F:\Minecraft\ModDev\PoopSkyMod\run\mods\emi-1.1.22+1.21.1+neoforge.jar with languages [LanguageSpec[languageName=javafml, acceptedVersions=[1,)]]
[04:25:37] [main/DEBUG] [ne.ne.fm.lo.mo.ModFile/LOADING]: Found mixin config MixinConfig[config=emi.mixins.json, requiredMods=[]]
[04:25:37] [main/DEBUG] [ne.ne.fm.lo.mo.ModFile/LOADING]: Found mixin config MixinConfig[config=emi-neoforge.mixins.json, requiredMods=[]]
[04:25:37] [main/DEBUG] [ne.ne.fm.lo.mo.ModFileParser/LOADING]: Considering mod file candidate F:\Minecraft\ModDev\PoopSkyMod\run\mods\FarmersDelight-1.21.1-1.2.9.jar
[04:25:37] [main/DEBUG] [ne.ne.fm.lo.mo.ModFileInfo/LOADING]: Found valid mod file FarmersDelight-1.21.1-1.2.9.jar with {farmersdelight} mods - versions {1.2.9}
[04:25:37] [main/DEBUG] [ne.ne.fm.lo.mo.ModFile/LOADING]: Loading mod file F:\Minecraft\ModDev\PoopSkyMod\run\mods\FarmersDelight-1.21.1-1.2.9.jar with languages [LanguageSpec[languageName=javafml, acceptedVersions=[4,)]]
[04:25:37] [main/DEBUG] [ne.ne.fm.lo.mo.ModFile/LOADING]: Found mixin config MixinConfig[config=farmersdelight.mixins.json, requiredMods=[]]
[04:25:37] [main/DEBUG] [ne.ne.fm.lo.mo.ModFileParser/LOADING]: Considering mod file candidate F:\Minecraft\ModDev\PoopSkyMod\run\mods\kubejs-neoforge-2101.7.2-build.368.jar
[04:25:37] [main/DEBUG] [ne.ne.fm.lo.mo.ModFileInfo/LOADING]: Found valid mod file kubejs-neoforge-2101.7.2-build.368.jar with {kubejs} mods - versions {2101.7.2-build.368}
[04:25:37] [main/DEBUG] [ne.ne.fm.lo.mo.ModFile/LOADING]: Loading mod file F:\Minecraft\ModDev\PoopSkyMod\run\mods\kubejs-neoforge-2101.7.2-build.368.jar with languages [LanguageSpec[languageName=javafml, acceptedVersions=[2,)]]
[04:25:37] [main/DEBUG] [ne.ne.fm.lo.mo.ModFile/LOADING]: Found mixin config MixinConfig[config=kubejs.mixins.json, requiredMods=[]]
[04:25:37] [main/DEBUG] [ne.ne.fm.lo.mo.ModFileParser/LOADING]: Considering mod file candidate F:\Minecraft\ModDev\PoopSkyMod\run\mods\rhino-2101.2.7-build.85.jar
[04:25:37] [main/DEBUG] [ne.ne.fm.lo.mo.ModFileInfo/LOADING]: Found valid mod file rhino-2101.2.7-build.85.jar with {rhino} mods - versions {2101.2.7-build.85}
[04:25:37] [main/DEBUG] [ne.ne.fm.lo.mo.ModFile/LOADING]: Loading mod file F:\Minecraft\ModDev\PoopSkyMod\run\mods\rhino-2101.2.7-build.85.jar with languages [LanguageSpec[languageName=lowcodefml, acceptedVersions=[2,)]]
[04:25:37] [main/DEBUG] [ne.ne.fm.lo.mo.ModFileParser/LOADING]: Considering mod file candidate 
[04:25:37] [main/DEBUG] [ne.ne.fm.lo.mo.ModFileInfo/LOADING]: Found valid mod file better-advanced-tooltips-2101.1.0-build.1.jar with {betteradvancedtooltips} mods - versions {2101.1.0-build.1}
[04:25:37] [main/DEBUG] [ne.ne.fm.lo.mo.ModFile/LOADING]: Loading mod file  with languages [LanguageSpec[languageName=javafml, acceptedVersions=[2,)]]
[04:25:37] [main/DEBUG] [ne.ne.fm.lo.mo.ModFile/LOADING]: Found mixin config MixinConfig[config=betteradvancedtooltips.mixins.json, requiredMods=[]]
[04:25:37] [main/DEBUG] [ne.ne.fm.lo.mo.ModFileParser/LOADING]: Considering mod file candidate F:\Minecraft\ModDev\PoopSkyMod\run\mods\Jade-1.21.1-NeoForge-15.10.0.jar
[04:25:37] [main/DEBUG] [ne.ne.fm.lo.mo.ModFileInfo/LOADING]: Found valid mod file Jade-1.21.1-NeoForge-15.10.0.jar with {jade} mods - versions {15.10.0+neoforge}
[04:25:37] [main/DEBUG] [ne.ne.fm.lo.mo.ModFile/LOADING]: Loading mod file F:\Minecraft\ModDev\PoopSkyMod\run\mods\Jade-1.21.1-NeoForge-15.10.0.jar with languages [LanguageSpec[languageName=javafml, acceptedVersions=[1,)]]
[04:25:37] [main/DEBUG] [ne.ne.fm.lo.mo.ModFile/LOADING]: Found mixin config MixinConfig[config=jade.mixins.json, requiredMods=[]]
[04:25:37] [main/DEBUG] [ne.ne.fm.lo.mo.ModFileParser/LOADING]: Considering mod file candidate F:\Minecraft\ModDev\PoopSkyMod\run\mods\appleskin-neoforge-mc1.21-3.0.7.jar
[04:25:37] [main/DEBUG] [ne.ne.fm.lo.mo.ModFileInfo/LOADING]: Found valid mod file appleskin-neoforge-mc1.21-3.0.7.jar with {appleskin} mods - versions {3.0.7+mc1.21}
[04:25:37] [main/DEBUG] [ne.ne.fm.lo.mo.ModFile/LOADING]: Loading mod file F:\Minecraft\ModDev\PoopSkyMod\run\mods\appleskin-neoforge-mc1.21-3.0.7.jar with languages [LanguageSpec[languageName=javafml, acceptedVersions=[2,)]]
[04:25:37] [main/DEBUG] [ne.ne.fm.lo.mo.ModFileParser/LOADING]: Considering mod file candidate C:\Users\24745\.gradle\caches\modules-2\files-2.1\net.createmod.ponder\Ponder-NeoForge-1.21.1\1.0.64\115affcebbb877f4c878ab9e2867973a32895838\Ponder-NeoForge-1.21.1-1.0.64.jar
[04:25:37] [main/DEBUG] [ne.ne.fm.lo.mo.ModFileInfo/LOADING]: Found valid mod file Ponder-NeoForge-1.21.1-1.0.64.jar with {ponder} mods - versions {1.0.64}
[04:25:37] [main/DEBUG] [ne.ne.fm.lo.mo.ModFile/LOADING]: Loading mod file C:\Users\24745\.gradle\caches\modules-2\files-2.1\net.createmod.ponder\Ponder-NeoForge-1.21.1\1.0.64\115affcebbb877f4c878ab9e2867973a32895838\Ponder-NeoForge-1.21.1-1.0.64.jar with languages [LanguageSpec[languageName=javafml, acceptedVersions=[0,)]]
[04:25:37] [main/DEBUG] [ne.ne.fm.lo.mo.ModFile/LOADING]: Found mixin config MixinConfig[config=ponder.mixins.json, requiredMods=[]]
[04:25:37] [main/DEBUG] [ne.ne.fm.lo.mo.ModFile/LOADING]: Found mixin config MixinConfig[config=ponder-common.mixins.json, requiredMods=[]]
[04:25:37] [main/DEBUG] [ne.ne.fm.lo.mo.ModFileParser/LOADING]: Considering mod file candidate F:\Minecraft\ModDev\PoopSkyMod\run\mods\jei-1.21.1-neoforge-19.27.0.340.jar
[04:25:37] [main/DEBUG] [ne.ne.fm.lo.mo.ModFileInfo/LOADING]: Found valid mod file jei-1.21.1-neoforge-19.27.0.340.jar with {jei} mods - versions {19.27.0.340}
[04:25:37] [main/DEBUG] [ne.ne.fm.lo.mo.ModFile/LOADING]: Loading mod file F:\Minecraft\ModDev\PoopSkyMod\run\mods\jei-1.21.1-neoforge-19.27.0.340.jar with languages [LanguageSpec[languageName=javafml, acceptedVersions=[4,)]]
[04:25:37] [main/DEBUG] [ne.ne.fm.lo.mo.ModFileParser/LOADING]: Considering mod file candidate F:\Minecraft\ModDev\PoopSkyMod\build\classes\java\main
[04:25:37] [main/DEBUG] [ne.ne.fm.lo.mo.ModFileInfo/LOADING]: Found valid mod file main with {poopsky} mods - versions {1.21.1-1.5-dev}
[04:25:37] [main/DEBUG] [ne.ne.fm.lo.mo.ModFile/LOADING]: Loading mod file F:\Minecraft\ModDev\PoopSkyMod\build\classes\java\main with languages [LanguageSpec[languageName=javafml, acceptedVersions=[4,)]]
[04:25:37] [main/DEBUG] [ne.ne.fm.lo.mo.ModFile/LOADING]: Found mixin config MixinConfig[config=poopsky.mixins.json, requiredMods=[]]
[04:25:37] [main/DEBUG] [ne.ne.fm.lo.mo.ModFileParser/LOADING]: Considering mod file candidate C:\Users\24745\.gradle\caches\modules-2\files-2.1\dev.ryanhcode.sable-companion\sable-companion-common-1.21.1\1.6.0\370be7db705926176e05c0215ed676150c45daae\sable-companion-common-1.21.1-1.6.0.jar
[04:25:37] [main/DEBUG] [ne.ne.fm.lo.mo.ModFileInfo/LOADING]: Found valid mod file sable-companion-common-1.21.1-1.6.0.jar with {sablecompanion} mods - versions {1.6.0}
[04:25:37] [main/DEBUG] [ne.ne.fm.lo.mo.ModFile/LOADING]: Loading mod file C:\Users\24745\.gradle\caches\modules-2\files-2.1\dev.ryanhcode.sable-companion\sable-companion-common-1.21.1\1.6.0\370be7db705926176e05c0215ed676150c45daae\sable-companion-common-1.21.1-1.6.0.jar with languages [LanguageSpec[languageName=javafml, acceptedVersions=[4,)]]
[04:25:37] [main/DEBUG] [ne.ne.fm.lo.mo.ModFileParser/LOADING]: Considering mod file candidate C:\Users\24745\.gradle\caches\modules-2\files-2.1\curse.maven\touhou-little-maid-355044\7307724\86592411e55d7bf91be1a543b6ca3858f9f9c3b\touhou-little-maid-355044-7307724.jar
[04:25:37] [main/DEBUG] [ne.ne.fm.lo.mo.ModFileInfo/LOADING]: Found valid mod file touhou-little-maid-355044-7307724.jar with {touhou_little_maid} mods - versions {1.4.6-neoforge+mc1.21.1}
[04:25:37] [main/DEBUG] [ne.ne.fm.lo.mo.ModFile/LOADING]: Loading mod file C:\Users\24745\.gradle\caches\modules-2\files-2.1\curse.maven\touhou-little-maid-355044\7307724\86592411e55d7bf91be1a543b6ca3858f9f9c3b\touhou-little-maid-355044-7307724.jar with languages [LanguageSpec[languageName=javafml, acceptedVersions=[4,)]]
[04:25:37] [main/DEBUG] [ne.ne.fm.lo.mo.ModFile/LOADING]: Found mixin config MixinConfig[config=touhou_little_maid.mixins.json, requiredMods=[]]
[04:25:37] [main/DEBUG] [ne.ne.fm.lo.mo.ModFileParser/LOADING]: Considering mod file candidate C:\Users\24745\.gradle\caches\modules-2\files-2.1\dev.engine-room.flywheel\flywheel-neoforge-1.21.1\1.0.4\47fe9da825b4479bbac55d6432d5932ee76f32f0\flywheel-neoforge-1.21.1-1.0.4.jar
[04:25:37] [main/DEBUG] [ne.ne.fm.lo.mo.ModFileInfo/LOADING]: Found valid mod file flywheel-neoforge-1.21.1-1.0.4.jar with {flywheel} mods - versions {1.0.4}
[04:25:37] [main/DEBUG] [ne.ne.fm.lo.mo.ModFile/LOADING]: Loading mod file C:\Users\24745\.gradle\caches\modules-2\files-2.1\dev.engine-room.flywheel\flywheel-neoforge-1.21.1\1.0.4\47fe9da825b4479bbac55d6432d5932ee76f32f0\flywheel-neoforge-1.21.1-1.0.4.jar with languages [LanguageSpec[languageName=javafml, acceptedVersions=[0,)]]
[04:25:37] [main/DEBUG] [ne.ne.fm.lo.mo.ModFile/LOADING]: Found mixin config MixinConfig[config=flywheel.backend.mixins.json, requiredMods=[]]
[04:25:37] [main/DEBUG] [ne.ne.fm.lo.mo.ModFile/LOADING]: Found mixin config MixinConfig[config=flywheel.impl.mixins.json, requiredMods=[]]
[04:25:37] [main/DEBUG] [ne.ne.fm.lo.mo.ModFileParser/LOADING]: Considering mod file candidate C:\Users\24745\.gradle\caches\modules-2\files-2.1\com.simibubi.create\create-1.21.1\6.0.8-168\22f78139dc39d48c2a7637d4b0b3f64ca6ff9386\create-1.21.1-6.0.8-168-slim.jar
[04:25:37] [main/DEBUG] [ne.ne.fm.lo.mo.ModFileInfo/LOADING]: Found valid mod file create-1.21.1-6.0.8-168-slim.jar with {create} mods - versions {6.0.8}
[04:25:37] [main/DEBUG] [ne.ne.fm.lo.mo.ModFile/LOADING]: Loading mod file C:\Users\24745\.gradle\caches\modules-2\files-2.1\com.simibubi.create\create-1.21.1\6.0.8-168\22f78139dc39d48c2a7637d4b0b3f64ca6ff9386\create-1.21.1-6.0.8-168-slim.jar with languages [LanguageSpec[languageName=javafml, acceptedVersions=[0,)]]
[04:25:37] [main/DEBUG] [ne.ne.fm.lo.mo.ModFile/LOADING]: Found mixin config MixinConfig[config=create.mixins.json, requiredMods=[]]
[04:25:37] [main/DEBUG] [ne.ne.fm.lo.mo.ModFileParser/LOADING]: Considering mod file candidate F:\Minecraft\ModDev\PoopSkyMod\run\mods\frog_variant_mod-1.2.0.jar
[04:25:37] [main/DEBUG] [ne.ne.fm.lo.mo.ModFileInfo/LOADING]: Found valid mod file frog_variant_mod-1.2.0.jar with {frog_variant_mod_1782245873} mods - versions {1.2.0}
[04:25:37] [main/DEBUG] [ne.ne.fm.lo.mo.ModFile/LOADING]: Loading mod file F:\Minecraft\ModDev\PoopSkyMod\run\mods\frog_variant_mod-1.2.0.jar with languages [LanguageSpec[languageName=javafml, acceptedVersions=[1,)]]
[04:25:37] [main/DEBUG] [ne.ne.fm.lo.mo.ModFileParser/LOADING]: Considering mod file candidate F:\Minecraft\ModDev\PoopSkyMod\run\mods\powerful_dummy-21-0.0.9-hotfix.jar
[04:25:37] [main/DEBUG] [ne.ne.fm.lo.mo.ModFileInfo/LOADING]: Found valid mod file powerful_dummy-21-0.0.9-hotfix.jar with {powerful_dummy} mods - versions {21-0.0.9-hotfix}
[04:25:37] [main/DEBUG] [ne.ne.fm.lo.mo.ModFile/LOADING]: Loading mod file F:\Minecraft\ModDev\PoopSkyMod\run\mods\powerful_dummy-21-0.0.9-hotfix.jar with languages [LanguageSpec[languageName=javafml, acceptedVersions=[1,)]]
[04:25:37] [main/DEBUG] [ne.ne.fm.lo.mo.ModFile/LOADING]: Found mixin config MixinConfig[config=powerful_dummy.mixins.json, requiredMods=[]]
[04:25:37] [main/DEBUG] [ne.ne.fm.lo.mo.ModFileParser/LOADING]: Considering mod file candidate F:\Minecraft\ModDev\PoopSkyMod\build\moddev\artifacts\neoforge-21.1.219.jar
[04:25:37] [main/DEBUG] [ne.ne.fm.lo.mo.ModFileInfo/LOADING]: Found valid mod file neoforge-21.1.219.jar with {neoforge} mods - versions {21.1.219}
[04:25:37] [main/DEBUG] [ne.ne.fm.lo.mo.ModFile/LOADING]: Loading mod file F:\Minecraft\ModDev\PoopSkyMod\build\moddev\artifacts\neoforge-21.1.219.jar with languages [LanguageSpec[languageName=javafml, acceptedVersions=[3,]]]
[04:25:37] [main/DEBUG] [ne.ne.fm.lo.mo.ModFile/LOADING]: Found mixin config MixinConfig[config=neoforge.mixins.json, requiredMods=[]]
[04:25:37] [main/DEBUG] [ne.ne.fm.lo.mo.ModFileParser/LOADING]: Considering mod file candidate F:\Minecraft\ModDev\PoopSkyMod\run\mods\BetterAdvancements-NeoForge-1.21.1-0.4.3.21.jar
[04:25:37] [main/DEBUG] [ne.ne.fm.lo.mo.ModFileInfo/LOADING]: Found valid mod file BetterAdvancements-NeoForge-1.21.1-0.4.3.21.jar with {betteradvancements} mods - versions {0.4.3.21}
[04:25:37] [main/DEBUG] [ne.ne.fm.lo.mo.ModFile/LOADING]: Loading mod file F:\Minecraft\ModDev\PoopSkyMod\run\mods\BetterAdvancements-NeoForge-1.21.1-0.4.3.21.jar with languages [LanguageSpec[languageName=javafml, acceptedVersions=[4,)]]
[04:25:37] [main/DEBUG] [ne.ne.fm.lo.mo.ModFile/LOADING]: Loading mod file C:\Users\24745\.gradle\caches\modules-2\files-2.1\com.tterrag.registrate\Registrate\MC1.21-1.3.0+62\e8ca9c96f9e3535e4dbf2e57699e0d1c7783fec2\Registrate-MC1.21-1.3.0+62.jar with languages []
[04:25:37] [main/DEBUG] [ne.ne.fm.lo.mo.ModFile/LOADING]: Loading mod file  with languages []
[04:25:37] [main/DEBUG] [cp.mo.mo.TransformationServiceDecorator/MODLAUNCHER]: End scan trigger - transformation service fml
[04:25:37] [main/DEBUG] [ne.ne.fm.ut.ServiceLoaderUtil/CORE]: Found 3 implementations of IModLanguageLoader:
[04:25:37] [main/DEBUG] [ne.ne.fm.ut.ServiceLoaderUtil/CORE]: 	net.neoforged.fml.javafmlmod.FMLJavaModLanguageProvider from loader-4.0.42.jar
[04:25:37] [main/DEBUG] [ne.ne.fm.ut.ServiceLoaderUtil/CORE]: 	net.neoforged.fml.lowcodemod.LowCodeModLanguageProvider from loader-4.0.42.jar
[04:25:37] [main/DEBUG] [ne.ne.fm.ut.ServiceLoaderUtil/CORE]: 	net.neoforged.fml.mclanguageprovider.MinecraftModLanguageProvider from loader-4.0.42.jar
[04:25:37] [main/DEBUG] [ne.ne.fm.lo.LanguageProviderLoader/CORE]: Found language provider javafml, version 4.0.42
[04:25:37] [main/DEBUG] [ne.ne.fm.lo.LanguageProviderLoader/CORE]: Found language provider lowcodefml, version 4.0.42
[04:25:37] [main/DEBUG] [ne.ne.fm.lo.LanguageProviderLoader/CORE]: Found language provider minecraft, version 4.0.42
[04:25:37] [main/DEBUG] [ne.ne.fm.lo.ModSorter/]: Configured system mods: [minecraft, neoforge]
[04:25:37] [main/DEBUG] [ne.ne.fm.lo.ModSorter/]: Found system mod: minecraft
[04:25:37] [main/DEBUG] [ne.ne.fm.lo.ModSorter/]: Found system mod: neoforge
[04:25:37] [main/DEBUG] [ne.ne.fm.lo.ModSorter/LOADING]: Found 44 mod requirements (31 mandatory, 13 optional)
[04:25:37] [main/DEBUG] [ne.ne.fm.lo.ModSorter/LOADING]: Found 0 mod requirements missing (0 mandatory, 0 optional)
[04:25:37] [main/DEBUG] [mixin/]: Adding mixin platform agents for container net.neoforged.fml.loading.mixin.FMLMixinContainerHandle@4ed38226
[04:25:37] [main/DEBUG] [mixin/]: Instancing new MixinPlatformAgentMinecraftForge for net.neoforged.fml.loading.mixin.FMLMixinContainerHandle@4ed38226
[04:25:37] [main/DEBUG] [mixin/]: MixinPlatformAgentMinecraftForge rejected container net.neoforged.fml.loading.mixin.FMLMixinContainerHandle@4ed38226
[04:25:37] [main/DEBUG] [mixin/]: Instancing new MixinPlatformAgentDefault for net.neoforged.fml.loading.mixin.FMLMixinContainerHandle@4ed38226
[04:25:37] [main/DEBUG] [mixin/]: MixinPlatformAgentDefault accepted container net.neoforged.fml.loading.mixin.FMLMixinContainerHandle@4ed38226
[04:25:37] [main/DEBUG] [mixin/]: Instancing new FMLMixinPlatformAgent for net.neoforged.fml.loading.mixin.FMLMixinContainerHandle@4ed38226
[04:25:37] [main/DEBUG] [mixin/]: FMLMixinPlatformAgent accepted container net.neoforged.fml.loading.mixin.FMLMixinContainerHandle@4ed38226
[04:25:37] [main/DEBUG] [cp.mo.mo.TransformationServicesHandler/MODLAUNCHER]: Transformation services loading transformers
[04:25:37] [main/DEBUG] [cp.mo.mo.TransformationServiceDecorator/MODLAUNCHER]: Initializing transformers for transformation service mixin
[04:25:37] [main/DEBUG] [cp.mo.mo.TransformationServiceDecorator/MODLAUNCHER]: Initialized transformers for transformation service mixin
[04:25:37] [main/DEBUG] [cp.mo.mo.TransformationServiceDecorator/MODLAUNCHER]: Initializing transformers for transformation service fml
[04:25:37] [main/DEBUG] [ne.ne.fm.lo.FMLServiceProvider/LOADING]: Loading coremod transformers
[04:25:37] [main/DEBUG] [ne.ne.fm.lo.FMLServiceProvider/CORE]: Not loading coremod script-engine since no mod requested it
[04:25:37] [main/DEBUG] [ne.ne.fm.ut.ServiceLoaderUtil/CORE]: Found 1 implementations of ICoreMod:
[04:25:37] [main/DEBUG] [ne.ne.fm.ut.ServiceLoaderUtil/CORE]: 	net.neoforged.neoforge.coremods.NeoForgeCoreMod from neoforge-21.1.219.jar > net.neoforged.neoforge-coremods-21.1.219.jar
[04:25:37] [main/DEBUG] [ne.ne.fm.lo.FMLServiceProvider/CORE]: Adding [Target[className=net.minecraft.world.level.biome.Biome, elementName=, elementDescriptor=, targetType=cpw.mods.modlauncher.api.TargetType@42f8285e]] transformer from core-mod net.neoforged.neoforge.coremods.NeoForgeCoreMod@629ae7e in neoforge-21.1.219.jar > net.neoforged.neoforge-coremods-21.1.219.jar
[04:25:37] [main/DEBUG] [ne.ne.fm.lo.FMLServiceProvider/CORE]: Adding [Target[className=net.minecraft.world.level.levelgen.structure.Structure, elementName=, elementDescriptor=, targetType=cpw.mods.modlauncher.api.TargetType@42f8285e]] transformer from core-mod net.neoforged.neoforge.coremods.NeoForgeCoreMod@629ae7e in neoforge-21.1.219.jar > net.neoforged.neoforge-coremods-21.1.219.jar
[04:25:37] [main/DEBUG] [ne.ne.fm.lo.FMLServiceProvider/CORE]: Adding [Target[className=net.minecraft.world.level.block.FlowerPotBlock, elementName=, elementDescriptor=, targetType=cpw.mods.modlauncher.api.TargetType@42f8285e]] transformer from core-mod net.neoforged.neoforge.coremods.NeoForgeCoreMod@629ae7e in neoforge-21.1.219.jar > net.neoforged.neoforge-coremods-21.1.219.jar
[04:25:37] [main/DEBUG] [ne.ne.fm.lo.FMLServiceProvider/CORE]: Adding [Target[className=net/minecraft/world/entity/monster/ZombieVillager, elementName=, elementDescriptor=, targetType=cpw.mods.modlauncher.api.TargetType@42f8285e], Target[className=net/minecraft/world/entity/monster/Evoker$EvokerSummonSpellGoal, elementName=, elementDescriptor=, targetType=cpw.mods.modlauncher.api.TargetType@42f8285e], Target[className=net/minecraft/world/entity/animal/frog/Tadpole, elementName=, elementDescriptor=, targetType=cpw.mods.modlauncher.api.TargetType@42f8285e], Target[className=net/minecraft/server/commands/RaidCommand, elementName=, elementDescriptor=, targetType=cpw.mods.modlauncher.api.TargetType@42f8285e], Target[className=net/minecraft/world/entity/animal/horse/SkeletonTrapGoal, elementName=, elementDescriptor=, targetType=cpw.mods.modlauncher.api.TargetType@42f8285e], Target[className=net/minecraft/world/level/levelgen/structure/templatesystem/StructureTemplate, elementName=, elementDescriptor=, targetType=cpw.mods.modlauncher.api.TargetType@42f8285e], Target[className=net/minecraft/world/entity/monster/Strider, elementName=, elementDescriptor=, targetType=cpw.mods.modlauncher.api.TargetType@42f8285e], Target[className=net/minecraft/world/level/levelgen/structure/structures/SwampHutPiece, elementName=, elementDescriptor=, targetType=cpw.mods.modlauncher.api.TargetType@42f8285e], Target[className=net/minecraft/world/entity/ai/village/VillageSiege, elementName=, elementDescriptor=, targetType=cpw.mods.modlauncher.api.TargetType@42f8285e], Target[className=net/minecraft/world/level/levelgen/structure/structures/OceanRuinPieces$OceanRuinPiece, elementName=, elementDescriptor=, targetType=cpw.mods.modlauncher.api.TargetType@42f8285e], Target[className=net/minecraft/world/level/levelgen/PatrolSpawner, elementName=, elementDescriptor=, targetType=cpw.mods.modlauncher.api.TargetType@42f8285e], Target[className=net/minecraft/world/entity/npc/CatSpawner, elementName=, elementDescriptor=, targetType=cpw.mods.modlauncher.api.TargetType@42f8285e], Target[className=net/minecraft/world/level/levelgen/PhantomSpawner, elementName=, elementDescriptor=, targetType=cpw.mods.modlauncher.api.TargetType@42f8285e], Target[className=net/minecraft/world/entity/npc/Villager, elementName=, elementDescriptor=, targetType=cpw.mods.modlauncher.api.TargetType@42f8285e], Target[className=net/minecraft/world/level/levelgen/structure/structures/WoodlandMansionPieces$WoodlandMansionPiece, elementName=, elementDescriptor=, targetType=cpw.mods.modlauncher.api.TargetType@42f8285e], Target[className=net/minecraft/server/commands/SummonCommand, elementName=, elementDescriptor=, targetType=cpw.mods.modlauncher.api.TargetType@42f8285e], Target[className=net/minecraft/world/entity/EntityType, elementName=, elementDescriptor=, targetType=cpw.mods.modlauncher.api.TargetType@42f8285e], Target[className=net/minecraft/world/entity/raid/Raid, elementName=, elementDescriptor=, targetType=cpw.mods.modlauncher.api.TargetType@42f8285e], Target[className=net/minecraft/world/level/NaturalSpawner, elementName=, elementDescriptor=, targetType=cpw.mods.modlauncher.api.TargetType@42f8285e], Target[className=net/minecraft/world/entity/monster/Zombie, elementName=, elementDescriptor=, targetType=cpw.mods.modlauncher.api.TargetType@42f8285e], Target[className=net/minecraft/world/level/levelgen/structure/structures/OceanMonumentPieces$OceanMonumentPiece, elementName=, elementDescriptor=, targetType=cpw.mods.modlauncher.api.TargetType@42f8285e], Target[className=net/minecraft/world/entity/monster/Spider, elementName=, elementDescriptor=, targetType=cpw.mods.modlauncher.api.TargetType@42f8285e]] transformer from core-mod net.neoforged.neoforge.coremods.NeoForgeCoreMod@629ae7e in neoforge-21.1.219.jar > net.neoforged.neoforge-coremods-21.1.219.jar
[04:25:37] [main/DEBUG] [cp.mo.mo.TransformStore/MODLAUNCHER]: Adding transformer net.neoforged.neoforge.coremods.ReplaceFieldWithGetterAccess@597f48df to Target : cpw.mods.modlauncher.api.TargetType@42f8285e {Lnet/minecraft/world/level/biome/Biome;} {} {V}
[04:25:37] [main/DEBUG] [cp.mo.mo.TransformStore/MODLAUNCHER]: Adding transformer net.neoforged.neoforge.coremods.ReplaceFieldWithGetterAccess@2ff95fc6 to Target : cpw.mods.modlauncher.api.TargetType@42f8285e {Lnet/minecraft/world/level/levelgen/structure/Structure;} {} {V}
[04:25:37] [main/DEBUG] [cp.mo.mo.TransformStore/MODLAUNCHER]: Adding transformer net.neoforged.neoforge.coremods.ReplaceFieldWithGetterAccess@9d1a267 to Target : cpw.mods.modlauncher.api.TargetType@42f8285e {Lnet/minecraft/world/level/block/FlowerPotBlock;} {} {V}
[04:25:37] [main/DEBUG] [cp.mo.mo.TransformStore/MODLAUNCHER]: Adding transformer net.neoforged.neoforge.coremods.MethodRedirector@58a4a74d to Target : cpw.mods.modlauncher.api.TargetType@42f8285e {Lnet/minecraft/world/entity/monster/ZombieVillager;} {} {V}
[04:25:37] [main/DEBUG] [cp.mo.mo.TransformStore/MODLAUNCHER]: Adding transformer net.neoforged.neoforge.coremods.MethodRedirector@58a4a74d to Target : cpw.mods.modlauncher.api.TargetType@42f8285e {Lnet/minecraft/world/entity/monster/Evoker$EvokerSummonSpellGoal;} {} {V}
[04:25:37] [main/DEBUG] [cp.mo.mo.TransformStore/MODLAUNCHER]: Adding transformer net.neoforged.neoforge.coremods.MethodRedirector@58a4a74d to Target : cpw.mods.modlauncher.api.TargetType@42f8285e {Lnet/minecraft/world/entity/animal/frog/Tadpole;} {} {V}
[04:25:37] [main/DEBUG] [cp.mo.mo.TransformStore/MODLAUNCHER]: Adding transformer net.neoforged.neoforge.coremods.MethodRedirector@58a4a74d to Target : cpw.mods.modlauncher.api.TargetType@42f8285e {Lnet/minecraft/server/commands/RaidCommand;} {} {V}
[04:25:37] [main/DEBUG] [cp.mo.mo.TransformStore/MODLAUNCHER]: Adding transformer net.neoforged.neoforge.coremods.MethodRedirector@58a4a74d to Target : cpw.mods.modlauncher.api.TargetType@42f8285e {Lnet/minecraft/world/entity/animal/horse/SkeletonTrapGoal;} {} {V}
[04:25:37] [main/DEBUG] [cp.mo.mo.TransformStore/MODLAUNCHER]: Adding transformer net.neoforged.neoforge.coremods.MethodRedirector@58a4a74d to Target : cpw.mods.modlauncher.api.TargetType@42f8285e {Lnet/minecraft/world/level/levelgen/structure/templatesystem/StructureTemplate;} {} {V}
[04:25:37] [main/DEBUG] [cp.mo.mo.TransformStore/MODLAUNCHER]: Adding transformer net.neoforged.neoforge.coremods.MethodRedirector@58a4a74d to Target : cpw.mods.modlauncher.api.TargetType@42f8285e {Lnet/minecraft/world/entity/monster/Strider;} {} {V}
[04:25:37] [main/DEBUG] [cp.mo.mo.TransformStore/MODLAUNCHER]: Adding transformer net.neoforged.neoforge.coremods.MethodRedirector@58a4a74d to Target : cpw.mods.modlauncher.api.TargetType@42f8285e {Lnet/minecraft/world/level/levelgen/structure/structures/SwampHutPiece;} {} {V}
[04:25:37] [main/DEBUG] [cp.mo.mo.TransformStore/MODLAUNCHER]: Adding transformer net.neoforged.neoforge.coremods.MethodRedirector@58a4a74d to Target : cpw.mods.modlauncher.api.TargetType@42f8285e {Lnet/minecraft/world/entity/ai/village/VillageSiege;} {} {V}
[04:25:37] [main/DEBUG] [cp.mo.mo.TransformStore/MODLAUNCHER]: Adding transformer net.neoforged.neoforge.coremods.MethodRedirector@58a4a74d to Target : cpw.mods.modlauncher.api.TargetType@42f8285e {Lnet/minecraft/world/level/levelgen/structure/structures/OceanRuinPieces$OceanRuinPiece;} {} {V}
[04:25:37] [main/DEBUG] [cp.mo.mo.TransformStore/MODLAUNCHER]: Adding transformer net.neoforged.neoforge.coremods.MethodRedirector@58a4a74d to Target : cpw.mods.modlauncher.api.TargetType@42f8285e {Lnet/minecraft/world/level/levelgen/PatrolSpawner;} {} {V}
[04:25:37] [main/DEBUG] [cp.mo.mo.TransformStore/MODLAUNCHER]: Adding transformer net.neoforged.neoforge.coremods.MethodRedirector@58a4a74d to Target : cpw.mods.modlauncher.api.TargetType@42f8285e {Lnet/minecraft/world/entity/npc/CatSpawner;} {} {V}
[04:25:37] [main/DEBUG] [cp.mo.mo.TransformStore/MODLAUNCHER]: Adding transformer net.neoforged.neoforge.coremods.MethodRedirector@58a4a74d to Target : cpw.mods.modlauncher.api.TargetType@42f8285e {Lnet/minecraft/world/level/levelgen/PhantomSpawner;} {} {V}
[04:25:37] [main/DEBUG] [cp.mo.mo.TransformStore/MODLAUNCHER]: Adding transformer net.neoforged.neoforge.coremods.MethodRedirector@58a4a74d to Target : cpw.mods.modlauncher.api.TargetType@42f8285e {Lnet/minecraft/world/entity/npc/Villager;} {} {V}
[04:25:37] [main/DEBUG] [cp.mo.mo.TransformStore/MODLAUNCHER]: Adding transformer net.neoforged.neoforge.coremods.MethodRedirector@58a4a74d to Target : cpw.mods.modlauncher.api.TargetType@42f8285e {Lnet/minecraft/world/level/levelgen/structure/structures/WoodlandMansionPieces$WoodlandMansionPiece;} {} {V}
[04:25:37] [main/DEBUG] [cp.mo.mo.TransformStore/MODLAUNCHER]: Adding transformer net.neoforged.neoforge.coremods.MethodRedirector@58a4a74d to Target : cpw.mods.modlauncher.api.TargetType@42f8285e {Lnet/minecraft/server/commands/SummonCommand;} {} {V}
[04:25:37] [main/DEBUG] [cp.mo.mo.TransformStore/MODLAUNCHER]: Adding transformer net.neoforged.neoforge.coremods.MethodRedirector@58a4a74d to Target : cpw.mods.modlauncher.api.TargetType@42f8285e {Lnet/minecraft/world/entity/EntityType;} {} {V}
[04:25:37] [main/DEBUG] [cp.mo.mo.TransformStore/MODLAUNCHER]: Adding transformer net.neoforged.neoforge.coremods.MethodRedirector@58a4a74d to Target : cpw.mods.modlauncher.api.TargetType@42f8285e {Lnet/minecraft/world/entity/raid/Raid;} {} {V}
[04:25:37] [main/DEBUG] [cp.mo.mo.TransformStore/MODLAUNCHER]: Adding transformer net.neoforged.neoforge.coremods.MethodRedirector@58a4a74d to Target : cpw.mods.modlauncher.api.TargetType@42f8285e {Lnet/minecraft/world/level/NaturalSpawner;} {} {V}
[04:25:37] [main/DEBUG] [cp.mo.mo.TransformStore/MODLAUNCHER]: Adding transformer net.neoforged.neoforge.coremods.MethodRedirector@58a4a74d to Target : cpw.mods.modlauncher.api.TargetType@42f8285e {Lnet/minecraft/world/entity/monster/Zombie;} {} {V}
[04:25:37] [main/DEBUG] [cp.mo.mo.TransformStore/MODLAUNCHER]: Adding transformer net.neoforged.neoforge.coremods.MethodRedirector@58a4a74d to Target : cpw.mods.modlauncher.api.TargetType@42f8285e {Lnet/minecraft/world/level/levelgen/structure/structures/OceanMonumentPieces$OceanMonumentPiece;} {} {V}
[04:25:37] [main/DEBUG] [cp.mo.mo.TransformStore/MODLAUNCHER]: Adding transformer net.neoforged.neoforge.coremods.MethodRedirector@58a4a74d to Target : cpw.mods.modlauncher.api.TargetType@42f8285e {Lnet/minecraft/world/entity/monster/Spider;} {} {V}
[04:25:37] [main/DEBUG] [cp.mo.mo.TransformationServiceDecorator/MODLAUNCHER]: Initialized transformers for transformation service fml
[04:25:38] [main/DEBUG] [mixin/]: Processing prepare() for PlatformAgent[MixinPlatformAgentDefault:ModLauncher Root Container(ModLauncher:4f56a0a2)]
[04:25:38] [main/DEBUG] [mixin/]: Processing prepare() for PlatformAgent[MixinPlatformAgentDefault:net.neoforged.fml.loading.mixin.FMLMixinContainerHandle@4ed38226]
[04:25:38] [main/DEBUG] [mixin/]: Processing prepare() for PlatformAgent[FMLMixinPlatformAgent:null]
[04:25:38] [main/DEBUG] [mixin/]: Compatibility level JAVA_21 specified by farmersdelight.mixins.json is higher than the maximum level supported by this version of mixin (JAVA_13).
[04:25:38] [main/INFO] [mixin/]: Compatibility level set to JAVA_21
[04:25:38] [main/DEBUG] [mixin/]: Compatibility level JAVA_17 specified by emi.mixins.json is higher than the maximum level supported by this version of mixin (JAVA_13).
[04:25:38] [main/DEBUG] [mixin/]: Compatibility level JAVA_17 specified by emi-neoforge.mixins.json is higher than the maximum level supported by this version of mixin (JAVA_13).
[04:25:38] [main/DEBUG] [mixin/]: Compatibility level JAVA_16 specified by jade.mixins.json is higher than the maximum level supported by this version of mixin (JAVA_13).
[04:25:38] [main/DEBUG] [mixin/]: Compatibility level JAVA_17 specified by ponder.mixins.json is higher than the maximum level supported by this version of mixin (JAVA_13).
[04:25:38] [main/DEBUG] [mixin/]: Compatibility level JAVA_17 specified by ponder-common.mixins.json is higher than the maximum level supported by this version of mixin (JAVA_13).
[04:25:38] [main/DEBUG] [mixin/]: Compatibility level JAVA_17 specified by touhou_little_maid.mixins.json is higher than the maximum level supported by this version of mixin (JAVA_13).
[04:25:38] [main/DEBUG] [mixin/]: Compatibility level JAVA_8 specified by powerful_dummy.mixins.json is lower than the default level supported by the current mixin service (JAVA_16).
[04:25:38] [main/DEBUG] [mixin/]: Processing launch tasks for PlatformAgent[MixinPlatformAgentDefault:ModLauncher Root Container(ModLauncher:4f56a0a2)]
[04:25:38] [main/DEBUG] [mixin/]: Adding mixin platform agents for container SecureJarResource(mixin_synthetic)
[04:25:38] [main/DEBUG] [mixin/]: Instancing new MixinPlatformAgentMinecraftForge for SecureJarResource(mixin_synthetic)
[04:25:38] [main/DEBUG] [mixin/]: MixinPlatformAgentMinecraftForge rejected container SecureJarResource(mixin_synthetic)
[04:25:38] [main/DEBUG] [mixin/]: Instancing new MixinPlatformAgentDefault for SecureJarResource(mixin_synthetic)
[04:25:38] [main/DEBUG] [mixin/]: MixinPlatformAgentDefault accepted container SecureJarResource(mixin_synthetic)
[04:25:38] [main/DEBUG] [mixin/]: Instancing new FMLMixinPlatformAgent for SecureJarResource(mixin_synthetic)
[04:25:38] [main/DEBUG] [mixin/]: FMLMixinPlatformAgent rejected container SecureJarResource(mixin_synthetic)
[04:25:38] [main/DEBUG] [mixin/]: Processing prepare() for PlatformAgent[MixinPlatformAgentDefault:SecureJarResource(mixin_synthetic)]
[04:25:38] [main/DEBUG] [mixin/]: Adding mixin platform agents for container SecureJarResource(farmersdelight)
[04:25:38] [main/DEBUG] [mixin/]: Instancing new MixinPlatformAgentMinecraftForge for SecureJarResource(farmersdelight)
[04:25:38] [main/DEBUG] [mixin/]: MixinPlatformAgentMinecraftForge rejected container SecureJarResource(farmersdelight)
[04:25:38] [main/DEBUG] [mixin/]: Instancing new MixinPlatformAgentDefault for SecureJarResource(farmersdelight)
[04:25:38] [main/DEBUG] [mixin/]: MixinPlatformAgentDefault accepted container SecureJarResource(farmersdelight)
[04:25:38] [main/DEBUG] [mixin/]: Instancing new FMLMixinPlatformAgent for SecureJarResource(farmersdelight)
[04:25:38] [main/DEBUG] [mixin/]: FMLMixinPlatformAgent rejected container SecureJarResource(farmersdelight)
[04:25:38] [main/DEBUG] [mixin/]: Processing prepare() for PlatformAgent[MixinPlatformAgentDefault:SecureJarResource(farmersdelight)]
[04:25:38] [main/DEBUG] [mixin/]: Adding mixin platform agents for container SecureJarResource(emi)
[04:25:38] [main/DEBUG] [mixin/]: Instancing new MixinPlatformAgentMinecraftForge for SecureJarResource(emi)
[04:25:38] [main/DEBUG] [mixin/]: MixinPlatformAgentMinecraftForge rejected container SecureJarResource(emi)
[04:25:38] [main/DEBUG] [mixin/]: Instancing new MixinPlatformAgentDefault for SecureJarResource(emi)
[04:25:38] [main/DEBUG] [mixin/]: MixinPlatformAgentDefault accepted container SecureJarResource(emi)
[04:25:38] [main/DEBUG] [mixin/]: Instancing new FMLMixinPlatformAgent for SecureJarResource(emi)
[04:25:38] [main/DEBUG] [mixin/]: FMLMixinPlatformAgent rejected container SecureJarResource(emi)
[04:25:38] [main/DEBUG] [mixin/]: Processing prepare() for PlatformAgent[MixinPlatformAgentDefault:SecureJarResource(emi)]
[04:25:38] [main/DEBUG] [mixin/]: Adding mixin platform agents for container SecureJarResource(minecraft)
[04:25:38] [main/DEBUG] [mixin/]: Instancing new MixinPlatformAgentMinecraftForge for SecureJarResource(minecraft)
[04:25:38] [main/DEBUG] [mixin/]: MixinPlatformAgentMinecraftForge rejected container SecureJarResource(minecraft)
[04:25:38] [main/DEBUG] [mixin/]: Instancing new MixinPlatformAgentDefault for SecureJarResource(minecraft)
[04:25:38] [main/DEBUG] [mixin/]: MixinPlatformAgentDefault accepted container SecureJarResource(minecraft)
[04:25:38] [main/DEBUG] [mixin/]: Instancing new FMLMixinPlatformAgent for SecureJarResource(minecraft)
[04:25:38] [main/DEBUG] [mixin/]: FMLMixinPlatformAgent rejected container SecureJarResource(minecraft)
[04:25:38] [main/DEBUG] [mixin/]: Processing prepare() for PlatformAgent[MixinPlatformAgentDefault:SecureJarResource(minecraft)]
[04:25:38] [main/DEBUG] [mixin/]: Adding mixin platform agents for container SecureJarResource(rhino)
[04:25:38] [main/DEBUG] [mixin/]: Instancing new MixinPlatformAgentMinecraftForge for SecureJarResource(rhino)
[04:25:38] [main/DEBUG] [mixin/]: MixinPlatformAgentMinecraftForge rejected container SecureJarResource(rhino)
[04:25:38] [main/DEBUG] [mixin/]: Instancing new MixinPlatformAgentDefault for SecureJarResource(rhino)
[04:25:38] [main/DEBUG] [mixin/]: MixinPlatformAgentDefault accepted container SecureJarResource(rhino)
[04:25:38] [main/DEBUG] [mixin/]: Instancing new FMLMixinPlatformAgent for SecureJarResource(rhino)
[04:25:38] [main/DEBUG] [mixin/]: FMLMixinPlatformAgent rejected container SecureJarResource(rhino)
[04:25:38] [main/DEBUG] [mixin/]: Processing prepare() for PlatformAgent[MixinPlatformAgentDefault:SecureJarResource(rhino)]
[04:25:38] [main/DEBUG] [mixin/]: Adding mixin platform agents for container SecureJarResource(jade)
[04:25:38] [main/DEBUG] [mixin/]: Instancing new MixinPlatformAgentMinecraftForge for SecureJarResource(jade)
[04:25:38] [main/DEBUG] [mixin/]: MixinPlatformAgentMinecraftForge rejected container SecureJarResource(jade)
[04:25:38] [main/DEBUG] [mixin/]: Instancing new MixinPlatformAgentDefault for SecureJarResource(jade)
[04:25:38] [main/DEBUG] [mixin/]: MixinPlatformAgentDefault accepted container SecureJarResource(jade)
[04:25:38] [main/DEBUG] [mixin/]: Instancing new FMLMixinPlatformAgent for SecureJarResource(jade)
[04:25:38] [main/DEBUG] [mixin/]: FMLMixinPlatformAgent rejected container SecureJarResource(jade)
[04:25:38] [main/DEBUG] [mixin/]: Processing prepare() for PlatformAgent[MixinPlatformAgentDefault:SecureJarResource(jade)]
[04:25:38] [main/DEBUG] [mixin/]: Registering mixin config: jade.mixins.json source=SecureJarResource(jade)
[04:25:38] [main/DEBUG] [mixin/]: Adding mixin platform agents for container SecureJarResource(appleskin)
[04:25:38] [main/DEBUG] [mixin/]: Instancing new MixinPlatformAgentMinecraftForge for SecureJarResource(appleskin)
[04:25:38] [main/DEBUG] [mixin/]: MixinPlatformAgentMinecraftForge rejected container SecureJarResource(appleskin)
[04:25:38] [main/DEBUG] [mixin/]: Instancing new MixinPlatformAgentDefault for SecureJarResource(appleskin)
[04:25:38] [main/DEBUG] [mixin/]: MixinPlatformAgentDefault accepted container SecureJarResource(appleskin)
[04:25:38] [main/DEBUG] [mixin/]: Instancing new FMLMixinPlatformAgent for SecureJarResource(appleskin)
[04:25:38] [main/DEBUG] [mixin/]: FMLMixinPlatformAgent rejected container SecureJarResource(appleskin)
[04:25:38] [main/DEBUG] [mixin/]: Processing prepare() for PlatformAgent[MixinPlatformAgentDefault:SecureJarResource(appleskin)]
[04:25:38] [main/DEBUG] [mixin/]: Adding mixin platform agents for container SecureJarResource(jei)
[04:25:38] [main/DEBUG] [mixin/]: Instancing new MixinPlatformAgentMinecraftForge for SecureJarResource(jei)
[04:25:38] [main/DEBUG] [mixin/]: MixinPlatformAgentMinecraftForge rejected container SecureJarResource(jei)
[04:25:38] [main/DEBUG] [mixin/]: Instancing new MixinPlatformAgentDefault for SecureJarResource(jei)
[04:25:38] [main/DEBUG] [mixin/]: MixinPlatformAgentDefault accepted container SecureJarResource(jei)
[04:25:38] [main/DEBUG] [mixin/]: Instancing new FMLMixinPlatformAgent for SecureJarResource(jei)
[04:25:38] [main/DEBUG] [mixin/]: FMLMixinPlatformAgent rejected container SecureJarResource(jei)
[04:25:38] [main/DEBUG] [mixin/]: Processing prepare() for PlatformAgent[MixinPlatformAgentDefault:SecureJarResource(jei)]
[04:25:38] [main/DEBUG] [mixin/]: Adding mixin platform agents for container SecureJarResource(poopsky)
[04:25:38] [main/DEBUG] [mixin/]: Instancing new MixinPlatformAgentMinecraftForge for SecureJarResource(poopsky)
[04:25:38] [main/DEBUG] [mixin/]: MixinPlatformAgentMinecraftForge rejected container SecureJarResource(poopsky)
[04:25:38] [main/DEBUG] [mixin/]: Instancing new MixinPlatformAgentDefault for SecureJarResource(poopsky)
[04:25:38] [main/DEBUG] [mixin/]: MixinPlatformAgentDefault accepted container SecureJarResource(poopsky)
[04:25:38] [main/DEBUG] [mixin/]: Instancing new FMLMixinPlatformAgent for SecureJarResource(poopsky)
[04:25:38] [main/DEBUG] [mixin/]: FMLMixinPlatformAgent rejected container SecureJarResource(poopsky)
[04:25:38] [main/DEBUG] [mixin/]: Processing prepare() for PlatformAgent[MixinPlatformAgentDefault:SecureJarResource(poopsky)]
[04:25:38] [main/DEBUG] [mixin/]: Adding mixin platform agents for container SecureJarResource(flywheel)
[04:25:38] [main/DEBUG] [mixin/]: Instancing new MixinPlatformAgentMinecraftForge for SecureJarResource(flywheel)
[04:25:38] [main/DEBUG] [mixin/]: MixinPlatformAgentMinecraftForge rejected container SecureJarResource(flywheel)
[04:25:38] [main/DEBUG] [mixin/]: Instancing new MixinPlatformAgentDefault for SecureJarResource(flywheel)
[04:25:38] [main/DEBUG] [mixin/]: MixinPlatformAgentDefault accepted container SecureJarResource(flywheel)
[04:25:38] [main/DEBUG] [mixin/]: Instancing new FMLMixinPlatformAgent for SecureJarResource(flywheel)
[04:25:38] [main/DEBUG] [mixin/]: FMLMixinPlatformAgent rejected container SecureJarResource(flywheel)
[04:25:38] [main/DEBUG] [mixin/]: Processing prepare() for PlatformAgent[MixinPlatformAgentDefault:SecureJarResource(flywheel)]
[04:25:38] [main/DEBUG] [mixin/]: Adding mixin platform agents for container SecureJarResource(ponder)
[04:25:38] [main/DEBUG] [mixin/]: Instancing new MixinPlatformAgentMinecraftForge for SecureJarResource(ponder)
[04:25:38] [main/DEBUG] [mixin/]: MixinPlatformAgentMinecraftForge rejected container SecureJarResource(ponder)
[04:25:38] [main/DEBUG] [mixin/]: Instancing new MixinPlatformAgentDefault for SecureJarResource(ponder)
[04:25:38] [main/DEBUG] [mixin/]: MixinPlatformAgentDefault accepted container SecureJarResource(ponder)
[04:25:38] [main/DEBUG] [mixin/]: Instancing new FMLMixinPlatformAgent for SecureJarResource(ponder)
[04:25:38] [main/DEBUG] [mixin/]: FMLMixinPlatformAgent rejected container SecureJarResource(ponder)
[04:25:38] [main/DEBUG] [mixin/]: Processing prepare() for PlatformAgent[MixinPlatformAgentDefault:SecureJarResource(ponder)]
[04:25:38] [main/DEBUG] [mixin/]: Adding mixin platform agents for container SecureJarResource(touhou_little_maid)
[04:25:38] [main/DEBUG] [mixin/]: Instancing new MixinPlatformAgentMinecraftForge for SecureJarResource(touhou_little_maid)
[04:25:38] [main/DEBUG] [mixin/]: MixinPlatformAgentMinecraftForge rejected container SecureJarResource(touhou_little_maid)
[04:25:38] [main/DEBUG] [mixin/]: Instancing new MixinPlatformAgentDefault for SecureJarResource(touhou_little_maid)
[04:25:38] [main/DEBUG] [mixin/]: MixinPlatformAgentDefault accepted container SecureJarResource(touhou_little_maid)
[04:25:38] [main/DEBUG] [mixin/]: Instancing new FMLMixinPlatformAgent for SecureJarResource(touhou_little_maid)
[04:25:38] [main/DEBUG] [mixin/]: FMLMixinPlatformAgent rejected container SecureJarResource(touhou_little_maid)
[04:25:38] [main/DEBUG] [mixin/]: Processing prepare() for PlatformAgent[MixinPlatformAgentDefault:SecureJarResource(touhou_little_maid)]
[04:25:38] [main/DEBUG] [mixin/]: Adding mixin platform agents for container SecureJarResource(sablecompanion)
[04:25:38] [main/DEBUG] [mixin/]: Instancing new MixinPlatformAgentMinecraftForge for SecureJarResource(sablecompanion)
[04:25:38] [main/DEBUG] [mixin/]: MixinPlatformAgentMinecraftForge rejected container SecureJarResource(sablecompanion)
[04:25:38] [main/DEBUG] [mixin/]: Instancing new MixinPlatformAgentDefault for SecureJarResource(sablecompanion)
[04:25:38] [main/DEBUG] [mixin/]: MixinPlatformAgentDefault accepted container SecureJarResource(sablecompanion)
[04:25:38] [main/DEBUG] [mixin/]: Instancing new FMLMixinPlatformAgent for SecureJarResource(sablecompanion)
[04:25:38] [main/DEBUG] [mixin/]: FMLMixinPlatformAgent rejected container SecureJarResource(sablecompanion)
[04:25:38] [main/DEBUG] [mixin/]: Processing prepare() for PlatformAgent[MixinPlatformAgentDefault:SecureJarResource(sablecompanion)]
[04:25:38] [main/DEBUG] [mixin/]: Adding mixin platform agents for container SecureJarResource(create)
[04:25:38] [main/DEBUG] [mixin/]: Instancing new MixinPlatformAgentMinecraftForge for SecureJarResource(create)
[04:25:38] [main/DEBUG] [mixin/]: MixinPlatformAgentMinecraftForge rejected container SecureJarResource(create)
[04:25:38] [main/DEBUG] [mixin/]: Instancing new MixinPlatformAgentDefault for SecureJarResource(create)
[04:25:38] [main/DEBUG] [mixin/]: MixinPlatformAgentDefault accepted container SecureJarResource(create)
[04:25:38] [main/DEBUG] [mixin/]: Instancing new FMLMixinPlatformAgent for SecureJarResource(create)
[04:25:38] [main/DEBUG] [mixin/]: FMLMixinPlatformAgent rejected container SecureJarResource(create)
[04:25:38] [main/DEBUG] [mixin/]: Processing prepare() for PlatformAgent[MixinPlatformAgentDefault:SecureJarResource(create)]
[04:25:38] [main/DEBUG] [mixin/]: Registering mixin config: create.mixins.json source=SecureJarResource(create)
[04:25:38] [main/DEBUG] [mixin/]: Adding mixin platform agents for container SecureJarResource(frog_variant_mod_1782245873)
[04:25:38] [main/DEBUG] [mixin/]: Instancing new MixinPlatformAgentMinecraftForge for SecureJarResource(frog_variant_mod_1782245873)
[04:25:38] [main/DEBUG] [mixin/]: MixinPlatformAgentMinecraftForge rejected container SecureJarResource(frog_variant_mod_1782245873)
[04:25:38] [main/DEBUG] [mixin/]: Instancing new MixinPlatformAgentDefault for SecureJarResource(frog_variant_mod_1782245873)
[04:25:38] [main/DEBUG] [mixin/]: MixinPlatformAgentDefault accepted container SecureJarResource(frog_variant_mod_1782245873)
[04:25:38] [main/DEBUG] [mixin/]: Instancing new FMLMixinPlatformAgent for SecureJarResource(frog_variant_mod_1782245873)
[04:25:38] [main/DEBUG] [mixin/]: FMLMixinPlatformAgent rejected container SecureJarResource(frog_variant_mod_1782245873)
[04:25:38] [main/DEBUG] [mixin/]: Processing prepare() for PlatformAgent[MixinPlatformAgentDefault:SecureJarResource(frog_variant_mod_1782245873)]
[04:25:38] [main/DEBUG] [mixin/]: Adding mixin platform agents for container SecureJarResource(powerful_dummy)
[04:25:38] [main/DEBUG] [mixin/]: Instancing new MixinPlatformAgentMinecraftForge for SecureJarResource(powerful_dummy)
[04:25:38] [main/DEBUG] [mixin/]: MixinPlatformAgentMinecraftForge rejected container SecureJarResource(powerful_dummy)
[04:25:38] [main/DEBUG] [mixin/]: Instancing new MixinPlatformAgentDefault for SecureJarResource(powerful_dummy)
[04:25:38] [main/DEBUG] [mixin/]: MixinPlatformAgentDefault accepted container SecureJarResource(powerful_dummy)
[04:25:38] [main/DEBUG] [mixin/]: Instancing new FMLMixinPlatformAgent for SecureJarResource(powerful_dummy)
[04:25:38] [main/DEBUG] [mixin/]: FMLMixinPlatformAgent rejected container SecureJarResource(powerful_dummy)
[04:25:38] [main/DEBUG] [mixin/]: Processing prepare() for PlatformAgent[MixinPlatformAgentDefault:SecureJarResource(powerful_dummy)]
[04:25:38] [main/DEBUG] [mixin/]: Adding mixin platform agents for container SecureJarResource(kubejs)
[04:25:38] [main/DEBUG] [mixin/]: Instancing new MixinPlatformAgentMinecraftForge for SecureJarResource(kubejs)
[04:25:38] [main/DEBUG] [mixin/]: MixinPlatformAgentMinecraftForge rejected container SecureJarResource(kubejs)
[04:25:38] [main/DEBUG] [mixin/]: Instancing new MixinPlatformAgentDefault for SecureJarResource(kubejs)
[04:25:38] [main/DEBUG] [mixin/]: MixinPlatformAgentDefault accepted container SecureJarResource(kubejs)
[04:25:38] [main/DEBUG] [mixin/]: Instancing new FMLMixinPlatformAgent for SecureJarResource(kubejs)
[04:25:38] [main/DEBUG] [mixin/]: FMLMixinPlatformAgent rejected container SecureJarResource(kubejs)
[04:25:38] [main/DEBUG] [mixin/]: Processing prepare() for PlatformAgent[MixinPlatformAgentDefault:SecureJarResource(kubejs)]
[04:25:38] [main/DEBUG] [mixin/]: Adding mixin platform agents for container SecureJarResource(betteradvancedtooltips)
[04:25:38] [main/DEBUG] [mixin/]: Instancing new MixinPlatformAgentMinecraftForge for SecureJarResource(betteradvancedtooltips)
[04:25:38] [main/DEBUG] [mixin/]: MixinPlatformAgentMinecraftForge rejected container SecureJarResource(betteradvancedtooltips)
[04:25:38] [main/DEBUG] [mixin/]: Instancing new MixinPlatformAgentDefault for SecureJarResource(betteradvancedtooltips)
[04:25:38] [main/DEBUG] [mixin/]: MixinPlatformAgentDefault accepted container SecureJarResource(betteradvancedtooltips)
[04:25:38] [main/DEBUG] [mixin/]: Instancing new FMLMixinPlatformAgent for SecureJarResource(betteradvancedtooltips)
[04:25:38] [main/DEBUG] [mixin/]: FMLMixinPlatformAgent rejected container SecureJarResource(betteradvancedtooltips)
[04:25:38] [main/DEBUG] [mixin/]: Processing prepare() for PlatformAgent[MixinPlatformAgentDefault:SecureJarResource(betteradvancedtooltips)]
[04:25:38] [main/DEBUG] [mixin/]: Adding mixin platform agents for container SecureJarResource(betteradvancements)
[04:25:38] [main/DEBUG] [mixin/]: Instancing new MixinPlatformAgentMinecraftForge for SecureJarResource(betteradvancements)
[04:25:38] [main/DEBUG] [mixin/]: MixinPlatformAgentMinecraftForge rejected container SecureJarResource(betteradvancements)
[04:25:38] [main/DEBUG] [mixin/]: Instancing new MixinPlatformAgentDefault for SecureJarResource(betteradvancements)
[04:25:38] [main/DEBUG] [mixin/]: MixinPlatformAgentDefault accepted container SecureJarResource(betteradvancements)
[04:25:38] [main/DEBUG] [mixin/]: Instancing new FMLMixinPlatformAgent for SecureJarResource(betteradvancements)
[04:25:38] [main/DEBUG] [mixin/]: FMLMixinPlatformAgent rejected container SecureJarResource(betteradvancements)
[04:25:38] [main/DEBUG] [mixin/]: Processing prepare() for PlatformAgent[MixinPlatformAgentDefault:SecureJarResource(betteradvancements)]
[04:25:38] [main/DEBUG] [mixin/]: Adding mixin platform agents for container SecureJarResource(Registrate.MC1._21._62)
[04:25:38] [main/DEBUG] [mixin/]: Instancing new MixinPlatformAgentMinecraftForge for SecureJarResource(Registrate.MC1._21._62)
[04:25:38] [main/DEBUG] [mixin/]: MixinPlatformAgentMinecraftForge rejected container SecureJarResource(Registrate.MC1._21._62)
[04:25:38] [main/DEBUG] [mixin/]: Instancing new MixinPlatformAgentDefault for SecureJarResource(Registrate.MC1._21._62)
[04:25:38] [main/DEBUG] [mixin/]: MixinPlatformAgentDefault accepted container SecureJarResource(Registrate.MC1._21._62)
[04:25:38] [main/DEBUG] [mixin/]: Instancing new FMLMixinPlatformAgent for SecureJarResource(Registrate.MC1._21._62)
[04:25:38] [main/DEBUG] [mixin/]: FMLMixinPlatformAgent rejected container SecureJarResource(Registrate.MC1._21._62)
[04:25:38] [main/DEBUG] [mixin/]: Processing prepare() for PlatformAgent[MixinPlatformAgentDefault:SecureJarResource(Registrate.MC1._21._62)]
[04:25:38] [main/DEBUG] [mixin/]: Adding mixin platform agents for container SecureJarResource(mixinextras.neoforge)
[04:25:38] [main/DEBUG] [mixin/]: Instancing new MixinPlatformAgentMinecraftForge for SecureJarResource(mixinextras.neoforge)
[04:25:38] [main/DEBUG] [mixin/]: MixinPlatformAgentMinecraftForge rejected container SecureJarResource(mixinextras.neoforge)
[04:25:38] [main/DEBUG] [mixin/]: Instancing new MixinPlatformAgentDefault for SecureJarResource(mixinextras.neoforge)
[04:25:38] [main/DEBUG] [mixin/]: MixinPlatformAgentDefault accepted container SecureJarResource(mixinextras.neoforge)
[04:25:38] [main/DEBUG] [mixin/]: Instancing new FMLMixinPlatformAgent for SecureJarResource(mixinextras.neoforge)
[04:25:38] [main/DEBUG] [mixin/]: FMLMixinPlatformAgent rejected container SecureJarResource(mixinextras.neoforge)
[04:25:38] [main/DEBUG] [mixin/]: Processing prepare() for PlatformAgent[MixinPlatformAgentDefault:SecureJarResource(mixinextras.neoforge)]
[04:25:38] [main/DEBUG] [mixin/]: Registering mixin config: mixinextras.init.mixins.json source=SecureJarResource(mixinextras.neoforge)
[04:25:38] [main/DEBUG] [mixin/]: inject() running with 23 agents
[04:25:38] [main/DEBUG] [mixin/]: Processing inject() for PlatformAgent[MixinPlatformAgentDefault:ModLauncher Root Container(ModLauncher:4f56a0a2)]
[04:25:38] [main/DEBUG] [mixin/]: Processing inject() for PlatformAgent[MixinPlatformAgentDefault:net.neoforged.fml.loading.mixin.FMLMixinContainerHandle@4ed38226]
[04:25:38] [main/DEBUG] [mixin/]: Processing inject() for PlatformAgent[FMLMixinPlatformAgent:null]
[04:25:38] [main/DEBUG] [mixin/]: Processing inject() for PlatformAgent[MixinPlatformAgentDefault:SecureJarResource(mixin_synthetic)]
[04:25:38] [main/DEBUG] [mixin/]: Processing inject() for PlatformAgent[MixinPlatformAgentDefault:SecureJarResource(farmersdelight)]
[04:25:38] [main/DEBUG] [mixin/]: Processing inject() for PlatformAgent[MixinPlatformAgentDefault:SecureJarResource(emi)]
[04:25:38] [main/DEBUG] [mixin/]: Processing inject() for PlatformAgent[MixinPlatformAgentDefault:SecureJarResource(minecraft)]
[04:25:38] [main/DEBUG] [mixin/]: Processing inject() for PlatformAgent[MixinPlatformAgentDefault:SecureJarResource(rhino)]
[04:25:38] [main/DEBUG] [mixin/]: Processing inject() for PlatformAgent[MixinPlatformAgentDefault:SecureJarResource(jade)]
[04:25:38] [main/DEBUG] [mixin/]: Processing inject() for PlatformAgent[MixinPlatformAgentDefault:SecureJarResource(appleskin)]
[04:25:38] [main/DEBUG] [mixin/]: Processing inject() for PlatformAgent[MixinPlatformAgentDefault:SecureJarResource(jei)]
[04:25:38] [main/DEBUG] [mixin/]: Processing inject() for PlatformAgent[MixinPlatformAgentDefault:SecureJarResource(poopsky)]
[04:25:38] [main/DEBUG] [mixin/]: Processing inject() for PlatformAgent[MixinPlatformAgentDefault:SecureJarResource(flywheel)]
[04:25:38] [main/DEBUG] [mixin/]: Processing inject() for PlatformAgent[MixinPlatformAgentDefault:SecureJarResource(ponder)]
[04:25:38] [main/DEBUG] [mixin/]: Processing inject() for PlatformAgent[MixinPlatformAgentDefault:SecureJarResource(touhou_little_maid)]
[04:25:38] [main/DEBUG] [mixin/]: Processing inject() for PlatformAgent[MixinPlatformAgentDefault:SecureJarResource(sablecompanion)]
[04:25:38] [main/DEBUG] [mixin/]: Processing inject() for PlatformAgent[MixinPlatformAgentDefault:SecureJarResource(create)]
[04:25:38] [main/DEBUG] [mixin/]: Processing inject() for PlatformAgent[MixinPlatformAgentDefault:SecureJarResource(frog_variant_mod_1782245873)]
[04:25:38] [main/DEBUG] [mixin/]: Processing inject() for PlatformAgent[MixinPlatformAgentDefault:SecureJarResource(powerful_dummy)]
[04:25:38] [main/DEBUG] [mixin/]: Processing inject() for PlatformAgent[MixinPlatformAgentDefault:SecureJarResource(kubejs)]
[04:25:38] [main/DEBUG] [mixin/]: Processing inject() for PlatformAgent[MixinPlatformAgentDefault:SecureJarResource(betteradvancedtooltips)]
[04:25:38] [main/DEBUG] [mixin/]: Processing inject() for PlatformAgent[MixinPlatformAgentDefault:SecureJarResource(betteradvancements)]
[04:25:38] [main/DEBUG] [mixin/]: Processing inject() for PlatformAgent[MixinPlatformAgentDefault:SecureJarResource(Registrate.MC1._21._62)]
[04:25:38] [main/DEBUG] [mixin/]: Processing inject() for PlatformAgent[MixinPlatformAgentDefault:SecureJarResource(mixinextras.neoforge)]
[04:25:38] [main/INFO] [cp.mo.mo.LaunchServiceHandler/MODLAUNCHER]: Launching target 'forgedatadev' with arguments [--gameDir, ., --assetsDir, C:\Users\24745\.gradle\caches\neoformruntime\assets, --assetIndex, 17, --mod, poopsky, --all, --output, F:\\Minecraft\\ModDev\\PoopSkyMod\\src\\generated\\resources, --existing, F:\\Minecraft\\ModDev\\PoopSkyMod\\src\\main\\resources]
[04:25:39] [main/DEBUG] [mixin/]: Preparing mixins for MixinEnvironment[DEFAULT]
[04:25:39] [main/DEBUG] [mixin/]: Selecting config farmersdelight.mixins.json
[04:25:39] [main/DEBUG] [mixin/]: Selecting config emi.mixins.json
[04:25:39] [main/DEBUG] [mixin/]: Selecting config emi-neoforge.mixins.json
[04:25:39] [main/DEBUG] [mixin/]: Selecting config jade.mixins.json
[04:25:39] [main/DEBUG] [mixin/]: Selecting config poopsky.mixins.json
[04:25:39] [main/DEBUG] [mixin/]: Selecting config flywheel.backend.mixins.json
[04:25:39] [main/DEBUG] [mixin/]: Selecting config flywheel.impl.mixins.json
[04:25:39] [main/DEBUG] [mixin/]: Selecting config ponder.mixins.json
[04:25:39] [main/DEBUG] [mixin/]: Selecting config ponder-common.mixins.json
[04:25:39] [main/DEBUG] [mixin/]: Selecting config touhou_little_maid.mixins.json
[04:25:39] [main/WARN] [mixin/]: Reference map 'touhou_little_maid.refmap.json' for touhou_little_maid.mixins.json could not be read. If this is a development environment you can ignore this message
[04:25:39] [main/DEBUG] [mixin/]: Selecting config create.mixins.json
[04:25:39] [main/DEBUG] [mixin/]: Selecting config powerful_dummy.mixins.json
[04:25:39] [main/WARN] [mixin/]: Reference map 'powerful_dummy.refmap.json' for powerful_dummy.mixins.json could not be read. If this is a development environment you can ignore this message
[04:25:39] [main/DEBUG] [mixin/]: Selecting config neoforge.mixins.json
[04:25:39] [main/DEBUG] [mixin/]: Selecting config kubejs.mixins.json
[04:25:39] [main/DEBUG] [mixin/]: Selecting config betteradvancedtooltips.mixins.json
[04:25:39] [main/DEBUG] [mixin/]: Selecting config mixinextras.init.mixins.json
[04:25:39] [main/DEBUG] [MixinExtras|Service/]: com.llamalad7.mixinextras.service.MixinExtrasServiceImpl(version=0.5.0) is taking over from null
[04:25:39] [main/DEBUG] [mixin/]: Registering new injector for @Inject with org.spongepowered.asm.mixin.injection.struct.CallbackInjectionInfo
[04:25:39] [main/DEBUG] [mixin/]: Registering new injector for @ModifyArg with org.spongepowered.asm.mixin.injection.struct.ModifyArgInjectionInfo
[04:25:39] [main/DEBUG] [mixin/]: Registering new injector for @ModifyArgs with org.spongepowered.asm.mixin.injection.struct.ModifyArgsInjectionInfo
[04:25:39] [main/DEBUG] [mixin/]: Registering new injector for @Redirect with org.spongepowered.asm.mixin.injection.struct.RedirectInjectionInfo
[04:25:39] [main/DEBUG] [mixin/]: Registering new injector for @ModifyVariable with org.spongepowered.asm.mixin.injection.struct.ModifyVariableInjectionInfo
[04:25:39] [main/DEBUG] [mixin/]: Registering new injector for @ModifyConstant with org.spongepowered.asm.mixin.injection.struct.ModifyConstantInjectionInfo
[04:25:39] [main/DEBUG] [mixin/]: Preparing farmersdelight.mixins.json (7)
[04:25:39] [main/DEBUG] [mixin/]: Preparing emi.mixins.json (25)
[04:25:39] [main/DEBUG] [mixin/]: Preparing emi-neoforge.mixins.json (0)
[04:25:39] [main/DEBUG] [mixin/]: Preparing jade.mixins.json (6)
[04:25:39] [main/DEBUG] [mixin/]: Preparing poopsky.mixins.json (10)
[04:25:39] [main/DEBUG] [mixin/]: Preparing flywheel.backend.mixins.json (8)
[04:25:39] [main/DEBUG] [mixin/]: Preparing flywheel.impl.mixins.json (14)
[04:25:39] [main/DEBUG] [mixin/]: Preparing ponder.mixins.json (1)
[04:25:39] [main/DEBUG] [mixin/]: Preparing ponder-common.mixins.json (12)
[04:25:39] [main/DEBUG] [mixin/]: Preparing touhou_little_maid.mixins.json (23)
[04:25:39] [main/DEBUG] [mixin/]: Preparing powerful_dummy.mixins.json (1)
[04:25:39] [main/DEBUG] [mixin/]: Preparing neoforge.mixins.json (2)
[04:25:39] [main/DEBUG] [mixin/]: Preparing kubejs.mixins.json (86)
[04:25:39] [main/DEBUG] [mixin/]: Preparing betteradvancedtooltips.mixins.json (2)
[04:25:39] [main/DEBUG] [mixin/]: Preparing mixinextras.init.mixins.json (0)
[04:25:39] [main/DEBUG] [mixin/]: Preparing create.mixins.json (64)
[04:25:40] [main/WARN] [mixin/]: Error loading class: xaero/map/gui/GuiMap (java.lang.ClassNotFoundException: xaero.map.gui.GuiMap)
[04:25:40] [main/WARN] [mixin/]: @Mixin target xaero.map.gui.GuiMap was not found create.mixins.json:compat.xaeros.XaeroFullscreenMapAccessor from mod create
[04:25:40] [main/WARN] [mixin/]: Error loading class: xaero/map/gui/GuiMap (java.lang.ClassNotFoundException: xaero.map.gui.GuiMap)
[04:25:40] [main/WARN] [mixin/]: @Mixin target xaero.map.gui.GuiMap was not found create.mixins.json:compat.xaeros.XaeroFullscreenMapMixin from mod create
[04:25:40] [main/DEBUG] [mixin/]: Inner class dev/latvian/mods/kubejs/core/mixin/GameRulesMixin$1 in dev/latvian/mods/kubejs/core/mixin/GameRulesMixin on net/minecraft/world/level/GameRules gets unique name net/minecraft/world/level/GameRules$Anonymous$adaf34d101e54922a7425cf95344c1c1
[04:25:40] [main/WARN] [mixin/]: Error loading class: org/jetbrains/annotations/ApiStatus$ScheduledForRemoval (java.lang.ClassNotFoundException: org.jetbrains.annotations.ApiStatus$ScheduledForRemoval)
[04:25:40] [main/DEBUG] [mixin/]: Prepared 257 mixins in 1.067 sec (4.2ms avg) (0ms load, 0ms transform, 0ms plugin)
[04:25:40] [main/DEBUG] [io.ne.ut.in.lo.InternalLoggerFactory/]: Using SLF4J as the default logging framework
[04:25:40] [main/DEBUG] [io.ne.ut.ResourceLeakDetector/]: -Dio.netty.leakDetection.level: simple
[04:25:40] [main/DEBUG] [io.ne.ut.ResourceLeakDetector/]: -Dio.netty.leakDetection.targetRecords: 4
[04:25:40] [main/INFO] [MixinExtras|Service/]: Initializing MixinExtras via com.llamalad7.mixinextras.service.MixinExtrasServiceImpl(version=0.5.0).
[04:25:40] [main/DEBUG] [mixin/]: Registering new injector for @SugarWrapper with com.llamalad7.mixinextras.sugar.impl.SugarWrapperInjectionInfo
[04:25:40] [main/DEBUG] [mixin/]: Registering new injector for @FactoryRedirectWrapper with com.llamalad7.mixinextras.wrapper.factory.FactoryRedirectWrapperInjectionInfo
[04:25:40] [main/DEBUG] [mixin/]: Registering new injector for @ExpressionInjectorWrapper with com.llamalad7.mixinextras.expression.impl.wrapper.ExpressionInjectorWrapperInjectionInfo
[04:25:40] [main/DEBUG] [mixin/]: Mixing StringRepresentableMixin from kubejs.mixins.json into net.minecraft.util.StringRepresentable
[04:25:40] [main/DEBUG] [mixin/]: Mixing accessor.NbtAccounterAccessor from create.mixins.json into net.minecraft.nbt.NbtAccounter
[04:25:40] [main/DEBUG] [mixin/]: Mixing CompoundTagMixin from kubejs.mixins.json into net.minecraft.nbt.CompoundTag
[04:25:40] [main/DEBUG] [mixin/]: Mixing MutableComponentMixin from kubejs.mixins.json into net.minecraft.network.chat.MutableComponent
[04:25:40] [main/DEBUG] [mixin/]: Mixing ResourceLocationMixin from kubejs.mixins.json into net.minecraft.resources.ResourceLocation
[04:25:40] [main/INFO] [ne.ne.ne.da.lo.DatagenModLoader/]: Initializing Data Gatherer for mods [poopsky]
[04:25:40] [main/DEBUG] [mixin/]: Mixing BuiltInRegistriesMixin from create.mixins.json into net.minecraft.core.registries.BuiltInRegistries
[04:25:40] [main/DEBUG] [mixin/]: Renaming synthetic method lambda$create$ourRegistriesAreNotEmpty$0(Ljava/util/function/Consumer;Lnet/minecraft/core/Registry;)V to md3fd53a$create$lambda$create$ourRegistriesAreNotEmpty$0$0 in create.mixins.json:BuiltInRegistriesMixin from mod create
[04:25:40] [main/DEBUG] [mixin/]: Mixing MappedRegistryAccessor from neoforge.mixins.json into net.minecraft.core.MappedRegistry
[04:25:40] [main/DEBUG] [mixin/]: Mixing accessor.MappedRegistryAccessor from create.mixins.json into net.minecraft.core.MappedRegistry
[04:25:40] [main/DEBUG] [mixin/]: Mixing HolderMixin from kubejs.mixins.json into net.minecraft.core.Holder
[04:25:40] [main/DEBUG] [mixin/]: Renaming synthetic method lambda$kjs$isTag$0(Lnet/minecraft/resources/ResourceLocation;Lnet/minecraft/resources/ResourceKey;)Ljava/lang/Boolean; to md3fd53a$kubejs$lambda$kjs$isTag$0$0 in kubejs.mixins.json:HolderMixin from mod kubejs
[04:25:40] [main/DEBUG] [mixin/]: Mixing ResourceKeyMixin from kubejs.mixins.json into net.minecraft.resources.ResourceKey
[04:25:40] [main/DEBUG] [mixin/]: kubejs.mixins.json:ResourceKeyMixin from mod kubejs->@Inject::kjs$getKeyStackTraces(Lnet/minecraft/resources/ResourceLocation;Lnet/minecraft/resources/ResourceLocation;Lorg/spongepowered/asm/mixin/injection/callback/CallbackInfo;)V doesn't use it's CallbackInfo
[04:25:40] [main/DEBUG] [mixin/]: kubejs.mixins.json:ResourceKeyMixin from mod kubejs->@Inject::kjs$getKeyStackTraces(Lnet/minecraft/resources/ResourceLocation;Lnet/minecraft/resources/ResourceLocation;Lorg/spongepowered/asm/mixin/injection/callback/CallbackInfo;)V has 0 override(s) in child classes
[04:25:40] [main/DEBUG] [mixin/]: kubejs.mixins.json:ResourceKeyMixin from mod kubejs->@Inject::kjs$getKeyStackTraces(Lnet/minecraft/resources/ResourceLocation;Lnet/minecraft/resources/ResourceLocation;Lorg/spongepowered/asm/mixin/injection/callback/CallbackInfo;)V won't be passed a CallbackInfo as a result
[04:25:40] [main/DEBUG] [mixin/]: Mixing UtilMixin from kubejs.mixins.json into net.minecraft.Util
[04:25:40] [main/DEBUG] [mixin/]: kubejs.mixins.json:UtilMixin from mod kubejs->@Inject::shutdownExecutorsKJS(Lorg/spongepowered/asm/mixin/injection/callback/CallbackInfo;)V doesn't use it's CallbackInfo
[04:25:40] [main/DEBUG] [mixin/]: Mixing CreativeModeTabMixin from kubejs.mixins.json into net.minecraft.world.item.CreativeModeTab
[04:25:40] [main/DEBUG] [mixin/]: Mixing DataComponentsMixin from kubejs.mixins.json into net.minecraft.core.component.DataComponents
[04:25:40] [main/DEBUG] [mixin/]: Mixing BlockBurningCache from touhou_little_maid.mixins.json into net.minecraft.world.level.block.Block
[04:25:40] [main/DEBUG] [mixin/]: touhou_little_maid.mixins.json:BlockBurningCache from mod touhou_little_maid: Class version 65 required is higher than the class version supported by the current version of Mixin (JAVA_17 supports class version 61)
[04:25:40] [main/DEBUG] [mixin/]: Mixing BlockMixin from kubejs.mixins.json into net.minecraft.world.level.block.Block
[04:25:40] [main/DEBUG] [mixin/]: Mixing BlockMixin from create.mixins.json into net.minecraft.world.level.block.Block
[04:25:40] [main/DEBUG] [mixin/]: kubejs.mixins.json:BlockMixin from mod kubejs->@Inject::kjs$getName(Lorg/spongepowered/asm/mixin/injection/callback/CallbackInfoReturnable;)V does use it's CallbackInfoReturnable
[04:25:40] [main/DEBUG] [mixin/]: Mixing BlockBehaviourMixin from kubejs.mixins.json into net.minecraft.world.level.block.state.BlockBehaviour
[04:25:40] [main/DEBUG] [mixin/]: Mixing accessor.BlockBehaviourAccessor from create.mixins.json into net.minecraft.world.level.block.state.BlockBehaviour
[04:25:40] [main/DEBUG] [mixin/]: kubejs.mixins.json:BlockBehaviourMixin from mod kubejs->@Inject::onRandomTick(Lnet/minecraft/world/level/block/state/BlockState;Lnet/minecraft/server/level/ServerLevel;Lnet/minecraft/core/BlockPos;Lnet/minecraft/util/RandomSource;Lorg/spongepowered/asm/mixin/injection/callback/CallbackInfo;)V does use it's CallbackInfo
[04:25:40] [main/DEBUG] [mixin/]: Mixing FluidMixin from kubejs.mixins.json into net.minecraft.world.level.material.Fluid
[04:25:40] [main/DEBUG] [mixin/]: Mixing EntityTypeMixin from flywheel.impl.mixins.json into net.minecraft.world.entity.EntityType
[04:25:40] [main/DEBUG] [mixin/]: Mixing EntityTypeMixin from kubejs.mixins.json into net.minecraft.world.entity.EntityType
[04:25:40] [main/DEBUG] [mixin/]: Mixing ItemMixin from kubejs.mixins.json into net.minecraft.world.item.Item
[04:25:41] [main/DEBUG] [mixin/]: kubejs.mixins.json:ItemMixin from mod kubejs->@Inject::isFoil(Lnet/minecraft/world/item/ItemStack;Lorg/spongepowered/asm/mixin/injection/callback/CallbackInfoReturnable;)V does use it's CallbackInfoReturnable
[04:25:41] [main/DEBUG] [mixin/]: kubejs.mixins.json:ItemMixin from mod kubejs->@Inject::appendHoverText(Lnet/minecraft/world/item/ItemStack;Lnet/minecraft/world/item/Item$TooltipContext;Ljava/util/List;Lnet/minecraft/world/item/TooltipFlag;Lorg/spongepowered/asm/mixin/injection/callback/CallbackInfo;)V doesn't use it's CallbackInfo
[04:25:41] [main/DEBUG] [mixin/]: kubejs.mixins.json:ItemMixin from mod kubejs->@Inject::appendHoverText(Lnet/minecraft/world/item/ItemStack;Lnet/minecraft/world/item/Item$TooltipContext;Ljava/util/List;Lnet/minecraft/world/item/TooltipFlag;Lorg/spongepowered/asm/mixin/injection/callback/CallbackInfo;)V has 0 override(s) in child classes
[04:25:41] [main/DEBUG] [mixin/]: kubejs.mixins.json:ItemMixin from mod kubejs->@Inject::appendHoverText(Lnet/minecraft/world/item/ItemStack;Lnet/minecraft/world/item/Item$TooltipContext;Ljava/util/List;Lnet/minecraft/world/item/TooltipFlag;Lorg/spongepowered/asm/mixin/injection/callback/CallbackInfo;)V won't be passed a CallbackInfo as a result
[04:25:41] [main/DEBUG] [mixin/]: kubejs.mixins.json:ItemMixin from mod kubejs->@Inject::isBarVisible(Lnet/minecraft/world/item/ItemStack;Lorg/spongepowered/asm/mixin/injection/callback/CallbackInfoReturnable;)V does use it's CallbackInfoReturnable
[04:25:41] [main/DEBUG] [mixin/]: kubejs.mixins.json:ItemMixin from mod kubejs->@Inject::getBarWidth(Lnet/minecraft/world/item/ItemStack;Lorg/spongepowered/asm/mixin/injection/callback/CallbackInfoReturnable;)V does use it's CallbackInfoReturnable
[04:25:41] [main/DEBUG] [mixin/]: kubejs.mixins.json:ItemMixin from mod kubejs->@Inject::getBarColor(Lnet/minecraft/world/item/ItemStack;Lorg/spongepowered/asm/mixin/injection/callback/CallbackInfoReturnable;)V does use it's CallbackInfoReturnable
[04:25:41] [main/DEBUG] [mixin/]: kubejs.mixins.json:ItemMixin from mod kubejs->@Inject::getUseDuration(Lnet/minecraft/world/item/ItemStack;Lnet/minecraft/world/entity/LivingEntity;Lorg/spongepowered/asm/mixin/injection/callback/CallbackInfoReturnable;)V does use it's CallbackInfoReturnable
[04:25:41] [main/DEBUG] [mixin/]: kubejs.mixins.json:ItemMixin from mod kubejs->@Inject::getUseAnimation(Lnet/minecraft/world/item/ItemStack;Lorg/spongepowered/asm/mixin/injection/callback/CallbackInfoReturnable;)V does use it's CallbackInfoReturnable
[04:25:41] [main/DEBUG] [mixin/]: kubejs.mixins.json:ItemMixin from mod kubejs->@Inject::getName(Lnet/minecraft/world/item/ItemStack;Lorg/spongepowered/asm/mixin/injection/callback/CallbackInfoReturnable;)V does use it's CallbackInfoReturnable
[04:25:41] [main/DEBUG] [mixin/]: kubejs.mixins.json:ItemMixin from mod kubejs->@Inject::use(Lnet/minecraft/world/level/Level;Lnet/minecraft/world/entity/player/Player;Lnet/minecraft/world/InteractionHand;Lorg/spongepowered/asm/mixin/injection/callback/CallbackInfoReturnable;)V does use it's CallbackInfoReturnable
[04:25:41] [main/DEBUG] [mixin/]: kubejs.mixins.json:ItemMixin from mod kubejs->@Inject::finishUsingItem(Lnet/minecraft/world/item/ItemStack;Lnet/minecraft/world/level/Level;Lnet/minecraft/world/entity/LivingEntity;Lorg/spongepowered/asm/mixin/injection/callback/CallbackInfoReturnable;)V does use it's CallbackInfoReturnable
[04:25:41] [main/DEBUG] [mixin/]: kubejs.mixins.json:ItemMixin from mod kubejs->@Inject::releaseUsing(Lnet/minecraft/world/item/ItemStack;Lnet/minecraft/world/level/Level;Lnet/minecraft/world/entity/LivingEntity;ILorg/spongepowered/asm/mixin/injection/callback/CallbackInfo;)V doesn't use it's CallbackInfo
[04:25:41] [main/DEBUG] [mixin/]: kubejs.mixins.json:ItemMixin from mod kubejs->@Inject::releaseUsing(Lnet/minecraft/world/item/ItemStack;Lnet/minecraft/world/level/Level;Lnet/minecraft/world/entity/LivingEntity;ILorg/spongepowered/asm/mixin/injection/callback/CallbackInfo;)V has 0 override(s) in child classes
[04:25:41] [main/DEBUG] [mixin/]: kubejs.mixins.json:ItemMixin from mod kubejs->@Inject::releaseUsing(Lnet/minecraft/world/item/ItemStack;Lnet/minecraft/world/level/Level;Lnet/minecraft/world/entity/LivingEntity;ILorg/spongepowered/asm/mixin/injection/callback/CallbackInfo;)V won't be passed a CallbackInfo as a result
[04:25:41] [main/DEBUG] [mixin/]: kubejs.mixins.json:ItemMixin from mod kubejs->@Inject::hurtEnemy(Lnet/minecraft/world/item/ItemStack;Lnet/minecraft/world/entity/LivingEntity;Lnet/minecraft/world/entity/LivingEntity;Lorg/spongepowered/asm/mixin/injection/callback/CallbackInfoReturnable;)V does use it's CallbackInfoReturnable
[04:25:41] [main/DEBUG] [mixin/]: Mixing PlayerMixin from touhou_little_maid.mixins.json into net.minecraft.world.entity.player.Player
[04:25:41] [main/DEBUG] [mixin/]: touhou_little_maid.mixins.json:PlayerMixin from mod touhou_little_maid: Class version 65 required is higher than the class version supported by the current version of Mixin (JAVA_17 supports class version 61)
[04:25:41] [main/DEBUG] [mixin/]: Mixing PlayerMixin from kubejs.mixins.json into net.minecraft.world.entity.player.Player
[04:25:41] [main/DEBUG] [mixin/]: Mixing PlayerMixin from create.mixins.json into net.minecraft.world.entity.player.Player
[04:25:41] [main/DEBUG] [mixin/]: touhou_little_maid.mixins.json:PlayerMixin from mod touhou_little_maid->@Inject::tlmRemoveVehicle(Lorg/spongepowered/asm/mixin/injection/callback/CallbackInfo;)V doesn't use it's CallbackInfo
[04:25:41] [main/DEBUG] [mixin/]: touhou_little_maid.mixins.json:PlayerMixin from mod touhou_little_maid->@Inject::tlmRemoveVehicle(Lorg/spongepowered/asm/mixin/injection/callback/CallbackInfo;)V has 0 override(s) in child classes
[04:25:41] [main/DEBUG] [mixin/]: touhou_little_maid.mixins.json:PlayerMixin from mod touhou_little_maid->@Inject::tlmRemoveVehicle(Lorg/spongepowered/asm/mixin/injection/callback/CallbackInfo;)V won't be passed a CallbackInfo as a result
[04:25:41] [main/DEBUG] [mixin/]: touhou_little_maid.mixins.json:PlayerMixin from mod touhou_little_maid->@Inject::tlmWantsToStopRiding(Lorg/spongepowered/asm/mixin/injection/callback/CallbackInfoReturnable;)V does use it's CallbackInfoReturnable
[04:25:41] [main/DEBUG] [mixin/]: Mixing LivingEntityMixin from poopsky.mixins.json into net.minecraft.world.entity.LivingEntity
[04:25:41] [main/DEBUG] [mixin/]: Mixing accessor.LivingEntityAccessor from touhou_little_maid.mixins.json into net.minecraft.world.entity.LivingEntity
[04:25:41] [main/DEBUG] [mixin/]: touhou_little_maid.mixins.json:accessor.LivingEntityAccessor from mod touhou_little_maid: Class version 65 required is higher than the class version supported by the current version of Mixin (JAVA_17 supports class version 61)
[04:25:41] [main/DEBUG] [mixin/]: Mixing LivingEntityMixin from kubejs.mixins.json into net.minecraft.world.entity.LivingEntity
[04:25:41] [main/DEBUG] [mixin/]: Mixing CustomItemUseEffectsMixin from create.mixins.json into net.minecraft.world.entity.LivingEntity
[04:25:41] [main/DEBUG] [mixin/]: Mixing LavaSwimmingMixin from create.mixins.json into net.minecraft.world.entity.LivingEntity
[04:25:41] [main/DEBUG] [mixin/]: Mixing accessor.LivingEntityAccessor from create.mixins.json into net.minecraft.world.entity.LivingEntity
[04:25:41] [main/DEBUG] [mixin/]: poopsky.mixins.json:LivingEntityMixin from mod poopsky->@Inject::poopsky$removeInvulnerabilityDuringTimeFreeze(Lnet/minecraft/world/damagesource/DamageSource;FLorg/spongepowered/asm/mixin/injection/callback/CallbackInfoReturnable;)V does use it's CallbackInfoReturnable
[04:25:41] [main/DEBUG] [mixin/]: kubejs.mixins.json:LivingEntityMixin from mod kubejs->@Inject::foodEaten(Lnet/minecraft/world/level/Level;Lnet/minecraft/world/item/ItemStack;Lnet/minecraft/world/food/FoodProperties;Lorg/spongepowered/asm/mixin/injection/callback/CallbackInfoReturnable;)V doesn't use it's CallbackInfoReturnable
[04:25:41] [main/DEBUG] [mixin/]: kubejs.mixins.json:LivingEntityMixin from mod kubejs->@Inject::foodEaten(Lnet/minecraft/world/level/Level;Lnet/minecraft/world/item/ItemStack;Lnet/minecraft/world/food/FoodProperties;Lorg/spongepowered/asm/mixin/injection/callback/CallbackInfoReturnable;)V has 0 override(s) in child classes
[04:25:41] [main/DEBUG] [mixin/]: kubejs.mixins.json:LivingEntityMixin from mod kubejs->@Inject::foodEaten(Lnet/minecraft/world/level/Level;Lnet/minecraft/world/item/ItemStack;Lnet/minecraft/world/food/FoodProperties;Lorg/spongepowered/asm/mixin/injection/callback/CallbackInfoReturnable;)V won't be passed a CallbackInfoReturnable as a result
[04:25:41] [main/DEBUG] [mixin/]: create.mixins.json:CustomItemUseEffectsMixin from mod create->@Inject::create$onShouldTriggerUseEffects(Lorg/spongepowered/asm/mixin/injection/callback/CallbackInfoReturnable;)V does use it's CallbackInfoReturnable
[04:25:41] [main/DEBUG] [mixin/]: create.mixins.json:CustomItemUseEffectsMixin from mod create->@Inject::create$onTriggerUseEffects(Lnet/minecraft/world/item/ItemStack;ILorg/spongepowered/asm/mixin/injection/callback/CallbackInfo;)V does use it's CallbackInfo
[04:25:41] [main/DEBUG] [mixin/]: create.mixins.json:LavaSwimmingMixin from mod create->@Inject::create$onLavaTravel(Lnet/minecraft/world/phys/Vec3;Lorg/spongepowered/asm/mixin/injection/callback/CallbackInfo;)V doesn't use it's CallbackInfo
[04:25:41] [main/DEBUG] [mixin/]: create.mixins.json:LavaSwimmingMixin from mod create->@Inject::create$onLavaTravel(Lnet/minecraft/world/phys/Vec3;Lorg/spongepowered/asm/mixin/injection/callback/CallbackInfo;)V has 0 override(s) in child classes
[04:25:41] [main/DEBUG] [mixin/]: create.mixins.json:LavaSwimmingMixin from mod create->@Inject::create$onLavaTravel(Lnet/minecraft/world/phys/Vec3;Lorg/spongepowered/asm/mixin/injection/callback/CallbackInfo;)V won't be passed a CallbackInfo as a result
[04:25:41] [main/DEBUG] [mixin/]: Mixing EntityAccess from jade.mixins.json into net.minecraft.world.entity.Entity
[04:25:41] [main/DEBUG] [mixin/]: jade.mixins.json:EntityAccess from mod jade: Class version 65 required is higher than the class version supported by the current version of Mixin (JAVA_16 supports class version 60)
[04:25:41] [main/DEBUG] [mixin/]: Mixing accessor.EntityAccessor from ponder-common.mixins.json into net.minecraft.world.entity.Entity
[04:25:41] [main/DEBUG] [mixin/]: ponder-common.mixins.json:accessor.EntityAccessor from mod ponder: Class version 65 required is higher than the class version supported by the current version of Mixin (JAVA_17 supports class version 61)
[04:25:41] [main/DEBUG] [mixin/]: Mixing EntityMixin from touhou_little_maid.mixins.json into net.minecraft.world.entity.Entity
[04:25:41] [main/DEBUG] [mixin/]: touhou_little_maid.mixins.json:EntityMixin from mod touhou_little_maid: Class version 65 required is higher than the class version supported by the current version of Mixin (JAVA_17 supports class version 61)
[04:25:41] [main/DEBUG] [mixin/]: Mixing accessor.EntityAccessor from touhou_little_maid.mixins.json into net.minecraft.world.entity.Entity
[04:25:41] [main/DEBUG] [mixin/]: touhou_little_maid.mixins.json:accessor.EntityAccessor from mod touhou_little_maid: Class version 65 required is higher than the class version supported by the current version of Mixin (JAVA_17 supports class version 61)
[04:25:41] [main/DEBUG] [mixin/]: Mixing EntityMixin from kubejs.mixins.json into net.minecraft.world.entity.Entity
[04:25:41] [main/DEBUG] [mixin/]: Mixing client.EntityContraptionInteractionMixin from create.mixins.json into net.minecraft.world.entity.Entity
[04:25:41] [main/DEBUG] [mixin/]: Renaming synthetic method lambda$create$onSpawnSprintParticle$4(Lnet/minecraft/world/entity/Entity;Lnet/minecraft/core/BlockPos;Lcom/simibubi/create/content/contraptions/Contraption;Lnet/minecraft/world/level/block/state/BlockState;Lnet/minecraft/core/BlockPos;)V to md3fd53a$create$lambda$create$onSpawnSprintParticle$4$0 in create.mixins.json:client.EntityContraptionInteractionMixin from mod create
[04:25:41] [main/DEBUG] [mixin/]: Renaming synthetic method lambda$create$onMove$3(Lnet/minecraft/world/phys/Vec3;Lnet/minecraft/world/entity/Entity;Lcom/simibubi/create/content/contraptions/AbstractContraptionEntity;)Z to md3fd53a$create$lambda$create$onMove$3$1 in create.mixins.json:client.EntityContraptionInteractionMixin from mod create
[04:25:41] [main/DEBUG] [mixin/]: Renaming synthetic method lambda$create$contraptionStepSounds$2(Lorg/apache/commons/lang3/mutable/MutableBoolean;Lcom/simibubi/create/content/contraptions/Contraption;Lnet/minecraft/world/level/block/state/BlockState;Lnet/minecraft/core/BlockPos;)V to md3fd53a$create$lambda$create$contraptionStepSounds$2$2 in create.mixins.json:client.EntityContraptionInteractionMixin from mod create
[04:25:41] [main/DEBUG] [mixin/]: Renaming synthetic method lambda$create$forCollision$1(Lnet/minecraft/world/phys/Vec3;Lorg/apache/logging/log4j/util/TriConsumer;Lcom/simibubi/create/content/contraptions/AbstractContraptionEntity;)V to md3fd53a$create$lambda$create$forCollision$1$3 in create.mixins.json:client.EntityContraptionInteractionMixin from mod create
[04:25:41] [main/DEBUG] [mixin/]: Renaming synthetic method lambda$create$getIntersectionContraptionsStream$0(Lcom/simibubi/create/content/contraptions/AbstractContraptionEntity;)Z to md3fd53a$create$lambda$create$getIntersectionContraptionsStream$0$4 in create.mixins.json:client.EntityContraptionInteractionMixin from mod create
[04:25:41] [main/DEBUG] [mixin/]: Mixing EntityMixin from create.mixins.json into net.minecraft.world.entity.Entity
[04:25:41] [main/DEBUG] [mixin/]: touhou_little_maid.mixins.json:EntityMixin from mod touhou_little_maid->@Inject::positionRider(Lnet/minecraft/world/entity/Entity;Lnet/minecraft/world/entity/Entity$MoveFunction;Lorg/spongepowered/asm/mixin/injection/callback/CallbackInfo;)V does use it's CallbackInfo
[04:25:41] [main/DEBUG] [mixin/]: touhou_little_maid.mixins.json:EntityMixin from mod touhou_little_maid->@Inject::onCollide(Lnet/minecraft/world/phys/Vec3;Lorg/spongepowered/asm/mixin/injection/callback/CallbackInfoReturnable;)V doesn't use it's CallbackInfoReturnable
[04:25:41] [main/DEBUG] [mixin/]: touhou_little_maid.mixins.json:EntityMixin from mod touhou_little_maid->@Inject::onCollide(Lnet/minecraft/world/phys/Vec3;Lorg/spongepowered/asm/mixin/injection/callback/CallbackInfoReturnable;)V has 0 override(s) in child classes
[04:25:41] [main/DEBUG] [mixin/]: touhou_little_maid.mixins.json:EntityMixin from mod touhou_little_maid->@Inject::onCollide(Lnet/minecraft/world/phys/Vec3;Lorg/spongepowered/asm/mixin/injection/callback/CallbackInfoReturnable;)V won't be passed a CallbackInfoReturnable as a result
[04:25:41] [main/DEBUG] [mixin/]: touhou_little_maid.mixins.json:EntityMixin from mod touhou_little_maid->@Inject::onCollideReturn(Lnet/minecraft/world/phys/Vec3;Lorg/spongepowered/asm/mixin/injection/callback/CallbackInfoReturnable;)V doesn't use it's CallbackInfoReturnable
[04:25:41] [main/DEBUG] [mixin/]: touhou_little_maid.mixins.json:EntityMixin from mod touhou_little_maid->@Inject::onCollideReturn(Lnet/minecraft/world/phys/Vec3;Lorg/spongepowered/asm/mixin/injection/callback/CallbackInfoReturnable;)V has 0 override(s) in child classes
[04:25:41] [main/DEBUG] [mixin/]: touhou_little_maid.mixins.json:EntityMixin from mod touhou_little_maid->@Inject::onCollideReturn(Lnet/minecraft/world/phys/Vec3;Lorg/spongepowered/asm/mixin/injection/callback/CallbackInfoReturnable;)V won't be passed a CallbackInfoReturnable as a result
[04:25:41] [main/DEBUG] [mixin/]: touhou_little_maid.mixins.json:EntityMixin from mod touhou_little_maid->@Inject::onCollideReturn(Lnet/minecraft/world/phys/Vec3;Lorg/spongepowered/asm/mixin/injection/callback/CallbackInfoReturnable;)V doesn't use it's CallbackInfoReturnable
[04:25:41] [main/DEBUG] [mixin/]: touhou_little_maid.mixins.json:EntityMixin from mod touhou_little_maid->@Inject::onCollideReturn(Lnet/minecraft/world/phys/Vec3;Lorg/spongepowered/asm/mixin/injection/callback/CallbackInfoReturnable;)V has 0 override(s) in child classes
[04:25:41] [main/DEBUG] [mixin/]: touhou_little_maid.mixins.json:EntityMixin from mod touhou_little_maid->@Inject::onCollideReturn(Lnet/minecraft/world/phys/Vec3;Lorg/spongepowered/asm/mixin/injection/callback/CallbackInfoReturnable;)V won't be passed a CallbackInfoReturnable as a result
[04:25:41] [main/DEBUG] [mixin/]: touhou_little_maid.mixins.json:EntityMixin from mod touhou_little_maid->@Inject::onGetBoundingBox(Lorg/spongepowered/asm/mixin/injection/callback/CallbackInfoReturnable;)V does use it's CallbackInfoReturnable
[04:25:41] [main/DEBUG] [mixin/]: kubejs.mixins.json:EntityMixin from mod kubejs->@Inject::saveKJS(Lnet/minecraft/nbt/CompoundTag;Lorg/spongepowered/asm/mixin/injection/callback/CallbackInfoReturnable;)V doesn't use it's CallbackInfoReturnable
[04:25:41] [main/DEBUG] [mixin/]: kubejs.mixins.json:EntityMixin from mod kubejs->@Inject::saveKJS(Lnet/minecraft/nbt/CompoundTag;Lorg/spongepowered/asm/mixin/injection/callback/CallbackInfoReturnable;)V has 0 override(s) in child classes
[04:25:41] [main/DEBUG] [mixin/]: kubejs.mixins.json:EntityMixin from mod kubejs->@Inject::saveKJS(Lnet/minecraft/nbt/CompoundTag;Lorg/spongepowered/asm/mixin/injection/callback/CallbackInfoReturnable;)V won't be passed a CallbackInfoReturnable as a result
[04:25:41] [main/DEBUG] [mixin/]: kubejs.mixins.json:EntityMixin from mod kubejs->@Inject::loadKJS(Lnet/minecraft/nbt/CompoundTag;Lorg/spongepowered/asm/mixin/injection/callback/CallbackInfo;)V doesn't use it's CallbackInfo
[04:25:41] [main/DEBUG] [mixin/]: kubejs.mixins.json:EntityMixin from mod kubejs->@Inject::loadKJS(Lnet/minecraft/nbt/CompoundTag;Lorg/spongepowered/asm/mixin/injection/callback/CallbackInfo;)V has 0 override(s) in child classes
[04:25:41] [main/DEBUG] [mixin/]: kubejs.mixins.json:EntityMixin from mod kubejs->@Inject::loadKJS(Lnet/minecraft/nbt/CompoundTag;Lorg/spongepowered/asm/mixin/injection/callback/CallbackInfo;)V won't be passed a CallbackInfo as a result
[04:25:41] [main/DEBUG] [mixin/]: create.mixins.json:client.EntityContraptionInteractionMixin from mod create->@Inject::create$contraptionStepSounds(Lnet/minecraft/world/entity/MoverType;Lnet/minecraft/world/phys/Vec3;Lorg/spongepowered/asm/mixin/injection/callback/CallbackInfo;)V doesn't use it's CallbackInfo
[04:25:41] [main/DEBUG] [mixin/]: create.mixins.json:client.EntityContraptionInteractionMixin from mod create->@Inject::create$contraptionStepSounds(Lnet/minecraft/world/entity/MoverType;Lnet/minecraft/world/phys/Vec3;Lorg/spongepowered/asm/mixin/injection/callback/CallbackInfo;)V has 0 override(s) in child classes
[04:25:41] [main/DEBUG] [mixin/]: create.mixins.json:client.EntityContraptionInteractionMixin from mod create->@Inject::create$contraptionStepSounds(Lnet/minecraft/world/entity/MoverType;Lnet/minecraft/world/phys/Vec3;Lorg/spongepowered/asm/mixin/injection/callback/CallbackInfo;)V won't be passed a CallbackInfo as a result
[04:25:41] [main/DEBUG] [mixin/]: create.mixins.json:client.EntityContraptionInteractionMixin from mod create->@Inject::create$onMove(Lnet/minecraft/world/entity/MoverType;Lnet/minecraft/world/phys/Vec3;Lorg/spongepowered/asm/mixin/injection/callback/CallbackInfo;)V doesn't use it's CallbackInfo
[04:25:41] [main/DEBUG] [mixin/]: create.mixins.json:client.EntityContraptionInteractionMixin from mod create->@Inject::create$onMove(Lnet/minecraft/world/entity/MoverType;Lnet/minecraft/world/phys/Vec3;Lorg/spongepowered/asm/mixin/injection/callback/CallbackInfo;)V has 0 override(s) in child classes
[04:25:41] [main/DEBUG] [mixin/]: create.mixins.json:client.EntityContraptionInteractionMixin from mod create->@Inject::create$onMove(Lnet/minecraft/world/entity/MoverType;Lnet/minecraft/world/phys/Vec3;Lorg/spongepowered/asm/mixin/injection/callback/CallbackInfo;)V won't be passed a CallbackInfo as a result
[04:25:41] [main/DEBUG] [mixin/]: create.mixins.json:client.EntityContraptionInteractionMixin from mod create->@Inject::create$onSpawnSprintParticle(Lorg/spongepowered/asm/mixin/injection/callback/CallbackInfo;)V doesn't use it's CallbackInfo
[04:25:41] [main/DEBUG] [mixin/]: create.mixins.json:client.EntityContraptionInteractionMixin from mod create->@Inject::create$onSpawnSprintParticle(Lorg/spongepowered/asm/mixin/injection/callback/CallbackInfo;)V has 0 override(s) in child classes
[04:25:41] [main/DEBUG] [mixin/]: create.mixins.json:client.EntityContraptionInteractionMixin from mod create->@Inject::create$onSpawnSprintParticle(Lorg/spongepowered/asm/mixin/injection/callback/CallbackInfo;)V won't be passed a CallbackInfo as a result
[04:25:41] [main/DEBUG] [mixin/]: Mixing ServerPlayerMixin from powerful_dummy.mixins.json into net.minecraft.server.level.ServerPlayer
[04:25:41] [main/DEBUG] [mixin/]: powerful_dummy.mixins.json:ServerPlayerMixin from mod powerful_dummy: Class version 65 required is higher than the class version supported by the current version of Mixin (JAVA_8 supports class version 52)
[04:25:41] [main/DEBUG] [mixin/]: Mixing ServerPlayerMixin from kubejs.mixins.json into net.minecraft.server.level.ServerPlayer
[04:25:41] [main/DEBUG] [KubeJS/]: Took 2 ms to grab stacktrace classes.
[04:25:41] [main/DEBUG] [KubeJS/]: Took 0 ms to grab stacktrace classes.
[04:25:41] [main/DEBUG] [KubeJS/]: Took 0 ms to grab stacktrace classes.
[04:25:41] [main/DEBUG] [KubeJS/]: Took 0 ms to grab stacktrace classes.
[04:25:41] [main/DEBUG] [KubeJS/]: Took 0 ms to grab stacktrace classes.
[04:25:41] [main/DEBUG] [KubeJS/]: Took 0 ms to grab stacktrace classes.
[04:25:41] [main/DEBUG] [KubeJS/]: Took 0 ms to grab stacktrace classes.
[04:25:41] [main/DEBUG] [KubeJS/]: Took 0 ms to grab stacktrace classes.
[04:25:41] [main/DEBUG] [KubeJS/]: Took 0 ms to grab stacktrace classes.
[04:25:41] [main/DEBUG] [KubeJS/]: Took 0 ms to grab stacktrace classes.
[04:25:41] [main/DEBUG] [KubeJS/]: Took 0 ms to grab stacktrace classes.
[04:25:41] [main/DEBUG] [KubeJS/]: Took 0 ms to grab stacktrace classes.
[04:25:41] [main/DEBUG] [KubeJS/]: Took 0 ms to grab stacktrace classes.
[04:25:41] [main/DEBUG] [io.ne.ut.in.PlatformDependent0/]: -Dio.netty.noUnsafe: false
[04:25:41] [main/DEBUG] [io.ne.ut.in.PlatformDependent0/]: Java version: 21
[04:25:41] [main/DEBUG] [io.ne.ut.in.PlatformDependent0/]: sun.misc.Unsafe.theUnsafe: available
[04:25:41] [main/DEBUG] [io.ne.ut.in.PlatformDependent0/]: sun.misc.Unsafe.copyMemory: available
[04:25:41] [main/DEBUG] [io.ne.ut.in.PlatformDependent0/]: sun.misc.Unsafe.storeFence: available
[04:25:41] [main/DEBUG] [io.ne.ut.in.PlatformDependent0/]: java.nio.Buffer.address: available
[04:25:41] [main/DEBUG] [io.ne.ut.in.PlatformDependent0/]: direct buffer constructor: unavailable: Reflective setAccessible(true) disabled
[04:25:41] [main/DEBUG] [io.ne.ut.in.PlatformDependent0/]: java.nio.Bits.unaligned: available, true
[04:25:41] [main/DEBUG] [io.ne.ut.in.PlatformDependent0/]: jdk.internal.misc.Unsafe.allocateUninitializedArray(int): unavailable: class io.netty.util.internal.PlatformDependent0$7 (in module io.netty.common) cannot access class jdk.internal.misc.Unsafe (in module java.base) because module java.base does not export jdk.internal.misc to module io.netty.common
[04:25:41] [main/DEBUG] [io.ne.ut.in.PlatformDependent0/]: java.nio.DirectByteBuffer.<init>(long, {int,long}): unavailable
[04:25:41] [main/DEBUG] [io.ne.ut.in.PlatformDependent/]: sun.misc.Unsafe: available
[04:25:41] [main/DEBUG] [io.ne.ut.in.PlatformDependent/]: maxDirectMemory: 8568963072 bytes (maybe)
[04:25:41] [main/DEBUG] [io.ne.ut.in.PlatformDependent/]: -Dio.netty.tmpdir: C:\Users\24745\AppData\Local\Temp (java.io.tmpdir)
[04:25:41] [main/DEBUG] [io.ne.ut.in.PlatformDependent/]: -Dio.netty.bitMode: 64 (sun.arch.data.model)
[04:25:41] [main/DEBUG] [io.ne.ut.in.PlatformDependent/]: Platform: Windows
[04:25:41] [main/DEBUG] [io.ne.ut.in.PlatformDependent/]: -Dio.netty.maxDirectMemory: -1 bytes
[04:25:41] [main/DEBUG] [io.ne.ut.in.PlatformDependent/]: -Dio.netty.uninitializedArrayAllocationThreshold: -1
[04:25:41] [main/DEBUG] [io.ne.ut.in.CleanerJava9/]: java.nio.ByteBuffer.cleaner(): available
[04:25:41] [main/DEBUG] [io.ne.ut.in.PlatformDependent/]: -Dio.netty.noPreferDirect: false
[04:25:41] [main/DEBUG] [mixin/]: Mixing BlockStateBaseMixin from kubejs.mixins.json into net.minecraft.world.level.block.state.BlockBehaviour$BlockStateBase
[04:25:41] [main/DEBUG] [mixin/]: kubejs.mixins.json:BlockStateBaseMixin from mod kubejs->@Inject::kjs$onRandomTick(Lnet/minecraft/server/level/ServerLevel;Lnet/minecraft/core/BlockPos;Lnet/minecraft/util/RandomSource;Lorg/spongepowered/asm/mixin/injection/callback/CallbackInfo;)V does use it's CallbackInfo
[04:25:41] [main/DEBUG] [mixin/]: Mixing accessor.StateHolderAccessor from create.mixins.json into net.minecraft.world.level.block.state.StateHolder
[04:25:41] [main/DEBUG] [mixin/]: Mixing IBlockStateExtensionMixin from kubejs.mixins.json into net.neoforged.neoforge.common.extensions.IBlockStateExtension
[04:25:41] [main/DEBUG] [mixin/]: kubejs.mixins.json:IBlockStateExtensionMixin from mod kubejs->@Inject::kjs$getCloneItemStack(Lnet/minecraft/world/phys/HitResult;Lnet/minecraft/world/level/LevelReader;Lnet/minecraft/core/BlockPos;Lnet/minecraft/world/entity/player/Player;Lorg/spongepowered/asm/mixin/injection/callback/CallbackInfoReturnable;)V does use it's CallbackInfoReturnable
[04:25:41] [main/DEBUG] [mixin/]: Mixing EntityGetterMixin from kubejs.mixins.json into net.minecraft.world.level.EntityGetter
[04:25:41] [main/DEBUG] [mixin/]: Mixing LevelMixin from flywheel.impl.mixins.json into net.minecraft.world.level.Level
[04:25:41] [main/DEBUG] [mixin/]: Mixing LevelMixin from kubejs.mixins.json into net.minecraft.world.level.Level
[04:25:41] [main/DEBUG] [mixin/]: Mixing ServerLevelMixin from kubejs.mixins.json into net.minecraft.server.level.ServerLevel
[04:25:41] [main/DEBUG] [mixin/]: Mixing accessor.ServerLevelAccessor from create.mixins.json into net.minecraft.server.level.ServerLevel
[04:25:41] [main/DEBUG] [mixin/]: Mixing ItemEntityMixin from kubejs.mixins.json into net.minecraft.world.entity.item.ItemEntity
[04:25:41] [main/DEBUG] [mixin/]: Mixing DirectionMixin from kubejs.mixins.json into net.minecraft.core.Direction
[04:25:41] [main/DEBUG] [mixin/]: Mixing CuttingBoardDispenserMixin from farmersdelight.mixins.json into net.minecraft.world.level.block.DispenserBlock
[04:25:41] [main/DEBUG] [mixin/]: Mixing accessor.DispenserBlockAccessor from create.mixins.json into net.minecraft.world.level.block.DispenserBlock
[04:25:41] [main/DEBUG] [mixin/]: farmersdelight.mixins.json:CuttingBoardDispenserMixin from mod farmersdelight->@Inject::onCuttingBoardDispenseFromInject(Lnet/minecraft/server/level/ServerLevel;Lnet/minecraft/world/level/block/state/BlockState;Lnet/minecraft/core/BlockPos;Lorg/spongepowered/asm/mixin/injection/callback/CallbackInfo;Lnet/minecraft/world/level/block/entity/DispenserBlockEntity;Lnet/minecraft/core/dispenser/BlockSource;ILnet/minecraft/world/item/ItemStack;)V does use it's CallbackInfo
[04:25:41] [main/DEBUG] [mixin/]: Mixing accessor.CropBlockAccessor from touhou_little_maid.mixins.json into net.minecraft.world.level.block.CropBlock
[04:25:41] [main/DEBUG] [mixin/]: touhou_little_maid.mixins.json:accessor.CropBlockAccessor from mod touhou_little_maid: Class version 65 required is higher than the class version supported by the current version of Mixin (JAVA_17 supports class version 61)
[04:25:41] [main/DEBUG] [mixin/]: Mixing accessor.CropBlockAccessor from create.mixins.json into net.minecraft.world.level.block.CropBlock
[04:25:41] [main/DEBUG] [mixin/]: Mixing KeepRichSoilUntrampledMixin from farmersdelight.mixins.json into net.minecraft.world.level.block.FarmBlock
[04:25:41] [main/DEBUG] [mixin/]: farmersdelight.mixins.json:KeepRichSoilUntrampledMixin from mod farmersdelight->@Inject::turnToDirt(Lnet/minecraft/world/entity/Entity;Lnet/minecraft/world/level/block/state/BlockState;Lnet/minecraft/world/level/Level;Lnet/minecraft/core/BlockPos;Lorg/spongepowered/asm/mixin/injection/callback/CallbackInfo;)V does use it's CallbackInfo
[04:25:41] [main/DEBUG] [mixin/]: Mixing CarvedPumpkinBlockMixin from poopsky.mixins.json into net.minecraft.world.level.block.CarvedPumpkinBlock
[04:25:41] [main/DEBUG] [mixin/]: Renaming synthetic method lambda$static$0(Lnet/minecraft/world/level/block/state/BlockState;)Z to md3fd53a$poopsky$lambda$static$0$0 in poopsky.mixins.json:CarvedPumpkinBlockMixin from mod poopsky
[04:25:41] [main/DEBUG] [mixin/]: poopsky.mixins.json:CarvedPumpkinBlockMixin from mod poopsky->@Inject::poopsky$trySpawn(Lnet/minecraft/world/level/Level;Lnet/minecraft/core/BlockPos;Lorg/spongepowered/asm/mixin/injection/callback/CallbackInfo;)V doesn't use it's CallbackInfo
[04:25:41] [main/DEBUG] [mixin/]: poopsky.mixins.json:CarvedPumpkinBlockMixin from mod poopsky->@Inject::poopsky$trySpawn(Lnet/minecraft/world/level/Level;Lnet/minecraft/core/BlockPos;Lorg/spongepowered/asm/mixin/injection/callback/CallbackInfo;)V has 0 override(s) in child classes
[04:25:41] [main/DEBUG] [mixin/]: poopsky.mixins.json:CarvedPumpkinBlockMixin from mod poopsky->@Inject::poopsky$trySpawn(Lnet/minecraft/world/level/Level;Lnet/minecraft/core/BlockPos;Lorg/spongepowered/asm/mixin/injection/callback/CallbackInfo;)V won't be passed a CallbackInfo as a result
[04:25:41] [main/DEBUG] [mixin/]: poopsky.mixins.json:CarvedPumpkinBlockMixin from mod poopsky->@Inject::poopsky$canSpawn(Lnet/minecraft/world/level/LevelReader;Lnet/minecraft/core/BlockPos;Lorg/spongepowered/asm/mixin/injection/callback/CallbackInfoReturnable;)V does use it's CallbackInfoReturnable
[04:25:41] [main/DEBUG] [mixin/]: Mixing accessor.FenceGateBlockAccessor from touhou_little_maid.mixins.json into net.minecraft.world.level.block.FenceGateBlock
[04:25:41] [main/DEBUG] [mixin/]: touhou_little_maid.mixins.json:accessor.FenceGateBlockAccessor from mod touhou_little_maid: Class version 65 required is higher than the class version supported by the current version of Mixin (JAVA_17 supports class version 61)
[04:25:41] [main/DEBUG] [mixin/]: Mixing accessor.ConcretePowderBlockAccessor from create.mixins.json into net.minecraft.world.level.block.ConcretePowderBlock
[04:25:41] [main/DEBUG] [mixin/]: Mixing BaseCoralPlantTypeBlockMixin from poopsky.mixins.json into net.minecraft.world.level.block.BaseCoralPlantTypeBlock
[04:25:41] [main/DEBUG] [mixin/]: poopsky.mixins.json:BaseCoralPlantTypeBlockMixin from mod poopsky->@Inject::injectScanForWater(Lnet/minecraft/world/level/block/state/BlockState;Lnet/minecraft/world/level/BlockGetter;Lnet/minecraft/core/BlockPos;Lorg/spongepowered/asm/mixin/injection/callback/CallbackInfoReturnable;)V does use it's CallbackInfoReturnable
[04:25:41] [main/DEBUG] [mixin/]: Mixing CampfireBaleMixin from farmersdelight.mixins.json into net.minecraft.world.level.block.CampfireBlock
[04:25:41] [main/DEBUG] [mixin/]: farmersdelight.mixins.json:CampfireBaleMixin from mod farmersdelight->@Inject::isFDSmokeSource(Lnet/minecraft/world/level/block/state/BlockState;Lorg/spongepowered/asm/mixin/injection/callback/CallbackInfoReturnable;)V does use it's CallbackInfoReturnable
[04:25:41] [main/DEBUG] [mixin/]: Mixing BeehiveBlockMixin from create.mixins.json into net.minecraft.world.level.block.BeehiveBlock
[04:25:41] [main/DEBUG] [mixin/]: Mixing WaterWheelFluidSpreadMixin from create.mixins.json into net.minecraft.world.level.material.FlowingFluid
[04:25:41] [main/DEBUG] [mixin/]: Mixing accessor.FlowingFluidAccessor from create.mixins.json into net.minecraft.world.level.material.FlowingFluid
[04:25:41] [main/DEBUG] [mixin/]: create.mixins.json:WaterWheelFluidSpreadMixin from mod create->@Inject::create$canPassThroughOnWaterWheel(Lnet/minecraft/world/level/BlockGetter;Lnet/minecraft/world/level/material/Fluid;Lnet/minecraft/core/BlockPos;Lnet/minecraft/world/level/block/state/BlockState;Lnet/minecraft/core/Direction;Lnet/minecraft/core/BlockPos;Lnet/minecraft/world/level/block/state/BlockState;Lnet/minecraft/world/level/material/FluidState;Lorg/spongepowered/asm/mixin/injection/callback/CallbackInfoReturnable;)V does use it's CallbackInfoReturnable
[04:25:41] [main/DEBUG] [mixin/]: Mixing KeepRichSoilTreeMixin from farmersdelight.mixins.json into net.minecraft.world.level.levelgen.feature.trunkplacers.TrunkPlacer
[04:25:41] [main/DEBUG] [mixin/]: Renaming synthetic method lambda$cancelSetDirtIfRichSoil$0(Lnet/minecraft/world/level/block/state/BlockState;)Z to md3fd53a$farmersdelight$lambda$cancelSetDirtIfRichSoil$0$0 in farmersdelight.mixins.json:KeepRichSoilTreeMixin from mod farmersdelight
[04:25:41] [main/DEBUG] [mixin/]: farmersdelight.mixins.json:KeepRichSoilTreeMixin from mod farmersdelight->@Inject::cancelSetDirtIfRichSoil(Lnet/minecraft/world/level/LevelSimulatedReader;Ljava/util/function/BiConsumer;Lnet/minecraft/util/RandomSource;Lnet/minecraft/core/BlockPos;Lnet/minecraft/world/level/levelgen/feature/configurations/TreeConfiguration;Lorg/spongepowered/asm/mixin/injection/callback/CallbackInfo;)V does use it's CallbackInfo
[04:25:41] [main/DEBUG] [mixin/]: Mixing visualmanage.BlockEntityMixin from flywheel.impl.mixins.json into net.minecraft.world.level.block.entity.BlockEntity
[04:25:41] [main/DEBUG] [mixin/]: flywheel.impl.mixins.json:visualmanage.BlockEntityMixin from mod flywheel->@Inject::flywheel$removeVisual(Lorg/spongepowered/asm/mixin/injection/callback/CallbackInfo;)V doesn't use it's CallbackInfo
[04:25:41] [main/DEBUG] [mixin/]: flywheel.impl.mixins.json:visualmanage.BlockEntityMixin from mod flywheel->@Inject::flywheel$removeVisual(Lorg/spongepowered/asm/mixin/injection/callback/CallbackInfo;)V has 0 override(s) in child classes
[04:25:41] [main/DEBUG] [mixin/]: flywheel.impl.mixins.json:visualmanage.BlockEntityMixin from mod flywheel->@Inject::flywheel$removeVisual(Lorg/spongepowered/asm/mixin/injection/callback/CallbackInfo;)V won't be passed a CallbackInfo as a result
[04:25:41] [main/DEBUG] [mixin/]: Mixing FallingBlockEntityMixin from kubejs.mixins.json into net.minecraft.world.entity.item.FallingBlockEntity
[04:25:41] [main/DEBUG] [mixin/]: Mixing accessor.FallingBlockEntityAccessor from create.mixins.json into net.minecraft.world.entity.item.FallingBlockEntity
[04:25:41] [main/DEBUG] [mixin/]: Renaming @Invoker method create$callInit(Lnet/minecraft/world/level/Level;DDDLnet/minecraft/world/level/block/state/BlockState;)Lnet/minecraft/world/entity/item/FallingBlockEntity; to callInit$create_$md$3fd53a$0 in create.mixins.json:accessor.FallingBlockEntityAccessor from mod create
[04:25:41] [main/DEBUG] [mixin/]: kubejs.mixins.json:FallingBlockEntityMixin from mod kubejs->@Inject::kjs$fallStart(Lnet/minecraft/world/level/Level;Lnet/minecraft/core/BlockPos;Lnet/minecraft/world/level/block/state/BlockState;Lorg/spongepowered/asm/mixin/injection/callback/CallbackInfoReturnable;)V does use it's CallbackInfoReturnable
[04:25:41] [main/DEBUG] [mixin/]: kubejs.mixins.json:FallingBlockEntityMixin from mod kubejs->@Inject::kjs$fallEnd(Lorg/spongepowered/asm/mixin/injection/callback/CallbackInfo;)V doesn't use it's CallbackInfo
[04:25:41] [main/DEBUG] [mixin/]: kubejs.mixins.json:FallingBlockEntityMixin from mod kubejs->@Inject::kjs$fallEnd(Lorg/spongepowered/asm/mixin/injection/callback/CallbackInfo;)V has 0 override(s) in child classes
[04:25:41] [main/DEBUG] [mixin/]: kubejs.mixins.json:FallingBlockEntityMixin from mod kubejs->@Inject::kjs$fallEnd(Lorg/spongepowered/asm/mixin/injection/callback/CallbackInfo;)V won't be passed a CallbackInfo as a result
[04:25:41] [main/DEBUG] [mixin/]: Mixing ContainerMixin from kubejs.mixins.json into net.minecraft.world.Container
[04:25:41] [main/DEBUG] [mixin/]: Mixing DyeColorMixin from kubejs.mixins.json into net.minecraft.world.item.DyeColor
[04:25:42] [main/DEBUG] [mixin/]: Mixing ChatFormattingMixin from kubejs.mixins.json into net.minecraft.ChatFormatting
[04:25:42] [main/DEBUG] [mixin/]: Mixing accessor.MobEffectInstanceAccessor from create.mixins.json into net.minecraft.world.effect.MobEffectInstance
[04:25:42] [main/DEBUG] [mixin/]: Mixing TextColorMixin from kubejs.mixins.json into net.minecraft.network.chat.TextColor
[04:25:42] [main/DEBUG] [mixin/]: Mixing MobMixin from create.mixins.json into net.minecraft.world.entity.Mob
[04:25:42] [main/DEBUG] [mixin/]: Mixing BlockEntityTypeMixin from flywheel.impl.mixins.json into net.minecraft.world.level.block.entity.BlockEntityType
[04:25:42] [main/DEBUG] [mixin/]: Mixing BlockEntityTypeAccessor from neoforge.mixins.json into net.minecraft.world.level.block.entity.BlockEntityType
[04:25:42] [main/DEBUG] [mixin/]: Mixing AbstractFurnaceBlockEntityAccess from jade.mixins.json into net.minecraft.world.level.block.entity.AbstractFurnaceBlockEntity
[04:25:42] [main/DEBUG] [mixin/]: jade.mixins.json:AbstractFurnaceBlockEntityAccess from mod jade: Class version 65 required is higher than the class version supported by the current version of Mixin (JAVA_16 supports class version 60)
[04:25:42] [main/DEBUG] [mixin/]: Mixing ArrowMixin from touhou_little_maid.mixins.json into net.minecraft.world.entity.projectile.AbstractArrow
[04:25:42] [main/DEBUG] [mixin/]: touhou_little_maid.mixins.json:ArrowMixin from mod touhou_little_maid: Class version 65 required is higher than the class version supported by the current version of Mixin (JAVA_17 supports class version 61)
[04:25:42] [main/DEBUG] [mixin/]: Mixing accessor.ArrowAccessor from touhou_little_maid.mixins.json into net.minecraft.world.entity.projectile.AbstractArrow
[04:25:42] [main/DEBUG] [mixin/]: touhou_little_maid.mixins.json:accessor.ArrowAccessor from mod touhou_little_maid: Class version 65 required is higher than the class version supported by the current version of Mixin (JAVA_17 supports class version 61)
[04:25:42] [main/DEBUG] [mixin/]: touhou_little_maid.mixins.json:ArrowMixin from mod touhou_little_maid->@Inject::tick(Lorg/spongepowered/asm/mixin/injection/callback/CallbackInfo;)V doesn't use it's CallbackInfo
[04:25:42] [main/DEBUG] [mixin/]: touhou_little_maid.mixins.json:ArrowMixin from mod touhou_little_maid->@Inject::tick(Lorg/spongepowered/asm/mixin/injection/callback/CallbackInfo;)V has 0 override(s) in child classes
[04:25:42] [main/DEBUG] [mixin/]: touhou_little_maid.mixins.json:ArrowMixin from mod touhou_little_maid->@Inject::tick(Lorg/spongepowered/asm/mixin/injection/callback/CallbackInfo;)V won't be passed a CallbackInfo as a result
[04:25:42] [main/DEBUG] [mixin/]: Mixing ItemStackMixin from emi.mixins.json into net.minecraft.world.item.ItemStack
[04:25:42] [main/DEBUG] [mixin/]: emi.mixins.json:ItemStackMixin from mod emi: Class version 65 required is higher than the class version supported by the current version of Mixin (JAVA_17 supports class version 61)
[04:25:42] [main/DEBUG] [mixin/]: Mixing ItemStackMixin from kubejs.mixins.json into net.minecraft.world.item.ItemStack
[04:25:42] [main/DEBUG] [mixin/]: Mixing ItemStackMixin from betteradvancedtooltips.mixins.json into net.minecraft.world.item.ItemStack
[04:25:42] [main/DEBUG] [mixin/]: Mixing ItemStackMixin from create.mixins.json into net.minecraft.world.item.ItemStack
[04:25:42] [main/DEBUG] [mixin/]: Renaming synthetic method lambda$create$migrateOldClipboardComponents$0(Lcom/simibubi/create/content/equipment/clipboard/ClipboardContent;Lnet/minecraft/util/Unit;)Lcom/simibubi/create/content/equipment/clipboard/ClipboardContent; to md3fd53a$create$lambda$create$migrateOldClipboardComponents$0$0 in create.mixins.json:ItemStackMixin from mod create
[04:25:42] [main/DEBUG] [mixin/]: emi.mixins.json:ItemStackMixin from mod emi->@Inject::getTooltip(Lnet/minecraft/world/item/Item$TooltipContext;Lnet/minecraft/world/entity/player/Player;Lnet/minecraft/world/item/TooltipFlag;Lorg/spongepowered/asm/mixin/injection/callback/CallbackInfoReturnable;)V does use it's CallbackInfoReturnable
[04:25:42] [main/DEBUG] [mixin/]: emi.mixins.json:ItemStackMixin from mod emi->@Inject::getTooltip(Lnet/minecraft/world/item/Item$TooltipContext;Lnet/minecraft/world/entity/player/Player;Lnet/minecraft/world/item/TooltipFlag;Lorg/spongepowered/asm/mixin/injection/callback/CallbackInfoReturnable;)V does use it's CallbackInfoReturnable
[04:25:42] [main/DEBUG] [mixin/]: create.mixins.json:ItemStackMixin from mod create->@Inject::create$migrateOldClipboardComponents(Lnet/minecraft/world/level/ItemLike;ILnet/minecraft/core/component/PatchedDataComponentMap;Lorg/spongepowered/asm/mixin/injection/callback/CallbackInfo;)V doesn't use it's CallbackInfo
[04:25:42] [main/DEBUG] [mixin/]: Mixing MutableDataComponentHolderMixin from kubejs.mixins.json into net.neoforged.neoforge.common.MutableDataComponentHolder
[04:25:42] [main/DEBUG] [mixin/]: Mixing ConduitBlockEntityMixin from touhou_little_maid.mixins.json into net.minecraft.world.level.block.entity.ConduitBlockEntity
[04:25:42] [main/DEBUG] [mixin/]: touhou_little_maid.mixins.json:ConduitBlockEntityMixin from mod touhou_little_maid: Class version 65 required is higher than the class version supported by the current version of Mixin (JAVA_17 supports class version 61)
[04:25:42] [main/DEBUG] [mixin/]: touhou_little_maid.mixins.json:ConduitBlockEntityMixin from mod touhou_little_maid->@Inject::touhouLittleMaid$ApplyEffects(Lnet/minecraft/world/level/Level;Lnet/minecraft/core/BlockPos;Ljava/util/List;Lorg/spongepowered/asm/mixin/injection/callback/CallbackInfo;)V doesn't use it's CallbackInfo
[04:25:42] [main/DEBUG] [mixin/]: Mixing SmithingMenuMixin from create.mixins.json into net.minecraft.world.inventory.SmithingMenu
[04:25:42] [main/DEBUG] [mixin/]: Renaming synthetic method lambda$create$preventUnbreakingOnBacktanks$0(Lnet/minecraft/world/item/ItemStack;Lnet/minecraft/core/Holder;)Z to md3fd53a$create$lambda$create$preventUnbreakingOnBacktanks$0$0 in create.mixins.json:SmithingMenuMixin from mod create
[04:25:42] [main/DEBUG] [mixin/]: create.mixins.json:SmithingMenuMixin from mod create->@Inject::create$awardAdvancementWhenTrimmingCardboardArmor(Lnet/minecraft/world/entity/player/Player;Lnet/minecraft/world/item/ItemStack;Lorg/spongepowered/asm/mixin/injection/callback/CallbackInfo;)V doesn't use it's CallbackInfo
[04:25:42] [main/DEBUG] [mixin/]: create.mixins.json:SmithingMenuMixin from mod create->@Inject::create$awardAdvancementWhenTrimmingCardboardArmor(Lnet/minecraft/world/entity/player/Player;Lnet/minecraft/world/item/ItemStack;Lorg/spongepowered/asm/mixin/injection/callback/CallbackInfo;)V has 0 override(s) in child classes
[04:25:42] [main/DEBUG] [mixin/]: create.mixins.json:SmithingMenuMixin from mod create->@Inject::create$awardAdvancementWhenTrimmingCardboardArmor(Lnet/minecraft/world/entity/player/Player;Lnet/minecraft/world/item/ItemStack;Lorg/spongepowered/asm/mixin/injection/callback/CallbackInfo;)V won't be passed a CallbackInfo as a result
[04:25:42] [main/DEBUG] [mixin/]: Mixing RecipeInputMixin from kubejs.mixins.json into net.minecraft.world.item.crafting.RecipeInput
[04:25:42] [main/DEBUG] [mixin/]: Mixing DataComponentMapBuilderMixin from kubejs.mixins.json into net.minecraft.core.component.DataComponentMap$Builder
[04:25:43] [main/DEBUG] [mixin/]: Mixing BlockItemMixin from create.mixins.json into net.minecraft.world.item.BlockItem
[04:25:43] [main/DEBUG] [mixin/]: create.mixins.json:BlockItemMixin from mod create->@Inject::create$fixDeployerPlacement(Lnet/minecraft/world/item/context/BlockPlaceContext;Lorg/spongepowered/asm/mixin/injection/callback/CallbackInfoReturnable;)V does use it's CallbackInfoReturnable
[04:25:43] [main/DEBUG] [mixin/]: Mixing accessor.ShovelItemAccessor from emi.mixins.json into net.minecraft.world.item.ShovelItem
[04:25:43] [main/DEBUG] [mixin/]: emi.mixins.json:accessor.ShovelItemAccessor from mod emi: Class version 65 required is higher than the class version supported by the current version of Mixin (JAVA_17 supports class version 61)
[04:25:43] [main/DEBUG] [mixin/]: Renaming @Accessor method getPathStates()Ljava/util/Map; to getPathStates$emi_$md$3fd53a$0 in emi.mixins.json:accessor.ShovelItemAccessor from mod emi
[04:25:43] [main/DEBUG] [mixin/]: Mixing DiggerItemMixin from kubejs.mixins.json into net.minecraft.world.item.DiggerItem
[04:25:43] [main/DEBUG] [mixin/]: kubejs.mixins.json:DiggerItemMixin from mod kubejs->@Inject::init(Lorg/spongepowered/asm/mixin/injection/callback/CallbackInfo;)V doesn't use it's CallbackInfo
[04:25:43] [main/DEBUG] [mixin/]: kubejs.mixins.json:DiggerItemMixin from mod kubejs->@Inject::init(Lorg/spongepowered/asm/mixin/injection/callback/CallbackInfo;)V has 0 override(s) in child classes
[04:25:43] [main/DEBUG] [mixin/]: kubejs.mixins.json:DiggerItemMixin from mod kubejs->@Inject::init(Lorg/spongepowered/asm/mixin/injection/callback/CallbackInfo;)V won't be passed a CallbackInfo as a result
[04:25:43] [main/DEBUG] [mixin/]: Mixing accessor.AxeItemAccessor from emi.mixins.json into net.minecraft.world.item.AxeItem
[04:25:43] [main/DEBUG] [mixin/]: emi.mixins.json:accessor.AxeItemAccessor from mod emi: Class version 65 required is higher than the class version supported by the current version of Mixin (JAVA_17 supports class version 61)
[04:25:43] [main/DEBUG] [mixin/]: Renaming @Accessor method getStrippedBlocks()Ljava/util/Map; to getStrippedBlocks$emi_$md$3fd53a$0 in emi.mixins.json:accessor.AxeItemAccessor from mod emi
[04:25:43] [main/DEBUG] [mixin/]: Mixing accessor.HoeItemAccessor from emi.mixins.json into net.minecraft.world.item.HoeItem
[04:25:43] [main/DEBUG] [mixin/]: emi.mixins.json:accessor.HoeItemAccessor from mod emi: Class version 65 required is higher than the class version supported by the current version of Mixin (JAVA_17 supports class version 61)
[04:25:43] [main/DEBUG] [mixin/]: Renaming @Accessor method getTillingActions()Ljava/util/Map; to getTillingActions$emi_$md$3fd53a$0 in emi.mixins.json:accessor.HoeItemAccessor from mod emi
[04:25:43] [main/DEBUG] [mixin/]: Mixing HoeItemMixin from emi.mixins.json into net.minecraft.world.item.HoeItem
[04:25:43] [main/DEBUG] [mixin/]: emi.mixins.json:HoeItemMixin from mod emi: Class version 65 required is higher than the class version supported by the current version of Mixin (JAVA_17 supports class version 61)
[04:25:43] [main/DEBUG] [mixin/]: emi.mixins.json:HoeItemMixin from mod emi->@Inject::createTillAction(Lnet/minecraft/world/level/block/state/BlockState;Lorg/spongepowered/asm/mixin/injection/callback/CallbackInfoReturnable;)V does use it's CallbackInfoReturnable
[04:25:43] [main/DEBUG] [mixin/]: emi.mixins.json:HoeItemMixin from mod emi->@Inject::createTillAndDropAction(Lnet/minecraft/world/level/block/state/BlockState;Lnet/minecraft/world/level/ItemLike;Lorg/spongepowered/asm/mixin/injection/callback/CallbackInfoReturnable;)V does use it's CallbackInfoReturnable
[04:25:43] [main/DEBUG] [mixin/]: Mixing MixinCrossbowItem from touhou_little_maid.mixins.json into net.minecraft.world.item.CrossbowItem
[04:25:43] [main/DEBUG] [mixin/]: touhou_little_maid.mixins.json:MixinCrossbowItem from mod touhou_little_maid: Class version 65 required is higher than the class version supported by the current version of Mixin (JAVA_17 supports class version 61)
[04:25:43] [main/DEBUG] [mixin/]: touhou_little_maid.mixins.json:MixinCrossbowItem from mod touhou_little_maid->@Inject::shootProjectile(Lnet/minecraft/world/entity/LivingEntity;Lnet/minecraft/world/entity/projectile/Projectile;IFFFLnet/minecraft/world/entity/LivingEntity;Lorg/spongepowered/asm/mixin/injection/callback/CallbackInfo;)V does use it's CallbackInfo
[04:25:43] [main/DEBUG] [mixin/]: Mixing ArmorTrimMixin from create.mixins.json into net.minecraft.world.item.armortrim.ArmorTrim
[04:25:43] [main/DEBUG] [mixin/]: Renaming synthetic method lambda$new$0(Ljava/lang/Boolean;Lnet/minecraft/core/Holder;)Lnet/minecraft/resources/ResourceLocation; to md3fd53a$create$lambda$new$0$0 in create.mixins.json:ArmorTrimMixin from mod create
[04:25:43] [main/DEBUG] [mixin/]: create.mixins.json:ArmorTrimMixin from mod create->@Inject::create$swapTexturesForCardboardTrimsInner(Lnet/minecraft/core/Holder;Lorg/spongepowered/asm/mixin/injection/callback/CallbackInfoReturnable;)V does use it's CallbackInfoReturnable
[04:25:43] [main/DEBUG] [mixin/]: create.mixins.json:ArmorTrimMixin from mod create->@Inject::create$swapTexturesForCardboardTrimsOuter(Lnet/minecraft/core/Holder;Lorg/spongepowered/asm/mixin/injection/callback/CallbackInfoReturnable;)V does use it's CallbackInfoReturnable
[04:25:43] [main/DEBUG] [mixin/]: Mixing FireworkRocketEntityMixin from kubejs.mixins.json into net.minecraft.world.entity.projectile.FireworkRocketEntity
[04:25:43] [main/DEBUG] [mixin/]: Mixing visualmanage.LevelChunkMixin from flywheel.impl.mixins.json into net.minecraft.world.level.chunk.LevelChunk
[04:25:43] [main/DEBUG] [mixin/]: flywheel.impl.mixins.json:visualmanage.LevelChunkMixin from mod flywheel->@Inject::flywheel$onBlockEntityAdded(Lnet/minecraft/world/level/block/entity/BlockEntity;Lorg/spongepowered/asm/mixin/injection/callback/CallbackInfo;)V doesn't use it's CallbackInfo
[04:25:43] [main/DEBUG] [mixin/]: flywheel.impl.mixins.json:visualmanage.LevelChunkMixin from mod flywheel->@Inject::flywheel$onBlockEntityAdded(Lnet/minecraft/world/level/block/entity/BlockEntity;Lorg/spongepowered/asm/mixin/injection/callback/CallbackInfo;)V has 0 override(s) in child classes
[04:25:43] [main/DEBUG] [mixin/]: flywheel.impl.mixins.json:visualmanage.LevelChunkMixin from mod flywheel->@Inject::flywheel$onBlockEntityAdded(Lnet/minecraft/world/level/block/entity/BlockEntity;Lorg/spongepowered/asm/mixin/injection/callback/CallbackInfo;)V won't be passed a CallbackInfo as a result
[04:25:43] [main/DEBUG] [mixin/]: Mixing accessor.UseOnContextAccessor from create.mixins.json into net.minecraft.world.item.context.UseOnContext
[04:25:43] [main/DEBUG] [mixin/]: Mixing NavigationMixin from touhou_little_maid.mixins.json into net.minecraft.world.entity.ai.navigation.PathNavigation
[04:25:43] [main/DEBUG] [mixin/]: touhou_little_maid.mixins.json:NavigationMixin from mod touhou_little_maid: Class version 65 required is higher than the class version supported by the current version of Mixin (JAVA_17 supports class version 61)
[04:25:43] [main/DEBUG] [mixin/]: Mixing datafixer.BlockPosFormatAndRenamesFixMixin from create.mixins.json into net.minecraft.util.datafix.fixes.BlockPosFormatAndRenamesFix
[04:25:43] [main/DEBUG] [mixin/]: Renaming synthetic method lambda$create$addFixers$2(Lcom/mojang/datafixers/OpticFinder;Lcom/simibubi/create/foundation/utility/DataFixerHelper$BlockPosFixer;Lcom/mojang/datafixers/Typed;)Lcom/mojang/datafixers/Typed; to md3fd53a$create$lambda$create$addFixers$2$0 in create.mixins.json:datafixer.BlockPosFormatAndRenamesFixMixin from mod create
[04:25:43] [main/DEBUG] [mixin/]: Renaming synthetic method lambda$create$addFixers$1(Lcom/simibubi/create/foundation/utility/DataFixerHelper$BlockPosFixer;Lcom/mojang/datafixers/Typed;)Lcom/mojang/datafixers/Typed; to md3fd53a$create$lambda$create$addFixers$1$1 in create.mixins.json:datafixer.BlockPosFormatAndRenamesFixMixin from mod create
[04:25:43] [main/DEBUG] [mixin/]: Renaming synthetic method lambda$create$addFixers$0(Lcom/simibubi/create/foundation/utility/DataFixerHelper$BlockPosFixer;Lcom/mojang/serialization/Dynamic;)Lcom/mojang/serialization/Dynamic; to md3fd53a$create$lambda$create$addFixers$0$2 in create.mixins.json:datafixer.BlockPosFormatAndRenamesFixMixin from mod create
[04:25:43] [main/DEBUG] [mixin/]: create.mixins.json:datafixer.BlockPosFormatAndRenamesFixMixin from mod create->@Inject::create$addFixers(Lorg/spongepowered/asm/mixin/injection/callback/CallbackInfoReturnable;)V doesn't use it's CallbackInfoReturnable
[04:25:43] [main/DEBUG] [mixin/]: create.mixins.json:datafixer.BlockPosFormatAndRenamesFixMixin from mod create->@Inject::create$addFixers(Lorg/spongepowered/asm/mixin/injection/callback/CallbackInfoReturnable;)V has 0 override(s) in child classes
[04:25:43] [main/DEBUG] [mixin/]: create.mixins.json:datafixer.BlockPosFormatAndRenamesFixMixin from mod create->@Inject::create$addFixers(Lorg/spongepowered/asm/mixin/injection/callback/CallbackInfoReturnable;)V won't be passed a CallbackInfoReturnable as a result
[04:25:43] [main/DEBUG] [mixin/]: Mixing datafixer.ItemStackComponentizationFixMixin from create.mixins.json into net.minecraft.util.datafix.fixes.ItemStackComponentizationFix
[04:25:43] [main/DEBUG] [mixin/]: Renaming synthetic method lambda$create$moveItemStackHandlerToItemContainerContents$4(Lcom/mojang/serialization/Dynamic;Lnet/minecraft/util/datafix/fixes/ItemStackComponentizationFix$ItemStackData;Ljava/lang/String;Lcom/mojang/serialization/Dynamic;)V to md3fd53a$create$lambda$create$moveItemStackHandlerToItemContainerContents$4$0 in create.mixins.json:datafixer.ItemStackComponentizationFixMixin from mod create
[04:25:43] [main/DEBUG] [mixin/]: Renaming synthetic method lambda$create$moveItemStackHandlerToItemContainerContents$3(Lcom/mojang/serialization/Dynamic;Ljava/util/List;Lcom/mojang/serialization/Dynamic;)V to md3fd53a$create$lambda$create$moveItemStackHandlerToItemContainerContents$3$1 in create.mixins.json:datafixer.ItemStackComponentizationFixMixin from mod create
[04:25:43] [main/DEBUG] [mixin/]: Renaming synthetic method lambda$create$moveTagToEnumComponent$2([Ljava/lang/Enum;Lnet/minecraft/util/datafix/fixes/ItemStackComponentizationFix$ItemStackData;Ljava/lang/String;Lcom/mojang/serialization/Dynamic;)V to md3fd53a$create$lambda$create$moveTagToEnumComponent$2$2 in create.mixins.json:datafixer.ItemStackComponentizationFixMixin from mod create
[04:25:43] [main/DEBUG] [mixin/]: Renaming synthetic method lambda$create$fixItemsAndTranslateNBTIntoComponents$1(Lnet/minecraft/util/datafix/fixes/ItemStackComponentizationFix$ItemStackData;Lcom/mojang/serialization/Dynamic;)V to md3fd53a$create$lambda$create$fixItemsAndTranslateNBTIntoComponents$1$3 in create.mixins.json:datafixer.ItemStackComponentizationFixMixin from mod create
[04:25:43] [main/DEBUG] [mixin/]: Renaming synthetic method lambda$create$fixItemsAndTranslateNBTIntoComponents$0(Lcom/mojang/serialization/Dynamic;Lnet/minecraft/util/datafix/fixes/ItemStackComponentizationFix$ItemStackData;Lcom/mojang/serialization/Dynamic;)V to md3fd53a$create$lambda$create$fixItemsAndTranslateNBTIntoComponents$0$4 in create.mixins.json:datafixer.ItemStackComponentizationFixMixin from mod create
[04:25:43] [main/DEBUG] [mixin/]: create.mixins.json:datafixer.ItemStackComponentizationFixMixin from mod create->@Inject::create$fixItemsAndTranslateNBTIntoComponents(Lnet/minecraft/util/datafix/fixes/ItemStackComponentizationFix$ItemStackData;Lcom/mojang/serialization/Dynamic;Lorg/spongepowered/asm/mixin/injection/callback/CallbackInfo;)V doesn't use it's CallbackInfo
[04:25:44] [main/DEBUG] [mixin/]: Mixing StringTagMixin from kubejs.mixins.json into net.minecraft.nbt.StringTag
[04:25:44] [main/DEBUG] [mixin/]: Mixing datafixer.V1460Mixin from create.mixins.json into net.minecraft.util.datafix.schemas.V1460
[04:25:44] [main/DEBUG] [mixin/]: create.mixins.json:datafixer.V1460Mixin from mod create->@Inject::create$registerEntitiesToBeFixed(Lcom/mojang/datafixers/schemas/Schema;Lorg/spongepowered/asm/mixin/injection/callback/CallbackInfoReturnable;)V does use it's CallbackInfoReturnable
[04:25:44] [main/DEBUG] [mixin/]: create.mixins.json:datafixer.V1460Mixin from mod create->@Inject::create$registerBlockEntitiesToBeFixed(Lcom/mojang/datafixers/schemas/Schema;Lorg/spongepowered/asm/mixin/injection/callback/CallbackInfoReturnable;)V does use it's CallbackInfoReturnable
[04:25:44] [main/DEBUG] [mixin/]: Mixing accessor.MinecartFurnaceAccessor from create.mixins.json into net.minecraft.world.entity.vehicle.MinecartFurnace
[04:25:44] [main/DEBUG] [mixin/]: Mixing ThrownTridentMixin from touhou_little_maid.mixins.json into net.minecraft.world.entity.projectile.ThrownTrident
[04:25:44] [main/DEBUG] [mixin/]: touhou_little_maid.mixins.json:ThrownTridentMixin from mod touhou_little_maid: Class version 65 required is higher than the class version supported by the current version of Mixin (JAVA_17 supports class version 61)
[04:25:44] [main/DEBUG] [mixin/]: touhou_little_maid.mixins.json:ThrownTridentMixin from mod touhou_little_maid->@Inject::onHitEntity(Lnet/minecraft/world/phys/EntityHitResult;Lorg/spongepowered/asm/mixin/injection/callback/CallbackInfo;)V doesn't use it's CallbackInfo
[04:25:44] [main/DEBUG] [mixin/]: touhou_little_maid.mixins.json:ThrownTridentMixin from mod touhou_little_maid->@Inject::onHitEntity(Lnet/minecraft/world/phys/EntityHitResult;Lorg/spongepowered/asm/mixin/injection/callback/CallbackInfo;)V has 0 override(s) in child classes
[04:25:44] [main/DEBUG] [mixin/]: touhou_little_maid.mixins.json:ThrownTridentMixin from mod touhou_little_maid->@Inject::onHitEntity(Lnet/minecraft/world/phys/EntityHitResult;Lorg/spongepowered/asm/mixin/injection/callback/CallbackInfo;)V won't be passed a CallbackInfo as a result
[04:25:44] [main/DEBUG] [mixin/]: Mixing ItemFrameEntityMixin from kubejs.mixins.json into net.minecraft.world.entity.decoration.ItemFrame
[04:25:44] [main/DEBUG] [mixin/]: Mixing accessor.ItemFrameAccessor from create.mixins.json into net.minecraft.world.entity.decoration.ItemFrame
[04:25:44] [main/DEBUG] [mixin/]: Mixing ParrotMixin from touhou_little_maid.mixins.json into net.minecraft.world.entity.animal.Parrot
[04:25:44] [main/DEBUG] [mixin/]: touhou_little_maid.mixins.json:ParrotMixin from mod touhou_little_maid: Class version 65 required is higher than the class version supported by the current version of Mixin (JAVA_17 supports class version 61)
[04:25:44] [main/DEBUG] [mixin/]: touhou_little_maid.mixins.json:ParrotMixin from mod touhou_little_maid->@Inject::mobIsSilent(Lnet/minecraft/world/level/Level;Lnet/minecraft/world/entity/Entity;Lorg/spongepowered/asm/mixin/injection/callback/CallbackInfoReturnable;)V does use it's CallbackInfoReturnable
[04:25:44] [main/DEBUG] [mixin/]: Mixing VillagerMixin from poopsky.mixins.json into net.minecraft.world.entity.npc.Villager
[04:25:44] [main/DEBUG] [mixin/]: Mixing FishingHookMixin from poopsky.mixins.json into net.minecraft.world.entity.projectile.FishingHook
[04:25:44] [main/DEBUG] [mixin/]: poopsky.mixins.json:FishingHookMixin from mod poopsky->@Inject::onCalculateOpenWater(Lnet/minecraft/core/BlockPos;Lorg/spongepowered/asm/mixin/injection/callback/CallbackInfoReturnable;)V does use it's CallbackInfoReturnable
[04:25:44] [main/DEBUG] [mixin/]: Mixing IngredientMixin from kubejs.mixins.json into net.minecraft.world.item.crafting.Ingredient
[04:25:44] [main/DEBUG] [mixin/]: Mixing ItemStackHandlerMixin from kubejs.mixins.json into net.neoforged.neoforge.items.ItemStackHandler
[04:25:44] [main/DEBUG] [mixin/]: Mixing accessor.ItemStackHandlerAccessor from create.mixins.json into net.neoforged.neoforge.items.ItemStackHandler
[04:25:44] [main/DEBUG] [mixin/]: Mixing IItemHandlerMixin from kubejs.mixins.json into net.neoforged.neoforge.items.IItemHandler
[04:25:44] [main/DEBUG] [mixin/]: Mixing SizedFluidIngredientMixin from kubejs.mixins.json into net.neoforged.neoforge.fluids.crafting.SizedFluidIngredient
[04:25:44] [main/DEBUG] [mixin/]: Mixing FluidIngredientMixin from kubejs.mixins.json into net.neoforged.neoforge.fluids.crafting.FluidIngredient
[04:25:44] [main/DEBUG] [mixin/]: Mixing FluidStackMixin from kubejs.mixins.json into net.neoforged.neoforge.fluids.FluidStack
[04:25:45] [main/DEBUG] [mixin/]: Mixing accessor.ProjectileDispenseBehaviorAccessor from create.mixins.json into net.minecraft.core.dispenser.ProjectileDispenseBehavior
[04:25:45] [main/DEBUG] [mixin/]: Mixing MenuTypeMixin from kubejs.mixins.json into net.minecraft.world.inventory.MenuType
[04:25:45] [main/DEBUG] [mixin/]: Mixing accessor.CraftingResultSlotAccessor from emi.mixins.json into net.minecraft.world.inventory.ResultSlot
[04:25:45] [main/DEBUG] [mixin/]: emi.mixins.json:accessor.CraftingResultSlotAccessor from mod emi: Class version 65 required is higher than the class version supported by the current version of Mixin (JAVA_17 supports class version 61)
[04:25:45] [main/DEBUG] [mixin/]: Mixing CraftingResultSlotMixin from emi.mixins.json into net.minecraft.world.inventory.ResultSlot
[04:25:45] [main/DEBUG] [mixin/]: emi.mixins.json:CraftingResultSlotMixin from mod emi: Class version 65 required is higher than the class version supported by the current version of Mixin (JAVA_17 supports class version 61)
[04:25:45] [main/DEBUG] [mixin/]: emi.mixins.json:CraftingResultSlotMixin from mod emi->@Inject::onCrafted(Lnet/minecraft/world/item/ItemStack;Lorg/spongepowered/asm/mixin/injection/callback/CallbackInfo;)V doesn't use it's CallbackInfo
[04:25:45] [main/DEBUG] [mixin/]: emi.mixins.json:CraftingResultSlotMixin from mod emi->@Inject::onCrafted(Lnet/minecraft/world/item/ItemStack;Lorg/spongepowered/asm/mixin/injection/callback/CallbackInfo;)V has 0 override(s) in child classes
[04:25:45] [main/DEBUG] [mixin/]: emi.mixins.json:CraftingResultSlotMixin from mod emi->@Inject::onCrafted(Lnet/minecraft/world/item/ItemStack;Lorg/spongepowered/asm/mixin/injection/callback/CallbackInfo;)V won't be passed a CallbackInfo as a result
[04:25:45] [main/DEBUG] [mixin/]: Mixing accessor.ShapedRecipeAccessor from create.mixins.json into net.minecraft.world.item.crafting.ShapedRecipe
[04:25:45] [main/DEBUG] [mixin/]: Mixing ICustomIngredientMixin from kubejs.mixins.json into net.neoforged.neoforge.common.crafting.ICustomIngredient
[04:25:45] [main/DEBUG] [mixin/]: Mixing accessor.SmithingTransformRecipeAccessor from emi.mixins.json into net.minecraft.world.item.crafting.SmithingTransformRecipe
[04:25:45] [main/DEBUG] [mixin/]: emi.mixins.json:accessor.SmithingTransformRecipeAccessor from mod emi: Class version 65 required is higher than the class version supported by the current version of Mixin (JAVA_17 supports class version 61)
[04:25:45] [main/DEBUG] [mixin/]: Mixing accessor.SmithingTrimRecipeAccessor from emi.mixins.json into net.minecraft.world.item.crafting.SmithingTrimRecipe
[04:25:45] [main/DEBUG] [mixin/]: emi.mixins.json:accessor.SmithingTrimRecipeAccessor from mod emi: Class version 65 required is higher than the class version supported by the current version of Mixin (JAVA_17 supports class version 61)
[04:25:45] [main/DEBUG] [mixin/]: Mixing EnchantedCountIncreaseFunctionMixin from create.mixins.json into net.minecraft.world.level.storage.loot.functions.EnchantedCountIncreaseFunction
[04:25:45] [main/DEBUG] [mixin/]: create.mixins.json:EnchantedCountIncreaseFunctionMixin from mod create->@Inject::create$crushingWheelLooting(Lnet/minecraft/world/item/ItemStack;Lnet/minecraft/world/level/storage/loot/LootContext;Lorg/spongepowered/asm/mixin/injection/callback/CallbackInfoReturnable;)V doesn't use it's CallbackInfoReturnable
[04:25:45] [main/DEBUG] [mixin/]: create.mixins.json:EnchantedCountIncreaseFunctionMixin from mod create->@Inject::create$crushingWheelLooting(Lnet/minecraft/world/item/ItemStack;Lnet/minecraft/world/level/storage/loot/LootContext;Lorg/spongepowered/asm/mixin/injection/callback/CallbackInfoReturnable;)V has 0 override(s) in child classes
[04:25:45] [main/DEBUG] [mixin/]: create.mixins.json:EnchantedCountIncreaseFunctionMixin from mod create->@Inject::create$crushingWheelLooting(Lnet/minecraft/world/item/ItemStack;Lnet/minecraft/world/level/storage/loot/LootContext;Lorg/spongepowered/asm/mixin/injection/callback/CallbackInfoReturnable;)V won't be passed a CallbackInfoReturnable as a result
[04:25:45] [main/DEBUG] [mixin/]: Mixing KeepRichSoilGiantTreeMixin from farmersdelight.mixins.json into net.minecraft.world.level.levelgen.feature.Feature
[04:25:45] [main/DEBUG] [mixin/]: Renaming synthetic method lambda$keepRichSoil$0(Lnet/minecraft/world/level/block/state/BlockState;)Z to md3fd53a$farmersdelight$lambda$keepRichSoil$0$0 in farmersdelight.mixins.json:KeepRichSoilGiantTreeMixin from mod farmersdelight
[04:25:45] [main/DEBUG] [mixin/]: farmersdelight.mixins.json:KeepRichSoilGiantTreeMixin from mod farmersdelight->@Inject::keepRichSoil(Lnet/minecraft/world/level/LevelSimulatedReader;Lnet/minecraft/core/BlockPos;Lorg/spongepowered/asm/mixin/injection/callback/CallbackInfoReturnable;)V does use it's CallbackInfoReturnable
[04:25:45] [main/DEBUG] [mixin/]: Mixing NoiseBasedChunkGeneratorMixin from poopsky.mixins.json into net.minecraft.world.level.levelgen.NoiseBasedChunkGenerator
[04:25:45] [main/DEBUG] [mixin/]: Renaming synthetic method lambda$injectCreateFluidPicker$0(Lnet/minecraft/world/level/levelgen/Aquifer$FluidStatus;III)Lnet/minecraft/world/level/levelgen/Aquifer$FluidStatus; to md3fd53a$poopsky$lambda$injectCreateFluidPicker$0$0 in poopsky.mixins.json:NoiseBasedChunkGeneratorMixin from mod poopsky
[04:25:45] [main/DEBUG] [mixin/]: poopsky.mixins.json:NoiseBasedChunkGeneratorMixin from mod poopsky->@Inject::injectCreateFluidPicker(Lnet/minecraft/world/level/levelgen/NoiseGeneratorSettings;Lorg/spongepowered/asm/mixin/injection/callback/CallbackInfoReturnable;)V does use it's CallbackInfoReturnable
[04:25:45] [main/DEBUG] [mixin/]: Mixing ClickEventMixin from kubejs.mixins.json into net.minecraft.network.chat.ClickEvent
[04:25:45] [main/DEBUG] [mixin/]: Mixing FishingHookPredicateMixin from touhou_little_maid.mixins.json into net.minecraft.advancements.critereon.FishingHookPredicate
[04:25:45] [main/DEBUG] [mixin/]: touhou_little_maid.mixins.json:FishingHookPredicateMixin from mod touhou_little_maid: Class version 65 required is higher than the class version supported by the current version of Mixin (JAVA_17 supports class version 61)
[04:25:45] [main/DEBUG] [mixin/]: touhou_little_maid.mixins.json:FishingHookPredicateMixin from mod touhou_little_maid->@Inject::matches(Lnet/minecraft/world/entity/Entity;Lnet/minecraft/server/level/ServerLevel;Lnet/minecraft/world/phys/Vec3;Lorg/spongepowered/asm/mixin/injection/callback/CallbackInfoReturnable;)V does use it's CallbackInfoReturnable
[04:25:45] [main/DEBUG] [mixin/]: touhou_little_maid.mixins.json:FishingHookPredicateMixin from mod touhou_little_maid->@Inject::matches(Lnet/minecraft/world/entity/Entity;Lnet/minecraft/server/level/ServerLevel;Lnet/minecraft/world/phys/Vec3;Lorg/spongepowered/asm/mixin/injection/callback/CallbackInfoReturnable;)V does use it's CallbackInfoReturnable
[04:25:45] [main/DEBUG] [mixin/]: Mixing DamageSourceMixin from kubejs.mixins.json into net.minecraft.world.damagesource.DamageSource
[04:25:45] [main/DEBUG] [ne.ne.fm.ModWorkManager/LOADING]: Using 16 threads for parallel mod-loading
[04:25:45] [main/DEBUG] [ne.ne.fm.ja.FMLModContainer/LOADING]: Creating FMLModContainer instance for [vectorwing.farmersdelight.FarmersDelight]
[04:25:45] [main/DEBUG] [ne.ne.fm.ja.FMLModContainer/LOADING]: Creating FMLModContainer instance for [dev.emi.emi.platform.neoforge.EmiNeoForge]
[04:25:45] [main/DEBUG] [ne.ne.fm.lo.LowCodeModContainer/LOADING]: Creating LowCodeModContainer for rhino
[04:25:45] [main/DEBUG] [ne.ne.fm.ja.FMLModContainer/LOADING]: Creating FMLModContainer instance for [snownee.jade.util.CommonProxy]
[04:25:45] [main/DEBUG] [ne.ne.fm.ja.FMLModContainer/LOADING]: Creating FMLModContainer instance for [squeek.appleskin.AppleSkin]
[04:25:45] [main/DEBUG] [ne.ne.fm.ja.FMLModContainer/LOADING]: Creating FMLModContainer instance for [mezz.jei.neoforge.JustEnoughItems]
[04:25:45] [main/DEBUG] [ne.ne.fm.ja.FMLModContainer/LOADING]: Creating FMLModContainer instance for [com.altnoir.poopsky.PoopSky, com.altnoir.poopsky.PoopSkyClient]
[04:25:45] [main/DEBUG] [ne.ne.fm.ja.FMLModContainer/LOADING]: Creating FMLModContainer instance for [dev.engine_room.flywheel.impl.FlywheelNeoForge]
[04:25:45] [main/DEBUG] [ne.ne.fm.ja.FMLModContainer/LOADING]: Creating FMLModContainer instance for [net.createmod.ponder.NeoForgePonder, net.createmod.ponder.NeoForgePonderClient]
[04:25:45] [main/DEBUG] [ne.ne.fm.ja.FMLModContainer/LOADING]: Creating FMLModContainer instance for [com.github.tartaricacid.touhoulittlemaid.TouhouLittleMaid, com.github.tartaricacid.touhoulittlemaid.TouhouLittleMaidClient]
[04:25:45] [main/DEBUG] [ne.ne.fm.ja.FMLModContainer/LOADING]: Creating FMLModContainer instance for []
[04:25:45] [main/DEBUG] [ne.ne.fm.ja.FMLModContainer/LOADING]: Creating FMLModContainer instance for [com.simibubi.create.Create, com.simibubi.create.CreateClient]
[04:25:45] [main/DEBUG] [ne.ne.fm.ja.FMLModContainer/LOADING]: Creating FMLModContainer instance for [cn.autoforged.frog_variant_mod_1782245873.FrogVariantMod]
[04:25:45] [main/DEBUG] [ne.ne.fm.ja.FMLModContainer/LOADING]: Creating FMLModContainer instance for [com.whisent.powerful_dummy.Powerful_dummy]
[04:25:45] [main/DEBUG] [ne.ne.fm.ja.FMLModContainer/LOADING]: Creating FMLModContainer instance for [net.neoforged.neoforge.common.NeoForgeMod, net.neoforged.neoforge.client.ClientNeoForgeMod]
[04:25:45] [main/DEBUG] [ne.ne.fm.ja.FMLModContainer/LOADING]: Creating FMLModContainer instance for [dev.latvian.mods.kubejs.KubeJS]
[04:25:45] [main/DEBUG] [ne.ne.fm.ja.FMLModContainer/LOADING]: Creating FMLModContainer instance for [dev.latvian.mods.betteradvancedtooltips.BATMod]
[04:25:45] [main/DEBUG] [ne.ne.fm.ja.FMLModContainer/LOADING]: Creating FMLModContainer instance for [betteradvancements.neoforge.BetterAdvancements]
[04:25:45] [modloading-worker-0/DEBUG] [ne.ne.fm.ja.AutomaticEventSubscriber/LOADING]: Attempting to inject @EventBusSubscriber classes into the eventbus for sablecompanion
[04:25:45] [modloading-worker-0/DEBUG] [ne.ne.fm.ja.AutomaticEventSubscriber/LOADING]: Attempting to inject @EventBusSubscriber classes into the eventbus for emi
[04:25:45] [modloading-worker-0/DEBUG] [ne.ne.fm.ja.AutomaticEventSubscriber/LOADING]: Scanning class dev.emi.emi.platform.neoforge.EmiClientNeoForge for @SubscribeEvent-annotated methods
[04:25:45] [modloading-worker-0/DEBUG] [mixin/]: Mixing ScreenMixin from emi.mixins.json into net.minecraft.client.gui.screens.Screen
[04:25:45] [modloading-worker-0/DEBUG] [mixin/]: emi.mixins.json:ScreenMixin from mod emi: Class version 65 required is higher than the class version supported by the current version of Mixin (JAVA_17 supports class version 61)
[04:25:46] [modloading-worker-0/DEBUG] [mixin/]: Mixing client.accessor.ScreenAccessor from ponder-common.mixins.json into net.minecraft.client.gui.screens.Screen
[04:25:46] [modloading-worker-0/DEBUG] [mixin/]: ponder-common.mixins.json:client.accessor.ScreenAccessor from mod ponder: Class version 65 required is higher than the class version supported by the current version of Mixin (JAVA_17 supports class version 61)
[04:25:46] [modloading-worker-0/DEBUG] [mixin/]: Mixing ScreenMixin from kubejs.mixins.json into net.minecraft.client.gui.screens.Screen
[04:25:46] [modloading-worker-0/DEBUG] [mixin/]: Mixing compat.xaeros.XaeroPauseScreenOverrideMixin from create.mixins.json into net.minecraft.client.gui.screens.Screen
[04:25:46] [modloading-worker-0/DEBUG] [mixin/]: emi.mixins.json:ScreenMixin from mod emi->@Inject::init(Lnet/minecraft/client/Minecraft;IILorg/spongepowered/asm/mixin/injection/callback/CallbackInfo;)V doesn't use it's CallbackInfo
[04:25:46] [modloading-worker-0/DEBUG] [mixin/]: emi.mixins.json:ScreenMixin from mod emi->@Inject::init(Lnet/minecraft/client/Minecraft;IILorg/spongepowered/asm/mixin/injection/callback/CallbackInfo;)V has 0 override(s) in child classes
[04:25:46] [modloading-worker-0/DEBUG] [mixin/]: emi.mixins.json:ScreenMixin from mod emi->@Inject::init(Lnet/minecraft/client/Minecraft;IILorg/spongepowered/asm/mixin/injection/callback/CallbackInfo;)V won't be passed a CallbackInfo as a result
[04:25:46] [modloading-worker-0/DEBUG] [mixin/]: emi.mixins.json:ScreenMixin from mod emi->@Inject::resize(Lnet/minecraft/client/Minecraft;IILorg/spongepowered/asm/mixin/injection/callback/CallbackInfo;)V doesn't use it's CallbackInfo
[04:25:46] [modloading-worker-0/DEBUG] [mixin/]: emi.mixins.json:ScreenMixin from mod emi->@Inject::resize(Lnet/minecraft/client/Minecraft;IILorg/spongepowered/asm/mixin/injection/callback/CallbackInfo;)V has 0 override(s) in child classes
[04:25:46] [modloading-worker-0/DEBUG] [mixin/]: emi.mixins.json:ScreenMixin from mod emi->@Inject::resize(Lnet/minecraft/client/Minecraft;IILorg/spongepowered/asm/mixin/injection/callback/CallbackInfo;)V won't be passed a CallbackInfo as a result
[04:25:46] [modloading-worker-0/DEBUG] [mixin/]: create.mixins.json:compat.xaeros.XaeroPauseScreenOverrideMixin from mod create->@Inject::create$xaeroPauseScreenOverride(Lorg/spongepowered/asm/mixin/injection/callback/CallbackInfoReturnable;)V does use it's CallbackInfoReturnable
[04:25:46] [modloading-worker-0/DEBUG] [ne.ne.fm.ja.AutomaticEventSubscriber/LOADING]: Attempting to inject @EventBusSubscriber classes into the eventbus for frog_variant_mod_1782245873
[04:25:46] [modloading-worker-0/DEBUG] [ne.ne.fm.ja.AutomaticEventSubscriber/LOADING]: Scanning class cn.autoforged.frog_variant_mod_1782245873.client.ClientSetup for @SubscribeEvent-annotated methods
[04:25:46] [modloading-worker-0/DEBUG] [ne.ne.fm.ja.AutomaticEventSubscriber/]: Subscribing @EventBusSubscriber class Lcn/autoforged/frog_variant_mod_1782245873/client/ClientSetup; to the mod event bus of mod frog_variant_mod_1782245873
[04:25:46] [modloading-worker-0/DEBUG] [mixin/]: Mixing accessor.HandledScreenAccessor from emi.mixins.json into net.minecraft.client.gui.screens.inventory.AbstractContainerScreen
[04:25:46] [modloading-worker-0/DEBUG] [mixin/]: emi.mixins.json:accessor.HandledScreenAccessor from mod emi: Class version 65 required is higher than the class version supported by the current version of Mixin (JAVA_17 supports class version 61)
[04:25:46] [modloading-worker-0/DEBUG] [mixin/]: Mixing HandledScreenMixin from emi.mixins.json into net.minecraft.client.gui.screens.inventory.AbstractContainerScreen
[04:25:46] [modloading-worker-0/DEBUG] [mixin/]: emi.mixins.json:HandledScreenMixin from mod emi: Class version 65 required is higher than the class version supported by the current version of Mixin (JAVA_17 supports class version 61)
[04:25:46] [modloading-worker-0/DEBUG] [mixin/]: emi.mixins.json:HandledScreenMixin from mod emi->@Inject::renderBackground(Lnet/minecraft/client/gui/GuiGraphics;IIFLorg/spongepowered/asm/mixin/injection/callback/CallbackInfo;)V doesn't use it's CallbackInfo
[04:25:46] [modloading-worker-0/DEBUG] [mixin/]: emi.mixins.json:HandledScreenMixin from mod emi->@Inject::renderBackground(Lnet/minecraft/client/gui/GuiGraphics;IIFLorg/spongepowered/asm/mixin/injection/callback/CallbackInfo;)V has 0 override(s) in child classes
[04:25:46] [modloading-worker-0/DEBUG] [mixin/]: emi.mixins.json:HandledScreenMixin from mod emi->@Inject::renderBackground(Lnet/minecraft/client/gui/GuiGraphics;IIFLorg/spongepowered/asm/mixin/injection/callback/CallbackInfo;)V won't be passed a CallbackInfo as a result
[04:25:46] [modloading-worker-0/DEBUG] [mixin/]: emi.mixins.json:HandledScreenMixin from mod emi->@Inject::renderForeground(Lnet/minecraft/client/gui/GuiGraphics;IIFLorg/spongepowered/asm/mixin/injection/callback/CallbackInfo;)V doesn't use it's CallbackInfo
[04:25:46] [modloading-worker-0/DEBUG] [mixin/]: emi.mixins.json:HandledScreenMixin from mod emi->@Inject::renderForeground(Lnet/minecraft/client/gui/GuiGraphics;IIFLorg/spongepowered/asm/mixin/injection/callback/CallbackInfo;)V has 0 override(s) in child classes
[04:25:46] [modloading-worker-0/DEBUG] [mixin/]: emi.mixins.json:HandledScreenMixin from mod emi->@Inject::renderForeground(Lnet/minecraft/client/gui/GuiGraphics;IIFLorg/spongepowered/asm/mixin/injection/callback/CallbackInfo;)V won't be passed a CallbackInfo as a result
[04:25:46] [modloading-worker-0/DEBUG] [ne.ne.fm.co.ConfigTracker/CONFIG]: Config file powerful_dummy-common.toml for powerful_dummy tracking
[04:25:46] [modloading-worker-0/DEBUG] [ne.ne.fm.co.ConfigTracker/CONFIG]: Config file betteradvancements-client.toml for betteradvancements tracking
[04:25:46] [modloading-worker-0/DEBUG] [ne.ne.fm.co.ConfigTracker/CONFIG]: Config file appleskin-client.toml for appleskin tracking
[04:25:46] [modloading-worker-0/DEBUG] [ne.ne.fm.co.ConfigTracker/CONFIG]: Config file farmersdelight-common.toml for farmersdelight tracking
[04:25:46] [modloading-worker-0/DEBUG] [ne.ne.fm.co.ConfigTracker/CONFIG]: Config file jei-server.toml for jei tracking
[04:25:46] [modloading-worker-0/DEBUG] [ne.ne.fm.ja.AutomaticEventSubscriber/LOADING]: Attempting to inject @EventBusSubscriber classes into the eventbus for powerful_dummy
[04:25:46] [modloading-worker-0/DEBUG] [ne.ne.fm.co.ConfigTracker/CONFIG]: Config file farmersdelight-client.toml for farmersdelight tracking
[04:25:46] [modloading-worker-0/DEBUG] [ne.ne.fm.ja.AutomaticEventSubscriber/LOADING]: Scanning class com.whisent.powerful_dummy.Powerful_dummy$ClientModEvents for @SubscribeEvent-annotated methods
[04:25:46] [modloading-worker-0/DEBUG] [ne.ne.fm.ja.AutomaticEventSubscriber/]: Subscribing @EventBusSubscriber class Lcom/whisent/powerful_dummy/Powerful_dummy$ClientModEvents; to the mod event bus of mod powerful_dummy
[04:25:46] [modloading-worker-0/DEBUG] [mixin/]: Mixing ClientLevelMixin from kubejs.mixins.json into net.minecraft.client.multiplayer.ClientLevel
[04:25:46] [modloading-worker-0/DEBUG] [ne.ne.fm.ja.AutomaticEventSubscriber/LOADING]: Scanning class com.whisent.powerful_dummy.network.NetworkRegistry for @SubscribeEvent-annotated methods
[04:25:46] [modloading-worker-0/DEBUG] [mixin/]: Mixing AdvancementNodeMixin from kubejs.mixins.json into net.minecraft.advancements.AdvancementNode
[04:25:46] [modloading-worker-0/DEBUG] [ne.ne.fm.ja.AutomaticEventSubscriber/]: Subscribing @EventBusSubscriber class Lcom/whisent/powerful_dummy/network/NetworkRegistry; to the mod event bus of mod powerful_dummy
[04:25:46] [modloading-worker-0/DEBUG] [ne.ne.fm.ja.AutomaticEventSubscriber/LOADING]: Scanning class com.whisent.powerful_dummy.events.ServerEventsHandler for @SubscribeEvent-annotated methods
[04:25:46] [modloading-worker-0/DEBUG] [ne.ne.ne.in.ve.ne.NeoForgeVersion/CORE]: Found NeoForge version 21.1.219
[04:25:46] [modloading-worker-0/DEBUG] [ne.ne.ne.in.ve.ne.NeoForgeVersion/CORE]: Found FML version 4.0.42
[04:25:46] [modloading-worker-0/INFO] [ne.ne.ne.co.NeoForgeMod/NEOFORGE-MOD]: NeoForge mod loading, version 21.1.219, for MC 1.21.1
[04:25:46] [modloading-worker-0/DEBUG] [ne.ne.fm.co.ConfigTracker/CONFIG]: Config file flywheel-client.toml for flywheel tracking
[04:25:46] [modloading-worker-0/DEBUG] [ne.ne.fm.ja.AutomaticEventSubscriber/]: Subscribing @EventBusSubscriber class Lcom/whisent/powerful_dummy/events/ServerEventsHandler; to the game event bus
[04:25:46] [modloading-worker-0/DEBUG] [mixin/]: Mixing CanvasSignEditScreenMixin from farmersdelight.mixins.json into net.minecraft.client.player.LocalPlayer
[04:25:46] [modloading-worker-0/DEBUG] [ne.ne.fm.ja.AutomaticEventSubscriber/LOADING]: Attempting to inject @EventBusSubscriber classes into the eventbus for betteradvancements
[04:25:46] [modloading-worker-0/DEBUG] [ne.ne.fm.ja.AutomaticEventSubscriber/LOADING]: Scanning class com.whisent.powerful_dummy.events.ForgeEventsHandler for @SubscribeEvent-annotated methods
[04:25:46] [modloading-worker-0/DEBUG] [mixin/]: Mixing LocalPlayerMixin from kubejs.mixins.json into net.minecraft.client.player.LocalPlayer
[04:25:46] [modloading-worker-0/DEBUG] [mixin/]: Mixing client.HeavyBootsOnPlayerMixin from create.mixins.json into net.minecraft.client.player.LocalPlayer
[04:25:46] [modloading-worker-0/DEBUG] [mixin/]: farmersdelight.mixins.json:CanvasSignEditScreenMixin from mod farmersdelight->@Inject::openCanvasSignEditScreen(Lnet/minecraft/world/level/block/entity/SignBlockEntity;ZLorg/spongepowered/asm/mixin/injection/callback/CallbackInfo;)V does use it's CallbackInfo
[04:25:46] [modloading-worker-0/DEBUG] [mixin/]: create.mixins.json:client.HeavyBootsOnPlayerMixin from mod create->@Inject::create$noSwimmingWithHeavyBootsOn(Lorg/spongepowered/asm/mixin/injection/callback/CallbackInfoReturnable;)V does use it's CallbackInfoReturnable
[04:25:46] [modloading-worker-0/DEBUG] [mixin/]: Mixing client.accessor.RenderTypeAccessor from ponder-common.mixins.json into net.minecraft.client.renderer.RenderType
[04:25:46] [modloading-worker-0/DEBUG] [mixin/]: ponder-common.mixins.json:client.accessor.RenderTypeAccessor from mod ponder: Class version 65 required is higher than the class version supported by the current version of Mixin (JAVA_17 supports class version 61)
[04:25:46] [modloading-worker-0/DEBUG] [mixin/]: Renaming @Invoker method catnip$create(Ljava/lang/String;Lcom/mojang/blaze3d/vertex/VertexFormat;Lcom/mojang/blaze3d/vertex/VertexFormat$Mode;IZZLnet/minecraft/client/renderer/RenderType$CompositeState;)Lnet/minecraft/client/renderer/RenderType$CompositeRenderType; to catnip$create$ponder_$md$3fd53a$0 in ponder-common.mixins.json:client.accessor.RenderTypeAccessor from mod ponder
[04:25:46] [modloading-worker-0/DEBUG] [mixin/]: Mixing AbstractClientPlayerAccessor from flywheel.backend.mixins.json into net.minecraft.client.player.AbstractClientPlayer
[04:25:46] [modloading-worker-0/DEBUG] [mixin/]: Mixing AbstractClientPlayerMixin from kubejs.mixins.json into net.minecraft.client.player.AbstractClientPlayer
[04:25:46] [modloading-worker-0/DEBUG] [mixin/]: Mixing CommandSourceStackMixin from kubejs.mixins.json into net.minecraft.commands.CommandSourceStack
[04:25:46] [modloading-worker-0/DEBUG] [mixin/]: Renaming synthetic method lambda$kjs$sendSuccess$0(Lnet/minecraft/network/chat/Component;)Lnet/minecraft/network/chat/Component; to md3fd53a$kubejs$lambda$kjs$sendSuccess$0$0 in kubejs.mixins.json:CommandSourceStackMixin from mod kubejs
[04:25:46] [modloading-worker-0/DEBUG] [ne.ne.fm.ja.AutomaticEventSubscriber/]: Subscribing @EventBusSubscriber class Ldev/emi/emi/platform/neoforge/EmiClientNeoForge; to the mod event bus of mod emi
[04:25:46] [modloading-worker-0/DEBUG] [ne.ne.fm.co.ConfigTracker/CONFIG]: Config file neoforge-client.toml for neoforge tracking
[04:25:46] [modloading-worker-0/DEBUG] [ne.ne.fm.co.ConfigTracker/CONFIG]: Config file neoforge-server.toml for neoforge tracking
[04:25:46] [modloading-worker-0/DEBUG] [ne.ne.fm.co.ConfigTracker/CONFIG]: Config file neoforge-common.toml for neoforge tracking
[04:25:46] [modloading-worker-0/DEBUG] [ne.ne.fm.ja.AutomaticEventSubscriber/]: Subscribing @EventBusSubscriber class Lcom/whisent/powerful_dummy/events/ForgeEventsHandler; to the game event bus
[04:25:46] [modloading-worker-0/DEBUG] [ne.ne.fm.ja.AutomaticEventSubscriber/LOADING]: Scanning class com.whisent.powerful_dummy.client.overlay.DpsOverlay for @SubscribeEvent-annotated methods
[04:25:46] [modloading-worker-0/DEBUG] [mixin/]: Mixing accessor.DrawContextAccessor from emi.mixins.json into net.minecraft.client.gui.GuiGraphics
[04:25:46] [modloading-worker-0/DEBUG] [mixin/]: emi.mixins.json:accessor.DrawContextAccessor from mod emi: Class version 65 required is higher than the class version supported by the current version of Mixin (JAVA_17 supports class version 61)
[04:25:46] [modloading-worker-0/DEBUG] [mixin/]: Mixing DrawContextMixin from emi.mixins.json into net.minecraft.client.gui.GuiGraphics
[04:25:46] [modloading-worker-0/DEBUG] [mixin/]: emi.mixins.json:DrawContextMixin from mod emi: Class version 65 required is higher than the class version supported by the current version of Mixin (JAVA_17 supports class version 61)
[04:25:46] [modloading-worker-0/DEBUG] [mixin/]: Mixing GuiGraphicsMixin from kubejs.mixins.json into net.minecraft.client.gui.GuiGraphics
[04:25:46] [modloading-worker-0/DEBUG] [mixin/]: emi.mixins.json:DrawContextMixin from mod emi->@Inject::drawItemTooltip(Lnet/minecraft/client/gui/Font;Lnet/minecraft/world/item/ItemStack;IILorg/spongepowered/asm/mixin/injection/callback/CallbackInfo;)V doesn't use it's CallbackInfo
[04:25:46] [modloading-worker-0/DEBUG] [mixin/]: emi.mixins.json:DrawContextMixin from mod emi->@Inject::drawItemTooltip(Lnet/minecraft/client/gui/Font;Lnet/minecraft/world/item/ItemStack;IILorg/spongepowered/asm/mixin/injection/callback/CallbackInfo;)V has 0 override(s) in child classes
[04:25:46] [modloading-worker-0/DEBUG] [mixin/]: emi.mixins.json:DrawContextMixin from mod emi->@Inject::drawItemTooltip(Lnet/minecraft/client/gui/Font;Lnet/minecraft/world/item/ItemStack;IILorg/spongepowered/asm/mixin/injection/callback/CallbackInfo;)V won't be passed a CallbackInfo as a result
[04:25:46] [modloading-worker-0/DEBUG] [ne.ne.fm.ja.AutomaticEventSubscriber/LOADING]: Attempting to inject @EventBusSubscriber classes into the eventbus for appleskin
[04:25:46] [modloading-worker-0/DEBUG] [mixin/]: Mixing MinecraftClientMixin from emi.mixins.json into net.minecraft.client.Minecraft
[04:25:46] [modloading-worker-0/DEBUG] [mixin/]: emi.mixins.json:MinecraftClientMixin from mod emi: Class version 65 required is higher than the class version supported by the current version of Mixin (JAVA_17 supports class version 61)
[04:25:46] [modloading-worker-0/DEBUG] [mixin/]: Renaming synthetic method lambda$reloadResources$0()V to md3fd53a$emi$lambda$reloadResources$0$0 in emi.mixins.json:MinecraftClientMixin from mod emi
[04:25:46] [modloading-worker-0/DEBUG] [mixin/]: Mixing MinecraftMixin from flywheel.impl.mixins.json into net.minecraft.client.Minecraft
[04:25:46] [modloading-worker-0/DEBUG] [mixin/]: Mixing client.WindowResizeMixin from ponder-common.mixins.json into net.minecraft.client.Minecraft
[04:25:46] [modloading-worker-0/DEBUG] [mixin/]: ponder-common.mixins.json:client.WindowResizeMixin from mod ponder: Class version 65 required is higher than the class version supported by the current version of Mixin (JAVA_17 supports class version 61)
[04:25:46] [modloading-worker-0/DEBUG] [mixin/]: Mixing MinecraftClientMixin from kubejs.mixins.json into net.minecraft.client.Minecraft
[04:25:46] [modloading-worker-0/DEBUG] [mixin/]: Renaming synthetic method lambda$kjs$endResourceReload$1()V to md3fd53a$kubejs$lambda$kjs$endResourceReload$1$1 in kubejs.mixins.json:MinecraftClientMixin from mod kubejs
[04:25:46] [modloading-worker-0/DEBUG] [mixin/]: Renaming synthetic method lambda$kjs$init$0()V to md3fd53a$kubejs$lambda$kjs$init$0$2 in kubejs.mixins.json:MinecraftClientMixin from mod kubejs
[04:25:46] [modloading-worker-0/DEBUG] [mixin/]: Mixing accessor.MinecraftAccessor from create.mixins.json into net.minecraft.client.Minecraft
[04:25:46] [modloading-worker-0/DEBUG] [mixin/]: emi.mixins.json:MinecraftClientMixin from mod emi->@Inject::reloadResources(ZLjava/lang/Object;Lorg/spongepowered/asm/mixin/injection/callback/CallbackInfoReturnable;)V does use it's CallbackInfoReturnable
[04:25:46] [modloading-worker-0/DEBUG] [mixin/]: emi.mixins.json:MinecraftClientMixin from mod emi->@Inject::reloadResources(ZLjava/lang/Object;Lorg/spongepowered/asm/mixin/injection/callback/CallbackInfoReturnable;)V does use it's CallbackInfoReturnable
[04:25:46] [modloading-worker-0/DEBUG] [mixin/]: emi.mixins.json:MinecraftClientMixin from mod emi->@Inject::reloadResources(ZLjava/lang/Object;Lorg/spongepowered/asm/mixin/injection/callback/CallbackInfoReturnable;)V does use it's CallbackInfoReturnable
[04:25:46] [modloading-worker-0/DEBUG] [mixin/]: emi.mixins.json:MinecraftClientMixin from mod emi->@Inject::disconnect(Lorg/spongepowered/asm/mixin/injection/callback/CallbackInfo;)V doesn't use it's CallbackInfo
[04:25:46] [modloading-worker-0/DEBUG] [mixin/]: emi.mixins.json:MinecraftClientMixin from mod emi->@Inject::disconnect(Lorg/spongepowered/asm/mixin/injection/callback/CallbackInfo;)V has 0 override(s) in child classes
[04:25:46] [modloading-worker-0/DEBUG] [mixin/]: emi.mixins.json:MinecraftClientMixin from mod emi->@Inject::disconnect(Lorg/spongepowered/asm/mixin/injection/callback/CallbackInfo;)V won't be passed a CallbackInfo as a result
[04:25:46] [modloading-worker-0/DEBUG] [mixin/]: flywheel.impl.mixins.json:MinecraftMixin from mod flywheel->@Inject::flywheel$onBeginInitialResourceReload(Lorg/spongepowered/asm/mixin/injection/callback/CallbackInfo;)V doesn't use it's CallbackInfo
[04:25:46] [modloading-worker-0/DEBUG] [mixin/]: flywheel.impl.mixins.json:MinecraftMixin from mod flywheel->@Inject::flywheel$onBeginInitialResourceReload(Lorg/spongepowered/asm/mixin/injection/callback/CallbackInfo;)V has 0 override(s) in child classes
[04:25:46] [modloading-worker-0/DEBUG] [mixin/]: flywheel.impl.mixins.json:MinecraftMixin from mod flywheel->@Inject::flywheel$onBeginInitialResourceReload(Lorg/spongepowered/asm/mixin/injection/callback/CallbackInfo;)V won't be passed a CallbackInfo as a result
[04:25:46] [modloading-worker-0/DEBUG] [mixin/]: flywheel.impl.mixins.json:MinecraftMixin from mod flywheel->@Inject::flywheel$onEndInitialResourceReload(Ljava/lang/Object;Ljava/util/Optional;Lorg/spongepowered/asm/mixin/injection/callback/CallbackInfo;)V doesn't use it's CallbackInfo
[04:25:46] [modloading-worker-0/DEBUG] [mixin/]: flywheel.impl.mixins.json:MinecraftMixin from mod flywheel->@Inject::flywheel$onEndInitialResourceReload(Ljava/lang/Object;Ljava/util/Optional;Lorg/spongepowered/asm/mixin/injection/callback/CallbackInfo;)V has 0 override(s) in child classes
[04:25:46] [modloading-worker-0/DEBUG] [mixin/]: flywheel.impl.mixins.json:MinecraftMixin from mod flywheel->@Inject::flywheel$onEndInitialResourceReload(Ljava/lang/Object;Ljava/util/Optional;Lorg/spongepowered/asm/mixin/injection/callback/CallbackInfo;)V won't be passed a CallbackInfo as a result
[04:25:46] [modloading-worker-0/DEBUG] [mixin/]: flywheel.impl.mixins.json:MinecraftMixin from mod flywheel->@Inject::flywheel$onEndManualResourceReload(ZLjava/lang/Object;Ljava/util/concurrent/CompletableFuture;Ljava/util/Optional;Lorg/spongepowered/asm/mixin/injection/callback/CallbackInfo;)V doesn't use it's CallbackInfo
[04:25:46] [modloading-worker-0/DEBUG] [mixin/]: flywheel.impl.mixins.json:MinecraftMixin from mod flywheel->@Inject::flywheel$onEndManualResourceReload(ZLjava/lang/Object;Ljava/util/concurrent/CompletableFuture;Ljava/util/Optional;Lorg/spongepowered/asm/mixin/injection/callback/CallbackInfo;)V has 0 override(s) in child classes
[04:25:46] [modloading-worker-0/DEBUG] [mixin/]: flywheel.impl.mixins.json:MinecraftMixin from mod flywheel->@Inject::flywheel$onEndManualResourceReload(ZLjava/lang/Object;Ljava/util/concurrent/CompletableFuture;Ljava/util/Optional;Lorg/spongepowered/asm/mixin/injection/callback/CallbackInfo;)V won't be passed a CallbackInfo as a result
[04:25:46] [modloading-worker-0/DEBUG] [mixin/]: ponder-common.mixins.json:client.WindowResizeMixin from mod ponder->@Inject::catnip$updateWindowSize(Lorg/spongepowered/asm/mixin/injection/callback/CallbackInfo;)V doesn't use it's CallbackInfo
[04:25:46] [modloading-worker-0/DEBUG] [mixin/]: ponder-common.mixins.json:client.WindowResizeMixin from mod ponder->@Inject::catnip$updateWindowSize(Lorg/spongepowered/asm/mixin/injection/callback/CallbackInfo;)V has 0 override(s) in child classes
[04:25:46] [modloading-worker-0/DEBUG] [mixin/]: ponder-common.mixins.json:client.WindowResizeMixin from mod ponder->@Inject::catnip$updateWindowSize(Lorg/spongepowered/asm/mixin/injection/callback/CallbackInfo;)V won't be passed a CallbackInfo as a result
[04:25:46] [modloading-worker-0/DEBUG] [mixin/]: kubejs.mixins.json:MinecraftClientMixin from mod kubejs->@Inject::kjs$init(Lorg/spongepowered/asm/mixin/injection/callback/CallbackInfo;)V doesn't use it's CallbackInfo
[04:25:46] [modloading-worker-0/DEBUG] [mixin/]: kubejs.mixins.json:MinecraftClientMixin from mod kubejs->@Inject::kjs$init(Lorg/spongepowered/asm/mixin/injection/callback/CallbackInfo;)V has 0 override(s) in child classes
[04:25:46] [modloading-worker-0/DEBUG] [mixin/]: kubejs.mixins.json:MinecraftClientMixin from mod kubejs->@Inject::kjs$init(Lorg/spongepowered/asm/mixin/injection/callback/CallbackInfo;)V won't be passed a CallbackInfo as a result
[04:25:46] [modloading-worker-0/DEBUG] [mixin/]: kubejs.mixins.json:MinecraftClientMixin from mod kubejs->@Inject::kjs$createTitle(Lorg/spongepowered/asm/mixin/injection/callback/CallbackInfoReturnable;)V does use it's CallbackInfoReturnable
[04:25:46] [modloading-worker-0/DEBUG] [mixin/]: kubejs.mixins.json:MinecraftClientMixin from mod kubejs->@Inject::kjs$startAttack(Lorg/spongepowered/asm/mixin/injection/callback/CallbackInfoReturnable;)V doesn't use it's CallbackInfoReturnable
[04:25:46] [modloading-worker-0/DEBUG] [mixin/]: kubejs.mixins.json:MinecraftClientMixin from mod kubejs->@Inject::kjs$startAttack(Lorg/spongepowered/asm/mixin/injection/callback/CallbackInfoReturnable;)V has 0 override(s) in child classes
[04:25:46] [modloading-worker-0/DEBUG] [mixin/]: kubejs.mixins.json:MinecraftClientMixin from mod kubejs->@Inject::kjs$startAttack(Lorg/spongepowered/asm/mixin/injection/callback/CallbackInfoReturnable;)V won't be passed a CallbackInfoReturnable as a result
[04:25:46] [modloading-worker-0/DEBUG] [mixin/]: kubejs.mixins.json:MinecraftClientMixin from mod kubejs->@Inject::kjs$startUseItem(Lorg/spongepowered/asm/mixin/injection/callback/CallbackInfo;)V doesn't use it's CallbackInfo
[04:25:46] [modloading-worker-0/DEBUG] [mixin/]: kubejs.mixins.json:MinecraftClientMixin from mod kubejs->@Inject::kjs$startUseItem(Lorg/spongepowered/asm/mixin/injection/callback/CallbackInfo;)V has 0 override(s) in child classes
[04:25:46] [modloading-worker-0/DEBUG] [mixin/]: kubejs.mixins.json:MinecraftClientMixin from mod kubejs->@Inject::kjs$startUseItem(Lorg/spongepowered/asm/mixin/injection/callback/CallbackInfo;)V won't be passed a CallbackInfo as a result
[04:25:46] [modloading-worker-0/DEBUG] [mixin/]: kubejs.mixins.json:MinecraftClientMixin from mod kubejs->@Inject::kjs$postTickClient(Lorg/spongepowered/asm/mixin/injection/callback/CallbackInfo;)V doesn't use it's CallbackInfo
[04:25:46] [modloading-worker-0/DEBUG] [mixin/]: kubejs.mixins.json:MinecraftClientMixin from mod kubejs->@Inject::kjs$postTickClient(Lorg/spongepowered/asm/mixin/injection/callback/CallbackInfo;)V has 0 override(s) in child classes
[04:25:46] [modloading-worker-0/DEBUG] [mixin/]: kubejs.mixins.json:MinecraftClientMixin from mod kubejs->@Inject::kjs$postTickClient(Lorg/spongepowered/asm/mixin/injection/callback/CallbackInfo;)V won't be passed a CallbackInfo as a result
[04:25:46] [modloading-worker-0/DEBUG] [mixin/]: kubejs.mixins.json:MinecraftClientMixin from mod kubejs->@Inject::kjs$endResourceReload(ZLnet/minecraft/client/Minecraft$GameLoadCookie;Lorg/spongepowered/asm/mixin/injection/callback/CallbackInfoReturnable;)V doesn't use it's CallbackInfoReturnable
[04:25:46] [modloading-worker-0/DEBUG] [mixin/]: kubejs.mixins.json:MinecraftClientMixin from mod kubejs->@Inject::kjs$endResourceReload(ZLnet/minecraft/client/Minecraft$GameLoadCookie;Lorg/spongepowered/asm/mixin/injection/callback/CallbackInfoReturnable;)V has 0 override(s) in child classes
[04:25:46] [modloading-worker-0/DEBUG] [mixin/]: kubejs.mixins.json:MinecraftClientMixin from mod kubejs->@Inject::kjs$endResourceReload(ZLnet/minecraft/client/Minecraft$GameLoadCookie;Lorg/spongepowered/asm/mixin/injection/callback/CallbackInfoReturnable;)V won't be passed a CallbackInfoReturnable as a result
[04:25:46] [modloading-worker-0/DEBUG] [ne.ne.fm.ja.AutomaticEventSubscriber/LOADING]: Attempting to inject @EventBusSubscriber classes into the eventbus for jade
[04:25:46] [modloading-worker-0/DEBUG] [mixin/]: Mixing FontMixin from jade.mixins.json into net.minecraft.client.gui.Font
[04:25:46] [modloading-worker-0/DEBUG] [mixin/]: jade.mixins.json:FontMixin from mod jade: Class version 65 required is higher than the class version supported by the current version of Mixin (JAVA_16 supports class version 60)
[04:25:46] [modloading-worker-0/DEBUG] [mixin/]: Mixing accessor.FontAccessor from create.mixins.json into net.minecraft.client.gui.Font
[04:25:46] [modloading-worker-0/DEBUG] [mixin/]: jade.mixins.json:FontMixin from mod jade->@Inject::jade$renderChar(Lnet/minecraft/client/gui/font/glyphs/BakedGlyph;ZZFFFLorg/joml/Matrix4f;Lcom/mojang/blaze3d/vertex/VertexConsumer;FFFFILorg/spongepowered/asm/mixin/injection/callback/CallbackInfo;)V does use it's CallbackInfo
[04:25:46] [modloading-worker-0/DEBUG] [ne.ne.fm.ja.AutomaticEventSubscriber/]: Subscribing @EventBusSubscriber class Lcom/whisent/powerful_dummy/client/overlay/DpsOverlay; to the game event bus
[04:25:46] [modloading-worker-0/DEBUG] [ne.ne.fm.ja.AutomaticEventSubscriber/LOADING]: Scanning class com.whisent.powerful_dummy.client.KeyHandler for @SubscribeEvent-annotated methods
[04:25:46] [modloading-worker-0/DEBUG] [ne.ne.fm.ja.AutomaticEventSubscriber/]: Subscribing @EventBusSubscriber class Lcom/whisent/powerful_dummy/client/KeyHandler; to the game event bus
[04:25:46] [modloading-worker-0/DEBUG] [ne.ne.fm.ja.AutomaticEventSubscriber/LOADING]: Scanning class com.whisent.powerful_dummy.client.event.ClientOverlayRegistration for @SubscribeEvent-annotated methods
[04:25:46] [modloading-worker-0/DEBUG] [ne.ne.fm.ja.AutomaticEventSubscriber/]: Subscribing @EventBusSubscriber class Lcom/whisent/powerful_dummy/client/event/ClientOverlayRegistration; to the mod event bus of mod powerful_dummy
[04:25:46] [modloading-worker-0/DEBUG] [ne.ne.fm.ja.AutomaticEventSubscriber/LOADING]: Scanning class com.whisent.powerful_dummy.client.event.ClientEventHandler for @SubscribeEvent-annotated methods
[04:25:46] [modloading-worker-0/DEBUG] [ne.ne.fm.ja.AutomaticEventSubscriber/]: Subscribing @EventBusSubscriber class Lcom/whisent/powerful_dummy/client/event/ClientEventHandler; to the game event bus
[04:25:46] [modloading-worker-0/DEBUG] [ne.ne.fm.ja.AutomaticEventSubscriber/LOADING]: Scanning class com.whisent.powerful_dummy.client.DpsActionBar for @SubscribeEvent-annotated methods
[04:25:46] [modloading-worker-0/DEBUG] [ne.ne.fm.ja.AutomaticEventSubscriber/LOADING]: Attempting to inject @EventBusSubscriber classes into the eventbus for flywheel
[04:25:46] [modloading-worker-0/DEBUG] [ne.ne.fm.ja.AutomaticEventSubscriber/]: Subscribing @EventBusSubscriber class Lcom/whisent/powerful_dummy/client/DpsActionBar; to the game event bus
[04:25:46] [modloading-worker-0/DEBUG] [ne.ne.fm.co.ConfigTracker/CONFIG]: Config file ponder-client.toml for ponder tracking
[04:25:46] [modloading-worker-0/DEBUG] [ne.ne.fm.ja.AutomaticEventSubscriber/LOADING]: Attempting to inject @EventBusSubscriber classes into the eventbus for ponder
[04:25:46] [modloading-worker-0/DEBUG] [ne.ne.fm.ja.AutomaticEventSubscriber/LOADING]: Scanning class net.createmod.ponder.NeoForgePonderClient$ClientEvents for @SubscribeEvent-annotated methods
[04:25:46] [modloading-worker-0/DEBUG] [me.je.co.pl.Services/]: Loaded mezz.jei.neoforge.platform.PlatformHelper@41e54634 for service interface mezz.jei.common.platform.IPlatformHelper
[04:25:46] [modloading-worker-0/DEBUG] [ne.ne.fm.ja.AutomaticEventSubscriber/]: Subscribing @EventBusSubscriber class Lnet/createmod/ponder/NeoForgePonderClient$ClientEvents; to the game event bus
[04:25:46] [modloading-worker-0/DEBUG] [ne.ne.fm.ja.AutomaticEventSubscriber/LOADING]: Scanning class net.createmod.ponder.NeoForgePonder$ModBusEvents for @SubscribeEvent-annotated methods
[04:25:46] [modloading-worker-0/DEBUG] [ne.ne.fm.ja.AutomaticEventSubscriber/]: Subscribing @EventBusSubscriber class Lnet/createmod/ponder/NeoForgePonder$ModBusEvents; to the mod event bus of mod ponder
[04:25:46] [modloading-worker-0/DEBUG] [ne.ne.fm.ja.AutomaticEventSubscriber/LOADING]: Scanning class net.createmod.ponder.NeoForgePonder$Events for @SubscribeEvent-annotated methods
[04:25:46] [modloading-worker-0/DEBUG] [ne.ne.fm.ja.AutomaticEventSubscriber/]: Subscribing @EventBusSubscriber class Lnet/createmod/ponder/NeoForgePonder$Events; to the game event bus
[04:25:46] [modloading-worker-0/DEBUG] [ne.ne.fm.ja.AutomaticEventSubscriber/LOADING]: Scanning class net.createmod.ponder.NeoForgePonderClient$ModBusClientEvents for @SubscribeEvent-annotated methods
[04:25:46] [modloading-worker-0/DEBUG] [ne.ne.fm.ja.AutomaticEventSubscriber/LOADING]: Attempting to inject @EventBusSubscriber classes into the eventbus for neoforge
[04:25:46] [modloading-worker-0/DEBUG] [ne.ne.fm.ja.AutomaticEventSubscriber/LOADING]: Scanning class net.neoforged.neoforge.server.command.ConfigCommand for @SubscribeEvent-annotated methods
[04:25:46] [modloading-worker-0/DEBUG] [ne.ne.fm.ja.AutomaticEventSubscriber/]: Subscribing @EventBusSubscriber class Lnet/createmod/ponder/NeoForgePonderClient$ModBusClientEvents; to the mod event bus of mod ponder
[04:25:46] [modloading-worker-0/DEBUG] [ne.ne.fm.ja.AutomaticEventSubscriber/]: Subscribing @EventBusSubscriber class Lnet/neoforged/neoforge/server/command/ConfigCommand; to the game event bus
[04:25:46] [modloading-worker-0/DEBUG] [ne.ne.fm.ja.AutomaticEventSubscriber/LOADING]: Scanning class net.neoforged.neoforge.network.filters.GenericPacketSplitter for @SubscribeEvent-annotated methods
[04:25:46] [modloading-worker-0/INFO] [co.si.cr.Create/]: Create 6.0.8 initializing! Commit hash: 5f1b407a97467157e7a0da0c560c7d1d5f378929
[04:25:46] [modloading-worker-0/DEBUG] [me.je.co.co.fi.ConfigSerializer/]: Loading config file: F:\Minecraft\ModDev\PoopSkyMod\run\config\jei\jei-debug.ini
[04:25:46] [modloading-worker-0/DEBUG] [me.je.co.co.fi.ConfigSchema/]: Localization has not loaded yet, waiting to save the config file until JEI starts.
[04:25:46] [modloading-worker-0/DEBUG] [ne.ne.fm.ja.AutomaticEventSubscriber/LOADING]: Attempting to inject @EventBusSubscriber classes into the eventbus for farmersdelight
[04:25:46] [modloading-worker-0/DEBUG] [ne.ne.fm.co.ConfigTracker/CONFIG]: Config file poopsky-common.toml for poopsky tracking
[04:25:46] [modloading-worker-0/DEBUG] [io.ne.bu.AbstractByteBuf/]: -Dio.netty.buffer.checkAccessible: true
[04:25:46] [modloading-worker-0/DEBUG] [ne.ne.fm.co.ConfigTracker/CONFIG]: Config file touhou_little_maid-common.toml for touhou_little_maid tracking
[04:25:46] [modloading-worker-0/DEBUG] [mixin/]: Mixing accessor.BlockLootSubProviderAccessor from create.mixins.json into net.minecraft.data.loot.BlockLootSubProvider
[04:25:47] [modloading-worker-0/DEBUG] [io.ne.bu.AbstractByteBuf/]: -Dio.netty.buffer.checkBounds: true
[04:25:47] [modloading-worker-0/DEBUG] [ne.ne.fm.ja.AutomaticEventSubscriber/LOADING]: Scanning class vectorwing.farmersdelight.data.DataGenerators for @SubscribeEvent-annotated methods
[04:25:47] [modloading-worker-0/DEBUG] [ne.ne.fm.co.ConfigTracker/CONFIG]: Config file touhou_little_maid-server.toml for touhou_little_maid tracking
[04:25:47] [modloading-worker-0/DEBUG] [io.ne.ut.ResourceLeakDetectorFactory/]: Loaded default ResourceLeakDetector: io.netty.util.ResourceLeakDetector@2cfc5962
[04:25:47] [modloading-worker-0/DEBUG] [ne.ne.fm.ja.AutomaticEventSubscriber/]: Subscribing @EventBusSubscriber class Lvectorwing/farmersdelight/data/DataGenerators; to the mod event bus of mod farmersdelight
[04:25:47] [modloading-worker-0/INFO] [touhou_little_maid/]: common default pack init start...
[04:25:47] [modloading-worker-0/DEBUG] [ne.ne.fm.ja.AutomaticEventSubscriber/LOADING]: Scanning class vectorwing.farmersdelight.common.item.SkilletItem$SkilletEvents for @SubscribeEvent-annotated methods
[04:25:47] [modloading-worker-0/DEBUG] [ne.ne.fm.ja.AutomaticEventSubscriber/]: Subscribing @EventBusSubscriber class Lvectorwing/farmersdelight/common/item/SkilletItem$SkilletEvents; to the game event bus
[04:25:47] [modloading-worker-0/DEBUG] [ne.ne.fm.ja.AutomaticEventSubscriber/LOADING]: Scanning class vectorwing.farmersdelight.common.item.KnifeItem$KnifeEvents for @SubscribeEvent-annotated methods
[04:25:47] [modloading-worker-0/DEBUG] [ne.ne.fm.ja.AutomaticEventSubscriber/]: Subscribing @EventBusSubscriber class Lvectorwing/farmersdelight/common/item/KnifeItem$KnifeEvents; to the game event bus
[04:25:47] [modloading-worker-0/DEBUG] [me.je.co.co.fi.ConfigSerializer/]: Loading config file: F:\Minecraft\ModDev\PoopSkyMod\run\config\jei\jei-mod-id-format.ini
[04:25:47] [modloading-worker-0/DEBUG] [ne.ne.fm.ja.AutomaticEventSubscriber/LOADING]: Scanning class vectorwing.farmersdelight.common.item.HorseFeedItem$HorseFeedEvent for @SubscribeEvent-annotated methods
[04:25:47] [modloading-worker-0/DEBUG] [ne.ne.fm.ja.AutomaticEventSubscriber/]: Subscribing @EventBusSubscriber class Lvectorwing/farmersdelight/common/item/HorseFeedItem$HorseFeedEvent; to the game event bus
[04:25:47] [modloading-worker-0/DEBUG] [ne.ne.fm.ja.AutomaticEventSubscriber/LOADING]: Scanning class vectorwing.farmersdelight.common.item.enchantment.BackstabbingEnchantment$BackstabbingEvent for @SubscribeEvent-annotated methods
[04:25:47] [modloading-worker-0/DEBUG] [me.je.co.co.fi.ConfigSchema/]: Localization has not loaded yet, waiting to save the config file until JEI starts.
[04:25:47] [modloading-worker-0/DEBUG] [ne.ne.fm.ja.AutomaticEventSubscriber/]: Subscribing @EventBusSubscriber class Lvectorwing/farmersdelight/common/item/enchantment/BackstabbingEnchantment$BackstabbingEvent; to the game event bus
[04:25:47] [modloading-worker-0/DEBUG] [ne.ne.fm.ja.AutomaticEventSubscriber/LOADING]: Scanning class vectorwing.farmersdelight.common.item.DogFoodItem$DogFoodEvent for @SubscribeEvent-annotated methods
[04:25:47] [modloading-worker-0/DEBUG] [me.je.co.co.fi.ConfigSerializer/]: Loading config file: F:\Minecraft\ModDev\PoopSkyMod\run\config\jei\jei-colors.ini
[04:25:47] [modloading-worker-0/DEBUG] [ne.ne.fm.ja.AutomaticEventSubscriber/]: Subscribing @EventBusSubscriber class Lvectorwing/farmersdelight/common/item/DogFoodItem$DogFoodEvent; to the game event bus
[04:25:47] [modloading-worker-0/DEBUG] [ne.ne.fm.ja.AutomaticEventSubscriber/LOADING]: Scanning class vectorwing.farmersdelight.common.event.VillagerEvents for @SubscribeEvent-annotated methods
[04:25:47] [modloading-worker-0/DEBUG] [me.je.co.co.fi.ConfigSchema/]: Localization has not loaded yet, waiting to save the config file until JEI starts.
[04:25:47] [modloading-worker-0/DEBUG] [ne.ne.fm.ja.AutomaticEventSubscriber/]: Subscribing @EventBusSubscriber class Lvectorwing/farmersdelight/common/event/VillagerEvents; to the game event bus
[04:25:47] [modloading-worker-0/DEBUG] [ne.ne.fm.ja.AutomaticEventSubscriber/LOADING]: Scanning class vectorwing.farmersdelight.common.event.CommonModBusEvents for @SubscribeEvent-annotated methods
[04:25:47] [modloading-worker-0/DEBUG] [mixin/]: Mixing DataComponentPatchBuilderMixin from kubejs.mixins.json into net.minecraft.core.component.DataComponentPatch$Builder
[04:25:47] [modloading-worker-0/DEBUG] [io.ne.ut.in.InternalThreadLocalMap/]: -Dio.netty.threadLocalMap.stringBuilder.initialSize: 1024
[04:25:47] [modloading-worker-0/DEBUG] [io.ne.ut.in.InternalThreadLocalMap/]: -Dio.netty.threadLocalMap.stringBuilder.maxSize: 4096
[04:25:47] [modloading-worker-0/DEBUG] [ne.ne.fm.ja.AutomaticEventSubscriber/LOADING]: Attempting to inject @EventBusSubscriber classes into the eventbus for poopsky
[04:25:47] [modloading-worker-0/DEBUG] [ne.ne.fm.ja.AutomaticEventSubscriber/LOADING]: Scanning class com.altnoir.poopsky.Config for @SubscribeEvent-annotated methods
[04:25:47] [modloading-worker-0/DEBUG] [ne.ne.fm.ja.AutomaticEventSubscriber/]: Subscribing @EventBusSubscriber class Lcom/altnoir/poopsky/Config; to the mod event bus of mod poopsky
[04:25:47] [modloading-worker-0/DEBUG] [ne.ne.fm.ja.AutomaticEventSubscriber/]: Subscribing @EventBusSubscriber class Lvectorwing/farmersdelight/common/event/CommonModBusEvents; to the mod event bus of mod farmersdelight
[04:25:47] [modloading-worker-0/DEBUG] [ne.ne.fm.ja.AutomaticEventSubscriber/LOADING]: Scanning class com.altnoir.poopsky.datagen.DataGenerators for @SubscribeEvent-annotated methods
[04:25:47] [modloading-worker-0/DEBUG] [ne.ne.fm.ja.AutomaticEventSubscriber/LOADING]: Scanning class vectorwing.farmersdelight.common.event.CommonEvents for @SubscribeEvent-annotated methods
[04:25:47] [modloading-worker-0/DEBUG] [ne.ne.fm.ja.AutomaticEventSubscriber/]: Subscribing @EventBusSubscriber class Lvectorwing/farmersdelight/common/event/CommonEvents; to the game event bus
[04:25:47] [modloading-worker-0/DEBUG] [ne.ne.fm.ja.AutomaticEventSubscriber/]: Subscribing @EventBusSubscriber class Lcom/altnoir/poopsky/datagen/DataGenerators; to the mod event bus of mod poopsky
[04:25:47] [modloading-worker-0/DEBUG] [ne.ne.fm.ja.AutomaticEventSubscriber/LOADING]: Scanning class vectorwing.farmersdelight.common.block.entity.CuttingBoardBlockEntity for @SubscribeEvent-annotated methods
[04:25:47] [modloading-worker-0/DEBUG] [ne.ne.fm.ja.AutomaticEventSubscriber/LOADING]: Scanning class com.altnoir.poopsky.event.PSGameEvents for @SubscribeEvent-annotated methods
[04:25:47] [modloading-worker-0/DEBUG] [io.ne.bu.PooledByteBufAllocator/]: -Dio.netty.allocator.numHeapArenas: 32
[04:25:47] [modloading-worker-0/DEBUG] [io.ne.bu.PooledByteBufAllocator/]: -Dio.netty.allocator.numDirectArenas: 32
[04:25:47] [modloading-worker-0/DEBUG] [io.ne.bu.PooledByteBufAllocator/]: -Dio.netty.allocator.pageSize: 8192
[04:25:47] [modloading-worker-0/DEBUG] [io.ne.bu.PooledByteBufAllocator/]: -Dio.netty.allocator.maxOrder: 9
[04:25:47] [modloading-worker-0/DEBUG] [io.ne.bu.PooledByteBufAllocator/]: -Dio.netty.allocator.chunkSize: 4194304
[04:25:47] [modloading-worker-0/DEBUG] [io.ne.bu.PooledByteBufAllocator/]: -Dio.netty.allocator.smallCacheSize: 256
[04:25:47] [modloading-worker-0/DEBUG] [io.ne.bu.PooledByteBufAllocator/]: -Dio.netty.allocator.normalCacheSize: 64
[04:25:47] [modloading-worker-0/DEBUG] [io.ne.bu.PooledByteBufAllocator/]: -Dio.netty.allocator.maxCachedBufferCapacity: 32768
[04:25:47] [modloading-worker-0/DEBUG] [io.ne.bu.PooledByteBufAllocator/]: -Dio.netty.allocator.cacheTrimInterval: 8192
[04:25:47] [modloading-worker-0/DEBUG] [io.ne.bu.PooledByteBufAllocator/]: -Dio.netty.allocator.cacheTrimIntervalMillis: 0
[04:25:47] [modloading-worker-0/DEBUG] [io.ne.bu.PooledByteBufAllocator/]: -Dio.netty.allocator.useCacheForAllThreads: false
[04:25:47] [modloading-worker-0/DEBUG] [io.ne.bu.PooledByteBufAllocator/]: -Dio.netty.allocator.maxCachedByteBuffersPerChunk: 1023
[04:25:47] [modloading-worker-0/DEBUG] [mixin/]: Mixing RecipeHolderMixin from kubejs.mixins.json into net.minecraft.world.item.crafting.RecipeHolder
[04:25:47] [modloading-worker-0/DEBUG] [ne.ne.fm.ja.AutomaticEventSubscriber/]: Subscribing @EventBusSubscriber class Lcom/altnoir/poopsky/event/PSGameEvents; to the game event bus
[04:25:47] [modloading-worker-0/DEBUG] [ne.ne.fm.ja.AutomaticEventSubscriber/]: Subscribing @EventBusSubscriber class Lvectorwing/farmersdelight/common/block/entity/CuttingBoardBlockEntity; to the mod event bus of mod farmersdelight
[04:25:47] [modloading-worker-0/DEBUG] [me.je.co.co.fi.ConfigSerializer/]: Loading config file: F:\Minecraft\ModDev\PoopSkyMod\run\config\jei\jei-client.ini
[04:25:47] [modloading-worker-0/DEBUG] [ne.ne.fm.ja.AutomaticEventSubscriber/LOADING]: Scanning class com.altnoir.poopsky.event.PSModEvents for @SubscribeEvent-annotated methods
[04:25:47] [modloading-worker-0/DEBUG] [me.je.co.co.fi.ConfigSchema/]: Localization has not loaded yet, waiting to save the config file until JEI starts.
[04:25:47] [modloading-worker-0/DEBUG] [mixin/]: Mixing jei.PluginCallerMixin from emi.mixins.json into mezz.jei.library.load.PluginCaller
[04:25:47] [modloading-worker-0/DEBUG] [mixin/]: emi.mixins.json:jei.PluginCallerMixin from mod emi: Class version 65 required is higher than the class version supported by the current version of Mixin (JAVA_17 supports class version 61)
[04:25:47] [modloading-worker-0/DEBUG] [io.ne.bu.ByteBufUtil/]: -Dio.netty.allocator.type: pooled
[04:25:47] [modloading-worker-0/DEBUG] [io.ne.bu.ByteBufUtil/]: -Dio.netty.threadLocalDirectBufferSize: 0
[04:25:47] [modloading-worker-0/DEBUG] [io.ne.bu.ByteBufUtil/]: -Dio.netty.maxThreadLocalCharBufferSize: 16384
[04:25:47] [modloading-worker-0/DEBUG] [ne.ne.fm.ja.AutomaticEventSubscriber/LOADING]: Scanning class vectorwing.farmersdelight.common.block.entity.CookingPotBlockEntity for @SubscribeEvent-annotated methods
[04:25:47] [modloading-worker-0/DEBUG] [ne.ne.fm.ja.AutomaticEventSubscriber/LOADING]: Found mix of game bus and mod bus listeners in @EventBusSubscriber class Lcom/altnoir/poopsky/event/PSModEvents;, registering them separately
[04:25:47] [modloading-worker-0/DEBUG] [ne.ne.fm.ja.AutomaticEventSubscriber/LOADING]: Subscribing method public static void com.altnoir.poopsky.event.PSModEvents.CapabilitiesRegister(net.neoforged.neoforge.capabilities.RegisterCapabilitiesEvent) to the event bus of mod poopsky
[04:25:47] [modloading-worker-0/DEBUG] [ne.ne.fm.ja.AutomaticEventSubscriber/LOADING]: Subscribing method public static void com.altnoir.poopsky.event.PSModEvents.registerAttributes(net.neoforged.neoforge.event.entity.EntityAttributeCreationEvent) to the event bus of mod poopsky
[04:25:47] [modloading-worker-0/DEBUG] [ne.ne.fm.ja.AutomaticEventSubscriber/LOADING]: Subscribing method public static void com.altnoir.poopsky.event.PSModEvents.registerSpawnPlacements(net.neoforged.neoforge.event.entity.RegisterSpawnPlacementsEvent) to the event bus of mod poopsky
[04:25:47] [modloading-worker-0/DEBUG] [ne.ne.fm.ja.AutomaticEventSubscriber/LOADING]: Subscribing method public static void com.altnoir.poopsky.event.PSModEvents.onMobEffectApplicable(net.neoforged.neoforge.event.entity.living.MobEffectEvent$Applicable) to the game event bus
[04:25:47] [modloading-worker-0/DEBUG] [ne.ne.fm.ja.AutomaticEventSubscriber/LOADING]: Subscribing method public static void com.altnoir.poopsky.event.PSModEvents.onEntityDismount(net.neoforged.neoforge.event.entity.EntityMountEvent) to the game event bus
[04:25:47] [modloading-worker-0/DEBUG] [ne.ne.fm.ja.AutomaticEventSubscriber/]: Subscribing @EventBusSubscriber class Lnet/neoforged/neoforge/network/filters/GenericPacketSplitter; to the mod event bus of mod neoforge
[04:25:47] [modloading-worker-0/DEBUG] [ne.ne.fm.ja.AutomaticEventSubscriber/]: Subscribing @EventBusSubscriber class Lvectorwing/farmersdelight/common/block/entity/CookingPotBlockEntity; to the mod event bus of mod farmersdelight
[04:25:47] [modloading-worker-0/DEBUG] [ne.ne.fm.ja.AutomaticEventSubscriber/LOADING]: Scanning class net.neoforged.neoforge.network.NetworkInitialization for @SubscribeEvent-annotated methods
[04:25:47] [modloading-worker-0/DEBUG] [ne.ne.fm.ja.AutomaticEventSubscriber/LOADING]: Scanning class vectorwing.farmersdelight.common.block.entity.CabinetBlockEntity for @SubscribeEvent-annotated methods
[04:25:47] [modloading-worker-0/DEBUG] [ne.ne.fm.ja.AutomaticEventSubscriber/]: Subscribing @EventBusSubscriber class Lnet/neoforged/neoforge/network/NetworkInitialization; to the mod event bus of mod neoforge
[04:25:47] [modloading-worker-0/DEBUG] [ne.ne.fm.ja.AutomaticEventSubscriber/LOADING]: Scanning class net.neoforged.neoforge.network.ConfigurationInitialization for @SubscribeEvent-annotated methods
[04:25:47] [modloading-worker-0/DEBUG] [ne.ne.fm.ja.AutomaticEventSubscriber/]: Subscribing @EventBusSubscriber class Lvectorwing/farmersdelight/common/block/entity/CabinetBlockEntity; to the mod event bus of mod farmersdelight
[04:25:47] [modloading-worker-0/INFO] [me.je.li.lo.PluginCaller/]: Sending ConfigManager...
[04:25:47] [modloading-worker-0/DEBUG] [ne.ne.fm.ja.AutomaticEventSubscriber/LOADING]: Scanning class vectorwing.farmersdelight.common.block.entity.BasketBlockEntity for @SubscribeEvent-annotated methods
[04:25:47] [modloading-worker-0/DEBUG] [ne.ne.fm.ja.AutomaticEventSubscriber/]: Subscribing @EventBusSubscriber class Lvectorwing/farmersdelight/common/block/entity/BasketBlockEntity; to the mod event bus of mod farmersdelight
[04:25:47] [modloading-worker-0/DEBUG] [me.je.li.lo.PluginCallerTimerRunnable/]: Sending ConfigManager: jei:minecraft...
[04:25:47] [modloading-worker-0/DEBUG] [me.je.li.lo.PluginCallerTimerRunnable/]: Sending ConfigManager: farmersdelight:jei_plugin...
[04:25:47] [modloading-worker-0/DEBUG] [me.je.li.lo.PluginCallerTimerRunnable/]: Sending ConfigManager: emi:jemi...
[04:25:47] [modloading-worker-0/DEBUG] [ne.ne.fm.ja.AutomaticEventSubscriber/]: Subscribing @EventBusSubscriber class Lnet/neoforged/neoforge/network/ConfigurationInitialization; to the mod event bus of mod neoforge
[04:25:47] [modloading-worker-0/DEBUG] [me.je.li.lo.PluginCallerTimerRunnable/]: Sending ConfigManager: jade:main...
[04:25:47] [modloading-worker-0/DEBUG] [me.je.li.lo.PluginCallerTimerRunnable/]: Sending ConfigManager: jei:neoforge_gui...
[04:25:47] [modloading-worker-0/DEBUG] [me.je.li.lo.PluginCallerTimerRunnable/]: Sending ConfigManager: jei:debug...
[04:25:47] [modloading-worker-0/DEBUG] [ne.ne.fm.ja.AutomaticEventSubscriber/LOADING]: Scanning class vectorwing.farmersdelight.common.block.CuttingBoardBlock$ToolCarvingEvent for @SubscribeEvent-annotated methods
[04:25:47] [modloading-worker-0/DEBUG] [ne.ne.fm.ja.AutomaticEventSubscriber/LOADING]: Scanning class net.neoforged.neoforge.common.MonsterRoomHooks for @SubscribeEvent-annotated methods
[04:25:47] [modloading-worker-0/DEBUG] [me.je.li.lo.PluginCallerTimerRunnable/]: Sending ConfigManager: jei:gui...
[04:25:47] [modloading-worker-0/DEBUG] [me.je.li.lo.PluginCallerTimerRunnable/]: Sending ConfigManager: poopsky:jei_plugin...
[04:25:47] [modloading-worker-0/DEBUG] [me.je.li.lo.PluginCallerTimerRunnable/]: Sending ConfigManager: touhou_little_maid:jei...
[04:25:47] [modloading-worker-0/DEBUG] [me.je.li.lo.PluginCallerTimerRunnable/]: Sending ConfigManager: create:jei_plugin...
[04:25:47] [modloading-worker-0/DEBUG] [me.je.li.lo.PluginCallerTimerRunnable/]: Sending ConfigManager: kubejs:jei...
[04:25:47] [modloading-worker-0/DEBUG] [me.je.li.lo.PluginCallerTimerRunnable/]: Sending ConfigManager: jei:internal...
[04:25:47] [modloading-worker-0/DEBUG] [ne.ne.fm.ja.AutomaticEventSubscriber/]: Subscribing @EventBusSubscriber class Lvectorwing/farmersdelight/common/block/CuttingBoardBlock$ToolCarvingEvent; to the game event bus
[04:25:47] [modloading-worker-0/DEBUG] [ne.ne.fm.ja.AutomaticEventSubscriber/LOADING]: Scanning class vectorwing.farmersdelight.client.event.TooltipEvents for @SubscribeEvent-annotated methods
[04:25:47] [modloading-worker-0/DEBUG] [ne.ne.fm.ja.AutomaticEventSubscriber/]: Subscribing @EventBusSubscriber class Lnet/neoforged/neoforge/common/MonsterRoomHooks; to the game event bus
[04:25:47] [modloading-worker-0/DEBUG] [ne.ne.fm.ja.AutomaticEventSubscriber/]: Subscribing @EventBusSubscriber class Lvectorwing/farmersdelight/client/event/TooltipEvents; to the game event bus
[04:25:47] [modloading-worker-0/DEBUG] [ne.ne.fm.ja.AutomaticEventSubscriber/LOADING]: Scanning class net.neoforged.neoforge.common.DeferredSpawnEggItem$CommonHandler for @SubscribeEvent-annotated methods
[04:25:47] [modloading-worker-0/INFO] [me.je.li.lo.PluginCaller/]: Sending ConfigManager took 3.091 milliseconds
[04:25:47] [modloading-worker-0/DEBUG] [ne.ne.fm.ja.AutomaticEventSubscriber/LOADING]: Scanning class vectorwing.farmersdelight.client.event.ClientSetupEvents for @SubscribeEvent-annotated methods
[04:25:47] [modloading-worker-0/DEBUG] [ne.ne.fm.ja.AutomaticEventSubscriber/]: Subscribing @EventBusSubscriber class Lnet/neoforged/neoforge/common/DeferredSpawnEggItem$CommonHandler; to the mod event bus of mod neoforge
[04:25:47] [modloading-worker-0/DEBUG] [ne.ne.fm.ja.AutomaticEventSubscriber/]: Subscribing @EventBusSubscriber class Lvectorwing/farmersdelight/client/event/ClientSetupEvents; to the mod event bus of mod farmersdelight
[04:25:47] [modloading-worker-0/DEBUG] [ne.ne.fm.ja.AutomaticEventSubscriber/LOADING]: Scanning class net.neoforged.neoforge.common.DeferredSpawnEggItem$ColorRegisterHandler for @SubscribeEvent-annotated methods
[04:25:47] [modloading-worker-0/DEBUG] [ne.ne.fm.ja.AutomaticEventSubscriber/]: Subscribing @EventBusSubscriber class Lnet/neoforged/neoforge/common/DeferredSpawnEggItem$ColorRegisterHandler; to the mod event bus of mod neoforge
[04:25:47] [modloading-worker-0/DEBUG] [ne.ne.fm.ja.AutomaticEventSubscriber/LOADING]: Scanning class net.neoforged.neoforge.client.model.data.ModelDataManager for @SubscribeEvent-annotated methods
[04:25:47] [modloading-worker-0/DEBUG] [ne.ne.fm.ja.AutomaticEventSubscriber/]: Subscribing @EventBusSubscriber class Lnet/neoforged/neoforge/client/model/data/ModelDataManager; to the game event bus
[04:25:47] [modloading-worker-0/DEBUG] [ne.ne.fm.ja.AutomaticEventSubscriber/LOADING]: Scanning class net.neoforged.neoforge.client.ParticleBoundsDebugRenderer for @SubscribeEvent-annotated methods
[04:25:47] [modloading-worker-0/DEBUG] [ne.ne.fm.ja.AutomaticEventSubscriber/LOADING]: Attempting to inject @EventBusSubscriber classes into the eventbus for jei
[04:25:47] [modloading-worker-0/DEBUG] [mixin/]: Mixing PoseStackAccessor from flywheel.impl.mixins.json into com.mojang.blaze3d.vertex.PoseStack
[04:25:47] [modloading-worker-0/DEBUG] [mixin/]: Mixing PoseStackMixin from flywheel.impl.mixins.json into com.mojang.blaze3d.vertex.PoseStack
[04:25:47] [modloading-worker-0/DEBUG] [ne.ne.fm.ja.AutomaticEventSubscriber/]: Subscribing @EventBusSubscriber class Lnet/neoforged/neoforge/client/ParticleBoundsDebugRenderer; to the game event bus
[04:25:47] [modloading-worker-0/DEBUG] [ne.ne.fm.ja.AutomaticEventSubscriber/LOADING]: Scanning class net.neoforged.neoforge.client.ClientHooks$ClientEvents for @SubscribeEvent-annotated methods
[04:25:47] [modloading-worker-0/DEBUG] [ne.ne.fm.ja.AutomaticEventSubscriber/]: Subscribing @EventBusSubscriber class Lnet/neoforged/neoforge/client/ClientHooks$ClientEvents; to the mod event bus of mod neoforge
[04:25:47] [modloading-worker-0/DEBUG] [ne.ne.fm.ja.AutomaticEventSubscriber/LOADING]: Scanning class net.neoforged.neoforge.client.BlockEntityRenderBoundsDebugRenderer for @SubscribeEvent-annotated methods
[04:25:47] [modloading-worker-0/DEBUG] [ne.ne.fm.ja.AutomaticEventSubscriber/]: Subscribing @EventBusSubscriber class Lnet/neoforged/neoforge/client/BlockEntityRenderBoundsDebugRenderer; to the game event bus
[04:25:47] [modloading-worker-0/DEBUG] [ne.ne.fm.ja.AutomaticEventSubscriber/LOADING]: Scanning class net.neoforged.neoforge.attachment.AttachmentSync for @SubscribeEvent-annotated methods
[04:25:47] [modloading-worker-0/DEBUG] [ne.ne.fm.ja.AutomaticEventSubscriber/]: Subscribing @EventBusSubscriber class Lnet/neoforged/neoforge/attachment/AttachmentSync; to the game event bus
[04:25:47] [modloading-worker-0/DEBUG] [ne.ne.fm.ja.AutomaticEventSubscriber/LOADING]: Scanning class net.neoforged.neoforge.attachment.AttachmentInternals for @SubscribeEvent-annotated methods
[04:25:47] [modloading-worker-0/DEBUG] [ne.ne.fm.ja.AutomaticEventSubscriber/]: Subscribing @EventBusSubscriber class Lnet/neoforged/neoforge/attachment/AttachmentInternals; to the game event bus
[04:25:47] [modloading-worker-0/DEBUG] [mixin/]: Mixing client.accessor.GameRendererAccessor from ponder-common.mixins.json into net.minecraft.client.renderer.GameRenderer
[04:25:47] [modloading-worker-0/DEBUG] [mixin/]: ponder-common.mixins.json:client.accessor.GameRendererAccessor from mod ponder: Class version 65 required is higher than the class version supported by the current version of Mixin (JAVA_17 supports class version 61)
[04:25:47] [modloading-worker-0/DEBUG] [mixin/]: Mixing GameRendererMixin from kubejs.mixins.json into net.minecraft.client.renderer.GameRenderer
[04:25:47] [modloading-worker-0/DEBUG] [mixin/]: Mixing client.GameRendererMixin from create.mixins.json into net.minecraft.client.renderer.GameRenderer
[04:25:47] [modloading-worker-0/DEBUG] [mixin/]: kubejs.mixins.json:GameRendererMixin from mod kubejs->@Inject::kjs$checkEntityPostEffect(Lorg/spongepowered/asm/mixin/injection/callback/CallbackInfo;)V does use it's CallbackInfo
[04:25:47] [modloading-worker-0/DEBUG] [mixin/]: create.mixins.json:client.GameRendererMixin from mod create->@Inject::create$bigShapePick(Lorg/spongepowered/asm/mixin/injection/callback/CallbackInfo;)V doesn't use it's CallbackInfo
[04:25:47] [modloading-worker-0/DEBUG] [mixin/]: create.mixins.json:client.GameRendererMixin from mod create->@Inject::create$bigShapePick(Lorg/spongepowered/asm/mixin/injection/callback/CallbackInfo;)V has 0 override(s) in child classes
[04:25:47] [modloading-worker-0/DEBUG] [mixin/]: create.mixins.json:client.GameRendererMixin from mod create->@Inject::create$bigShapePick(Lorg/spongepowered/asm/mixin/injection/callback/CallbackInfo;)V won't be passed a CallbackInfo as a result
[04:25:47] [modloading-worker-0/INFO] [KubeJS/]: Loading vanilla registries...
[04:25:47] [modloading-worker-0/INFO] [KubeJS/]: Looking for KubeJS plugins...
[04:25:47] [modloading-worker-0/INFO] [KubeJS/]: Found plugin source kubejs
[04:25:47] [modloading-worker-0/WARN] [KubeJS/]: Plugin dev.latvian.mods.kubejs.integration.architectury.ArchitecturyIntegration does not have required mod 'architectury' loaded, skipping
[04:25:47] [modloading-worker-0/DEBUG] [mixin/]: Mixing accessor.ItemRendererAccessor from emi.mixins.json into net.minecraft.client.renderer.entity.ItemRenderer
[04:25:47] [modloading-worker-0/DEBUG] [mixin/]: emi.mixins.json:accessor.ItemRendererAccessor from mod emi: Class version 65 required is higher than the class version supported by the current version of Mixin (JAVA_17 supports class version 61)
[04:25:47] [modloading-worker-0/INFO] [KubeJS/]: Found plugin source touhou_little_maid
[04:25:47] [modloading-worker-0/DEBUG] [mixin/]: Mixing client.accessor.ItemRendererAccessor from ponder-common.mixins.json into net.minecraft.client.renderer.entity.ItemRenderer
[04:25:47] [modloading-worker-0/DEBUG] [mixin/]: ponder-common.mixins.json:client.accessor.ItemRendererAccessor from mod ponder: Class version 65 required is higher than the class version supported by the current version of Mixin (JAVA_17 supports class version 61)
[04:25:47] [modloading-worker-0/INFO] [KubeJS/]: Done in 9.325 ms
[04:25:47] [modloading-worker-0/DEBUG] [mixin/]: Mixing LevelRendererAccessor from flywheel.backend.mixins.json into net.minecraft.client.renderer.LevelRenderer
[04:25:47] [modloading-worker-0/DEBUG] [mixin/]: Mixing fix.FixFabulousDepthMixin from flywheel.impl.mixins.json into net.minecraft.client.renderer.LevelRenderer
[04:25:47] [modloading-worker-0/DEBUG] [mixin/]: Mixing visualmanage.LevelRendererMixin from flywheel.impl.mixins.json into net.minecraft.client.renderer.LevelRenderer
[04:25:47] [modloading-worker-0/DEBUG] [mixin/]: Mixing LevelRendererMixin from kubejs.mixins.json into net.minecraft.client.renderer.LevelRenderer
[04:25:47] [modloading-worker-0/DEBUG] [mixin/]: Mixing accessor.LevelRendererAccessor from create.mixins.json into net.minecraft.client.renderer.LevelRenderer
[04:25:47] [modloading-worker-0/DEBUG] [mixin/]: Mixing client.LevelRendererMixin from create.mixins.json into net.minecraft.client.renderer.LevelRenderer
[04:25:47] [modloading-worker-0/DEBUG] [mixin/]: Renaming synthetic method lambda$create$onDestroyBlockProgress$0(J)Ljava/util/SortedSet; to md3fd53a$create$lambda$create$onDestroyBlockProgress$0$0 in create.mixins.json:client.LevelRendererMixin from mod create
[04:25:47] [modloading-worker-0/DEBUG] [mixin/]: Mixing LevelRendererMixin from flywheel.impl.mixins.json into net.minecraft.client.renderer.LevelRenderer
[04:25:47] [modloading-worker-0/DEBUG] [mixin/]: flywheel.impl.mixins.json:fix.FixFabulousDepthMixin from mod flywheel->@Inject::flywheel$disableTransparencyShaderDepth(Lorg/spongepowered/asm/mixin/injection/callback/CallbackInfo;)V doesn't use it's CallbackInfo
[04:25:47] [modloading-worker-0/DEBUG] [mixin/]: flywheel.impl.mixins.json:fix.FixFabulousDepthMixin from mod flywheel->@Inject::flywheel$disableTransparencyShaderDepth(Lorg/spongepowered/asm/mixin/injection/callback/CallbackInfo;)V has 0 override(s) in child classes
[04:25:47] [modloading-worker-0/DEBUG] [mixin/]: flywheel.impl.mixins.json:fix.FixFabulousDepthMixin from mod flywheel->@Inject::flywheel$disableTransparencyShaderDepth(Lorg/spongepowered/asm/mixin/injection/callback/CallbackInfo;)V won't be passed a CallbackInfo as a result
[04:25:47] [modloading-worker-0/DEBUG] [mixin/]: flywheel.impl.mixins.json:visualmanage.LevelRendererMixin from mod flywheel->@Inject::flywheel$checkUpdate(Lnet/minecraft/core/BlockPos;Lnet/minecraft/world/level/block/state/BlockState;Lnet/minecraft/world/level/block/state/BlockState;Lorg/spongepowered/asm/mixin/injection/callback/CallbackInfo;)V doesn't use it's CallbackInfo
[04:25:47] [modloading-worker-0/DEBUG] [mixin/]: flywheel.impl.mixins.json:visualmanage.LevelRendererMixin from mod flywheel->@Inject::flywheel$checkUpdate(Lnet/minecraft/core/BlockPos;Lnet/minecraft/world/level/block/state/BlockState;Lnet/minecraft/world/level/block/state/BlockState;Lorg/spongepowered/asm/mixin/injection/callback/CallbackInfo;)V has 0 override(s) in child classes
[04:25:47] [modloading-worker-0/DEBUG] [mixin/]: flywheel.impl.mixins.json:visualmanage.LevelRendererMixin from mod flywheel->@Inject::flywheel$checkUpdate(Lnet/minecraft/core/BlockPos;Lnet/minecraft/world/level/block/state/BlockState;Lnet/minecraft/world/level/block/state/BlockState;Lorg/spongepowered/asm/mixin/injection/callback/CallbackInfo;)V won't be passed a CallbackInfo as a result
[04:25:47] [modloading-worker-0/DEBUG] [mixin/]: kubejs.mixins.json:LevelRendererMixin from mod kubejs->@Inject::kjs$loadPostChains(Lorg/spongepowered/asm/mixin/injection/callback/CallbackInfo;)V doesn't use it's CallbackInfo
[04:25:47] [modloading-worker-0/DEBUG] [mixin/]: kubejs.mixins.json:LevelRendererMixin from mod kubejs->@Inject::kjs$loadPostChains(Lorg/spongepowered/asm/mixin/injection/callback/CallbackInfo;)V has 0 override(s) in child classes
[04:25:47] [modloading-worker-0/DEBUG] [mixin/]: kubejs.mixins.json:LevelRendererMixin from mod kubejs->@Inject::kjs$loadPostChains(Lorg/spongepowered/asm/mixin/injection/callback/CallbackInfo;)V won't be passed a CallbackInfo as a result
[04:25:47] [modloading-worker-0/DEBUG] [mixin/]: kubejs.mixins.json:LevelRendererMixin from mod kubejs->@Inject::kjs$resizePostChains(IILorg/spongepowered/asm/mixin/injection/callback/CallbackInfo;)V doesn't use it's CallbackInfo
[04:25:47] [modloading-worker-0/DEBUG] [mixin/]: kubejs.mixins.json:LevelRendererMixin from mod kubejs->@Inject::kjs$resizePostChains(IILorg/spongepowered/asm/mixin/injection/callback/CallbackInfo;)V has 0 override(s) in child classes
[04:25:47] [modloading-worker-0/DEBUG] [mixin/]: kubejs.mixins.json:LevelRendererMixin from mod kubejs->@Inject::kjs$resizePostChains(IILorg/spongepowered/asm/mixin/injection/callback/CallbackInfo;)V won't be passed a CallbackInfo as a result
[04:25:47] [modloading-worker-0/DEBUG] [mixin/]: kubejs.mixins.json:LevelRendererMixin from mod kubejs->@Inject::kjs$highlightBlock(Lcom/mojang/blaze3d/vertex/PoseStack;Lcom/mojang/blaze3d/vertex/VertexConsumer;Lnet/minecraft/world/entity/Entity;DDDLnet/minecraft/core/BlockPos;Lnet/minecraft/world/level/block/state/BlockState;Lorg/spongepowered/asm/mixin/injection/callback/CallbackInfo;)V does use it's CallbackInfo
[04:25:47] [modloading-worker-0/DEBUG] [mixin/]: create.mixins.json:client.LevelRendererMixin from mod create->@Inject::create$onDestroyBlockProgress(ILnet/minecraft/core/BlockPos;ILorg/spongepowered/asm/mixin/injection/callback/CallbackInfo;Lnet/minecraft/server/level/BlockDestructionProgress;)V doesn't use it's CallbackInfo
[04:25:47] [modloading-worker-0/DEBUG] [mixin/]: create.mixins.json:client.LevelRendererMixin from mod create->@Inject::create$onDestroyBlockProgress(ILnet/minecraft/core/BlockPos;ILorg/spongepowered/asm/mixin/injection/callback/CallbackInfo;Lnet/minecraft/server/level/BlockDestructionProgress;)V has 0 override(s) in child classes
[04:25:47] [modloading-worker-0/DEBUG] [mixin/]: create.mixins.json:client.LevelRendererMixin from mod create->@Inject::create$onDestroyBlockProgress(ILnet/minecraft/core/BlockPos;ILorg/spongepowered/asm/mixin/injection/callback/CallbackInfo;Lnet/minecraft/server/level/BlockDestructionProgress;)V won't be passed a CallbackInfo as a result
[04:25:47] [modloading-worker-0/DEBUG] [mixin/]: create.mixins.json:client.LevelRendererMixin from mod create->@Inject::create$onRemoveProgress(Lnet/minecraft/server/level/BlockDestructionProgress;Lorg/spongepowered/asm/mixin/injection/callback/CallbackInfo;)V doesn't use it's CallbackInfo
[04:25:47] [modloading-worker-0/DEBUG] [mixin/]: create.mixins.json:client.LevelRendererMixin from mod create->@Inject::create$onRemoveProgress(Lnet/minecraft/server/level/BlockDestructionProgress;Lorg/spongepowered/asm/mixin/injection/callback/CallbackInfo;)V has 0 override(s) in child classes
[04:25:47] [modloading-worker-0/DEBUG] [mixin/]: create.mixins.json:client.LevelRendererMixin from mod create->@Inject::create$onRemoveProgress(Lnet/minecraft/server/level/BlockDestructionProgress;Lorg/spongepowered/asm/mixin/injection/callback/CallbackInfo;)V won't be passed a CallbackInfo as a result
[04:25:47] [modloading-worker-0/DEBUG] [mixin/]: flywheel.impl.mixins.json:LevelRendererMixin from mod flywheel->@Inject::flywheel$beginRender(Lnet/minecraft/client/DeltaTracker;ZLnet/minecraft/client/Camera;Lnet/minecraft/client/renderer/GameRenderer;Lnet/minecraft/client/renderer/LightTexture;Lorg/joml/Matrix4f;Lorg/joml/Matrix4f;Lorg/spongepowered/asm/mixin/injection/callback/CallbackInfo;)V doesn't use it's CallbackInfo
[04:25:47] [modloading-worker-0/DEBUG] [mixin/]: flywheel.impl.mixins.json:LevelRendererMixin from mod flywheel->@Inject::flywheel$beginRender(Lnet/minecraft/client/DeltaTracker;ZLnet/minecraft/client/Camera;Lnet/minecraft/client/renderer/GameRenderer;Lnet/minecraft/client/renderer/LightTexture;Lorg/joml/Matrix4f;Lorg/joml/Matrix4f;Lorg/spongepowered/asm/mixin/injection/callback/CallbackInfo;)V has 0 override(s) in child classes
[04:25:47] [modloading-worker-0/DEBUG] [mixin/]: flywheel.impl.mixins.json:LevelRendererMixin from mod flywheel->@Inject::flywheel$beginRender(Lnet/minecraft/client/DeltaTracker;ZLnet/minecraft/client/Camera;Lnet/minecraft/client/renderer/GameRenderer;Lnet/minecraft/client/renderer/LightTexture;Lorg/joml/Matrix4f;Lorg/joml/Matrix4f;Lorg/spongepowered/asm/mixin/injection/callback/CallbackInfo;)V won't be passed a CallbackInfo as a result
[04:25:47] [modloading-worker-0/DEBUG] [mixin/]: flywheel.impl.mixins.json:LevelRendererMixin from mod flywheel->@Inject::flywheel$endRender(Lorg/spongepowered/asm/mixin/injection/callback/CallbackInfo;)V doesn't use it's CallbackInfo
[04:25:47] [modloading-worker-0/DEBUG] [mixin/]: flywheel.impl.mixins.json:LevelRendererMixin from mod flywheel->@Inject::flywheel$endRender(Lorg/spongepowered/asm/mixin/injection/callback/CallbackInfo;)V has 0 override(s) in child classes
[04:25:47] [modloading-worker-0/DEBUG] [mixin/]: flywheel.impl.mixins.json:LevelRendererMixin from mod flywheel->@Inject::flywheel$endRender(Lorg/spongepowered/asm/mixin/injection/callback/CallbackInfo;)V won't be passed a CallbackInfo as a result
[04:25:47] [modloading-worker-0/DEBUG] [mixin/]: flywheel.impl.mixins.json:LevelRendererMixin from mod flywheel->@Inject::flywheel$reload(Lorg/spongepowered/asm/mixin/injection/callback/CallbackInfo;)V doesn't use it's CallbackInfo
[04:25:47] [modloading-worker-0/DEBUG] [mixin/]: flywheel.impl.mixins.json:LevelRendererMixin from mod flywheel->@Inject::flywheel$reload(Lorg/spongepowered/asm/mixin/injection/callback/CallbackInfo;)V has 0 override(s) in child classes
[04:25:47] [modloading-worker-0/DEBUG] [mixin/]: flywheel.impl.mixins.json:LevelRendererMixin from mod flywheel->@Inject::flywheel$reload(Lorg/spongepowered/asm/mixin/injection/callback/CallbackInfo;)V won't be passed a CallbackInfo as a result
[04:25:47] [modloading-worker-0/DEBUG] [mixin/]: flywheel.impl.mixins.json:LevelRendererMixin from mod flywheel->@Inject::flywheel$beforeBlockEntities(Lorg/spongepowered/asm/mixin/injection/callback/CallbackInfo;)V doesn't use it's CallbackInfo
[04:25:47] [modloading-worker-0/DEBUG] [mixin/]: flywheel.impl.mixins.json:LevelRendererMixin from mod flywheel->@Inject::flywheel$beforeBlockEntities(Lorg/spongepowered/asm/mixin/injection/callback/CallbackInfo;)V has 0 override(s) in child classes
[04:25:47] [modloading-worker-0/DEBUG] [mixin/]: flywheel.impl.mixins.json:LevelRendererMixin from mod flywheel->@Inject::flywheel$beforeBlockEntities(Lorg/spongepowered/asm/mixin/injection/callback/CallbackInfo;)V won't be passed a CallbackInfo as a result
[04:25:47] [modloading-worker-0/DEBUG] [mixin/]: flywheel.impl.mixins.json:LevelRendererMixin from mod flywheel->@Inject::flywheel$beforeRenderCrumbling(Lorg/spongepowered/asm/mixin/injection/callback/CallbackInfo;)V doesn't use it's CallbackInfo
[04:25:47] [modloading-worker-0/DEBUG] [mixin/]: flywheel.impl.mixins.json:LevelRendererMixin from mod flywheel->@Inject::flywheel$beforeRenderCrumbling(Lorg/spongepowered/asm/mixin/injection/callback/CallbackInfo;)V has 0 override(s) in child classes
[04:25:47] [modloading-worker-0/DEBUG] [mixin/]: flywheel.impl.mixins.json:LevelRendererMixin from mod flywheel->@Inject::flywheel$beforeRenderCrumbling(Lorg/spongepowered/asm/mixin/injection/callback/CallbackInfo;)V won't be passed a CallbackInfo as a result
[04:25:47] [modloading-worker-0/DEBUG] [mixin/]: flywheel.impl.mixins.json:LevelRendererMixin from mod flywheel->@Inject::flywheel$decideNotToRenderEntity(Lnet/minecraft/world/entity/Entity;DDDFLcom/mojang/blaze3d/vertex/PoseStack;Lnet/minecraft/client/renderer/MultiBufferSource;Lorg/spongepowered/asm/mixin/injection/callback/CallbackInfo;)V does use it's CallbackInfo
[04:25:47] [modloading-worker-0/INFO] [KubeJS Startup/]: Validated 2 files in kubejs/assets/ in 1ms
[04:25:47] [modloading-worker-0/INFO] [KubeJS Startup/]: Validated 0 files in kubejs/data/ in 0ms
[04:25:47] [modloading-worker-0/DEBUG] [ne.ne.fm.ja.AutomaticEventSubscriber/LOADING]: Attempting to inject @EventBusSubscriber classes into the eventbus for kubejs
[04:25:47] [modloading-worker-0/DEBUG] [ne.ne.fm.ja.AutomaticEventSubscriber/LOADING]: Scanning class dev.latvian.mods.kubejs.server.KubeJSServerEventHandler for @SubscribeEvent-annotated methods
[04:25:47] [modloading-worker-0/DEBUG] [mixin/]: Mixing accessor.MinecraftServerAccessor from ponder-common.mixins.json into net.minecraft.server.MinecraftServer
[04:25:47] [modloading-worker-0/DEBUG] [mixin/]: ponder-common.mixins.json:accessor.MinecraftServerAccessor from mod ponder: Class version 65 required is higher than the class version supported by the current version of Mixin (JAVA_17 supports class version 61)
[04:25:47] [modloading-worker-0/DEBUG] [mixin/]: Mixing MinecraftServerMixin from kubejs.mixins.json into net.minecraft.server.MinecraftServer
[04:25:47] [modloading-worker-0/DEBUG] [mixin/]: Renaming synthetic method lambda$kjs$endResourceReload$1()V to md3fd53a$kubejs$lambda$kjs$endResourceReload$1$0 in kubejs.mixins.json:MinecraftServerMixin from mod kubejs
[04:25:47] [modloading-worker-0/DEBUG] [mixin/]: Renaming synthetic method lambda$kjs$init$0()V to md3fd53a$kubejs$lambda$kjs$init$0$1 in kubejs.mixins.json:MinecraftServerMixin from mod kubejs
[04:25:47] [modloading-worker-0/DEBUG] [mixin/]: kubejs.mixins.json:MinecraftServerMixin from mod kubejs->@Inject::kjs$init(Lorg/spongepowered/asm/mixin/injection/callback/CallbackInfo;)V doesn't use it's CallbackInfo
[04:25:47] [modloading-worker-0/DEBUG] [mixin/]: kubejs.mixins.json:MinecraftServerMixin from mod kubejs->@Inject::kjs$init(Lorg/spongepowered/asm/mixin/injection/callback/CallbackInfo;)V has 0 override(s) in child classes
[04:25:47] [modloading-worker-0/DEBUG] [mixin/]: kubejs.mixins.json:MinecraftServerMixin from mod kubejs->@Inject::kjs$init(Lorg/spongepowered/asm/mixin/injection/callback/CallbackInfo;)V won't be passed a CallbackInfo as a result
[04:25:47] [modloading-worker-0/DEBUG] [mixin/]: kubejs.mixins.json:MinecraftServerMixin from mod kubejs->@Inject::kjs$postTickServer(Ljava/util/function/BooleanSupplier;Lorg/spongepowered/asm/mixin/injection/callback/CallbackInfo;)V doesn't use it's CallbackInfo
[04:25:47] [modloading-worker-0/DEBUG] [mixin/]: kubejs.mixins.json:MinecraftServerMixin from mod kubejs->@Inject::kjs$postTickServer(Ljava/util/function/BooleanSupplier;Lorg/spongepowered/asm/mixin/injection/callback/CallbackInfo;)V has 0 override(s) in child classes
[04:25:47] [modloading-worker-0/DEBUG] [mixin/]: kubejs.mixins.json:MinecraftServerMixin from mod kubejs->@Inject::kjs$postTickServer(Ljava/util/function/BooleanSupplier;Lorg/spongepowered/asm/mixin/injection/callback/CallbackInfo;)V won't be passed a CallbackInfo as a result
[04:25:47] [modloading-worker-0/DEBUG] [mixin/]: kubejs.mixins.json:MinecraftServerMixin from mod kubejs->@Inject::kjs$endResourceReload(Ljava/util/Collection;Lorg/spongepowered/asm/mixin/injection/callback/CallbackInfoReturnable;)V doesn't use it's CallbackInfoReturnable
[04:25:47] [modloading-worker-0/DEBUG] [mixin/]: kubejs.mixins.json:MinecraftServerMixin from mod kubejs->@Inject::kjs$endResourceReload(Ljava/util/Collection;Lorg/spongepowered/asm/mixin/injection/callback/CallbackInfoReturnable;)V has 0 override(s) in child classes
[04:25:47] [modloading-worker-0/DEBUG] [mixin/]: kubejs.mixins.json:MinecraftServerMixin from mod kubejs->@Inject::kjs$endResourceReload(Ljava/util/Collection;Lorg/spongepowered/asm/mixin/injection/callback/CallbackInfoReturnable;)V won't be passed a CallbackInfoReturnable as a result
[04:25:47] [modloading-worker-0/DEBUG] [ne.ne.fm.ja.AutomaticEventSubscriber/]: Subscribing @EventBusSubscriber class Ldev/latvian/mods/kubejs/server/KubeJSServerEventHandler; to the game event bus
[04:25:47] [modloading-worker-0/DEBUG] [ne.ne.fm.ja.AutomaticEventSubscriber/LOADING]: Scanning class dev.latvian.mods.kubejs.registry.RegistryEventHandler for @SubscribeEvent-annotated methods
[04:25:47] [modloading-worker-0/DEBUG] [ne.ne.fm.ja.AutomaticEventSubscriber/]: Subscribing @EventBusSubscriber class Ldev/latvian/mods/kubejs/registry/RegistryEventHandler; to the mod event bus of mod kubejs
[04:25:47] [modloading-worker-0/DEBUG] [ne.ne.fm.ja.AutomaticEventSubscriber/LOADING]: Scanning class dev.latvian.mods.kubejs.player.KubeJSPlayerEventHandler for @SubscribeEvent-annotated methods
[04:25:47] [modloading-worker-0/DEBUG] [ne.ne.fm.ja.AutomaticEventSubscriber/]: Subscribing @EventBusSubscriber class Ldev/latvian/mods/kubejs/player/KubeJSPlayerEventHandler; to the game event bus
[04:25:47] [modloading-worker-0/DEBUG] [ne.ne.fm.ja.AutomaticEventSubscriber/LOADING]: Scanning class dev.latvian.mods.kubejs.net.KubeJSNet for @SubscribeEvent-annotated methods
[04:25:47] [modloading-worker-0/DEBUG] [ne.ne.fm.ja.AutomaticEventSubscriber/]: Subscribing @EventBusSubscriber class Ldev/latvian/mods/kubejs/net/KubeJSNet; to the mod event bus of mod kubejs
[04:25:47] [modloading-worker-0/DEBUG] [ne.ne.fm.ja.AutomaticEventSubscriber/LOADING]: Scanning class dev.latvian.mods.kubejs.level.KubeJSWorldEventHandler for @SubscribeEvent-annotated methods
[04:25:47] [modloading-worker-0/DEBUG] [ne.ne.fm.ja.AutomaticEventSubscriber/]: Subscribing @EventBusSubscriber class Ldev/latvian/mods/kubejs/level/KubeJSWorldEventHandler; to the game event bus
[04:25:47] [modloading-worker-0/DEBUG] [ne.ne.fm.ja.AutomaticEventSubscriber/LOADING]: Scanning class dev.latvian.mods.kubejs.item.KubeJSItemEventHandler for @SubscribeEvent-annotated methods
[04:25:47] [modloading-worker-0/DEBUG] [ne.ne.fm.ja.AutomaticEventSubscriber/]: Subscribing @EventBusSubscriber class Ldev/latvian/mods/kubejs/item/KubeJSItemEventHandler; to the game event bus
[04:25:47] [modloading-worker-0/DEBUG] [ne.ne.fm.ja.AutomaticEventSubscriber/LOADING]: Scanning class dev.latvian.mods.kubejs.entity.KubeJSEntityEventHandler for @SubscribeEvent-annotated methods
[04:25:47] [modloading-worker-0/DEBUG] [ne.ne.fm.ja.AutomaticEventSubscriber/]: Subscribing @EventBusSubscriber class Ldev/latvian/mods/kubejs/entity/KubeJSEntityEventHandler; to the game event bus
[04:25:47] [modloading-worker-0/DEBUG] [ne.ne.fm.ja.AutomaticEventSubscriber/LOADING]: Scanning class dev.latvian.mods.kubejs.client.KubeJSClientEventHandler for @SubscribeEvent-annotated methods
[04:25:47] [modloading-worker-0/DEBUG] [ne.ne.fm.ja.AutomaticEventSubscriber/LOADING]: Found mix of game bus and mod bus listeners in @EventBusSubscriber class Ldev/latvian/mods/kubejs/client/KubeJSClientEventHandler;, registering them separately
[04:25:47] [modloading-worker-0/DEBUG] [ne.ne.fm.ja.AutomaticEventSubscriber/LOADING]: Subscribing method public static void dev.latvian.mods.kubejs.client.KubeJSClientEventHandler.registerRenderers(net.neoforged.neoforge.client.event.EntityRenderersEvent$RegisterRenderers) to the event bus of mod kubejs
[04:25:47] [modloading-worker-0/DEBUG] [ne.ne.fm.ja.AutomaticEventSubscriber/LOADING]: Subscribing method public static void dev.latvian.mods.kubejs.client.KubeJSClientEventHandler.setupClient(net.neoforged.fml.event.lifecycle.FMLClientSetupEvent) to the event bus of mod kubejs
[04:25:47] [modloading-worker-0/DEBUG] [ne.ne.fm.ja.AutomaticEventSubscriber/LOADING]: Subscribing method public static void dev.latvian.mods.kubejs.client.KubeJSClientEventHandler.addClientPacks(net.neoforged.neoforge.event.AddPackFindersEvent) to the event bus of mod kubejs
[04:25:47] [modloading-worker-0/DEBUG] [ne.ne.fm.ja.AutomaticEventSubscriber/LOADING]: Subscribing method public static void dev.latvian.mods.kubejs.client.KubeJSClientEventHandler.blockColors(net.neoforged.neoforge.client.event.RegisterColorHandlersEvent$Block) to the event bus of mod kubejs
[04:25:47] [modloading-worker-0/DEBUG] [ne.ne.fm.ja.AutomaticEventSubscriber/LOADING]: Subscribing method public static void dev.latvian.mods.kubejs.client.KubeJSClientEventHandler.registerClientExtensions(net.neoforged.neoforge.client.extensions.common.RegisterClientExtensionsEvent) to the event bus of mod kubejs
[04:25:47] [modloading-worker-0/DEBUG] [ne.ne.fm.ja.AutomaticEventSubscriber/LOADING]: Subscribing method public static void dev.latvian.mods.kubejs.client.KubeJSClientEventHandler.registerParticleProviders(net.neoforged.neoforge.client.event.RegisterParticleProvidersEvent) to the event bus of mod kubejs
[04:25:47] [modloading-worker-0/DEBUG] [ne.ne.fm.ja.AutomaticEventSubscriber/LOADING]: Subscribing method public static void dev.latvian.mods.kubejs.client.KubeJSClientEventHandler.registerMenuScreens(net.neoforged.neoforge.client.event.RegisterMenuScreensEvent) to the event bus of mod kubejs
[04:25:47] [modloading-worker-0/DEBUG] [ne.ne.fm.ja.AutomaticEventSubscriber/LOADING]: Subscribing method public static void dev.latvian.mods.kubejs.client.KubeJSClientEventHandler.registerCoreShaders(net.neoforged.neoforge.client.event.RegisterShadersEvent) throws java.io.IOException to the event bus of mod kubejs
[04:25:47] [modloading-worker-0/DEBUG] [ne.ne.fm.ja.AutomaticEventSubscriber/LOADING]: Subscribing method public static void dev.latvian.mods.kubejs.client.KubeJSClientEventHandler.itemColors(net.neoforged.neoforge.client.event.RegisterColorHandlersEvent$Item) to the event bus of mod kubejs
[04:25:47] [modloading-worker-0/DEBUG] [ne.ne.fm.ja.AutomaticEventSubscriber/LOADING]: Subscribing method public static void dev.latvian.mods.kubejs.client.KubeJSClientEventHandler.registerKeyMappings(net.neoforged.neoforge.client.event.RegisterKeyMappingsEvent) to the event bus of mod kubejs
[04:25:47] [modloading-worker-0/DEBUG] [ne.ne.fm.ja.AutomaticEventSubscriber/LOADING]: Subscribing method public static void dev.latvian.mods.kubejs.client.KubeJSClientEventHandler.hudPostDraw(net.neoforged.neoforge.client.event.RenderGuiEvent$Post) to the game event bus
[04:25:47] [modloading-worker-0/DEBUG] [ne.ne.fm.ja.AutomaticEventSubscriber/LOADING]: Subscribing method public static void dev.latvian.mods.kubejs.client.KubeJSClientEventHandler.openScreenEvent(net.neoforged.neoforge.client.event.ScreenEvent$Opening) to the game event bus
[04:25:47] [modloading-worker-0/DEBUG] [ne.ne.fm.ja.AutomaticEventSubscriber/LOADING]: Subscribing method public static void dev.latvian.mods.kubejs.client.KubeJSClientEventHandler.screenPostDraw(net.neoforged.neoforge.client.event.ScreenEvent$Render$Post) to the game event bus
[04:25:47] [modloading-worker-0/DEBUG] [ne.ne.fm.ja.AutomaticEventSubscriber/LOADING]: Subscribing method public static void dev.latvian.mods.kubejs.client.KubeJSClientEventHandler.worldRender(net.neoforged.neoforge.client.event.RenderLevelStageEvent) to the game event bus
[04:25:47] [modloading-worker-0/DEBUG] [ne.ne.fm.ja.AutomaticEventSubscriber/LOADING]: Subscribing method public static void dev.latvian.mods.kubejs.client.KubeJSClientEventHandler.guiPostInit(net.neoforged.neoforge.client.event.ScreenEvent$Init$Post) to the game event bus
[04:25:47] [modloading-worker-0/DEBUG] [ne.ne.fm.ja.AutomaticEventSubscriber/LOADING]: Subscribing method public static void dev.latvian.mods.kubejs.client.KubeJSClientEventHandler.tagsUpdated(net.neoforged.neoforge.event.TagsUpdatedEvent) to the game event bus
[04:25:47] [modloading-worker-0/DEBUG] [ne.ne.fm.ja.AutomaticEventSubscriber/LOADING]: Subscribing method public static void dev.latvian.mods.kubejs.client.KubeJSClientEventHandler.clientTick(net.neoforged.neoforge.client.event.ClientTickEvent$Pre) to the game event bus
[04:25:47] [modloading-worker-0/DEBUG] [ne.ne.fm.ja.AutomaticEventSubscriber/LOADING]: Subscribing method public static void dev.latvian.mods.kubejs.client.KubeJSClientEventHandler.onRegisterClientCommands(net.neoforged.neoforge.client.event.RegisterClientCommandsEvent) to the game event bus
[04:25:47] [modloading-worker-0/DEBUG] [ne.ne.fm.ja.AutomaticEventSubscriber/LOADING]: Subscribing method public static void dev.latvian.mods.kubejs.client.KubeJSClientEventHandler.loggingIn(net.neoforged.neoforge.client.event.ClientPlayerNetworkEvent$LoggingIn) to the game event bus
[04:25:47] [modloading-worker-0/DEBUG] [ne.ne.fm.ja.AutomaticEventSubscriber/LOADING]: Subscribing method public static void dev.latvian.mods.kubejs.client.KubeJSClientEventHandler.loggingOut(net.neoforged.neoforge.client.event.ClientPlayerNetworkEvent$LoggingOut) to the game event bus
[04:25:47] [modloading-worker-0/DEBUG] [ne.ne.fm.ja.AutomaticEventSubscriber/LOADING]: Subscribing method public static void dev.latvian.mods.kubejs.client.KubeJSClientEventHandler.onItemTooltip(net.neoforged.neoforge.event.entity.player.ItemTooltipEvent) to the game event bus
[04:25:47] [modloading-worker-0/DEBUG] [ne.ne.fm.ja.AutomaticEventSubscriber/LOADING]: Subscribing method public static void dev.latvian.mods.kubejs.client.KubeJSClientEventHandler.debugInfo(net.neoforged.neoforge.client.event.CustomizeGuiOverlayEvent$DebugText) to the game event bus
[04:25:47] [modloading-worker-0/DEBUG] [ne.ne.fm.ja.AutomaticEventSubscriber/LOADING]: Scanning class dev.latvian.mods.kubejs.block.KubeJSBlockEventHandler for @SubscribeEvent-annotated methods
[04:25:47] [modloading-worker-0/DEBUG] [ne.ne.fm.ja.AutomaticEventSubscriber/]: Subscribing @EventBusSubscriber class Ldev/latvian/mods/kubejs/block/KubeJSBlockEventHandler; to the game event bus
[04:25:47] [modloading-worker-0/DEBUG] [ne.ne.fm.ja.AutomaticEventSubscriber/LOADING]: Scanning class dev.latvian.mods.kubejs.KubeJSModEventHandler for @SubscribeEvent-annotated methods
[04:25:47] [modloading-worker-0/DEBUG] [ne.ne.fm.ja.AutomaticEventSubscriber/]: Subscribing @EventBusSubscriber class Ldev/latvian/mods/kubejs/KubeJSModEventHandler; to the mod event bus of mod kubejs
[04:25:47] [modloading-worker-0/DEBUG] [ne.ne.fm.co.ConfigTracker/CONFIG]: Config file better-advanced-tooltips-client.toml for betteradvancedtooltips tracking
[04:25:47] [modloading-worker-0/DEBUG] [ne.ne.fm.ja.AutomaticEventSubscriber/LOADING]: Attempting to inject @EventBusSubscriber classes into the eventbus for betteradvancedtooltips
[04:25:47] [modloading-worker-0/DEBUG] [ne.ne.fm.ja.AutomaticEventSubscriber/LOADING]: Scanning class dev.latvian.mods.betteradvancedtooltips.BATClientEventHandler for @SubscribeEvent-annotated methods
[04:25:47] [modloading-worker-0/DEBUG] [ne.ne.fm.ja.AutomaticEventSubscriber/]: Subscribing @EventBusSubscriber class Ldev/latvian/mods/betteradvancedtooltips/BATClientEventHandler; to the game event bus
[04:25:47] [modloading-worker-0/DEBUG] [Ponder/]: Loaded net.createmod.catnip.platform.NeoForgePlatformHelper@312948d4 for service interface net.createmod.catnip.platform.services.PlatformHelper
[04:25:47] [modloading-worker-0/DEBUG] [Ponder/]: Loaded net.createmod.catnip.platform.NeoForgeFluidHelper@3c46630e for service interface net.createmod.catnip.platform.services.ModFluidHelper
[04:25:47] [modloading-worker-0/DEBUG] [Ponder/]: Loaded net.createmod.catnip.platform.NeoForgeHooksHelper@1b7f25c0 for service interface net.createmod.catnip.platform.services.ModHooksHelper
[04:25:47] [modloading-worker-0/DEBUG] [Ponder/]: Loaded net.createmod.catnip.platform.NeoForgeNetworkHelper@595c609b for service interface net.createmod.catnip.platform.services.NetworkHelper
[04:25:48] [modloading-worker-0/DEBUG] [mixin/]: Mixing CollectionTagMixin from kubejs.mixins.json into net.minecraft.nbt.CollectionTag
[04:25:48] [modloading-worker-0/DEBUG] [ne.ne.fm.co.ConfigTracker/CONFIG]: Config file create-common.toml for create tracking
[04:25:48] [modloading-worker-0/DEBUG] [ne.ne.fm.co.ConfigTracker/CONFIG]: Config file create-client.toml for create tracking
[04:25:48] [modloading-worker-0/DEBUG] [ne.ne.fm.co.ConfigTracker/CONFIG]: Config file create-server.toml for create tracking
[04:25:48] [modloading-worker-0/DEBUG] [mixin/]: Mixing LoadingOverlayMixin from kubejs.mixins.json into net.minecraft.client.gui.screens.LoadingOverlay
[04:25:48] [modloading-worker-0/DEBUG] [mixin/]: Mixing AbstractInventoryScreenMixin from emi.mixins.json into net.minecraft.client.gui.screens.inventory.EffectRenderingInventoryScreen
[04:25:48] [modloading-worker-0/DEBUG] [mixin/]: emi.mixins.json:AbstractInventoryScreenMixin from mod emi: Class version 65 required is higher than the class version supported by the current version of Mixin (JAVA_17 supports class version 61)
[04:25:48] [modloading-worker-0/DEBUG] [mixin/]: emi.mixins.json:AbstractInventoryScreenMixin from mod emi->@Inject::drawStatusEffects(Lnet/minecraft/client/gui/GuiGraphics;IILorg/spongepowered/asm/mixin/injection/callback/CallbackInfo;)V doesn't use it's CallbackInfo
[04:25:48] [modloading-worker-0/DEBUG] [mixin/]: emi.mixins.json:AbstractInventoryScreenMixin from mod emi->@Inject::drawStatusEffects(Lnet/minecraft/client/gui/GuiGraphics;IILorg/spongepowered/asm/mixin/injection/callback/CallbackInfo;)V has 0 override(s) in child classes
[04:25:48] [modloading-worker-0/DEBUG] [mixin/]: emi.mixins.json:AbstractInventoryScreenMixin from mod emi->@Inject::drawStatusEffects(Lnet/minecraft/client/gui/GuiGraphics;IILorg/spongepowered/asm/mixin/injection/callback/CallbackInfo;)V won't be passed a CallbackInfo as a result
[04:25:48] [modloading-worker-0/DEBUG] [ne.ne.fm.ja.AutomaticEventSubscriber/LOADING]: Attempting to inject @EventBusSubscriber classes into the eventbus for create
[04:25:48] [modloading-worker-0/DEBUG] [ne.ne.fm.ja.AutomaticEventSubscriber/LOADING]: Scanning class com.simibubi.create.foundation.blockEntity.behaviour.ValueSettingsInputHandler for @SubscribeEvent-annotated methods
[04:25:48] [modloading-worker-0/DEBUG] [ne.ne.fm.ja.AutomaticEventSubscriber/]: Subscribing @EventBusSubscriber class Lcom/simibubi/create/foundation/blockEntity/behaviour/ValueSettingsInputHandler; to the game event bus
[04:25:48] [modloading-worker-0/DEBUG] [ne.ne.fm.ja.AutomaticEventSubscriber/LOADING]: Scanning class com.simibubi.create.foundation.blockEntity.behaviour.edgeInteraction.EdgeInteractionHandler for @SubscribeEvent-annotated methods
[04:25:48] [modloading-worker-0/DEBUG] [ne.ne.fm.ja.AutomaticEventSubscriber/]: Subscribing @EventBusSubscriber class Lcom/simibubi/create/foundation/blockEntity/behaviour/edgeInteraction/EdgeInteractionHandler; to the game event bus
[04:25:48] [modloading-worker-0/DEBUG] [ne.ne.fm.ja.AutomaticEventSubscriber/LOADING]: Scanning class com.simibubi.create.foundation.block.ItemUseOverrides for @SubscribeEvent-annotated methods
[04:25:48] [modloading-worker-0/DEBUG] [ne.ne.fm.ja.AutomaticEventSubscriber/]: Subscribing @EventBusSubscriber class Lcom/simibubi/create/foundation/block/ItemUseOverrides; to the game event bus
[04:25:48] [modloading-worker-0/DEBUG] [ne.ne.fm.ja.AutomaticEventSubscriber/LOADING]: Scanning class com.simibubi.create.foundation.events.CommonEvents for @SubscribeEvent-annotated methods
[04:25:48] [modloading-worker-0/DEBUG] [ne.ne.fm.ja.AutomaticEventSubscriber/]: Subscribing @EventBusSubscriber class Lcom/simibubi/create/foundation/events/CommonEvents; to the game event bus
[04:25:48] [modloading-worker-0/DEBUG] [ne.ne.fm.ja.AutomaticEventSubscriber/LOADING]: Scanning class com.simibubi.create.foundation.events.ClientEvents$ModBusEvents for @SubscribeEvent-annotated methods
[04:25:48] [modloading-worker-0/DEBUG] [ne.ne.fm.ja.AutomaticEventSubscriber/]: Subscribing @EventBusSubscriber class Lcom/simibubi/create/foundation/events/ClientEvents$ModBusEvents; to the mod event bus of mod create
[04:25:48] [modloading-worker-0/DEBUG] [ne.ne.fm.ja.AutomaticEventSubscriber/LOADING]: Scanning class com.simibubi.create.foundation.events.ClientEvents for @SubscribeEvent-annotated methods
[04:25:48] [modloading-worker-0/DEBUG] [ne.ne.fm.ja.AutomaticEventSubscriber/]: Subscribing @EventBusSubscriber class Lcom/simibubi/create/foundation/events/ClientEvents; to the game event bus
[04:25:48] [modloading-worker-0/DEBUG] [ne.ne.fm.ja.AutomaticEventSubscriber/LOADING]: Scanning class com.simibubi.create.foundation.events.CommonEvents$ModBusEvents for @SubscribeEvent-annotated methods
[04:25:48] [modloading-worker-0/DEBUG] [ne.ne.fm.ja.AutomaticEventSubscriber/]: Subscribing @EventBusSubscriber class Lcom/simibubi/create/foundation/events/CommonEvents$ModBusEvents; to the mod event bus of mod create
[04:25:48] [modloading-worker-0/DEBUG] [ne.ne.fm.ja.AutomaticEventSubscriber/LOADING]: Scanning class com.simibubi.create.foundation.events.InputEvents for @SubscribeEvent-annotated methods
[04:25:48] [modloading-worker-0/DEBUG] [ne.ne.fm.ja.AutomaticEventSubscriber/]: Subscribing @EventBusSubscriber class Lcom/simibubi/create/foundation/events/InputEvents; to the game event bus
[04:25:48] [modloading-worker-0/DEBUG] [ne.ne.fm.ja.AutomaticEventSubscriber/LOADING]: Scanning class com.simibubi.create.foundation.render.RenderTypes$Shaders for @SubscribeEvent-annotated methods
[04:25:48] [modloading-worker-0/DEBUG] [ne.ne.fm.ja.AutomaticEventSubscriber/]: Subscribing @EventBusSubscriber class Lcom/simibubi/create/foundation/render/RenderTypes$Shaders; to the mod event bus of mod create
[04:25:48] [modloading-worker-0/DEBUG] [ne.ne.fm.ja.AutomaticEventSubscriber/LOADING]: Scanning class com.simibubi.create.content.trains.track.TrackBlockItem for @SubscribeEvent-annotated methods
[04:25:48] [modloading-worker-0/DEBUG] [ne.ne.fm.ja.AutomaticEventSubscriber/]: Subscribing @EventBusSubscriber class Lcom/simibubi/create/content/trains/track/TrackBlockItem; to the game event bus
[04:25:48] [modloading-worker-0/DEBUG] [ne.ne.fm.ja.AutomaticEventSubscriber/LOADING]: Scanning class com.simibubi.create.content.trains.track.TrackBlockOutline for @SubscribeEvent-annotated methods
[04:25:48] [modloading-worker-0/DEBUG] [ne.ne.fm.ja.AutomaticEventSubscriber/]: Subscribing @EventBusSubscriber class Lcom/simibubi/create/content/trains/track/TrackBlockOutline; to the game event bus
[04:25:48] [modloading-worker-0/DEBUG] [ne.ne.fm.ja.AutomaticEventSubscriber/LOADING]: Scanning class com.simibubi.create.content.trains.schedule.ScheduleItemEntityInteraction for @SubscribeEvent-annotated methods
[04:25:48] [modloading-worker-0/DEBUG] [ne.ne.fm.ja.AutomaticEventSubscriber/]: Subscribing @EventBusSubscriber class Lcom/simibubi/create/content/trains/schedule/ScheduleItemEntityInteraction; to the game event bus
[04:25:48] [modloading-worker-0/DEBUG] [ne.ne.fm.ja.AutomaticEventSubscriber/LOADING]: Scanning class com.simibubi.create.content.processing.burner.BlazeBurnerHandler for @SubscribeEvent-annotated methods
[04:25:48] [modloading-worker-0/DEBUG] [ne.ne.fm.ja.AutomaticEventSubscriber/]: Subscribing @EventBusSubscriber class Lcom/simibubi/create/content/processing/burner/BlazeBurnerHandler; to the game event bus
[04:25:48] [modloading-worker-0/DEBUG] [ne.ne.fm.ja.AutomaticEventSubscriber/LOADING]: Scanning class com.simibubi.create.content.equipment.wrench.WrenchEventHandler for @SubscribeEvent-annotated methods
[04:25:48] [modloading-worker-0/DEBUG] [ne.ne.fm.ja.AutomaticEventSubscriber/]: Subscribing @EventBusSubscriber class Lcom/simibubi/create/content/equipment/wrench/WrenchEventHandler; to the game event bus
[04:25:48] [modloading-worker-0/DEBUG] [ne.ne.fm.ja.AutomaticEventSubscriber/LOADING]: Scanning class com.simibubi.create.content.equipment.extendoGrip.ExtendoGripItem for @SubscribeEvent-annotated methods
[04:25:48] [modloading-worker-0/DEBUG] [ne.ne.fm.ja.AutomaticEventSubscriber/]: Subscribing @EventBusSubscriber class Lcom/simibubi/create/content/equipment/extendoGrip/ExtendoGripItem; to the game event bus
[04:25:48] [modloading-worker-0/DEBUG] [ne.ne.fm.ja.AutomaticEventSubscriber/LOADING]: Scanning class com.simibubi.create.content.equipment.extendoGrip.ExtendoGripRenderHandler for @SubscribeEvent-annotated methods
[04:25:48] [modloading-worker-0/DEBUG] [ne.ne.fm.ja.AutomaticEventSubscriber/]: Subscribing @EventBusSubscriber class Lcom/simibubi/create/content/equipment/extendoGrip/ExtendoGripRenderHandler; to the game event bus
[04:25:48] [modloading-worker-0/DEBUG] [ne.ne.fm.ja.AutomaticEventSubscriber/LOADING]: Scanning class com.simibubi.create.content.equipment.zapper.ZapperInteractionHandler for @SubscribeEvent-annotated methods
[04:25:48] [modloading-worker-0/DEBUG] [ne.ne.fm.ja.AutomaticEventSubscriber/]: Subscribing @EventBusSubscriber class Lcom/simibubi/create/content/equipment/zapper/ZapperInteractionHandler; to the game event bus
[04:25:48] [modloading-worker-0/DEBUG] [ne.ne.fm.ja.AutomaticEventSubscriber/LOADING]: Scanning class com.simibubi.create.content.equipment.symmetryWand.SymmetryHandler for @SubscribeEvent-annotated methods
[04:25:48] [modloading-worker-0/DEBUG] [ne.ne.fm.ja.AutomaticEventSubscriber/]: Subscribing @EventBusSubscriber class Lcom/simibubi/create/content/equipment/symmetryWand/SymmetryHandler; to the game event bus
[04:25:48] [modloading-worker-0/DEBUG] [ne.ne.fm.ja.AutomaticEventSubscriber/LOADING]: Scanning class com.simibubi.create.content.equipment.armor.CardboardArmorHandlerClient for @SubscribeEvent-annotated methods
[04:25:48] [modloading-worker-0/DEBUG] [ne.ne.fm.ja.AutomaticEventSubscriber/]: Subscribing @EventBusSubscriber class Lcom/simibubi/create/content/equipment/armor/CardboardArmorHandlerClient; to the game event bus
[04:25:48] [modloading-worker-0/DEBUG] [ne.ne.fm.ja.AutomaticEventSubscriber/LOADING]: Scanning class com.simibubi.create.content.equipment.armor.NetheriteBacktankFirstPersonRenderer for @SubscribeEvent-annotated methods
[04:25:48] [modloading-worker-0/DEBUG] [ne.ne.fm.ja.AutomaticEventSubscriber/]: Subscribing @EventBusSubscriber class Lcom/simibubi/create/content/equipment/armor/NetheriteBacktankFirstPersonRenderer; to the game event bus
[04:25:48] [modloading-worker-0/DEBUG] [ne.ne.fm.ja.AutomaticEventSubscriber/LOADING]: Scanning class com.simibubi.create.content.equipment.armor.NetheriteDivingHandler for @SubscribeEvent-annotated methods
[04:25:48] [modloading-worker-0/DEBUG] [ne.ne.fm.ja.AutomaticEventSubscriber/]: Subscribing @EventBusSubscriber class Lcom/simibubi/create/content/equipment/armor/NetheriteDivingHandler; to the game event bus
[04:25:48] [modloading-worker-0/DEBUG] [ne.ne.fm.ja.AutomaticEventSubscriber/LOADING]: Scanning class com.simibubi.create.content.equipment.armor.DivingHelmetItem for @SubscribeEvent-annotated methods
[04:25:48] [modloading-worker-0/DEBUG] [ne.ne.fm.ja.AutomaticEventSubscriber/]: Subscribing @EventBusSubscriber class Lcom/simibubi/create/content/equipment/armor/DivingHelmetItem; to the game event bus
[04:25:48] [modloading-worker-0/DEBUG] [ne.ne.fm.ja.AutomaticEventSubscriber/LOADING]: Scanning class com.simibubi.create.content.equipment.armor.CardboardArmorHandler for @SubscribeEvent-annotated methods
[04:25:48] [modloading-worker-0/DEBUG] [ne.ne.fm.ja.AutomaticEventSubscriber/]: Subscribing @EventBusSubscriber class Lcom/simibubi/create/content/equipment/armor/CardboardArmorHandler; to the game event bus
[04:25:48] [modloading-worker-0/DEBUG] [ne.ne.fm.ja.AutomaticEventSubscriber/LOADING]: Scanning class com.simibubi.create.content.equipment.armor.DivingBootsItem for @SubscribeEvent-annotated methods
[04:25:48] [modloading-worker-0/DEBUG] [ne.ne.fm.ja.AutomaticEventSubscriber/]: Subscribing @EventBusSubscriber class Lcom/simibubi/create/content/equipment/armor/DivingBootsItem; to the game event bus
[04:25:48] [modloading-worker-0/DEBUG] [ne.ne.fm.ja.AutomaticEventSubscriber/LOADING]: Scanning class com.simibubi.create.content.equipment.clipboard.ClipboardValueSettingsHandler for @SubscribeEvent-annotated methods
[04:25:48] [modloading-worker-0/DEBUG] [ne.ne.fm.ja.AutomaticEventSubscriber/]: Subscribing @EventBusSubscriber class Lcom/simibubi/create/content/equipment/clipboard/ClipboardValueSettingsHandler; to the game event bus
[04:25:48] [modloading-worker-0/DEBUG] [ne.ne.fm.ja.AutomaticEventSubscriber/LOADING]: Scanning class com.simibubi.create.content.equipment.tool.CardboardSwordItem for @SubscribeEvent-annotated methods
[04:25:48] [modloading-worker-0/DEBUG] [ne.ne.fm.ja.AutomaticEventSubscriber/]: Subscribing @EventBusSubscriber class Lcom/simibubi/create/content/equipment/tool/CardboardSwordItem; to the game event bus
[04:25:48] [modloading-worker-0/DEBUG] [ne.ne.fm.ja.AutomaticEventSubscriber/LOADING]: Scanning class com.simibubi.create.content.equipment.bell.HauntedBellPulser for @SubscribeEvent-annotated methods
[04:25:48] [modloading-worker-0/DEBUG] [ne.ne.fm.ja.AutomaticEventSubscriber/]: Subscribing @EventBusSubscriber class Lcom/simibubi/create/content/equipment/bell/HauntedBellPulser; to the game event bus
[04:25:48] [modloading-worker-0/DEBUG] [ne.ne.fm.ja.AutomaticEventSubscriber/LOADING]: Scanning class com.simibubi.create.content.kinetics.crusher.CrushingWheelBlockEntity for @SubscribeEvent-annotated methods
[04:25:48] [modloading-worker-0/DEBUG] [ne.ne.fm.ja.AutomaticEventSubscriber/]: Subscribing @EventBusSubscriber class Lcom/simibubi/create/content/kinetics/crusher/CrushingWheelBlockEntity; to the game event bus
[04:25:48] [modloading-worker-0/DEBUG] [ne.ne.fm.ja.AutomaticEventSubscriber/LOADING]: Scanning class com.simibubi.create.content.kinetics.crank.ValveHandleBlock for @SubscribeEvent-annotated methods
[04:25:48] [modloading-worker-0/DEBUG] [ne.ne.fm.ja.AutomaticEventSubscriber/]: Subscribing @EventBusSubscriber class Lcom/simibubi/create/content/kinetics/crank/ValveHandleBlock; to the game event bus
[04:25:48] [modloading-worker-0/DEBUG] [ne.ne.fm.ja.AutomaticEventSubscriber/LOADING]: Scanning class com.simibubi.create.content.kinetics.deployer.ManualApplicationRecipe for @SubscribeEvent-annotated methods
[04:25:48] [modloading-worker-0/DEBUG] [ne.ne.fm.ja.AutomaticEventSubscriber/]: Subscribing @EventBusSubscriber class Lcom/simibubi/create/content/kinetics/deployer/ManualApplicationRecipe; to the game event bus
[04:25:48] [modloading-worker-0/DEBUG] [ne.ne.fm.ja.AutomaticEventSubscriber/LOADING]: Scanning class com.simibubi.create.content.kinetics.deployer.DeployerFakePlayer for @SubscribeEvent-annotated methods
[04:25:48] [modloading-worker-0/DEBUG] [ne.ne.fm.ja.AutomaticEventSubscriber/]: Subscribing @EventBusSubscriber class Lcom/simibubi/create/content/kinetics/deployer/DeployerFakePlayer; to the game event bus
[04:25:48] [modloading-worker-0/DEBUG] [ne.ne.fm.ja.AutomaticEventSubscriber/LOADING]: Scanning class com.simibubi.create.content.kinetics.mechanicalArm.ArmInteractionPointHandler for @SubscribeEvent-annotated methods
[04:25:48] [modloading-worker-0/DEBUG] [ne.ne.fm.ja.AutomaticEventSubscriber/]: Subscribing @EventBusSubscriber class Lcom/simibubi/create/content/kinetics/mechanicalArm/ArmInteractionPointHandler; to the game event bus
[04:25:48] [modloading-worker-0/DEBUG] [ne.ne.fm.ja.AutomaticEventSubscriber/LOADING]: Scanning class com.simibubi.create.content.kinetics.chainConveyor.ChainConveyorInteractionHandler for @SubscribeEvent-annotated methods
[04:25:48] [modloading-worker-0/DEBUG] [ne.ne.fm.ja.AutomaticEventSubscriber/]: Subscribing @EventBusSubscriber class Lcom/simibubi/create/content/kinetics/chainConveyor/ChainConveyorInteractionHandler; to the game event bus
[04:25:48] [modloading-worker-0/DEBUG] [ne.ne.fm.ja.AutomaticEventSubscriber/LOADING]: Scanning class com.simibubi.create.content.kinetics.chainConveyor.ChainConveyorConnectionHandler for @SubscribeEvent-annotated methods
[04:25:48] [modloading-worker-0/DEBUG] [ne.ne.fm.ja.AutomaticEventSubscriber/]: Subscribing @EventBusSubscriber class Lcom/simibubi/create/content/kinetics/chainConveyor/ChainConveyorConnectionHandler; to the game event bus
[04:25:48] [modloading-worker-0/DEBUG] [ne.ne.fm.ja.AutomaticEventSubscriber/LOADING]: Scanning class com.simibubi.create.content.logistics.box.PackageClientInteractionHandler for @SubscribeEvent-annotated methods
[04:25:48] [modloading-worker-0/DEBUG] [ne.ne.fm.ja.AutomaticEventSubscriber/]: Subscribing @EventBusSubscriber class Lcom/simibubi/create/content/logistics/box/PackageClientInteractionHandler; to the game event bus
[04:25:48] [modloading-worker-0/DEBUG] [ne.ne.fm.ja.AutomaticEventSubscriber/LOADING]: Scanning class com.simibubi.create.content.logistics.funnel.FunnelItem for @SubscribeEvent-annotated methods
[04:25:48] [modloading-worker-0/DEBUG] [ne.ne.fm.ja.AutomaticEventSubscriber/]: Subscribing @EventBusSubscriber class Lcom/simibubi/create/content/logistics/funnel/FunnelItem; to the game event bus
[04:25:48] [modloading-worker-0/DEBUG] [ne.ne.fm.ja.AutomaticEventSubscriber/LOADING]: Scanning class com.simibubi.create.content.logistics.itemHatch.ItemHatchHandler for @SubscribeEvent-annotated methods
[04:25:48] [modloading-worker-0/DEBUG] [ne.ne.fm.ja.AutomaticEventSubscriber/]: Subscribing @EventBusSubscriber class Lcom/simibubi/create/content/logistics/itemHatch/ItemHatchHandler; to the game event bus
[04:25:48] [modloading-worker-0/DEBUG] [ne.ne.fm.ja.AutomaticEventSubscriber/LOADING]: Scanning class com.simibubi.create.content.logistics.depot.EjectorTargetHandler for @SubscribeEvent-annotated methods
[04:25:48] [modloading-worker-0/DEBUG] [ne.ne.fm.ja.AutomaticEventSubscriber/]: Subscribing @EventBusSubscriber class Lcom/simibubi/create/content/logistics/depot/EjectorTargetHandler; to the game event bus
[04:25:48] [modloading-worker-0/DEBUG] [ne.ne.fm.ja.AutomaticEventSubscriber/LOADING]: Scanning class com.simibubi.create.content.logistics.stockTicker.StockTickerInteractionHandler for @SubscribeEvent-annotated methods
[04:25:48] [modloading-worker-0/DEBUG] [ne.ne.fm.ja.AutomaticEventSubscriber/]: Subscribing @EventBusSubscriber class Lcom/simibubi/create/content/logistics/stockTicker/StockTickerInteractionHandler; to the game event bus
[04:25:48] [modloading-worker-0/DEBUG] [ne.ne.fm.ja.AutomaticEventSubscriber/LOADING]: Scanning class com.simibubi.create.content.contraptions.mounted.MinecartContraptionItem for @SubscribeEvent-annotated methods
[04:25:48] [modloading-worker-0/DEBUG] [ne.ne.fm.ja.AutomaticEventSubscriber/]: Subscribing @EventBusSubscriber class Lcom/simibubi/create/content/contraptions/mounted/MinecartContraptionItem; to the game event bus
[04:25:48] [modloading-worker-0/DEBUG] [ne.ne.fm.ja.AutomaticEventSubscriber/LOADING]: Scanning class com.simibubi.create.content.contraptions.ContraptionHandlerClient for @SubscribeEvent-annotated methods
[04:25:48] [modloading-worker-0/DEBUG] [ne.ne.fm.ja.AutomaticEventSubscriber/]: Subscribing @EventBusSubscriber class Lcom/simibubi/create/content/contraptions/ContraptionHandlerClient; to the game event bus
[04:25:48] [modloading-worker-0/DEBUG] [ne.ne.fm.ja.AutomaticEventSubscriber/LOADING]: Scanning class com.simibubi.create.content.contraptions.minecart.MinecartCouplingItem for @SubscribeEvent-annotated methods
[04:25:48] [modloading-worker-0/DEBUG] [ne.ne.fm.ja.AutomaticEventSubscriber/]: Subscribing @EventBusSubscriber class Lcom/simibubi/create/content/contraptions/minecart/MinecartCouplingItem; to the game event bus
[04:25:48] [modloading-worker-0/DEBUG] [ne.ne.fm.ja.AutomaticEventSubscriber/LOADING]: Scanning class com.simibubi.create.content.contraptions.minecart.CouplingHandler for @SubscribeEvent-annotated methods
[04:25:48] [modloading-worker-0/DEBUG] [ne.ne.fm.ja.AutomaticEventSubscriber/]: Subscribing @EventBusSubscriber class Lcom/simibubi/create/content/contraptions/minecart/CouplingHandler; to the game event bus
[04:25:48] [modloading-worker-0/DEBUG] [ne.ne.fm.ja.AutomaticEventSubscriber/LOADING]: Scanning class com.simibubi.create.content.contraptions.glue.SuperGlueHandler for @SubscribeEvent-annotated methods
[04:25:48] [modloading-worker-0/DEBUG] [ne.ne.fm.ja.AutomaticEventSubscriber/]: Subscribing @EventBusSubscriber class Lcom/simibubi/create/content/contraptions/glue/SuperGlueHandler; to the game event bus
[04:25:48] [modloading-worker-0/DEBUG] [ne.ne.fm.ja.AutomaticEventSubscriber/LOADING]: Scanning class com.simibubi.create.content.contraptions.glue.SuperGlueItem for @SubscribeEvent-annotated methods
[04:25:48] [modloading-worker-0/DEBUG] [ne.ne.fm.ja.AutomaticEventSubscriber/]: Subscribing @EventBusSubscriber class Lcom/simibubi/create/content/contraptions/glue/SuperGlueItem; to the game event bus
[04:25:48] [modloading-worker-0/DEBUG] [ne.ne.fm.ja.AutomaticEventSubscriber/LOADING]: Scanning class com.simibubi.create.content.redstone.displayLink.ClickToLinkBlockItem for @SubscribeEvent-annotated methods
[04:25:48] [modloading-worker-0/DEBUG] [ne.ne.fm.ja.AutomaticEventSubscriber/]: Subscribing @EventBusSubscriber class Lcom/simibubi/create/content/redstone/displayLink/ClickToLinkBlockItem; to the game event bus
[04:25:48] [modloading-worker-0/DEBUG] [ne.ne.fm.ja.AutomaticEventSubscriber/LOADING]: Scanning class com.simibubi.create.content.redstone.link.LinkHandler for @SubscribeEvent-annotated methods
[04:25:48] [modloading-worker-0/DEBUG] [ne.ne.fm.ja.AutomaticEventSubscriber/]: Subscribing @EventBusSubscriber class Lcom/simibubi/create/content/redstone/link/LinkHandler; to the game event bus
[04:25:48] [modloading-worker-0/DEBUG] [ne.ne.fm.ja.AutomaticEventSubscriber/LOADING]: Scanning class com.simibubi.create.content.fluids.FluidBottleItemHook for @SubscribeEvent-annotated methods
[04:25:48] [modloading-worker-0/DEBUG] [ne.ne.fm.ja.AutomaticEventSubscriber/]: Subscribing @EventBusSubscriber class Lcom/simibubi/create/content/fluids/FluidBottleItemHook; to the game event bus
[04:25:48] [modloading-worker-0/DEBUG] [ne.ne.fm.ja.AutomaticEventSubscriber/LOADING]: Scanning class com.simibubi.create.content.fluids.FluidReactions for @SubscribeEvent-annotated methods
[04:25:48] [modloading-worker-0/DEBUG] [ne.ne.fm.ja.AutomaticEventSubscriber/]: Subscribing @EventBusSubscriber class Lcom/simibubi/create/content/fluids/FluidReactions; to the game event bus
[04:25:48] [modloading-worker-0/DEBUG] [ne.ne.fm.ja.AutomaticEventSubscriber/LOADING]: Scanning class com.simibubi.create.AllKeys for @SubscribeEvent-annotated methods
[04:25:48] [modloading-worker-0/DEBUG] [ne.ne.fm.ja.AutomaticEventSubscriber/]: Subscribing @EventBusSubscriber class Lcom/simibubi/create/AllKeys; to the mod event bus of mod create
[04:25:48] [modloading-worker-0/DEBUG] [ne.ne.fm.ja.AutomaticEventSubscriber/LOADING]: Scanning class com.simibubi.create.compat.trainmap.TrainMapEvents for @SubscribeEvent-annotated methods
[04:25:48] [modloading-worker-0/DEBUG] [ne.ne.fm.ja.AutomaticEventSubscriber/]: Subscribing @EventBusSubscriber class Lcom/simibubi/create/compat/trainmap/TrainMapEvents; to the game event bus
[04:25:48] [modloading-worker-0/DEBUG] [ne.ne.fm.ja.AutomaticEventSubscriber/LOADING]: Scanning class com.simibubi.create.impl.registry.CreateDataMapsImpl for @SubscribeEvent-annotated methods
[04:25:48] [modloading-worker-0/DEBUG] [ne.ne.fm.ja.AutomaticEventSubscriber/]: Subscribing @EventBusSubscriber class Lcom/simibubi/create/impl/registry/CreateDataMapsImpl; to the mod event bus of mod create
[04:25:48] [modloading-worker-0/DEBUG] [ne.ne.fm.ja.AutomaticEventSubscriber/LOADING]: Scanning class com.simibubi.create.impl.registry.CreateRegistriesImpl for @SubscribeEvent-annotated methods
[04:25:48] [modloading-worker-0/DEBUG] [ne.ne.fm.ja.AutomaticEventSubscriber/]: Subscribing @EventBusSubscriber class Lcom/simibubi/create/impl/registry/CreateRegistriesImpl; to the mod event bus of mod create
[04:25:48] [modloading-worker-0/DEBUG] [ne.ne.fm.ja.AutomaticEventSubscriber/LOADING]: Scanning class com.simibubi.create.infrastructure.RemapHelper for @SubscribeEvent-annotated methods
[04:25:48] [modloading-worker-0/DEBUG] [ne.ne.fm.ja.AutomaticEventSubscriber/]: Subscribing @EventBusSubscriber class Lcom/simibubi/create/infrastructure/RemapHelper; to the mod event bus of mod create
[04:25:48] [modloading-worker-0/DEBUG] [ne.ne.fm.ja.AutomaticEventSubscriber/LOADING]: Scanning class com.simibubi.create.infrastructure.gametest.CreateGameTests for @SubscribeEvent-annotated methods
[04:25:48] [modloading-worker-0/DEBUG] [ne.ne.fm.ja.AutomaticEventSubscriber/]: Subscribing @EventBusSubscriber class Lcom/simibubi/create/infrastructure/gametest/CreateGameTests; to the mod event bus of mod create
[04:25:48] [modloading-worker-0/DEBUG] [ne.ne.fm.ja.AutomaticEventSubscriber/LOADING]: Scanning class com.simibubi.create.infrastructure.gui.OpenCreateMenuButton$OpenConfigButtonHandler for @SubscribeEvent-annotated methods
[04:25:48] [modloading-worker-0/DEBUG] [ne.ne.fm.ja.AutomaticEventSubscriber/]: Subscribing @EventBusSubscriber class Lcom/simibubi/create/infrastructure/gui/OpenCreateMenuButton$OpenConfigButtonHandler; to the game event bus
[04:25:48] [modloading-worker-0/DEBUG] [ne.ne.fm.ja.AutomaticEventSubscriber/LOADING]: Scanning class com.simibubi.create.infrastructure.config.AllConfigs for @SubscribeEvent-annotated methods
[04:25:48] [modloading-worker-0/DEBUG] [ne.ne.fm.ja.AutomaticEventSubscriber/]: Subscribing @EventBusSubscriber class Lcom/simibubi/create/infrastructure/config/AllConfigs; to the mod event bus of mod create
[04:25:48] [modloading-worker-0/INFO] [touhou_little_maid/]: common default pack init finished, cost time: 1563.995 ms
[04:25:48] [modloading-worker-0/DEBUG] [ne.ne.fm.ja.AutomaticEventSubscriber/LOADING]: Attempting to inject @EventBusSubscriber classes into the eventbus for touhou_little_maid
[04:25:48] [modloading-worker-0/DEBUG] [ne.ne.fm.ja.AutomaticEventSubscriber/LOADING]: Scanning class com.github.tartaricacid.touhoulittlemaid.util.EntityCacheUtil for @SubscribeEvent-annotated methods
[04:25:48] [modloading-worker-0/DEBUG] [ne.ne.fm.ja.AutomaticEventSubscriber/]: Subscribing @EventBusSubscriber class Lcom/github/tartaricacid/touhoulittlemaid/util/EntityCacheUtil; to the game event bus
[04:25:48] [modloading-worker-0/DEBUG] [ne.ne.fm.ja.AutomaticEventSubscriber/LOADING]: Scanning class com.github.tartaricacid.touhoulittlemaid.item.ItemSubstituteJizo for @SubscribeEvent-annotated methods
[04:25:48] [modloading-worker-0/DEBUG] [ne.ne.fm.ja.AutomaticEventSubscriber/]: Subscribing @EventBusSubscriber class Lcom/github/tartaricacid/touhoulittlemaid/item/ItemSubstituteJizo; to the game event bus
[04:25:48] [modloading-worker-0/DEBUG] [ne.ne.fm.ja.AutomaticEventSubscriber/LOADING]: Scanning class com.github.tartaricacid.touhoulittlemaid.init.registry.MobSpawnInfoRegistry for @SubscribeEvent-annotated methods
[04:25:48] [modloading-worker-0/DEBUG] [ne.ne.fm.ja.AutomaticEventSubscriber/]: Subscribing @EventBusSubscriber class Lcom/github/tartaricacid/touhoulittlemaid/init/registry/MobSpawnInfoRegistry; to the game event bus
[04:25:48] [modloading-worker-0/DEBUG] [ne.ne.fm.ja.AutomaticEventSubscriber/LOADING]: Scanning class com.github.tartaricacid.touhoulittlemaid.init.registry.DatapackRegistry for @SubscribeEvent-annotated methods
[04:25:48] [modloading-worker-0/DEBUG] [ne.ne.fm.ja.AutomaticEventSubscriber/]: Subscribing @EventBusSubscriber class Lcom/github/tartaricacid/touhoulittlemaid/init/registry/DatapackRegistry; to the game event bus
[04:25:48] [modloading-worker-0/DEBUG] [ne.ne.fm.ja.AutomaticEventSubscriber/LOADING]: Scanning class com.github.tartaricacid.touhoulittlemaid.init.registry.CompatRegistry for @SubscribeEvent-annotated methods
[04:25:48] [modloading-worker-0/DEBUG] [ne.ne.fm.ja.AutomaticEventSubscriber/]: Subscribing @EventBusSubscriber class Lcom/github/tartaricacid/touhoulittlemaid/init/registry/CompatRegistry; to the mod event bus of mod touhou_little_maid
[04:25:48] [modloading-worker-0/DEBUG] [ne.ne.fm.ja.AutomaticEventSubscriber/LOADING]: Scanning class com.github.tartaricacid.touhoulittlemaid.init.registry.CommonRegistry for @SubscribeEvent-annotated methods
[04:25:48] [modloading-worker-0/DEBUG] [ne.ne.fm.ja.AutomaticEventSubscriber/]: Subscribing @EventBusSubscriber class Lcom/github/tartaricacid/touhoulittlemaid/init/registry/CommonRegistry; to the mod event bus of mod touhou_little_maid
[04:25:48] [modloading-worker-0/DEBUG] [ne.ne.fm.ja.AutomaticEventSubscriber/LOADING]: Scanning class com.github.tartaricacid.touhoulittlemaid.init.InitEntities for @SubscribeEvent-annotated methods
[04:25:48] [modloading-worker-0/DEBUG] [ne.ne.fm.ja.AutomaticEventSubscriber/]: Subscribing @EventBusSubscriber class Lcom/github/tartaricacid/touhoulittlemaid/init/InitEntities; to the mod event bus of mod touhou_little_maid
[04:25:48] [modloading-worker-0/DEBUG] [ne.ne.fm.ja.AutomaticEventSubscriber/LOADING]: Scanning class com.github.tartaricacid.touhoulittlemaid.event.MaidTrackEvent for @SubscribeEvent-annotated methods
[04:25:48] [modloading-worker-0/DEBUG] [ne.ne.fm.ja.AutomaticEventSubscriber/]: Subscribing @EventBusSubscriber class Lcom/github/tartaricacid/touhoulittlemaid/event/MaidTrackEvent; to the game event bus
[04:25:48] [modloading-worker-0/DEBUG] [ne.ne.fm.ja.AutomaticEventSubscriber/LOADING]: Scanning class com.github.tartaricacid.touhoulittlemaid.event.MaidMealRegConfigEvent for @SubscribeEvent-annotated methods
[04:25:48] [modloading-worker-0/DEBUG] [ne.ne.fm.ja.AutomaticEventSubscriber/]: Subscribing @EventBusSubscriber class Lcom/github/tartaricacid/touhoulittlemaid/event/MaidMealRegConfigEvent; to the mod event bus of mod touhou_little_maid
[04:25:48] [modloading-worker-0/DEBUG] [ne.ne.fm.ja.AutomaticEventSubscriber/LOADING]: Scanning class com.github.tartaricacid.touhoulittlemaid.event.maid.UseNameTagEvent for @SubscribeEvent-annotated methods
[04:25:48] [modloading-worker-0/DEBUG] [ne.ne.fm.ja.AutomaticEventSubscriber/]: Subscribing @EventBusSubscriber class Lcom/github/tartaricacid/touhoulittlemaid/event/maid/UseNameTagEvent; to the game event bus
[04:25:48] [modloading-worker-0/DEBUG] [ne.ne.fm.ja.AutomaticEventSubscriber/LOADING]: Scanning class com.github.tartaricacid.touhoulittlemaid.event.maid.UseFavorabilityToolEvent for @SubscribeEvent-annotated methods
[04:25:48] [modloading-worker-0/DEBUG] [ne.ne.fm.ja.AutomaticEventSubscriber/]: Subscribing @EventBusSubscriber class Lcom/github/tartaricacid/touhoulittlemaid/event/maid/UseFavorabilityToolEvent; to the game event bus
[04:25:48] [modloading-worker-0/DEBUG] [ne.ne.fm.ja.AutomaticEventSubscriber/LOADING]: Scanning class com.github.tartaricacid.touhoulittlemaid.event.maid.SwitchSittingEvent for @SubscribeEvent-annotated methods
[04:25:48] [modloading-worker-0/DEBUG] [ne.ne.fm.ja.AutomaticEventSubscriber/]: Subscribing @EventBusSubscriber class Lcom/github/tartaricacid/touhoulittlemaid/event/maid/SwitchSittingEvent; to the game event bus
[04:25:48] [modloading-worker-0/DEBUG] [ne.ne.fm.ja.AutomaticEventSubscriber/LOADING]: Scanning class com.github.tartaricacid.touhoulittlemaid.event.maid.SlabClickEvent for @SubscribeEvent-annotated methods
[04:25:48] [modloading-worker-0/DEBUG] [ne.ne.fm.ja.AutomaticEventSubscriber/]: Subscribing @EventBusSubscriber class Lcom/github/tartaricacid/touhoulittlemaid/event/maid/SlabClickEvent; to the game event bus
[04:25:48] [modloading-worker-0/DEBUG] [ne.ne.fm.ja.AutomaticEventSubscriber/LOADING]: Scanning class com.github.tartaricacid.touhoulittlemaid.event.maid.SaddleMaidEvent for @SubscribeEvent-annotated methods
[04:25:48] [modloading-worker-0/DEBUG] [ne.ne.fm.ja.AutomaticEventSubscriber/]: Subscribing @EventBusSubscriber class Lcom/github/tartaricacid/touhoulittlemaid/event/maid/SaddleMaidEvent; to the game event bus
[04:25:48] [modloading-worker-0/DEBUG] [ne.ne.fm.ja.AutomaticEventSubscriber/LOADING]: Scanning class com.github.tartaricacid.touhoulittlemaid.event.maid.PotionItemUse for @SubscribeEvent-annotated methods
[04:25:48] [modloading-worker-0/DEBUG] [ne.ne.fm.ja.AutomaticEventSubscriber/]: Subscribing @EventBusSubscriber class Lcom/github/tartaricacid/touhoulittlemaid/event/maid/PotionItemUse; to the game event bus
[04:25:48] [modloading-worker-0/DEBUG] [ne.ne.fm.ja.AutomaticEventSubscriber/LOADING]: Scanning class com.github.tartaricacid.touhoulittlemaid.event.maid.MaidMountEvent for @SubscribeEvent-annotated methods
[04:25:48] [modloading-worker-0/DEBUG] [ne.ne.fm.ja.AutomaticEventSubscriber/]: Subscribing @EventBusSubscriber class Lcom/github/tartaricacid/touhoulittlemaid/event/maid/MaidMountEvent; to the game event bus
[04:25:48] [modloading-worker-0/DEBUG] [ne.ne.fm.ja.AutomaticEventSubscriber/LOADING]: Scanning class com.github.tartaricacid.touhoulittlemaid.event.maid.MaidFarmlandTrample for @SubscribeEvent-annotated methods
[04:25:48] [modloading-worker-0/DEBUG] [ne.ne.fm.ja.AutomaticEventSubscriber/]: Subscribing @EventBusSubscriber class Lcom/github/tartaricacid/touhoulittlemaid/event/maid/MaidFarmlandTrample; to the game event bus
[04:25:48] [modloading-worker-0/DEBUG] [ne.ne.fm.ja.AutomaticEventSubscriber/LOADING]: Scanning class com.github.tartaricacid.touhoulittlemaid.event.maid.MaidDropBaubleEvent for @SubscribeEvent-annotated methods
[04:25:48] [modloading-worker-0/DEBUG] [ne.ne.fm.ja.AutomaticEventSubscriber/]: Subscribing @EventBusSubscriber class Lcom/github/tartaricacid/touhoulittlemaid/event/maid/MaidDropBaubleEvent; to the game event bus
[04:25:48] [modloading-worker-0/DEBUG] [ne.ne.fm.ja.AutomaticEventSubscriber/LOADING]: Scanning class com.github.tartaricacid.touhoulittlemaid.event.maid.MaidDeathFavorability for @SubscribeEvent-annotated methods
[04:25:48] [modloading-worker-0/DEBUG] [ne.ne.fm.ja.AutomaticEventSubscriber/]: Subscribing @EventBusSubscriber class Lcom/github/tartaricacid/touhoulittlemaid/event/maid/MaidDeathFavorability; to the game event bus
[04:25:48] [modloading-worker-0/DEBUG] [ne.ne.fm.ja.AutomaticEventSubscriber/LOADING]: Scanning class com.github.tartaricacid.touhoulittlemaid.event.maid.MaidAreaClickEvent for @SubscribeEvent-annotated methods
[04:25:48] [modloading-worker-0/DEBUG] [ne.ne.fm.ja.AutomaticEventSubscriber/]: Subscribing @EventBusSubscriber class Lcom/github/tartaricacid/touhoulittlemaid/event/maid/MaidAreaClickEvent; to the game event bus
[04:25:48] [modloading-worker-0/DEBUG] [ne.ne.fm.ja.AutomaticEventSubscriber/LOADING]: Scanning class com.github.tartaricacid.touhoulittlemaid.event.maid.HandleBackpackEvent for @SubscribeEvent-annotated methods
[04:25:48] [modloading-worker-0/DEBUG] [ne.ne.fm.ja.AutomaticEventSubscriber/]: Subscribing @EventBusSubscriber class Lcom/github/tartaricacid/touhoulittlemaid/event/maid/HandleBackpackEvent; to the game event bus
[04:25:48] [modloading-worker-0/DEBUG] [ne.ne.fm.ja.AutomaticEventSubscriber/LOADING]: Scanning class com.github.tartaricacid.touhoulittlemaid.event.maid.GetExpBottleEvent for @SubscribeEvent-annotated methods
[04:25:48] [modloading-worker-0/DEBUG] [ne.ne.fm.ja.AutomaticEventSubscriber/]: Subscribing @EventBusSubscriber class Lcom/github/tartaricacid/touhoulittlemaid/event/maid/GetExpBottleEvent; to the game event bus
[04:25:48] [modloading-worker-0/DEBUG] [ne.ne.fm.ja.AutomaticEventSubscriber/LOADING]: Scanning class com.github.tartaricacid.touhoulittlemaid.event.maid.DismountMaidEvent for @SubscribeEvent-annotated methods
[04:25:48] [modloading-worker-0/DEBUG] [ne.ne.fm.ja.AutomaticEventSubscriber/]: Subscribing @EventBusSubscriber class Lcom/github/tartaricacid/touhoulittlemaid/event/maid/DismountMaidEvent; to the game event bus
[04:25:48] [modloading-worker-0/DEBUG] [ne.ne.fm.ja.AutomaticEventSubscriber/LOADING]: Scanning class com.github.tartaricacid.touhoulittlemaid.event.maid.ApplyPotionEffectEvent for @SubscribeEvent-annotated methods
[04:25:48] [modloading-worker-0/DEBUG] [ne.ne.fm.ja.AutomaticEventSubscriber/]: Subscribing @EventBusSubscriber class Lcom/github/tartaricacid/touhoulittlemaid/event/maid/ApplyPotionEffectEvent; to the game event bus
[04:25:48] [modloading-worker-0/DEBUG] [ne.ne.fm.ja.AutomaticEventSubscriber/LOADING]: Scanning class com.github.tartaricacid.touhoulittlemaid.event.maid.ApplyGoldenAppleEvent for @SubscribeEvent-annotated methods
[04:25:48] [modloading-worker-0/DEBUG] [ne.ne.fm.ja.AutomaticEventSubscriber/]: Subscribing @EventBusSubscriber class Lcom/github/tartaricacid/touhoulittlemaid/event/maid/ApplyGoldenAppleEvent; to the game event bus
[04:25:48] [modloading-worker-0/DEBUG] [ne.ne.fm.ja.AutomaticEventSubscriber/LOADING]: Scanning class com.github.tartaricacid.touhoulittlemaid.event.InstallChairEvent for @SubscribeEvent-annotated methods
[04:25:48] [modloading-worker-0/DEBUG] [ne.ne.fm.ja.AutomaticEventSubscriber/]: Subscribing @EventBusSubscriber class Lcom/github/tartaricacid/touhoulittlemaid/event/InstallChairEvent; to the game event bus
[04:25:48] [modloading-worker-0/DEBUG] [ne.ne.fm.ja.AutomaticEventSubscriber/LOADING]: Scanning class com.github.tartaricacid.touhoulittlemaid.event.food.RemainFoodEatenEvent for @SubscribeEvent-annotated methods
[04:25:48] [modloading-worker-0/DEBUG] [ne.ne.fm.ja.AutomaticEventSubscriber/]: Subscribing @EventBusSubscriber class Lcom/github/tartaricacid/touhoulittlemaid/event/food/RemainFoodEatenEvent; to the game event bus
[04:25:48] [modloading-worker-0/DEBUG] [ne.ne.fm.ja.AutomaticEventSubscriber/LOADING]: Scanning class com.github.tartaricacid.touhoulittlemaid.event.food.ConvertFoodEatenEvent for @SubscribeEvent-annotated methods
[04:25:48] [modloading-worker-0/DEBUG] [ne.ne.fm.ja.AutomaticEventSubscriber/]: Subscribing @EventBusSubscriber class Lcom/github/tartaricacid/touhoulittlemaid/event/food/ConvertFoodEatenEvent; to the game event bus
[04:25:48] [modloading-worker-0/DEBUG] [ne.ne.fm.ja.AutomaticEventSubscriber/LOADING]: Scanning class com.github.tartaricacid.touhoulittlemaid.event.EntityJoinWorldEvent for @SubscribeEvent-annotated methods
[04:25:48] [modloading-worker-0/DEBUG] [ne.ne.fm.ja.AutomaticEventSubscriber/]: Subscribing @EventBusSubscriber class Lcom/github/tartaricacid/touhoulittlemaid/event/EntityJoinWorldEvent; to the game event bus
[04:25:48] [modloading-worker-0/DEBUG] [ne.ne.fm.ja.AutomaticEventSubscriber/LOADING]: Scanning class com.github.tartaricacid.touhoulittlemaid.event.EntityHurtEvent for @SubscribeEvent-annotated methods
[04:25:48] [modloading-worker-0/DEBUG] [ne.ne.fm.ja.AutomaticEventSubscriber/]: Subscribing @EventBusSubscriber class Lcom/github/tartaricacid/touhoulittlemaid/event/EntityHurtEvent; to the game event bus
[04:25:48] [modloading-worker-0/DEBUG] [ne.ne.fm.ja.AutomaticEventSubscriber/LOADING]: Scanning class com.github.tartaricacid.touhoulittlemaid.event.EntityDeathEvent for @SubscribeEvent-annotated methods
[04:25:48] [modloading-worker-0/DEBUG] [ne.ne.fm.ja.AutomaticEventSubscriber/]: Subscribing @EventBusSubscriber class Lcom/github/tartaricacid/touhoulittlemaid/event/EntityDeathEvent; to the game event bus
[04:25:48] [modloading-worker-0/DEBUG] [ne.ne.fm.ja.AutomaticEventSubscriber/LOADING]: Scanning class com.github.tartaricacid.touhoulittlemaid.event.EnterServerEvent for @SubscribeEvent-annotated methods
[04:25:48] [modloading-worker-0/DEBUG] [ne.ne.fm.ja.AutomaticEventSubscriber/]: Subscribing @EventBusSubscriber class Lcom/github/tartaricacid/touhoulittlemaid/event/EnterServerEvent; to the game event bus
[04:25:48] [modloading-worker-0/DEBUG] [ne.ne.fm.ja.AutomaticEventSubscriber/LOADING]: Scanning class com.github.tartaricacid.touhoulittlemaid.event.CopyEntityIdEvent for @SubscribeEvent-annotated methods
[04:25:48] [modloading-worker-0/DEBUG] [ne.ne.fm.ja.AutomaticEventSubscriber/]: Subscribing @EventBusSubscriber class Lcom/github/tartaricacid/touhoulittlemaid/event/CopyEntityIdEvent; to the game event bus
[04:25:48] [modloading-worker-0/DEBUG] [ne.ne.fm.ja.AutomaticEventSubscriber/LOADING]: Scanning class com.github.tartaricacid.touhoulittlemaid.event.ClientExtensionsEvent for @SubscribeEvent-annotated methods
[04:25:48] [modloading-worker-0/DEBUG] [ne.ne.fm.ja.AutomaticEventSubscriber/]: Subscribing @EventBusSubscriber class Lcom/github/tartaricacid/touhoulittlemaid/event/ClientExtensionsEvent; to the mod event bus of mod touhou_little_maid
[04:25:48] [modloading-worker-0/DEBUG] [ne.ne.fm.ja.AutomaticEventSubscriber/LOADING]: Scanning class com.github.tartaricacid.touhoulittlemaid.event.CancelSaddleMaidEvent for @SubscribeEvent-annotated methods
[04:25:48] [modloading-worker-0/DEBUG] [ne.ne.fm.ja.AutomaticEventSubscriber/]: Subscribing @EventBusSubscriber class Lcom/github/tartaricacid/touhoulittlemaid/event/CancelSaddleMaidEvent; to the game event bus
[04:25:48] [modloading-worker-0/DEBUG] [ne.ne.fm.ja.AutomaticEventSubscriber/LOADING]: Scanning class com.github.tartaricacid.touhoulittlemaid.entity.chatbubble.RandomEmoji for @SubscribeEvent-annotated methods
[04:25:48] [modloading-worker-0/DEBUG] [ne.ne.fm.ja.AutomaticEventSubscriber/]: Subscribing @EventBusSubscriber class Lcom/github/tartaricacid/touhoulittlemaid/entity/chatbubble/RandomEmoji; to the game event bus
[04:25:48] [modloading-worker-0/DEBUG] [ne.ne.fm.ja.AutomaticEventSubscriber/LOADING]: Scanning class com.github.tartaricacid.touhoulittlemaid.debug.target.SendMaidDebugDataEvent for @SubscribeEvent-annotated methods
[04:25:48] [modloading-worker-0/DEBUG] [ne.ne.fm.ja.AutomaticEventSubscriber/]: Subscribing @EventBusSubscriber class Lcom/github/tartaricacid/touhoulittlemaid/debug/target/SendMaidDebugDataEvent; to the game event bus
[04:25:48] [modloading-worker-0/DEBUG] [ne.ne.fm.ja.AutomaticEventSubscriber/LOADING]: Scanning class com.github.tartaricacid.touhoulittlemaid.debug.target.DebugClientRenderEvent for @SubscribeEvent-annotated methods
[04:25:48] [modloading-worker-0/DEBUG] [ne.ne.fm.ja.AutomaticEventSubscriber/]: Subscribing @EventBusSubscriber class Lcom/github/tartaricacid/touhoulittlemaid/debug/target/DebugClientRenderEvent; to the game event bus
[04:25:48] [modloading-worker-0/DEBUG] [ne.ne.fm.ja.AutomaticEventSubscriber/LOADING]: Scanning class com.github.tartaricacid.touhoulittlemaid.debug.event.DebugStickClickEvent for @SubscribeEvent-annotated methods
[04:25:48] [modloading-worker-0/DEBUG] [ne.ne.fm.ja.AutomaticEventSubscriber/]: Subscribing @EventBusSubscriber class Lcom/github/tartaricacid/touhoulittlemaid/debug/event/DebugStickClickEvent; to the game event bus
[04:25:48] [modloading-worker-0/DEBUG] [ne.ne.fm.ja.AutomaticEventSubscriber/LOADING]: Scanning class com.github.tartaricacid.touhoulittlemaid.datagen.DataGenerator for @SubscribeEvent-annotated methods
[04:25:48] [modloading-worker-0/DEBUG] [ne.ne.fm.ja.AutomaticEventSubscriber/]: Subscribing @EventBusSubscriber class Lcom/github/tartaricacid/touhoulittlemaid/datagen/DataGenerator; to the mod event bus of mod touhou_little_maid
[04:25:48] [modloading-worker-0/DEBUG] [ne.ne.fm.ja.AutomaticEventSubscriber/LOADING]: Scanning class com.github.tartaricacid.touhoulittlemaid.client.resource.BedrockModelLoader for @SubscribeEvent-annotated methods
[04:25:48] [modloading-worker-0/DEBUG] [ne.ne.fm.ja.AutomaticEventSubscriber/]: Subscribing @EventBusSubscriber class Lcom/github/tartaricacid/touhoulittlemaid/client/resource/BedrockModelLoader; to the mod event bus of mod touhou_little_maid
[04:25:48] [modloading-worker-0/DEBUG] [ne.ne.fm.ja.AutomaticEventSubscriber/LOADING]: Scanning class com.github.tartaricacid.touhoulittlemaid.client.input.STTChatKey for @SubscribeEvent-annotated methods
[04:25:48] [modloading-worker-0/DEBUG] [ne.ne.fm.ja.AutomaticEventSubscriber/]: Subscribing @EventBusSubscriber class Lcom/github/tartaricacid/touhoulittlemaid/client/input/STTChatKey; to the game event bus
[04:25:48] [modloading-worker-0/DEBUG] [ne.ne.fm.ja.AutomaticEventSubscriber/LOADING]: Scanning class com.github.tartaricacid.touhoulittlemaid.client.input.DismountBroomKey for @SubscribeEvent-annotated methods
[04:25:48] [modloading-worker-0/DEBUG] [ne.ne.fm.ja.AutomaticEventSubscriber/]: Subscribing @EventBusSubscriber class Lcom/github/tartaricacid/touhoulittlemaid/client/input/DismountBroomKey; to the game event bus
[04:25:48] [modloading-worker-0/DEBUG] [ne.ne.fm.ja.AutomaticEventSubscriber/LOADING]: Scanning class com.github.tartaricacid.touhoulittlemaid.client.init.InitSpecialItemRender for @SubscribeEvent-annotated methods
[04:25:48] [modloading-worker-0/DEBUG] [ne.ne.fm.ja.AutomaticEventSubscriber/]: Subscribing @EventBusSubscriber class Lcom/github/tartaricacid/touhoulittlemaid/client/init/InitSpecialItemRender; to the mod event bus of mod touhou_little_maid
[04:25:48] [modloading-worker-0/DEBUG] [ne.ne.fm.ja.AutomaticEventSubscriber/LOADING]: Scanning class com.github.tartaricacid.touhoulittlemaid.client.init.InitEntitiesRender for @SubscribeEvent-annotated methods
[04:25:48] [modloading-worker-0/DEBUG] [ne.ne.fm.ja.AutomaticEventSubscriber/]: Subscribing @EventBusSubscriber class Lcom/github/tartaricacid/touhoulittlemaid/client/init/InitEntitiesRender; to the mod event bus of mod touhou_little_maid
[04:25:48] [modloading-worker-0/DEBUG] [ne.ne.fm.ja.AutomaticEventSubscriber/LOADING]: Scanning class com.github.tartaricacid.touhoulittlemaid.client.init.InitContainerGui for @SubscribeEvent-annotated methods
[04:25:48] [modloading-worker-0/DEBUG] [ne.ne.fm.ja.AutomaticEventSubscriber/]: Subscribing @EventBusSubscriber class Lcom/github/tartaricacid/touhoulittlemaid/client/init/InitContainerGui; to the mod event bus of mod touhou_little_maid
[04:25:48] [modloading-worker-0/DEBUG] [ne.ne.fm.ja.AutomaticEventSubscriber/LOADING]: Scanning class com.github.tartaricacid.touhoulittlemaid.client.init.InitClientTooltip for @SubscribeEvent-annotated methods
[04:25:48] [modloading-worker-0/DEBUG] [ne.ne.fm.ja.AutomaticEventSubscriber/]: Subscribing @EventBusSubscriber class Lcom/github/tartaricacid/touhoulittlemaid/client/init/InitClientTooltip; to the mod event bus of mod touhou_little_maid
[04:25:48] [modloading-worker-0/DEBUG] [ne.ne.fm.ja.AutomaticEventSubscriber/LOADING]: Scanning class com.github.tartaricacid.touhoulittlemaid.client.init.ClientSetupEvent for @SubscribeEvent-annotated methods
[04:25:48] [modloading-worker-0/DEBUG] [ne.ne.fm.ja.AutomaticEventSubscriber/]: Subscribing @EventBusSubscriber class Lcom/github/tartaricacid/touhoulittlemaid/client/init/ClientSetupEvent; to the mod event bus of mod touhou_little_maid
[04:25:48] [modloading-worker-0/DEBUG] [ne.ne.fm.ja.AutomaticEventSubscriber/LOADING]: Scanning class com.github.tartaricacid.touhoulittlemaid.client.event.WirelessIORenderEvent for @SubscribeEvent-annotated methods
[04:25:48] [modloading-worker-0/DEBUG] [ne.ne.fm.ja.AutomaticEventSubscriber/]: Subscribing @EventBusSubscriber class Lcom/github/tartaricacid/touhoulittlemaid/client/event/WirelessIORenderEvent; to the game event bus
[04:25:48] [modloading-worker-0/DEBUG] [ne.ne.fm.ja.AutomaticEventSubscriber/LOADING]: Scanning class com.github.tartaricacid.touhoulittlemaid.client.event.SpecialMaidRenderEvent for @SubscribeEvent-annotated methods
[04:25:48] [modloading-worker-0/DEBUG] [ne.ne.fm.ja.AutomaticEventSubscriber/]: Subscribing @EventBusSubscriber class Lcom/github/tartaricacid/touhoulittlemaid/client/event/SpecialMaidRenderEvent; to the game event bus
[04:25:48] [modloading-worker-0/DEBUG] [ne.ne.fm.ja.AutomaticEventSubscriber/LOADING]: Scanning class com.github.tartaricacid.touhoulittlemaid.client.event.ShowOptifineScreen for @SubscribeEvent-annotated methods
[04:25:48] [modloading-worker-0/DEBUG] [ne.ne.fm.ja.AutomaticEventSubscriber/]: Subscribing @EventBusSubscriber class Lcom/github/tartaricacid/touhoulittlemaid/client/event/ShowOptifineScreen; to the game event bus
[04:25:48] [modloading-worker-0/DEBUG] [ne.ne.fm.ja.AutomaticEventSubscriber/LOADING]: Scanning class com.github.tartaricacid.touhoulittlemaid.client.event.ScrollRenderEvent for @SubscribeEvent-annotated methods
[04:25:48] [modloading-worker-0/DEBUG] [ne.ne.fm.ja.AutomaticEventSubscriber/]: Subscribing @EventBusSubscriber class Lcom/github/tartaricacid/touhoulittlemaid/client/event/ScrollRenderEvent; to the game event bus
[04:25:48] [modloading-worker-0/DEBUG] [ne.ne.fm.ja.AutomaticEventSubscriber/LOADING]: Scanning class com.github.tartaricacid.touhoulittlemaid.client.event.ReloadResourceEvent for @SubscribeEvent-annotated methods
[04:25:48] [modloading-worker-0/DEBUG] [ne.ne.fm.ja.AutomaticEventSubscriber/]: Subscribing @EventBusSubscriber class Lcom/github/tartaricacid/touhoulittlemaid/client/event/ReloadResourceEvent; to the mod event bus of mod touhou_little_maid
[04:25:48] [modloading-worker-0/DEBUG] [ne.ne.fm.ja.AutomaticEventSubscriber/LOADING]: Scanning class com.github.tartaricacid.touhoulittlemaid.client.event.PressAIChatKeyEvent for @SubscribeEvent-annotated methods
[04:25:48] [modloading-worker-0/DEBUG] [ne.ne.fm.ja.AutomaticEventSubscriber/]: Subscribing @EventBusSubscriber class Lcom/github/tartaricacid/touhoulittlemaid/client/event/PressAIChatKeyEvent; to the game event bus
[04:25:48] [modloading-worker-0/DEBUG] [ne.ne.fm.ja.AutomaticEventSubscriber/LOADING]: Scanning class com.github.tartaricacid.touhoulittlemaid.client.event.PlayMaidSoundEvent for @SubscribeEvent-annotated methods
[04:25:48] [modloading-worker-0/DEBUG] [ne.ne.fm.ja.AutomaticEventSubscriber/]: Subscribing @EventBusSubscriber class Lcom/github/tartaricacid/touhoulittlemaid/client/event/PlayMaidSoundEvent; to the game event bus
[04:25:48] [modloading-worker-0/DEBUG] [ne.ne.fm.ja.AutomaticEventSubscriber/LOADING]: Scanning class com.github.tartaricacid.touhoulittlemaid.client.event.PlayerLoggedInNotice for @SubscribeEvent-annotated methods
[04:25:48] [modloading-worker-0/DEBUG] [ne.ne.fm.ja.AutomaticEventSubscriber/]: Subscribing @EventBusSubscriber class Lcom/github/tartaricacid/touhoulittlemaid/client/event/PlayerLoggedInNotice; to the game event bus
[04:25:48] [modloading-worker-0/DEBUG] [ne.ne.fm.ja.AutomaticEventSubscriber/LOADING]: Scanning class com.github.tartaricacid.touhoulittlemaid.client.event.MaidSoundFreqEvent for @SubscribeEvent-annotated methods
[04:25:48] [modloading-worker-0/DEBUG] [ne.ne.fm.ja.AutomaticEventSubscriber/]: Subscribing @EventBusSubscriber class Lcom/github/tartaricacid/touhoulittlemaid/client/event/MaidSoundFreqEvent; to the game event bus
[04:25:48] [modloading-worker-0/DEBUG] [ne.ne.fm.ja.AutomaticEventSubscriber/LOADING]: Scanning class com.github.tartaricacid.touhoulittlemaid.client.event.MaidAreaRenderEvent for @SubscribeEvent-annotated methods
[04:25:48] [modloading-worker-0/DEBUG] [ne.ne.fm.ja.AutomaticEventSubscriber/]: Subscribing @EventBusSubscriber class Lcom/github/tartaricacid/touhoulittlemaid/client/event/MaidAreaRenderEvent; to the game event bus
[04:25:48] [modloading-worker-0/DEBUG] [ne.ne.fm.ja.AutomaticEventSubscriber/LOADING]: Scanning class com.github.tartaricacid.touhoulittlemaid.client.event.CompassRenderEvent for @SubscribeEvent-annotated methods
[04:25:48] [modloading-worker-0/DEBUG] [ne.ne.fm.ja.AutomaticEventSubscriber/]: Subscribing @EventBusSubscriber class Lcom/github/tartaricacid/touhoulittlemaid/client/event/CompassRenderEvent; to the game event bus
[04:25:48] [modloading-worker-0/DEBUG] [ne.ne.fm.ja.AutomaticEventSubscriber/LOADING]: Scanning class com.github.tartaricacid.touhoulittlemaid.client.event.ClientPackDownloadEvent for @SubscribeEvent-annotated methods
[04:25:48] [modloading-worker-0/DEBUG] [ne.ne.fm.ja.AutomaticEventSubscriber/]: Subscribing @EventBusSubscriber class Lcom/github/tartaricacid/touhoulittlemaid/client/event/ClientPackDownloadEvent; to the mod event bus of mod touhou_little_maid
[04:25:48] [modloading-worker-0/DEBUG] [ne.ne.fm.ja.AutomaticEventSubscriber/LOADING]: Scanning class com.github.tartaricacid.touhoulittlemaid.client.event.CarryMaidHideArmEvent for @SubscribeEvent-annotated methods
[04:25:48] [modloading-worker-0/DEBUG] [ne.ne.fm.ja.AutomaticEventSubscriber/]: Subscribing @EventBusSubscriber class Lcom/github/tartaricacid/touhoulittlemaid/client/event/CarryMaidHideArmEvent; to the game event bus
[04:25:48] [modloading-worker-0/DEBUG] [ne.ne.fm.ja.AutomaticEventSubscriber/LOADING]: Scanning class com.github.tartaricacid.touhoulittlemaid.client.event.AddInformationEvent for @SubscribeEvent-annotated methods
[04:25:48] [modloading-worker-0/DEBUG] [ne.ne.fm.ja.AutomaticEventSubscriber/]: Subscribing @EventBusSubscriber class Lcom/github/tartaricacid/touhoulittlemaid/client/event/AddInformationEvent; to the game event bus
[04:25:48] [modloading-worker-0/DEBUG] [ne.ne.fm.ja.AutomaticEventSubscriber/LOADING]: Scanning class com.github.tartaricacid.touhoulittlemaid.client.download.InfoGetManager for @SubscribeEvent-annotated methods
[04:25:48] [modloading-worker-0/DEBUG] [ne.ne.fm.ja.AutomaticEventSubscriber/]: Subscribing @EventBusSubscriber class Lcom/github/tartaricacid/touhoulittlemaid/client/download/InfoGetManager; to the mod event bus of mod touhou_little_maid
[04:25:48] [modloading-worker-0/DEBUG] [ne.ne.fm.ja.AutomaticEventSubscriber/LOADING]: Scanning class com.github.tartaricacid.simplebedrockmodel.client.manager.BedrockEntityModelRegister for @SubscribeEvent-annotated methods
[04:25:48] [modloading-worker-0/DEBUG] [ne.ne.fm.ja.AutomaticEventSubscriber/]: Subscribing @EventBusSubscriber class Lcom/github/tartaricacid/simplebedrockmodel/client/manager/BedrockEntityModelRegister; to the mod event bus of mod touhou_little_maid
[04:25:48] [modloading-worker-0/DEBUG] [ne.ne.fm.ja.AutomaticEventSubscriber/LOADING]: Scanning class com.github.tartaricacid.simplebedrockmodel.client.ClientSetupEvent for @SubscribeEvent-annotated methods
[04:25:48] [modloading-worker-0/DEBUG] [ne.ne.fm.ja.AutomaticEventSubscriber/]: Subscribing @EventBusSubscriber class Lcom/github/tartaricacid/simplebedrockmodel/client/ClientSetupEvent; to the mod event bus of mod touhou_little_maid
[04:25:49] [modloading-sync-worker/DEBUG] [mixin/]: Mixing client.HumanoidModelMixin from touhou_little_maid.mixins.json into net.minecraft.client.model.HumanoidModel
[04:25:49] [modloading-sync-worker/DEBUG] [mixin/]: touhou_little_maid.mixins.json:client.HumanoidModelMixin from mod touhou_little_maid: Class version 65 required is higher than the class version supported by the current version of Mixin (JAVA_17 supports class version 61)
[04:25:49] [modloading-sync-worker/DEBUG] [mixin/]: Mixing client.HumanoidModelMixin from create.mixins.json into net.minecraft.client.model.HumanoidModel
[04:25:49] [modloading-sync-worker/DEBUG] [mixin/]: touhou_little_maid.mixins.json:client.HumanoidModelMixin from mod touhou_little_maid->@Inject::setRotationAnglesHead(Lnet/minecraft/world/entity/LivingEntity;FFFFFLorg/spongepowered/asm/mixin/injection/callback/CallbackInfo;)V doesn't use it's CallbackInfo
[04:25:49] [modloading-sync-worker/DEBUG] [mixin/]: touhou_little_maid.mixins.json:client.HumanoidModelMixin from mod touhou_little_maid->@Inject::setRotationAnglesHead(Lnet/minecraft/world/entity/LivingEntity;FFFFFLorg/spongepowered/asm/mixin/injection/callback/CallbackInfo;)V has 0 override(s) in child classes
[04:25:49] [modloading-sync-worker/DEBUG] [mixin/]: touhou_little_maid.mixins.json:client.HumanoidModelMixin from mod touhou_little_maid->@Inject::setRotationAnglesHead(Lnet/minecraft/world/entity/LivingEntity;FFFFFLorg/spongepowered/asm/mixin/injection/callback/CallbackInfo;)V won't be passed a CallbackInfo as a result
[04:25:49] [modloading-sync-worker/DEBUG] [mixin/]: create.mixins.json:client.HumanoidModelMixin from mod create->@Inject::create$afterSetupAnim(Lnet/minecraft/world/entity/LivingEntity;FFFFFLorg/spongepowered/asm/mixin/injection/callback/CallbackInfo;)V doesn't use it's CallbackInfo
[04:25:49] [modloading-sync-worker/DEBUG] [mixin/]: create.mixins.json:client.HumanoidModelMixin from mod create->@Inject::create$afterSetupAnim(Lnet/minecraft/world/entity/LivingEntity;FFFFFLorg/spongepowered/asm/mixin/injection/callback/CallbackInfo;)V has 0 override(s) in child classes
[04:25:49] [modloading-sync-worker/DEBUG] [mixin/]: create.mixins.json:client.HumanoidModelMixin from mod create->@Inject::create$afterSetupAnim(Lnet/minecraft/world/entity/LivingEntity;FFFFFLorg/spongepowered/asm/mixin/injection/callback/CallbackInfo;)V won't be passed a CallbackInfo as a result
[04:25:49] [modloading-sync-worker/DEBUG] [mixin/]: create.mixins.json:client.HumanoidModelMixin from mod create->@Inject::create$afterSetupAnim(Lnet/minecraft/world/entity/LivingEntity;FFFFFLorg/spongepowered/asm/mixin/injection/callback/CallbackInfo;)V doesn't use it's CallbackInfo
[04:25:49] [modloading-sync-worker/DEBUG] [mixin/]: create.mixins.json:client.HumanoidModelMixin from mod create->@Inject::create$afterSetupAnim(Lnet/minecraft/world/entity/LivingEntity;FFFFFLorg/spongepowered/asm/mixin/injection/callback/CallbackInfo;)V has 0 override(s) in child classes
[04:25:49] [modloading-sync-worker/DEBUG] [mixin/]: create.mixins.json:client.HumanoidModelMixin from mod create->@Inject::create$afterSetupAnim(Lnet/minecraft/world/entity/LivingEntity;FFFFFLorg/spongepowered/asm/mixin/injection/callback/CallbackInfo;)V won't be passed a CallbackInfo as a result
[04:25:49] [modloading-sync-worker/DEBUG] [mixin/]: create.mixins.json:client.HumanoidModelMixin from mod create->@Inject::create$beforeSetupAnim(Lnet/minecraft/world/entity/LivingEntity;FFFFFLorg/spongepowered/asm/mixin/injection/callback/CallbackInfo;)V doesn't use it's CallbackInfo
[04:25:49] [modloading-sync-worker/DEBUG] [mixin/]: create.mixins.json:client.HumanoidModelMixin from mod create->@Inject::create$beforeSetupAnim(Lnet/minecraft/world/entity/LivingEntity;FFFFFLorg/spongepowered/asm/mixin/injection/callback/CallbackInfo;)V has 0 override(s) in child classes
[04:25:49] [modloading-sync-worker/DEBUG] [mixin/]: create.mixins.json:client.HumanoidModelMixin from mod create->@Inject::create$beforeSetupAnim(Lnet/minecraft/world/entity/LivingEntity;FFFFFLorg/spongepowered/asm/mixin/injection/callback/CallbackInfo;)V won't be passed a CallbackInfo as a result
[04:25:49] [modloading-sync-worker/DEBUG] [mixin/]: create.mixins.json:client.HumanoidModelMixin from mod create->@Inject::create$beforeSetupAnim(Lnet/minecraft/world/entity/LivingEntity;FFFFFLorg/spongepowered/asm/mixin/injection/callback/CallbackInfo;)V doesn't use it's CallbackInfo
[04:25:49] [modloading-sync-worker/DEBUG] [mixin/]: create.mixins.json:client.HumanoidModelMixin from mod create->@Inject::create$beforeSetupAnim(Lnet/minecraft/world/entity/LivingEntity;FFFFFLorg/spongepowered/asm/mixin/injection/callback/CallbackInfo;)V has 0 override(s) in child classes
[04:25:49] [modloading-sync-worker/DEBUG] [mixin/]: create.mixins.json:client.HumanoidModelMixin from mod create->@Inject::create$beforeSetupAnim(Lnet/minecraft/world/entity/LivingEntity;FFFFFLorg/spongepowered/asm/mixin/injection/callback/CallbackInfo;)V won't be passed a CallbackInfo as a result
[04:25:49] [modloading-sync-worker/DEBUG] [mixin/]: Mixing accessor.AgeableListModelAccessor from create.mixins.json into net.minecraft.client.model.AgeableListModel
[04:25:49] [modloading-sync-worker/DEBUG] [mixin/]: Mixing NumericTagMixin from kubejs.mixins.json into net.minecraft.nbt.NumericTag
[04:25:49] [modloading-sync-worker/DEBUG] [mixin/]: Mixing client.ItemPropertiesMixin from touhou_little_maid.mixins.json into net.minecraft.client.renderer.item.ItemProperties
[04:25:49] [modloading-sync-worker/DEBUG] [mixin/]: touhou_little_maid.mixins.json:client.ItemPropertiesMixin from mod touhou_little_maid: Class version 65 required is higher than the class version supported by the current version of Mixin (JAVA_17 supports class version 61)
[04:25:49] [modloading-sync-worker/DEBUG] [mixin/]: touhou_little_maid.mixins.json:client.ItemPropertiesMixin from mod touhou_little_maid->@Inject::onItemRender(Lnet/minecraft/world/item/ItemStack;Lnet/minecraft/client/multiplayer/ClientLevel;Lnet/minecraft/world/entity/LivingEntity;ILorg/spongepowered/asm/mixin/injection/callback/CallbackInfoReturnable;)V does use it's CallbackInfoReturnable
[04:25:49] [modloading-sync-worker/DEBUG] [mixin/]: Mixing accessor.ItemModelGeneratorsAccessor from create.mixins.json into net.minecraft.data.models.ItemModelGenerators
[04:25:49] [modloading-sync-worker/DEBUG] [mixin/]: Renaming @Accessor method create$getGENERATED_TRIM_MODELS()Ljava/util/List; to getGENERATED_TRIM_MODELS$create_$md$3fd53a$0 in create.mixins.json:accessor.ItemModelGeneratorsAccessor from mod create
[04:25:49] [modloading-sync-worker/DEBUG] [mixin/]: Mixing CanItemPerformAbilityAccess from jade.mixins.json into net.neoforged.neoforge.common.loot.CanItemPerformAbility
[04:25:49] [modloading-sync-worker/DEBUG] [mixin/]: jade.mixins.json:CanItemPerformAbilityAccess from mod jade: Class version 65 required is higher than the class version supported by the current version of Mixin (JAVA_16 supports class version 60)
[04:25:50] [modloading-sync-worker/DEBUG] [mixin/]: Mixing TagEmptyConditionMixin from kubejs.mixins.json into net.neoforged.neoforge.common.conditions.TagEmptyCondition
[04:25:50] [modloading-sync-worker/DEBUG] [mixin/]: kubejs.mixins.json:TagEmptyConditionMixin from mod kubejs->@Inject::kjs$test(Lnet/neoforged/neoforge/common/conditions/ICondition$IContext;Lorg/spongepowered/asm/mixin/injection/callback/CallbackInfoReturnable;)V does use it's CallbackInfoReturnable
[04:25:50] [modloading-sync-worker/DEBUG] [mixin/]: Mixing CompoundIngredientMixin from kubejs.mixins.json into net.neoforged.neoforge.common.crafting.CompoundIngredient
[04:25:50] [modloading-sync-worker/DEBUG] [mixin/]: Mixing DifferenceIngredientMixin from kubejs.mixins.json into net.neoforged.neoforge.common.crafting.DifferenceIngredient
[04:25:50] [modloading-sync-worker/DEBUG] [mixin/]: Mixing IntersectionIngredientMixin from kubejs.mixins.json into net.neoforged.neoforge.common.crafting.IntersectionIngredient
[04:25:50] [Worker-Main-1/DEBUG] [mixin/]: Mixing MapItemSavedDataMixin from create.mixins.json into net.minecraft.world.level.saveddata.maps.MapItemSavedData
[04:25:51] [Worker-Main-1/DEBUG] [mixin/]: create.mixins.json:MapItemSavedDataMixin from mod create->@Inject::create$onLoad(Lnet/minecraft/nbt/CompoundTag;Lnet/minecraft/core/HolderLookup$Provider;Lorg/spongepowered/asm/mixin/injection/callback/CallbackInfoReturnable;)V does use it's CallbackInfoReturnable
[04:25:51] [Worker-Main-1/DEBUG] [mixin/]: create.mixins.json:MapItemSavedDataMixin from mod create->@Inject::create$onSave(Lnet/minecraft/nbt/CompoundTag;Lnet/minecraft/core/HolderLookup$Provider;Lorg/spongepowered/asm/mixin/injection/callback/CallbackInfoReturnable;)V doesn't use it's CallbackInfoReturnable
[04:25:51] [Worker-Main-1/DEBUG] [mixin/]: create.mixins.json:MapItemSavedDataMixin from mod create->@Inject::create$onSave(Lnet/minecraft/nbt/CompoundTag;Lnet/minecraft/core/HolderLookup$Provider;Lorg/spongepowered/asm/mixin/injection/callback/CallbackInfoReturnable;)V has 0 override(s) in child classes
[04:25:51] [Worker-Main-1/DEBUG] [mixin/]: create.mixins.json:MapItemSavedDataMixin from mod create->@Inject::create$onSave(Lnet/minecraft/nbt/CompoundTag;Lnet/minecraft/core/HolderLookup$Provider;Lorg/spongepowered/asm/mixin/injection/callback/CallbackInfoReturnable;)V won't be passed a CallbackInfoReturnable as a result
[04:25:51] [Worker-Main-1/DEBUG] [mixin/]: create.mixins.json:MapItemSavedDataMixin from mod create->@Inject::create$onCheckBanners(Lnet/minecraft/world/level/BlockGetter;IILorg/spongepowered/asm/mixin/injection/callback/CallbackInfo;)V doesn't use it's CallbackInfo
[04:25:51] [Worker-Main-1/DEBUG] [mixin/]: create.mixins.json:MapItemSavedDataMixin from mod create->@Inject::create$onCheckBanners(Lnet/minecraft/world/level/BlockGetter;IILorg/spongepowered/asm/mixin/injection/callback/CallbackInfo;)V has 0 override(s) in child classes
[04:25:51] [Worker-Main-1/DEBUG] [mixin/]: create.mixins.json:MapItemSavedDataMixin from mod create->@Inject::create$onCheckBanners(Lnet/minecraft/world/level/BlockGetter;IILorg/spongepowered/asm/mixin/injection/callback/CallbackInfo;)V won't be passed a CallbackInfo as a result
[04:25:51] [main/WARN] [minecraft/VanillaPackResourcesBuilder]: Assets URL 'union:/F:/Minecraft/ModDev/PoopSkyMod/build/moddev/artifacts/neoforge-21.1.219.jar%23199!/assets/.mcassetsroot' uses unexpected schema
[04:25:51] [main/WARN] [minecraft/VanillaPackResourcesBuilder]: Assets URL 'union:/F:/Minecraft/ModDev/PoopSkyMod/build/moddev/artifacts/neoforge-21.1.219.jar%23199!/data/.mcassetsroot' uses unexpected schema
[04:25:51] [main/DEBUG] [mixin/]: Mixing ModelPartAccessor from flywheel.impl.mixins.json into net.minecraft.client.model.geom.ModelPart
[04:25:51] [main/DEBUG] [co.tt.re.pr.RegistrateDataProvider/REGISTRATE.DATA]: Gathering providers for sides: [CLIENT, SERVER]
[04:25:51] [main/DEBUG] [co.tt.re.pr.RegistrateDataProvider/REGISTRATE.DATA]: Adding provider for type: dynamic
[04:25:51] [main/DEBUG] [co.tt.re.pr.RegistrateDataProvider/REGISTRATE.DATA]: Adding provider for type: data_map
[04:25:51] [main/DEBUG] [co.tt.re.pr.RegistrateDataProvider/REGISTRATE.DATA]: Adding provider for type: recipe
[04:25:51] [main/DEBUG] [co.tt.re.pr.RegistrateDataProvider/REGISTRATE.DATA]: Adding provider for type: advancement
[04:25:51] [main/DEBUG] [co.tt.re.pr.RegistrateDataProvider/REGISTRATE.DATA]: Adding provider for type: loot
[04:25:51] [main/DEBUG] [co.tt.re.pr.RegistrateDataProvider/REGISTRATE.DATA]: Adding provider for type: tags/enchantment
[04:25:51] [main/DEBUG] [co.tt.re.pr.RegistrateDataProvider/REGISTRATE.DATA]: Adding provider for type: tags/block
[04:25:51] [main/DEBUG] [co.tt.re.pr.RegistrateDataProvider/REGISTRATE.DATA]: Adding provider for type: tags/item
[04:25:51] [main/DEBUG] [co.tt.re.pr.RegistrateDataProvider/REGISTRATE.DATA]: Adding provider for type: tags/fluid
[04:25:51] [main/DEBUG] [co.tt.re.pr.RegistrateDataProvider/REGISTRATE.DATA]: Adding provider for type: tags/entity
[04:25:51] [main/DEBUG] [co.tt.re.pr.RegistrateDataProvider/REGISTRATE.DATA]: Adding provider for type: registrate_generic_server_provider
[04:25:51] [main/DEBUG] [co.tt.re.pr.RegistrateDataProvider/REGISTRATE.DATA]: Adding provider for type: blockstate
[04:25:51] [main/DEBUG] [co.tt.re.pr.RegistrateDataProvider/REGISTRATE.DATA]: Adding provider for type: item_model
[04:25:51] [main/DEBUG] [co.tt.re.pr.RegistrateDataProvider/REGISTRATE.DATA]: Adding provider for type: lang
[04:25:51] [main/DEBUG] [co.tt.re.pr.RegistrateDataProvider/REGISTRATE.DATA]: Adding provider for type: registrate_generic_client_provider
[04:25:51] [main/INFO] [minecraft/DataGenerator]: Starting provider: Loot Tables
[04:25:51] [main/INFO] [minecraft/DataGenerator]: Loot Tables finished after 70 ms
[04:25:51] [main/INFO] [minecraft/DataGenerator]: Starting provider: Recipes
[04:25:51] [Worker-Main-1/DEBUG] [co.tt.re.AbstractRegistrate/REGISTRATE.DATA]: Generating data of type tags/block for entry schematicannon [minecraft:block]
[04:25:51] [Worker-Main-1/DEBUG] [co.tt.re.AbstractRegistrate/REGISTRATE.DATA]: Generating data of type tags/block for entry schematic_table [minecraft:block]
[04:25:51] [Worker-Main-1/DEBUG] [co.tt.re.AbstractRegistrate/REGISTRATE.DATA]: Generating data of type tags/block for entry shaft [minecraft:block]
[04:25:51] [Worker-Main-1/DEBUG] [co.tt.re.AbstractRegistrate/REGISTRATE.DATA]: Generating data of type tags/block for entry cogwheel [minecraft:block]
[04:25:51] [Worker-Main-1/DEBUG] [co.tt.re.AbstractRegistrate/REGISTRATE.DATA]: Generating data of type tags/block for entry large_cogwheel [minecraft:block]
[04:25:51] [Worker-Main-1/DEBUG] [co.tt.re.AbstractRegistrate/REGISTRATE.DATA]: Generating data of type tags/block for entry andesite_encased_shaft [minecraft:block]
[04:25:51] [Worker-Main-1/DEBUG] [co.tt.re.AbstractRegistrate/REGISTRATE.DATA]: Generating data of type tags/block for entry brass_encased_shaft [minecraft:block]
[04:25:51] [Worker-Main-1/DEBUG] [co.tt.re.AbstractRegistrate/REGISTRATE.DATA]: Generating data of type tags/block for entry andesite_encased_cogwheel [minecraft:block]
[04:25:51] [Worker-Main-1/DEBUG] [co.tt.re.AbstractRegistrate/REGISTRATE.DATA]: Generating data of type tags/block for entry brass_encased_cogwheel [minecraft:block]
[04:25:51] [Worker-Main-1/DEBUG] [co.tt.re.AbstractRegistrate/REGISTRATE.DATA]: Generating data of type tags/block for entry andesite_encased_large_cogwheel [minecraft:block]
[04:25:51] [Worker-Main-1/DEBUG] [co.tt.re.AbstractRegistrate/REGISTRATE.DATA]: Generating data of type tags/block for entry brass_encased_large_cogwheel [minecraft:block]
[04:25:51] [Worker-Main-1/DEBUG] [co.tt.re.AbstractRegistrate/REGISTRATE.DATA]: Generating data of type tags/block for entry gearbox [minecraft:block]
[04:25:51] [Worker-Main-1/DEBUG] [co.tt.re.AbstractRegistrate/REGISTRATE.DATA]: Generating data of type tags/block for entry clutch [minecraft:block]
[04:25:51] [Worker-Main-1/DEBUG] [co.tt.re.AbstractRegistrate/REGISTRATE.DATA]: Generating data of type tags/block for entry gearshift [minecraft:block]
[04:25:51] [Worker-Main-1/DEBUG] [co.tt.re.AbstractRegistrate/REGISTRATE.DATA]: Generating data of type tags/block for entry encased_chain_drive [minecraft:block]
[04:25:51] [Worker-Main-1/DEBUG] [co.tt.re.AbstractRegistrate/REGISTRATE.DATA]: Generating data of type tags/block for entry adjustable_chain_gearshift [minecraft:block]
[04:25:51] [Worker-Main-1/DEBUG] [co.tt.re.AbstractRegistrate/REGISTRATE.DATA]: Generating data of type tags/block for entry belt [minecraft:block]
[04:25:51] [Worker-Main-1/DEBUG] [co.tt.re.AbstractRegistrate/REGISTRATE.DATA]: Generating data of type tags/block for entry chain_conveyor [minecraft:block]
[04:25:51] [Worker-Main-1/DEBUG] [co.tt.re.AbstractRegistrate/REGISTRATE.DATA]: Generating data of type tags/block for entry creative_motor [minecraft:block]
[04:25:51] [Worker-Main-1/DEBUG] [co.tt.re.AbstractRegistrate/REGISTRATE.DATA]: Generating data of type tags/block for entry water_wheel [minecraft:block]
[04:25:51] [Worker-Main-1/DEBUG] [co.tt.re.AbstractRegistrate/REGISTRATE.DATA]: Generating data of type tags/block for entry large_water_wheel [minecraft:block]
[04:25:51] [Worker-Main-1/DEBUG] [co.tt.re.AbstractRegistrate/REGISTRATE.DATA]: Generating data of type tags/block for entry water_wheel_structure [minecraft:block]
[04:25:51] [Worker-Main-1/DEBUG] [co.tt.re.AbstractRegistrate/REGISTRATE.DATA]: Generating data of type tags/block for entry encased_fan [minecraft:block]
[04:25:51] [Worker-Main-1/DEBUG] [co.tt.re.AbstractRegistrate/REGISTRATE.DATA]: Generating data of type tags/block for entry nozzle [minecraft:block]
[04:25:51] [Worker-Main-1/DEBUG] [co.tt.re.AbstractRegistrate/REGISTRATE.DATA]: Generating data of type tags/block for entry turntable [minecraft:block]
[04:25:51] [Worker-Main-1/DEBUG] [co.tt.re.AbstractRegistrate/REGISTRATE.DATA]: Generating data of type tags/block for entry hand_crank [minecraft:block]
[04:25:51] [Worker-Main-1/DEBUG] [co.tt.re.AbstractRegistrate/REGISTRATE.DATA]: Generating data of type tags/block for entry cuckoo_clock [minecraft:block]
[04:25:51] [Worker-Main-1/DEBUG] [co.tt.re.AbstractRegistrate/REGISTRATE.DATA]: Generating data of type tags/block for entry mysterious_cuckoo_clock [minecraft:block]
[04:25:51] [Worker-Main-1/DEBUG] [co.tt.re.AbstractRegistrate/REGISTRATE.DATA]: Generating data of type tags/block for entry millstone [minecraft:block]
[04:25:51] [Worker-Main-1/DEBUG] [co.tt.re.AbstractRegistrate/REGISTRATE.DATA]: Generating data of type tags/block for entry crushing_wheel [minecraft:block]
[04:25:51] [Worker-Main-1/DEBUG] [co.tt.re.AbstractRegistrate/REGISTRATE.DATA]: Generating data of type tags/block for entry mechanical_press [minecraft:block]
[04:25:51] [Worker-Main-1/DEBUG] [co.tt.re.AbstractRegistrate/REGISTRATE.DATA]: Generating data of type tags/block for entry mechanical_mixer [minecraft:block]
[04:25:51] [Worker-Main-1/DEBUG] [co.tt.re.AbstractRegistrate/REGISTRATE.DATA]: Generating data of type tags/block for entry basin [minecraft:block]
[04:25:51] [Worker-Main-1/DEBUG] [co.tt.re.AbstractRegistrate/REGISTRATE.DATA]: Generating data of type tags/block for entry blaze_burner [minecraft:block]
[04:25:51] [Worker-Main-1/DEBUG] [co.tt.re.AbstractRegistrate/REGISTRATE.DATA]: Generating data of type tags/block for entry lit_blaze_burner [minecraft:block]
[04:25:51] [Worker-Main-1/DEBUG] [co.tt.re.AbstractRegistrate/REGISTRATE.DATA]: Generating data of type tags/block for entry depot [minecraft:block]
[04:25:51] [Worker-Main-1/DEBUG] [co.tt.re.AbstractRegistrate/REGISTRATE.DATA]: Generating data of type tags/block for entry weighted_ejector [minecraft:block]
[04:25:51] [Worker-Main-1/DEBUG] [co.tt.re.AbstractRegistrate/REGISTRATE.DATA]: Generating data of type tags/block for entry chute [minecraft:block]
[04:25:51] [Worker-Main-1/DEBUG] [co.tt.re.AbstractRegistrate/REGISTRATE.DATA]: Generating data of type tags/block for entry smart_chute [minecraft:block]
[04:25:51] [Worker-Main-1/DEBUG] [co.tt.re.AbstractRegistrate/REGISTRATE.DATA]: Generating data of type tags/block for entry speedometer [minecraft:block]
[04:25:51] [Worker-Main-1/DEBUG] [co.tt.re.AbstractRegistrate/REGISTRATE.DATA]: Generating data of type tags/block for entry stressometer [minecraft:block]
[04:25:51] [Worker-Main-1/DEBUG] [co.tt.re.AbstractRegistrate/REGISTRATE.DATA]: Generating data of type tags/block for entry wooden_bracket [minecraft:block]
[04:25:51] [Worker-Main-1/DEBUG] [co.tt.re.AbstractRegistrate/REGISTRATE.DATA]: Generating data of type tags/block for entry metal_bracket [minecraft:block]
[04:25:51] [Worker-Main-1/DEBUG] [co.tt.re.AbstractRegistrate/REGISTRATE.DATA]: Generating data of type tags/block for entry fluid_pipe [minecraft:block]
[04:25:51] [Worker-Main-1/DEBUG] [co.tt.re.AbstractRegistrate/REGISTRATE.DATA]: Generating data of type tags/block for entry encased_fluid_pipe [minecraft:block]
[04:25:51] [Worker-Main-1/DEBUG] [co.tt.re.AbstractRegistrate/REGISTRATE.DATA]: Generating data of type tags/block for entry glass_fluid_pipe [minecraft:block]
[04:25:51] [Worker-Main-1/DEBUG] [co.tt.re.AbstractRegistrate/REGISTRATE.DATA]: Generating data of type tags/block for entry mechanical_pump [minecraft:block]
[04:25:51] [Worker-Main-1/DEBUG] [co.tt.re.AbstractRegistrate/REGISTRATE.DATA]: Generating data of type tags/block for entry smart_fluid_pipe [minecraft:block]
[04:25:51] [Worker-Main-1/DEBUG] [co.tt.re.AbstractRegistrate/REGISTRATE.DATA]: Generating data of type tags/block for entry fluid_valve [minecraft:block]
[04:25:51] [Worker-Main-1/DEBUG] [co.tt.re.AbstractRegistrate/REGISTRATE.DATA]: Generating data of type tags/block for entry copper_valve_handle [minecraft:block]
[04:25:51] [Worker-Main-1/DEBUG] [co.tt.re.AbstractRegistrate/REGISTRATE.DATA]: Generating data of type tags/block for entry white_valve_handle [minecraft:block]
[04:25:51] [Worker-Main-1/DEBUG] [co.tt.re.AbstractRegistrate/REGISTRATE.DATA]: Generating data of type tags/block for entry orange_valve_handle [minecraft:block]
[04:25:51] [Worker-Main-1/DEBUG] [co.tt.re.AbstractRegistrate/REGISTRATE.DATA]: Generating data of type tags/block for entry magenta_valve_handle [minecraft:block]
[04:25:51] [Worker-Main-1/DEBUG] [co.tt.re.AbstractRegistrate/REGISTRATE.DATA]: Generating data of type tags/block for entry light_blue_valve_handle [minecraft:block]
[04:25:51] [Worker-Main-1/DEBUG] [co.tt.re.AbstractRegistrate/REGISTRATE.DATA]: Generating data of type tags/block for entry yellow_valve_handle [minecraft:block]
[04:25:51] [Worker-Main-1/DEBUG] [co.tt.re.AbstractRegistrate/REGISTRATE.DATA]: Generating data of type tags/block for entry lime_valve_handle [minecraft:block]
[04:25:51] [Worker-Main-1/DEBUG] [co.tt.re.AbstractRegistrate/REGISTRATE.DATA]: Generating data of type tags/block for entry pink_valve_handle [minecraft:block]
[04:25:51] [Worker-Main-1/DEBUG] [co.tt.re.AbstractRegistrate/REGISTRATE.DATA]: Generating data of type tags/block for entry gray_valve_handle [minecraft:block]
[04:25:51] [Worker-Main-1/DEBUG] [co.tt.re.AbstractRegistrate/REGISTRATE.DATA]: Generating data of type tags/block for entry light_gray_valve_handle [minecraft:block]
[04:25:51] [Worker-Main-1/DEBUG] [co.tt.re.AbstractRegistrate/REGISTRATE.DATA]: Generating data of type tags/block for entry cyan_valve_handle [minecraft:block]
[04:25:51] [Worker-Main-1/DEBUG] [co.tt.re.AbstractRegistrate/REGISTRATE.DATA]: Generating data of type tags/block for entry purple_valve_handle [minecraft:block]
[04:25:51] [Worker-Main-1/DEBUG] [co.tt.re.AbstractRegistrate/REGISTRATE.DATA]: Generating data of type tags/block for entry blue_valve_handle [minecraft:block]
[04:25:51] [Worker-Main-1/DEBUG] [co.tt.re.AbstractRegistrate/REGISTRATE.DATA]: Generating data of type tags/block for entry brown_valve_handle [minecraft:block]
[04:25:51] [Worker-Main-1/DEBUG] [co.tt.re.AbstractRegistrate/REGISTRATE.DATA]: Generating data of type tags/block for entry green_valve_handle [minecraft:block]
[04:25:51] [Worker-Main-1/DEBUG] [co.tt.re.AbstractRegistrate/REGISTRATE.DATA]: Generating data of type tags/block for entry red_valve_handle [minecraft:block]
[04:25:51] [Worker-Main-1/DEBUG] [co.tt.re.AbstractRegistrate/REGISTRATE.DATA]: Generating data of type tags/block for entry black_valve_handle [minecraft:block]
[04:25:51] [Worker-Main-1/DEBUG] [co.tt.re.AbstractRegistrate/REGISTRATE.DATA]: Generating data of type tags/block for entry fluid_tank [minecraft:block]
[04:25:51] [Worker-Main-1/DEBUG] [co.tt.re.AbstractRegistrate/REGISTRATE.DATA]: Generating data of type tags/block for entry creative_fluid_tank [minecraft:block]
[04:25:51] [Worker-Main-1/DEBUG] [co.tt.re.AbstractRegistrate/REGISTRATE.DATA]: Generating data of type tags/block for entry hose_pulley [minecraft:block]
[04:25:51] [Worker-Main-1/DEBUG] [co.tt.re.AbstractRegistrate/REGISTRATE.DATA]: Generating data of type tags/block for entry item_drain [minecraft:block]
[04:25:51] [Worker-Main-1/DEBUG] [co.tt.re.AbstractRegistrate/REGISTRATE.DATA]: Generating data of type tags/block for entry spout [minecraft:block]
[04:25:51] [Worker-Main-1/DEBUG] [co.tt.re.AbstractRegistrate/REGISTRATE.DATA]: Generating data of type tags/block for entry portable_fluid_interface [minecraft:block]
[04:25:51] [Worker-Main-1/DEBUG] [co.tt.re.AbstractRegistrate/REGISTRATE.DATA]: Generating data of type tags/block for entry steam_engine [minecraft:block]
[04:25:51] [Worker-Main-1/DEBUG] [co.tt.re.AbstractRegistrate/REGISTRATE.DATA]: Generating data of type tags/block for entry steam_whistle [minecraft:block]
[04:25:51] [Worker-Main-1/DEBUG] [co.tt.re.AbstractRegistrate/REGISTRATE.DATA]: Generating data of type tags/block for entry steam_whistle_extension [minecraft:block]
[04:25:51] [Worker-Main-1/DEBUG] [co.tt.re.AbstractRegistrate/REGISTRATE.DATA]: Generating data of type tags/block for entry powered_shaft [minecraft:block]
[04:25:51] [Worker-Main-1/DEBUG] [co.tt.re.AbstractRegistrate/REGISTRATE.DATA]: Generating data of type tags/block for entry mechanical_piston [minecraft:block]
[04:25:51] [Worker-Main-1/DEBUG] [co.tt.re.AbstractRegistrate/REGISTRATE.DATA]: Generating data of type tags/block for entry sticky_mechanical_piston [minecraft:block]
[04:25:51] [Worker-Main-1/DEBUG] [co.tt.re.AbstractRegistrate/REGISTRATE.DATA]: Generating data of type tags/block for entry piston_extension_pole [minecraft:block]
[04:25:51] [Worker-Main-1/DEBUG] [co.tt.re.AbstractRegistrate/REGISTRATE.DATA]: Generating data of type tags/block for entry mechanical_piston_head [minecraft:block]
[04:25:51] [Worker-Main-1/DEBUG] [co.tt.re.AbstractRegistrate/REGISTRATE.DATA]: Generating data of type tags/block for entry gantry_carriage [minecraft:block]
[04:25:51] [Worker-Main-1/DEBUG] [co.tt.re.AbstractRegistrate/REGISTRATE.DATA]: Generating data of type tags/block for entry gantry_shaft [minecraft:block]
[04:25:51] [Worker-Main-1/DEBUG] [co.tt.re.AbstractRegistrate/REGISTRATE.DATA]: Generating data of type tags/block for entry windmill_bearing [minecraft:block]
[04:25:51] [Worker-Main-1/DEBUG] [co.tt.re.AbstractRegistrate/REGISTRATE.DATA]: Generating data of type tags/block for entry mechanical_bearing [minecraft:block]
[04:25:51] [Worker-Main-1/DEBUG] [co.tt.re.AbstractRegistrate/REGISTRATE.DATA]: Generating data of type tags/block for entry clockwork_bearing [minecraft:block]
[04:25:51] [Worker-Main-1/DEBUG] [co.tt.re.AbstractRegistrate/REGISTRATE.DATA]: Generating data of type tags/block for entry rope_pulley [minecraft:block]
[04:25:51] [Worker-Main-1/DEBUG] [co.tt.re.AbstractRegistrate/REGISTRATE.DATA]: Generating data of type tags/block for entry rope [minecraft:block]
[04:25:51] [Worker-Main-1/DEBUG] [co.tt.re.AbstractRegistrate/REGISTRATE.DATA]: Generating data of type tags/block for entry pulley_magnet [minecraft:block]
[04:25:51] [Worker-Main-1/DEBUG] [co.tt.re.AbstractRegistrate/REGISTRATE.DATA]: Generating data of type tags/block for entry elevator_pulley [minecraft:block]
[04:25:51] [Worker-Main-1/DEBUG] [co.tt.re.AbstractRegistrate/REGISTRATE.DATA]: Generating data of type tags/block for entry cart_assembler [minecraft:block]
[04:25:51] [Worker-Main-1/DEBUG] [co.tt.re.AbstractRegistrate/REGISTRATE.DATA]: Generating data of type tags/block for entry controller_rail [minecraft:block]
[04:25:51] [Worker-Main-1/DEBUG] [co.tt.re.AbstractRegistrate/REGISTRATE.DATA]: Generating data of type tags/block for entry linear_chassis [minecraft:block]
[04:25:51] [Worker-Main-1/DEBUG] [co.tt.re.AbstractRegistrate/REGISTRATE.DATA]: Generating data of type tags/block for entry secondary_linear_chassis [minecraft:block]
[04:25:51] [Worker-Main-1/DEBUG] [co.tt.re.AbstractRegistrate/REGISTRATE.DATA]: Generating data of type tags/block for entry radial_chassis [minecraft:block]
[04:25:51] [Worker-Main-1/DEBUG] [co.tt.re.AbstractRegistrate/REGISTRATE.DATA]: Generating data of type tags/block for entry sticker [minecraft:block]
[04:25:51] [Worker-Main-1/DEBUG] [co.tt.re.AbstractRegistrate/REGISTRATE.DATA]: Generating data of type tags/block for entry contraption_controls [minecraft:block]
[04:25:51] [Worker-Main-1/DEBUG] [co.tt.re.AbstractRegistrate/REGISTRATE.DATA]: Generating data of type tags/block for entry mechanical_drill [minecraft:block]
[04:25:51] [Worker-Main-1/DEBUG] [co.tt.re.AbstractRegistrate/REGISTRATE.DATA]: Generating data of type tags/block for entry mechanical_saw [minecraft:block]
[04:25:51] [Worker-Main-1/DEBUG] [co.tt.re.AbstractRegistrate/REGISTRATE.DATA]: Generating data of type tags/block for entry deployer [minecraft:block]
[04:25:51] [Worker-Main-1/DEBUG] [co.tt.re.AbstractRegistrate/REGISTRATE.DATA]: Generating data of type tags/block for entry portable_storage_interface [minecraft:block]
[04:25:51] [Worker-Main-1/DEBUG] [co.tt.re.AbstractRegistrate/REGISTRATE.DATA]: Generating data of type tags/block for entry redstone_contact [minecraft:block]
[04:25:51] [Worker-Main-1/DEBUG] [co.tt.re.AbstractRegistrate/REGISTRATE.DATA]: Generating data of type tags/block for entry elevator_contact [minecraft:block]
[04:25:51] [Worker-Main-1/DEBUG] [co.tt.re.AbstractRegistrate/REGISTRATE.DATA]: Generating data of type tags/block for entry mechanical_harvester [minecraft:block]
[04:25:51] [Worker-Main-1/DEBUG] [co.tt.re.AbstractRegistrate/REGISTRATE.DATA]: Generating data of type tags/block for entry mechanical_plough [minecraft:block]
[04:25:51] [Worker-Main-1/DEBUG] [co.tt.re.AbstractRegistrate/REGISTRATE.DATA]: Generating data of type tags/block for entry mechanical_roller [minecraft:block]
[04:25:51] [Worker-Main-1/DEBUG] [co.tt.re.AbstractRegistrate/REGISTRATE.DATA]: Generating data of type tags/block for entry sail_frame [minecraft:block]
[04:25:51] [Worker-Main-1/DEBUG] [co.tt.re.AbstractRegistrate/REGISTRATE.DATA]: Generating data of type tags/block for entry white_sail [minecraft:block]
[04:25:51] [Worker-Main-1/DEBUG] [co.tt.re.AbstractRegistrate/REGISTRATE.DATA]: Generating data of type tags/block for entry orange_sail [minecraft:block]
[04:25:51] [Worker-Main-1/DEBUG] [co.tt.re.AbstractRegistrate/REGISTRATE.DATA]: Generating data of type tags/block for entry magenta_sail [minecraft:block]
[04:25:51] [Worker-Main-1/DEBUG] [co.tt.re.AbstractRegistrate/REGISTRATE.DATA]: Generating data of type tags/block for entry light_blue_sail [minecraft:block]
[04:25:51] [Worker-Main-1/DEBUG] [co.tt.re.AbstractRegistrate/REGISTRATE.DATA]: Generating data of type tags/block for entry yellow_sail [minecraft:block]
[04:25:51] [Worker-Main-1/DEBUG] [co.tt.re.AbstractRegistrate/REGISTRATE.DATA]: Generating data of type tags/block for entry lime_sail [minecraft:block]
[04:25:51] [Worker-Main-1/DEBUG] [co.tt.re.AbstractRegistrate/REGISTRATE.DATA]: Generating data of type tags/block for entry pink_sail [minecraft:block]
[04:25:51] [Worker-Main-1/DEBUG] [co.tt.re.AbstractRegistrate/REGISTRATE.DATA]: Generating data of type tags/block for entry gray_sail [minecraft:block]
[04:25:51] [Worker-Main-1/DEBUG] [co.tt.re.AbstractRegistrate/REGISTRATE.DATA]: Generating data of type tags/block for entry light_gray_sail [minecraft:block]
[04:25:51] [Worker-Main-1/DEBUG] [co.tt.re.AbstractRegistrate/REGISTRATE.DATA]: Generating data of type tags/block for entry cyan_sail [minecraft:block]
[04:25:51] [Worker-Main-1/DEBUG] [co.tt.re.AbstractRegistrate/REGISTRATE.DATA]: Generating data of type tags/block for entry purple_sail [minecraft:block]
[04:25:51] [Worker-Main-1/DEBUG] [co.tt.re.AbstractRegistrate/REGISTRATE.DATA]: Generating data of type tags/block for entry blue_sail [minecraft:block]
[04:25:51] [Worker-Main-1/DEBUG] [co.tt.re.AbstractRegistrate/REGISTRATE.DATA]: Generating data of type tags/block for entry brown_sail [minecraft:block]
[04:25:51] [Worker-Main-1/DEBUG] [co.tt.re.AbstractRegistrate/REGISTRATE.DATA]: Generating data of type tags/block for entry green_sail [minecraft:block]
[04:25:51] [Worker-Main-1/DEBUG] [co.tt.re.AbstractRegistrate/REGISTRATE.DATA]: Generating data of type tags/block for entry red_sail [minecraft:block]
[04:25:51] [Worker-Main-1/DEBUG] [co.tt.re.AbstractRegistrate/REGISTRATE.DATA]: Generating data of type tags/block for entry black_sail [minecraft:block]
[04:25:51] [Worker-Main-1/DEBUG] [co.tt.re.AbstractRegistrate/REGISTRATE.DATA]: Generating data of type tags/block for entry andesite_casing [minecraft:block]
[04:25:51] [Worker-Main-1/DEBUG] [co.tt.re.AbstractRegistrate/REGISTRATE.DATA]: Generating data of type tags/block for entry brass_casing [minecraft:block]
[04:25:51] [Worker-Main-1/DEBUG] [co.tt.re.AbstractRegistrate/REGISTRATE.DATA]: Generating data of type tags/block for entry copper_casing [minecraft:block]
[04:25:51] [Worker-Main-1/DEBUG] [co.tt.re.AbstractRegistrate/REGISTRATE.DATA]: Generating data of type tags/block for entry shadow_steel_casing [minecraft:block]
[04:25:51] [Worker-Main-1/DEBUG] [co.tt.re.AbstractRegistrate/REGISTRATE.DATA]: Generating data of type tags/block for entry refined_radiance_casing [minecraft:block]
[04:25:51] [Worker-Main-1/DEBUG] [co.tt.re.AbstractRegistrate/REGISTRATE.DATA]: Generating data of type tags/block for entry mechanical_crafter [minecraft:block]
[04:25:51] [Worker-Main-1/DEBUG] [co.tt.re.AbstractRegistrate/REGISTRATE.DATA]: Generating data of type tags/block for entry sequenced_gearshift [minecraft:block]
[04:25:51] [Worker-Main-1/DEBUG] [co.tt.re.AbstractRegistrate/REGISTRATE.DATA]: Generating data of type tags/block for entry flywheel [minecraft:block]
[04:25:51] [Worker-Main-1/DEBUG] [co.tt.re.AbstractRegistrate/REGISTRATE.DATA]: Generating data of type tags/block for entry rotation_speed_controller [minecraft:block]
[04:25:51] [Worker-Main-1/DEBUG] [co.tt.re.AbstractRegistrate/REGISTRATE.DATA]: Generating data of type tags/block for entry mechanical_arm [minecraft:block]
[04:25:51] [Worker-Main-1/DEBUG] [co.tt.re.AbstractRegistrate/REGISTRATE.DATA]: Generating data of type tags/block for entry track [minecraft:block]
[04:25:51] [Worker-Main-1/DEBUG] [co.tt.re.AbstractRegistrate/REGISTRATE.DATA]: Generating data of type tags/block for entry railway_casing [minecraft:block]
[04:25:51] [Worker-Main-1/DEBUG] [co.tt.re.AbstractRegistrate/REGISTRATE.DATA]: Generating data of type tags/block for entry track_station [minecraft:block]
[04:25:51] [Worker-Main-1/DEBUG] [co.tt.re.AbstractRegistrate/REGISTRATE.DATA]: Generating data of type tags/block for entry track_signal [minecraft:block]
[04:25:51] [Worker-Main-1/DEBUG] [co.tt.re.AbstractRegistrate/REGISTRATE.DATA]: Generating data of type tags/block for entry track_observer [minecraft:block]
[04:25:51] [Worker-Main-1/DEBUG] [co.tt.re.AbstractRegistrate/REGISTRATE.DATA]: Generating data of type tags/block for entry small_bogey [minecraft:block]
[04:25:51] [Worker-Main-1/DEBUG] [co.tt.re.AbstractRegistrate/REGISTRATE.DATA]: Generating data of type tags/block for entry large_bogey [minecraft:block]
[04:25:51] [Worker-Main-1/DEBUG] [co.tt.re.AbstractRegistrate/REGISTRATE.DATA]: Generating data of type tags/block for entry controls [minecraft:block]
[04:25:51] [Worker-Main-1/DEBUG] [co.tt.re.AbstractRegistrate/REGISTRATE.DATA]: Generating data of type tags/block for entry andesite_funnel [minecraft:block]
[04:25:51] [main/INFO] [minecraft/DataGenerator]: Recipes finished after 122 ms
[04:26:01] [main/INFO] [minecraft/DataGenerator]: Starting provider: Tags for minecraft:block mod id poopsky
[04:26:01] [Worker-Main-1/DEBUG] [co.tt.re.AbstractRegistrate/REGISTRATE.DATA]: Generating data of type tags/block for entry andesite_belt_funnel [minecraft:block]
[04:26:01] [Worker-Main-1/DEBUG] [co.tt.re.AbstractRegistrate/REGISTRATE.DATA]: Generating data of type tags/block for entry brass_funnel [minecraft:block]
[04:26:01] [Worker-Main-1/DEBUG] [co.tt.re.AbstractRegistrate/REGISTRATE.DATA]: Generating data of type tags/block for entry brass_belt_funnel [minecraft:block]
[04:26:01] [Worker-Main-1/DEBUG] [co.tt.re.AbstractRegistrate/REGISTRATE.DATA]: Generating data of type tags/block for entry andesite_tunnel [minecraft:block]
[04:26:01] [Worker-Main-1/DEBUG] [co.tt.re.AbstractRegistrate/REGISTRATE.DATA]: Generating data of type tags/block for entry brass_tunnel [minecraft:block]
[04:26:01] [Worker-Main-1/DEBUG] [co.tt.re.AbstractRegistrate/REGISTRATE.DATA]: Generating data of type tags/block for entry content_observer [minecraft:block]
[04:26:01] [Worker-Main-1/DEBUG] [co.tt.re.AbstractRegistrate/REGISTRATE.DATA]: Generating data of type tags/block for entry stockpile_switch [minecraft:block]
[04:26:01] [Worker-Main-1/DEBUG] [co.tt.re.AbstractRegistrate/REGISTRATE.DATA]: Generating data of type tags/block for entry creative_crate [minecraft:block]
[04:26:01] [Worker-Main-1/DEBUG] [co.tt.re.AbstractRegistrate/REGISTRATE.DATA]: Generating data of type tags/block for entry item_vault [minecraft:block]
[04:26:01] [Worker-Main-1/DEBUG] [co.tt.re.AbstractRegistrate/REGISTRATE.DATA]: Generating data of type tags/block for entry item_hatch [minecraft:block]
[04:26:01] [Worker-Main-1/DEBUG] [co.tt.re.AbstractRegistrate/REGISTRATE.DATA]: Generating data of type tags/block for entry packager [minecraft:block]
[04:26:01] [Worker-Main-1/DEBUG] [co.tt.re.AbstractRegistrate/REGISTRATE.DATA]: Generating data of type tags/block for entry repackager [minecraft:block]
[04:26:01] [Worker-Main-1/DEBUG] [co.tt.re.AbstractRegistrate/REGISTRATE.DATA]: Generating data of type tags/block for entry package_frogport [minecraft:block]
[04:26:01] [Worker-Main-1/DEBUG] [co.tt.re.AbstractRegistrate/REGISTRATE.DATA]: Generating data of type tags/block for entry white_postbox [minecraft:block]
[04:26:01] [Worker-Main-1/DEBUG] [co.tt.re.AbstractRegistrate/REGISTRATE.DATA]: Generating data of type tags/block for entry orange_postbox [minecraft:block]
[04:26:01] [Worker-Main-1/DEBUG] [co.tt.re.AbstractRegistrate/REGISTRATE.DATA]: Generating data of type tags/block for entry magenta_postbox [minecraft:block]
[04:26:01] [Worker-Main-1/DEBUG] [co.tt.re.AbstractRegistrate/REGISTRATE.DATA]: Generating data of type tags/block for entry light_blue_postbox [minecraft:block]
[04:26:01] [Worker-Main-1/DEBUG] [co.tt.re.AbstractRegistrate/REGISTRATE.DATA]: Generating data of type tags/block for entry yellow_postbox [minecraft:block]
[04:26:01] [Worker-Main-1/DEBUG] [co.tt.re.AbstractRegistrate/REGISTRATE.DATA]: Generating data of type tags/block for entry lime_postbox [minecraft:block]
[04:26:01] [Worker-Main-1/DEBUG] [co.tt.re.AbstractRegistrate/REGISTRATE.DATA]: Generating data of type tags/block for entry pink_postbox [minecraft:block]
[04:26:01] [Worker-Main-1/DEBUG] [co.tt.re.AbstractRegistrate/REGISTRATE.DATA]: Generating data of type tags/block for entry gray_postbox [minecraft:block]
[04:26:01] [Worker-Main-1/DEBUG] [co.tt.re.AbstractRegistrate/REGISTRATE.DATA]: Generating data of type tags/block for entry light_gray_postbox [minecraft:block]
[04:26:01] [Worker-Main-1/DEBUG] [co.tt.re.AbstractRegistrate/REGISTRATE.DATA]: Generating data of type tags/block for entry cyan_postbox [minecraft:block]
[04:26:01] [Worker-Main-1/DEBUG] [co.tt.re.AbstractRegistrate/REGISTRATE.DATA]: Generating data of type tags/block for entry purple_postbox [minecraft:block]
[04:26:01] [Worker-Main-1/DEBUG] [co.tt.re.AbstractRegistrate/REGISTRATE.DATA]: Generating data of type tags/block for entry blue_postbox [minecraft:block]
[04:26:01] [Worker-Main-1/DEBUG] [co.tt.re.AbstractRegistrate/REGISTRATE.DATA]: Generating data of type tags/block for entry brown_postbox [minecraft:block]
[04:26:01] [Worker-Main-1/DEBUG] [co.tt.re.AbstractRegistrate/REGISTRATE.DATA]: Generating data of type tags/block for entry green_postbox [minecraft:block]
[04:26:01] [Worker-Main-1/DEBUG] [co.tt.re.AbstractRegistrate/REGISTRATE.DATA]: Generating data of type tags/block for entry red_postbox [minecraft:block]
[04:26:01] [Worker-Main-1/DEBUG] [co.tt.re.AbstractRegistrate/REGISTRATE.DATA]: Generating data of type tags/block for entry black_postbox [minecraft:block]
[04:26:01] [Worker-Main-1/DEBUG] [co.tt.re.AbstractRegistrate/REGISTRATE.DATA]: Generating data of type tags/block for entry stock_link [minecraft:block]
[04:26:01] [Worker-Main-1/DEBUG] [co.tt.re.AbstractRegistrate/REGISTRATE.DATA]: Generating data of type tags/block for entry stock_ticker [minecraft:block]
[04:26:01] [Worker-Main-1/DEBUG] [co.tt.re.AbstractRegistrate/REGISTRATE.DATA]: Generating data of type tags/block for entry redstone_requester [minecraft:block]
[04:26:01] [Worker-Main-1/DEBUG] [co.tt.re.AbstractRegistrate/REGISTRATE.DATA]: Generating data of type tags/block for entry factory_gauge [minecraft:block]
[04:26:01] [Worker-Main-1/DEBUG] [co.tt.re.AbstractRegistrate/REGISTRATE.DATA]: Generating data of type tags/block for entry white_table_cloth [minecraft:block]
[04:26:01] [Worker-Main-1/DEBUG] [co.tt.re.AbstractRegistrate/REGISTRATE.DATA]: Generating data of type tags/block for entry orange_table_cloth [minecraft:block]
[04:26:01] [Worker-Main-1/DEBUG] [co.tt.re.AbstractRegistrate/REGISTRATE.DATA]: Generating data of type tags/block for entry magenta_table_cloth [minecraft:block]
[04:26:01] [Worker-Main-1/DEBUG] [co.tt.re.AbstractRegistrate/REGISTRATE.DATA]: Generating data of type tags/block for entry light_blue_table_cloth [minecraft:block]
[04:26:01] [Worker-Main-1/DEBUG] [co.tt.re.AbstractRegistrate/REGISTRATE.DATA]: Generating data of type tags/block for entry yellow_table_cloth [minecraft:block]
[04:26:01] [Worker-Main-1/DEBUG] [co.tt.re.AbstractRegistrate/REGISTRATE.DATA]: Generating data of type tags/block for entry lime_table_cloth [minecraft:block]
[04:26:01] [Worker-Main-1/DEBUG] [co.tt.re.AbstractRegistrate/REGISTRATE.DATA]: Generating data of type tags/block for entry pink_table_cloth [minecraft:block]
[04:26:01] [Worker-Main-1/DEBUG] [co.tt.re.AbstractRegistrate/REGISTRATE.DATA]: Generating data of type tags/block for entry gray_table_cloth [minecraft:block]
[04:26:01] [Worker-Main-1/DEBUG] [co.tt.re.AbstractRegistrate/REGISTRATE.DATA]: Generating data of type tags/block for entry light_gray_table_cloth [minecraft:block]
[04:26:01] [Worker-Main-1/DEBUG] [co.tt.re.AbstractRegistrate/REGISTRATE.DATA]: Generating data of type tags/block for entry cyan_table_cloth [minecraft:block]
[04:26:01] [Worker-Main-1/DEBUG] [co.tt.re.AbstractRegistrate/REGISTRATE.DATA]: Generating data of type tags/block for entry purple_table_cloth [minecraft:block]
[04:26:01] [Worker-Main-1/DEBUG] [co.tt.re.AbstractRegistrate/REGISTRATE.DATA]: Generating data of type tags/block for entry blue_table_cloth [minecraft:block]
[04:26:01] [Worker-Main-1/DEBUG] [co.tt.re.AbstractRegistrate/REGISTRATE.DATA]: Generating data of type tags/block for entry brown_table_cloth [minecraft:block]
[04:26:01] [Worker-Main-1/DEBUG] [co.tt.re.AbstractRegistrate/REGISTRATE.DATA]: Generating data of type tags/block for entry green_table_cloth [minecraft:block]
[04:26:01] [Worker-Main-1/DEBUG] [co.tt.re.AbstractRegistrate/REGISTRATE.DATA]: Generating data of type tags/block for entry red_table_cloth [minecraft:block]
[04:26:01] [Worker-Main-1/DEBUG] [co.tt.re.AbstractRegistrate/REGISTRATE.DATA]: Generating data of type tags/block for entry black_table_cloth [minecraft:block]
[04:26:01] [Worker-Main-1/DEBUG] [co.tt.re.AbstractRegistrate/REGISTRATE.DATA]: Generating data of type tags/block for entry andesite_table_cloth [minecraft:block]
[04:26:01] [Worker-Main-1/DEBUG] [co.tt.re.AbstractRegistrate/REGISTRATE.DATA]: Generating data of type tags/block for entry brass_table_cloth [minecraft:block]
[04:26:01] [Worker-Main-1/DEBUG] [co.tt.re.AbstractRegistrate/REGISTRATE.DATA]: Generating data of type tags/block for entry copper_table_cloth [minecraft:block]
[04:26:01] [Worker-Main-1/DEBUG] [co.tt.re.AbstractRegistrate/REGISTRATE.DATA]: Generating data of type tags/block for entry display_link [minecraft:block]
[04:26:01] [Worker-Main-1/DEBUG] [co.tt.re.AbstractRegistrate/REGISTRATE.DATA]: Generating data of type tags/block for entry display_board [minecraft:block]
[04:26:01] [Worker-Main-1/DEBUG] [co.tt.re.AbstractRegistrate/REGISTRATE.DATA]: Generating data of type tags/block for entry nixie_tube [minecraft:block]
[04:26:01] [Worker-Main-1/DEBUG] [co.tt.re.AbstractRegistrate/REGISTRATE.DATA]: Generating data of type tags/block for entry white_nixie_tube [minecraft:block]
[04:26:01] [Worker-Main-1/DEBUG] [co.tt.re.AbstractRegistrate/REGISTRATE.DATA]: Generating data of type tags/block for entry magenta_nixie_tube [minecraft:block]
[04:26:01] [Worker-Main-1/DEBUG] [co.tt.re.AbstractRegistrate/REGISTRATE.DATA]: Generating data of type tags/block for entry light_blue_nixie_tube [minecraft:block]
[04:26:01] [Worker-Main-1/DEBUG] [co.tt.re.AbstractRegistrate/REGISTRATE.DATA]: Generating data of type tags/block for entry yellow_nixie_tube [minecraft:block]
[04:26:01] [Worker-Main-1/DEBUG] [co.tt.re.AbstractRegistrate/REGISTRATE.DATA]: Generating data of type tags/block for entry lime_nixie_tube [minecraft:block]
[04:26:01] [Worker-Main-1/DEBUG] [co.tt.re.AbstractRegistrate/REGISTRATE.DATA]: Generating data of type tags/block for entry pink_nixie_tube [minecraft:block]
[04:26:01] [Worker-Main-1/DEBUG] [co.tt.re.AbstractRegistrate/REGISTRATE.DATA]: Generating data of type tags/block for entry gray_nixie_tube [minecraft:block]
[04:26:01] [Worker-Main-1/DEBUG] [co.tt.re.AbstractRegistrate/REGISTRATE.DATA]: Generating data of type tags/block for entry light_gray_nixie_tube [minecraft:block]
[04:26:01] [Worker-Main-1/DEBUG] [co.tt.re.AbstractRegistrate/REGISTRATE.DATA]: Generating data of type tags/block for entry cyan_nixie_tube [minecraft:block]
[04:26:01] [Worker-Main-1/DEBUG] [co.tt.re.AbstractRegistrate/REGISTRATE.DATA]: Generating data of type tags/block for entry purple_nixie_tube [minecraft:block]
[04:26:01] [Worker-Main-1/DEBUG] [co.tt.re.AbstractRegistrate/REGISTRATE.DATA]: Generating data of type tags/block for entry blue_nixie_tube [minecraft:block]
[04:26:01] [Worker-Main-1/DEBUG] [co.tt.re.AbstractRegistrate/REGISTRATE.DATA]: Generating data of type tags/block for entry brown_nixie_tube [minecraft:block]
[04:26:01] [Worker-Main-1/DEBUG] [co.tt.re.AbstractRegistrate/REGISTRATE.DATA]: Generating data of type tags/block for entry green_nixie_tube [minecraft:block]
[04:26:01] [Worker-Main-1/DEBUG] [co.tt.re.AbstractRegistrate/REGISTRATE.DATA]: Generating data of type tags/block for entry red_nixie_tube [minecraft:block]
[04:26:01] [Worker-Main-1/DEBUG] [co.tt.re.AbstractRegistrate/REGISTRATE.DATA]: Generating data of type tags/block for entry black_nixie_tube [minecraft:block]
[04:26:01] [Worker-Main-1/DEBUG] [co.tt.re.AbstractRegistrate/REGISTRATE.DATA]: Generating data of type tags/block for entry rose_quartz_lamp [minecraft:block]
[04:26:01] [Worker-Main-1/DEBUG] [co.tt.re.AbstractRegistrate/REGISTRATE.DATA]: Generating data of type tags/block for entry redstone_link [minecraft:block]
[04:26:01] [Worker-Main-1/DEBUG] [co.tt.re.AbstractRegistrate/REGISTRATE.DATA]: Generating data of type tags/block for entry analog_lever [minecraft:block]
[04:26:01] [Worker-Main-1/DEBUG] [co.tt.re.AbstractRegistrate/REGISTRATE.DATA]: Generating data of type tags/block for entry placard [minecraft:block]
[04:26:01] [Worker-Main-1/DEBUG] [co.tt.re.AbstractRegistrate/REGISTRATE.DATA]: Generating data of type tags/block for entry pulse_repeater [minecraft:block]
[04:26:01] [Worker-Main-1/DEBUG] [co.tt.re.AbstractRegistrate/REGISTRATE.DATA]: Generating data of type tags/block for entry pulse_extender [minecraft:block]
[04:26:01] [Worker-Main-1/DEBUG] [co.tt.re.AbstractRegistrate/REGISTRATE.DATA]: Generating data of type tags/block for entry pulse_timer [minecraft:block]
[04:26:01] [Worker-Main-1/DEBUG] [co.tt.re.AbstractRegistrate/REGISTRATE.DATA]: Generating data of type tags/block for entry lectern_controller [minecraft:block]
[04:26:01] [Worker-Main-1/DEBUG] [co.tt.re.AbstractRegistrate/REGISTRATE.DATA]: Generating data of type tags/block for entry copper_backtank [minecraft:block]
[04:26:01] [Worker-Main-1/DEBUG] [co.tt.re.AbstractRegistrate/REGISTRATE.DATA]: Generating data of type tags/block for entry netherite_backtank [minecraft:block]
[04:26:01] [Worker-Main-1/DEBUG] [co.tt.re.AbstractRegistrate/REGISTRATE.DATA]: Generating data of type tags/block for entry peculiar_bell [minecraft:block]
[04:26:01] [Worker-Main-1/DEBUG] [co.tt.re.AbstractRegistrate/REGISTRATE.DATA]: Generating data of type tags/block for entry haunted_bell [minecraft:block]
[04:26:01] [Worker-Main-1/DEBUG] [co.tt.re.AbstractRegistrate/REGISTRATE.DATA]: Generating data of type tags/block for entry white_toolbox [minecraft:block]
[04:26:01] [Worker-Main-1/DEBUG] [co.tt.re.AbstractRegistrate/REGISTRATE.DATA]: Generating data of type tags/block for entry orange_toolbox [minecraft:block]
[04:26:01] [Worker-Main-1/DEBUG] [co.tt.re.AbstractRegistrate/REGISTRATE.DATA]: Generating data of type tags/block for entry magenta_toolbox [minecraft:block]
[04:26:01] [Worker-Main-1/DEBUG] [co.tt.re.AbstractRegistrate/REGISTRATE.DATA]: Generating data of type tags/block for entry light_blue_toolbox [minecraft:block]
[04:26:01] [Worker-Main-1/DEBUG] [co.tt.re.AbstractRegistrate/REGISTRATE.DATA]: Generating data of type tags/block for entry yellow_toolbox [minecraft:block]
[04:26:01] [Worker-Main-1/DEBUG] [co.tt.re.AbstractRegistrate/REGISTRATE.DATA]: Generating data of type tags/block for entry lime_toolbox [minecraft:block]
[04:26:01] [Worker-Main-1/DEBUG] [co.tt.re.AbstractRegistrate/REGISTRATE.DATA]: Generating data of type tags/block for entry pink_toolbox [minecraft:block]
[04:26:01] [Worker-Main-1/DEBUG] [co.tt.re.AbstractRegistrate/REGISTRATE.DATA]: Generating data of type tags/block for entry gray_toolbox [minecraft:block]
[04:26:01] [Worker-Main-1/DEBUG] [co.tt.re.AbstractRegistrate/REGISTRATE.DATA]: Generating data of type tags/block for entry light_gray_toolbox [minecraft:block]
[04:26:01] [Worker-Main-1/DEBUG] [co.tt.re.AbstractRegistrate/REGISTRATE.DATA]: Generating data of type tags/block for entry cyan_toolbox [minecraft:block]
[04:26:01] [Worker-Main-1/DEBUG] [co.tt.re.AbstractRegistrate/REGISTRATE.DATA]: Generating data of type tags/block for entry purple_toolbox [minecraft:block]
[04:26:01] [Worker-Main-1/DEBUG] [co.tt.re.AbstractRegistrate/REGISTRATE.DATA]: Generating data of type tags/block for entry blue_toolbox [minecraft:block]
[04:26:01] [Worker-Main-1/DEBUG] [co.tt.re.AbstractRegistrate/REGISTRATE.DATA]: Generating data of type tags/block for entry brown_toolbox [minecraft:block]
[04:26:01] [Worker-Main-1/DEBUG] [co.tt.re.AbstractRegistrate/REGISTRATE.DATA]: Generating data of type tags/block for entry green_toolbox [minecraft:block]
[04:26:01] [Worker-Main-1/DEBUG] [co.tt.re.AbstractRegistrate/REGISTRATE.DATA]: Generating data of type tags/block for entry red_toolbox [minecraft:block]
[04:26:01] [main/INFO] [minecraft/DataGenerator]: Tags for minecraft:block mod id poopsky finished after 6 ms
[04:26:01] [Worker-Main-1/DEBUG] [co.tt.re.AbstractRegistrate/REGISTRATE.DATA]: Generating data of type tags/block for entry black_toolbox [minecraft:block]
[04:26:01] [Worker-Main-1/DEBUG] [co.tt.re.AbstractRegistrate/REGISTRATE.DATA]: Generating data of type tags/block for entry clipboard [minecraft:block]
[04:26:01] [main/INFO] [minecraft/DataGenerator]: Starting provider: Tags for minecraft:item mod id poopsky
[04:26:01] [Worker-Main-1/DEBUG] [co.tt.re.AbstractRegistrate/REGISTRATE.DATA]: Generating data of type tags/block for entry andesite_ladder [minecraft:block]
[04:26:01] [Worker-Main-1/DEBUG] [co.tt.re.AbstractRegistrate/REGISTRATE.DATA]: Generating data of type tags/block for entry brass_ladder [minecraft:block]
[04:26:01] [Worker-Main-1/DEBUG] [co.tt.re.AbstractRegistrate/REGISTRATE.DATA]: Generating data of type tags/block for entry copper_ladder [minecraft:block]
[04:26:01] [Worker-Main-1/DEBUG] [co.tt.re.AbstractRegistrate/REGISTRATE.DATA]: Generating data of type tags/block for entry andesite_bars [minecraft:block]
[04:26:01] [Worker-Main-1/DEBUG] [co.tt.re.AbstractRegistrate/REGISTRATE.DATA]: Generating data of type tags/block for entry brass_bars [minecraft:block]
[04:26:01] [Worker-Main-1/DEBUG] [co.tt.re.AbstractRegistrate/REGISTRATE.DATA]: Generating data of type tags/block for entry copper_bars [minecraft:block]
[04:26:01] [Worker-Main-1/DEBUG] [co.tt.re.AbstractRegistrate/REGISTRATE.DATA]: Generating data of type tags/block for entry andesite_scaffolding [minecraft:block]
[04:26:01] [Worker-Main-1/DEBUG] [co.tt.re.AbstractRegistrate/REGISTRATE.DATA]: Generating data of type tags/block for entry brass_scaffolding [minecraft:block]
[04:26:01] [Worker-Main-1/DEBUG] [co.tt.re.AbstractRegistrate/REGISTRATE.DATA]: Generating data of type tags/block for entry copper_scaffolding [minecraft:block]
[04:26:01] [Worker-Main-1/DEBUG] [co.tt.re.AbstractRegistrate/REGISTRATE.DATA]: Generating data of type tags/block for entry metal_girder [minecraft:block]
[04:26:01] [Worker-Main-1/DEBUG] [co.tt.re.AbstractRegistrate/REGISTRATE.DATA]: Generating data of type tags/block for entry metal_girder_encased_shaft [minecraft:block]
[04:26:01] [Worker-Main-1/DEBUG] [co.tt.re.AbstractRegistrate/REGISTRATE.DATA]: Generating data of type tags/block for entry copycat_base [minecraft:block]
[04:26:01] [Worker-Main-1/DEBUG] [co.tt.re.AbstractRegistrate/REGISTRATE.DATA]: Generating data of type tags/block for entry copycat_step [minecraft:block]
[04:26:01] [Worker-Main-1/DEBUG] [co.tt.re.AbstractRegistrate/REGISTRATE.DATA]: Generating data of type tags/block for entry copycat_panel [minecraft:block]
[04:26:01] [Worker-Main-1/DEBUG] [co.tt.re.AbstractRegistrate/REGISTRATE.DATA]: Generating data of type tags/block for entry white_seat [minecraft:block]
[04:26:01] [Worker-Main-1/DEBUG] [co.tt.re.AbstractRegistrate/REGISTRATE.DATA]: Generating data of type tags/block for entry orange_seat [minecraft:block]
[04:26:01] [Worker-Main-1/DEBUG] [co.tt.re.AbstractRegistrate/REGISTRATE.DATA]: Generating data of type tags/block for entry magenta_seat [minecraft:block]
[04:26:01] [Worker-Main-1/DEBUG] [co.tt.re.AbstractRegistrate/REGISTRATE.DATA]: Generating data of type tags/block for entry light_blue_seat [minecraft:block]
[04:26:01] [Worker-Main-1/DEBUG] [co.tt.re.AbstractRegistrate/REGISTRATE.DATA]: Generating data of type tags/block for entry yellow_seat [minecraft:block]
[04:26:01] [Worker-Main-1/DEBUG] [co.tt.re.AbstractRegistrate/REGISTRATE.DATA]: Generating data of type tags/block for entry lime_seat [minecraft:block]
[04:26:01] [Worker-Main-1/DEBUG] [co.tt.re.AbstractRegistrate/REGISTRATE.DATA]: Generating data of type tags/block for entry pink_seat [minecraft:block]
[04:26:01] [Worker-Main-1/DEBUG] [co.tt.re.AbstractRegistrate/REGISTRATE.DATA]: Generating data of type tags/block for entry gray_seat [minecraft:block]
[04:26:01] [Worker-Main-1/DEBUG] [co.tt.re.AbstractRegistrate/REGISTRATE.DATA]: Generating data of type tags/block for entry light_gray_seat [minecraft:block]
[04:26:01] [Worker-Main-1/DEBUG] [co.tt.re.AbstractRegistrate/REGISTRATE.DATA]: Generating data of type tags/block for entry cyan_seat [minecraft:block]
[04:26:01] [Worker-Main-1/DEBUG] [co.tt.re.AbstractRegistrate/REGISTRATE.DATA]: Generating data of type tags/block for entry purple_seat [minecraft:block]
[04:26:01] [Worker-Main-1/DEBUG] [co.tt.re.AbstractRegistrate/REGISTRATE.DATA]: Generating data of type tags/block for entry blue_seat [minecraft:block]
[04:26:01] [Worker-Main-1/DEBUG] [co.tt.re.AbstractRegistrate/REGISTRATE.DATA]: Generating data of type tags/block for entry brown_seat [minecraft:block]
[04:26:01] [Worker-Main-1/DEBUG] [co.tt.re.AbstractRegistrate/REGISTRATE.DATA]: Generating data of type tags/block for entry green_seat [minecraft:block]
[04:26:01] [Worker-Main-1/DEBUG] [co.tt.re.AbstractRegistrate/REGISTRATE.DATA]: Generating data of type tags/block for entry red_seat [minecraft:block]
[04:26:01] [Worker-Main-1/DEBUG] [co.tt.re.AbstractRegistrate/REGISTRATE.DATA]: Generating data of type tags/block for entry black_seat [minecraft:block]
[04:26:01] [Worker-Main-1/DEBUG] [co.tt.re.AbstractRegistrate/REGISTRATE.DATA]: Generating data of type tags/block for entry andesite_door [minecraft:block]
[04:26:01] [Worker-Main-1/DEBUG] [co.tt.re.AbstractRegistrate/REGISTRATE.DATA]: Generating data of type tags/block for entry brass_door [minecraft:block]
[04:26:01] [Worker-Main-1/DEBUG] [co.tt.re.AbstractRegistrate/REGISTRATE.DATA]: Generating data of type tags/block for entry copper_door [minecraft:block]
[04:26:01] [Worker-Main-1/DEBUG] [co.tt.re.AbstractRegistrate/REGISTRATE.DATA]: Generating data of type tags/block for entry train_door [minecraft:block]
[04:26:01] [Worker-Main-1/DEBUG] [co.tt.re.AbstractRegistrate/REGISTRATE.DATA]: Generating data of type tags/block for entry train_trapdoor [minecraft:block]
[04:26:01] [Worker-Main-1/DEBUG] [co.tt.re.AbstractRegistrate/REGISTRATE.DATA]: Generating data of type tags/block for entry framed_glass_door [minecraft:block]
[04:26:01] [Worker-Main-1/DEBUG] [co.tt.re.AbstractRegistrate/REGISTRATE.DATA]: Generating data of type tags/block for entry framed_glass_trapdoor [minecraft:block]
[04:26:01] [Worker-Main-1/DEBUG] [co.tt.re.AbstractRegistrate/REGISTRATE.DATA]: Generating data of type tags/block for entry zinc_ore [minecraft:block]
[04:26:01] [Worker-Main-1/DEBUG] [co.tt.re.AbstractRegistrate/REGISTRATE.DATA]: Generating data of type tags/block for entry deepslate_zinc_ore [minecraft:block]
[04:26:01] [Worker-Main-1/DEBUG] [co.tt.re.AbstractRegistrate/REGISTRATE.DATA]: Generating data of type tags/block for entry raw_zinc_block [minecraft:block]
[04:26:01] [Worker-Main-1/DEBUG] [co.tt.re.AbstractRegistrate/REGISTRATE.DATA]: Generating data of type tags/block for entry zinc_block [minecraft:block]
[04:26:01] [Worker-Main-1/DEBUG] [co.tt.re.AbstractRegistrate/REGISTRATE.DATA]: Generating data of type tags/block for entry andesite_alloy_block [minecraft:block]
[04:26:01] [main/INFO] [minecraft/DataGenerator]: Tags for minecraft:item mod id poopsky finished after 2 ms
[04:26:01] [Worker-Main-1/DEBUG] [co.tt.re.AbstractRegistrate/REGISTRATE.DATA]: Generating data of type tags/block for entry industrial_iron_block [minecraft:block]
[04:26:01] [main/INFO] [minecraft/DataGenerator]: Starting provider: Tags for minecraft:entity_type mod id poopsky
[04:26:01] [Worker-Main-1/DEBUG] [co.tt.re.AbstractRegistrate/REGISTRATE.DATA]: Generating data of type tags/block for entry weathered_iron_block [minecraft:block]
[04:26:01] [Worker-Main-1/DEBUG] [co.tt.re.AbstractRegistrate/REGISTRATE.DATA]: Generating data of type tags/block for entry brass_block [minecraft:block]
[04:26:01] [Worker-Main-1/DEBUG] [co.tt.re.AbstractRegistrate/REGISTRATE.DATA]: Generating data of type tags/block for entry cardboard_block [minecraft:block]
[04:26:01] [Worker-Main-1/DEBUG] [co.tt.re.AbstractRegistrate/REGISTRATE.DATA]: Generating data of type tags/block for entry bound_cardboard_block [minecraft:block]
[04:26:01] [Worker-Main-1/DEBUG] [co.tt.re.AbstractRegistrate/REGISTRATE.DATA]: Generating data of type tags/block for entry experience_block [minecraft:block]
[04:26:01] [Worker-Main-1/DEBUG] [co.tt.re.AbstractRegistrate/REGISTRATE.DATA]: Generating data of type tags/block for entry rose_quartz_block [minecraft:block]
[04:26:01] [Worker-Main-1/DEBUG] [co.tt.re.AbstractRegistrate/REGISTRATE.DATA]: Generating data of type tags/block for entry rose_quartz_tiles [minecraft:block]
[04:26:01] [Worker-Main-1/DEBUG] [co.tt.re.AbstractRegistrate/REGISTRATE.DATA]: Generating data of type tags/block for entry small_rose_quartz_tiles [minecraft:block]
[04:26:01] [Worker-Main-1/DEBUG] [co.tt.re.AbstractRegistrate/REGISTRATE.DATA]: Generating data of type tags/block for entry copper_shingles [minecraft:block]
[04:26:01] [Worker-Main-1/DEBUG] [co.tt.re.AbstractRegistrate/REGISTRATE.DATA]: Generating data of type tags/block for entry exposed_copper_shingles [minecraft:block]
[04:26:01] [Worker-Main-1/DEBUG] [co.tt.re.AbstractRegistrate/REGISTRATE.DATA]: Generating data of type tags/block for entry weathered_copper_shingles [minecraft:block]
[04:26:01] [Worker-Main-1/DEBUG] [co.tt.re.AbstractRegistrate/REGISTRATE.DATA]: Generating data of type tags/block for entry oxidized_copper_shingles [minecraft:block]
[04:26:01] [Worker-Main-1/DEBUG] [co.tt.re.AbstractRegistrate/REGISTRATE.DATA]: Generating data of type tags/block for entry copper_shingle_slab [minecraft:block]
[04:26:01] [Worker-Main-1/DEBUG] [co.tt.re.AbstractRegistrate/REGISTRATE.DATA]: Generating data of type tags/block for entry exposed_copper_shingle_slab [minecraft:block]
[04:26:01] [main/INFO] [minecraft/DataGenerator]: Tags for minecraft:entity_type mod id poopsky finished after 0 ms
[04:26:01] [Worker-Main-1/DEBUG] [co.tt.re.AbstractRegistrate/REGISTRATE.DATA]: Generating data of type tags/block for entry weathered_copper_shingle_slab [minecraft:block]
[04:26:01] [main/INFO] [minecraft/DataGenerator]: Starting provider: Tags for minecraft:fluid mod id poopsky
[04:26:01] [Worker-Main-1/DEBUG] [co.tt.re.AbstractRegistrate/REGISTRATE.DATA]: Generating data of type tags/block for entry oxidized_copper_shingle_slab [minecraft:block]
[04:26:01] [Worker-Main-1/DEBUG] [co.tt.re.AbstractRegistrate/REGISTRATE.DATA]: Generating data of type tags/block for entry copper_shingle_stairs [minecraft:block]
[04:26:01] [Worker-Main-1/DEBUG] [co.tt.re.AbstractRegistrate/REGISTRATE.DATA]: Generating data of type tags/block for entry exposed_copper_shingle_stairs [minecraft:block]
[04:26:01] [Worker-Main-1/DEBUG] [co.tt.re.AbstractRegistrate/REGISTRATE.DATA]: Generating data of type tags/block for entry weathered_copper_shingle_stairs [minecraft:block]
[04:26:01] [Worker-Main-1/DEBUG] [co.tt.re.AbstractRegistrate/REGISTRATE.DATA]: Generating data of type tags/block for entry oxidized_copper_shingle_stairs [minecraft:block]
[04:26:01] [Worker-Main-1/DEBUG] [co.tt.re.AbstractRegistrate/REGISTRATE.DATA]: Generating data of type tags/block for entry waxed_copper_shingles [minecraft:block]
[04:26:01] [Worker-Main-1/DEBUG] [co.tt.re.AbstractRegistrate/REGISTRATE.DATA]: Generating data of type tags/block for entry waxed_exposed_copper_shingles [minecraft:block]
[04:26:01] [Worker-Main-1/DEBUG] [co.tt.re.AbstractRegistrate/REGISTRATE.DATA]: Generating data of type tags/block for entry waxed_weathered_copper_shingles [minecraft:block]
[04:26:01] [Worker-Main-1/DEBUG] [co.tt.re.AbstractRegistrate/REGISTRATE.DATA]: Generating data of type tags/block for entry waxed_oxidized_copper_shingles [minecraft:block]
[04:26:01] [main/INFO] [minecraft/DataGenerator]: Tags for minecraft:fluid mod id poopsky finished after 0 ms
[04:26:01] [Worker-Main-1/DEBUG] [co.tt.re.AbstractRegistrate/REGISTRATE.DATA]: Generating data of type tags/block for entry waxed_copper_shingle_slab [minecraft:block]
[04:26:01] [Worker-Main-1/DEBUG] [co.tt.re.AbstractRegistrate/REGISTRATE.DATA]: Generating data of type tags/block for entry waxed_exposed_copper_shingle_slab [minecraft:block]
[04:26:01] [main/INFO] [minecraft/DataGenerator]: Starting provider: Tags for minecraft:damage_type mod id poopsky
[04:26:01] [Worker-Main-1/DEBUG] [co.tt.re.AbstractRegistrate/REGISTRATE.DATA]: Generating data of type tags/block for entry waxed_weathered_copper_shingle_slab [minecraft:block]
[04:26:01] [Worker-Main-1/DEBUG] [co.tt.re.AbstractRegistrate/REGISTRATE.DATA]: Generating data of type tags/block for entry waxed_oxidized_copper_shingle_slab [minecraft:block]
[04:26:01] [Worker-Main-1/DEBUG] [co.tt.re.AbstractRegistrate/REGISTRATE.DATA]: Generating data of type tags/block for entry waxed_copper_shingle_stairs [minecraft:block]
[04:26:01] [Worker-Main-1/DEBUG] [co.tt.re.AbstractRegistrate/REGISTRATE.DATA]: Generating data of type tags/block for entry waxed_exposed_copper_shingle_stairs [minecraft:block]
[04:26:01] [Worker-Main-1/DEBUG] [co.tt.re.AbstractRegistrate/REGISTRATE.DATA]: Generating data of type tags/block for entry waxed_weathered_copper_shingle_stairs [minecraft:block]
[04:26:01] [Worker-Main-1/DEBUG] [co.tt.re.AbstractRegistrate/REGISTRATE.DATA]: Generating data of type tags/block for entry waxed_oxidized_copper_shingle_stairs [minecraft:block]
[04:26:01] [Worker-Main-1/DEBUG] [co.tt.re.AbstractRegistrate/REGISTRATE.DATA]: Generating data of type tags/block for entry copper_tiles [minecraft:block]
[04:26:01] [Worker-Main-1/DEBUG] [co.tt.re.AbstractRegistrate/REGISTRATE.DATA]: Generating data of type tags/block for entry exposed_copper_tiles [minecraft:block]
[04:26:01] [Worker-Main-1/DEBUG] [co.tt.re.AbstractRegistrate/REGISTRATE.DATA]: Generating data of type tags/block for entry weathered_copper_tiles [minecraft:block]
[04:26:01] [Worker-Main-1/DEBUG] [co.tt.re.AbstractRegistrate/REGISTRATE.DATA]: Generating data of type tags/block for entry oxidized_copper_tiles [minecraft:block]
[04:26:01] [Worker-Main-1/DEBUG] [co.tt.re.AbstractRegistrate/REGISTRATE.DATA]: Generating data of type tags/block for entry copper_tile_slab [minecraft:block]
[04:26:01] [Worker-Main-1/DEBUG] [co.tt.re.AbstractRegistrate/REGISTRATE.DATA]: Generating data of type tags/block for entry exposed_copper_tile_slab [minecraft:block]
[04:26:01] [Worker-Main-1/DEBUG] [co.tt.re.AbstractRegistrate/REGISTRATE.DATA]: Generating data of type tags/block for entry weathered_copper_tile_slab [minecraft:block]
[04:26:01] [Worker-Main-1/DEBUG] [co.tt.re.AbstractRegistrate/REGISTRATE.DATA]: Generating data of type tags/block for entry oxidized_copper_tile_slab [minecraft:block]
[04:26:01] [Worker-Main-1/DEBUG] [co.tt.re.AbstractRegistrate/REGISTRATE.DATA]: Generating data of type tags/block for entry copper_tile_stairs [minecraft:block]
[04:26:01] [Worker-Main-1/DEBUG] [co.tt.re.AbstractRegistrate/REGISTRATE.DATA]: Generating data of type tags/block for entry exposed_copper_tile_stairs [minecraft:block]
[04:26:01] [Worker-Main-1/DEBUG] [co.tt.re.AbstractRegistrate/REGISTRATE.DATA]: Generating data of type tags/block for entry weathered_copper_tile_stairs [minecraft:block]
[04:26:01] [Worker-Main-1/DEBUG] [co.tt.re.AbstractRegistrate/REGISTRATE.DATA]: Generating data of type tags/block for entry oxidized_copper_tile_stairs [minecraft:block]
[04:26:01] [Worker-Main-1/DEBUG] [co.tt.re.AbstractRegistrate/REGISTRATE.DATA]: Generating data of type tags/block for entry waxed_copper_tiles [minecraft:block]
[04:26:01] [Worker-Main-1/DEBUG] [co.tt.re.AbstractRegistrate/REGISTRATE.DATA]: Generating data of type tags/block for entry waxed_exposed_copper_tiles [minecraft:block]
[04:26:01] [Worker-Main-1/DEBUG] [co.tt.re.AbstractRegistrate/REGISTRATE.DATA]: Generating data of type tags/block for entry waxed_weathered_copper_tiles [minecraft:block]
[04:26:01] [Worker-Main-1/DEBUG] [co.tt.re.AbstractRegistrate/REGISTRATE.DATA]: Generating data of type tags/block for entry waxed_oxidized_copper_tiles [minecraft:block]
[04:26:01] [Worker-Main-1/DEBUG] [co.tt.re.AbstractRegistrate/REGISTRATE.DATA]: Generating data of type tags/block for entry waxed_copper_tile_slab [minecraft:block]
[04:26:01] [Worker-Main-1/DEBUG] [co.tt.re.AbstractRegistrate/REGISTRATE.DATA]: Generating data of type tags/block for entry waxed_exposed_copper_tile_slab [minecraft:block]
[04:26:01] [Worker-Main-1/DEBUG] [co.tt.re.AbstractRegistrate/REGISTRATE.DATA]: Generating data of type tags/block for entry waxed_weathered_copper_tile_slab [minecraft:block]
[04:26:01] [Worker-Main-1/DEBUG] [co.tt.re.AbstractRegistrate/REGISTRATE.DATA]: Generating data of type tags/block for entry waxed_oxidized_copper_tile_slab [minecraft:block]
[04:26:01] [Worker-Main-1/DEBUG] [co.tt.re.AbstractRegistrate/REGISTRATE.DATA]: Generating data of type tags/block for entry waxed_copper_tile_stairs [minecraft:block]
[04:26:01] [Worker-Main-1/DEBUG] [co.tt.re.AbstractRegistrate/REGISTRATE.DATA]: Generating data of type tags/block for entry waxed_exposed_copper_tile_stairs [minecraft:block]
[04:26:01] [Worker-Main-1/DEBUG] [co.tt.re.AbstractRegistrate/REGISTRATE.DATA]: Generating data of type tags/block for entry waxed_weathered_copper_tile_stairs [minecraft:block]
[04:26:01] [Worker-Main-1/DEBUG] [co.tt.re.AbstractRegistrate/REGISTRATE.DATA]: Generating data of type tags/block for entry waxed_oxidized_copper_tile_stairs [minecraft:block]
[04:26:01] [Worker-Main-1/DEBUG] [co.tt.re.AbstractRegistrate/REGISTRATE.DATA]: Generating data of type tags/block for entry tiled_glass [minecraft:block]
[04:26:01] [Worker-Main-1/DEBUG] [co.tt.re.AbstractRegistrate/REGISTRATE.DATA]: Generating data of type tags/block for entry framed_glass [minecraft:block]
[04:26:01] [Worker-Main-1/DEBUG] [co.tt.re.AbstractRegistrate/REGISTRATE.DATA]: Generating data of type tags/block for entry horizontal_framed_glass [minecraft:block]
[04:26:01] [Worker-Main-1/DEBUG] [co.tt.re.AbstractRegistrate/REGISTRATE.DATA]: Generating data of type tags/block for entry vertical_framed_glass [minecraft:block]
[04:26:01] [Worker-Main-1/DEBUG] [co.tt.re.AbstractRegistrate/REGISTRATE.DATA]: Generating data of type tags/block for entry tiled_glass_pane [minecraft:block]
[04:26:01] [Worker-Main-1/DEBUG] [co.tt.re.AbstractRegistrate/REGISTRATE.DATA]: Generating data of type tags/block for entry framed_glass_pane [minecraft:block]
[04:26:01] [Worker-Main-1/DEBUG] [co.tt.re.AbstractRegistrate/REGISTRATE.DATA]: Generating data of type tags/block for entry horizontal_framed_glass_pane [minecraft:block]
[04:26:01] [Worker-Main-1/DEBUG] [co.tt.re.AbstractRegistrate/REGISTRATE.DATA]: Generating data of type tags/block for entry vertical_framed_glass_pane [minecraft:block]
[04:26:01] [Worker-Main-1/DEBUG] [co.tt.re.AbstractRegistrate/REGISTRATE.DATA]: Generating data of type tags/block for entry oak_window [minecraft:block]
[04:26:01] [Worker-Main-1/DEBUG] [co.tt.re.AbstractRegistrate/REGISTRATE.DATA]: Generating data of type tags/block for entry spruce_window [minecraft:block]
[04:26:01] [Worker-Main-1/DEBUG] [co.tt.re.AbstractRegistrate/REGISTRATE.DATA]: Generating data of type tags/block for entry birch_window [minecraft:block]
[04:26:01] [Worker-Main-1/DEBUG] [co.tt.re.AbstractRegistrate/REGISTRATE.DATA]: Generating data of type tags/block for entry jungle_window [minecraft:block]
[04:26:01] [Worker-Main-1/DEBUG] [co.tt.re.AbstractRegistrate/REGISTRATE.DATA]: Generating data of type tags/block for entry acacia_window [minecraft:block]
[04:26:01] [Worker-Main-1/DEBUG] [co.tt.re.AbstractRegistrate/REGISTRATE.DATA]: Generating data of type tags/block for entry dark_oak_window [minecraft:block]
[04:26:01] [Worker-Main-1/DEBUG] [co.tt.re.AbstractRegistrate/REGISTRATE.DATA]: Generating data of type tags/block for entry mangrove_window [minecraft:block]
[04:26:01] [Worker-Main-1/DEBUG] [co.tt.re.AbstractRegistrate/REGISTRATE.DATA]: Generating data of type tags/block for entry crimson_window [minecraft:block]
[04:26:01] [Worker-Main-1/DEBUG] [co.tt.re.AbstractRegistrate/REGISTRATE.DATA]: Generating data of type tags/block for entry warped_window [minecraft:block]
[04:26:01] [Worker-Main-1/DEBUG] [co.tt.re.AbstractRegistrate/REGISTRATE.DATA]: Generating data of type tags/block for entry cherry_window [minecraft:block]
[04:26:01] [Worker-Main-1/DEBUG] [co.tt.re.AbstractRegistrate/REGISTRATE.DATA]: Generating data of type tags/block for entry bamboo_window [minecraft:block]
[04:26:01] [Worker-Main-1/DEBUG] [co.tt.re.AbstractRegistrate/REGISTRATE.DATA]: Generating data of type tags/block for entry ornate_iron_window [minecraft:block]
[04:26:01] [Worker-Main-1/DEBUG] [co.tt.re.AbstractRegistrate/REGISTRATE.DATA]: Generating data of type tags/block for entry industrial_iron_window [minecraft:block]
[04:26:01] [main/INFO] [minecraft/DataGenerator]: Tags for minecraft:damage_type mod id poopsky finished after 3 ms
[04:26:01] [Worker-Main-1/DEBUG] [co.tt.re.AbstractRegistrate/REGISTRATE.DATA]: Generating data of type tags/block for entry weathered_iron_window [minecraft:block]
[04:26:01] [main/INFO] [minecraft/DataGenerator]: Starting provider: Registries
[04:26:01] [Worker-Main-1/DEBUG] [co.tt.re.AbstractRegistrate/REGISTRATE.DATA]: Generating data of type tags/block for entry oak_window_pane [minecraft:block]
[04:26:01] [Worker-Main-1/DEBUG] [co.tt.re.AbstractRegistrate/REGISTRATE.DATA]: Generating data of type tags/block for entry spruce_window_pane [minecraft:block]
[04:26:01] [Worker-Main-1/DEBUG] [co.tt.re.AbstractRegistrate/REGISTRATE.DATA]: Generating data of type tags/block for entry birch_window_pane [minecraft:block]
[04:26:01] [Worker-Main-1/DEBUG] [co.tt.re.AbstractRegistrate/REGISTRATE.DATA]: Generating data of type tags/block for entry jungle_window_pane [minecraft:block]
[04:26:01] [Worker-Main-1/DEBUG] [co.tt.re.AbstractRegistrate/REGISTRATE.DATA]: Generating data of type tags/block for entry acacia_window_pane [minecraft:block]
[04:26:01] [Worker-Main-1/DEBUG] [co.tt.re.AbstractRegistrate/REGISTRATE.DATA]: Generating data of type tags/block for entry dark_oak_window_pane [minecraft:block]
[04:26:01] [Worker-Main-1/DEBUG] [co.tt.re.AbstractRegistrate/REGISTRATE.DATA]: Generating data of type tags/block for entry mangrove_window_pane [minecraft:block]
[04:26:01] [Worker-Main-1/DEBUG] [co.tt.re.AbstractRegistrate/REGISTRATE.DATA]: Generating data of type tags/block for entry crimson_window_pane [minecraft:block]
[04:26:01] [Worker-Main-1/DEBUG] [co.tt.re.AbstractRegistrate/REGISTRATE.DATA]: Generating data of type tags/block for entry warped_window_pane [minecraft:block]
[04:26:01] [Worker-Main-1/DEBUG] [co.tt.re.AbstractRegistrate/REGISTRATE.DATA]: Generating data of type tags/block for entry cherry_window_pane [minecraft:block]
[04:26:01] [Worker-Main-1/DEBUG] [co.tt.re.AbstractRegistrate/REGISTRATE.DATA]: Generating data of type tags/block for entry bamboo_window_pane [minecraft:block]
[04:26:01] [Worker-Main-1/DEBUG] [co.tt.re.AbstractRegistrate/REGISTRATE.DATA]: Generating data of type tags/block for entry ornate_iron_window_pane [minecraft:block]
[04:26:01] [Worker-Main-1/DEBUG] [co.tt.re.AbstractRegistrate/REGISTRATE.DATA]: Generating data of type tags/block for entry industrial_iron_window_pane [minecraft:block]
[04:26:01] [Worker-Main-1/DEBUG] [co.tt.re.AbstractRegistrate/REGISTRATE.DATA]: Generating data of type tags/block for entry weathered_iron_window_pane [minecraft:block]
[04:26:01] [Worker-Main-1/DEBUG] [co.tt.re.AbstractRegistrate/REGISTRATE.DATA]: Generating data of type tags/block for entry cut_granite [minecraft:block]
[04:26:01] [Worker-Main-1/DEBUG] [co.tt.re.AbstractRegistrate/REGISTRATE.DATA]: Generating data of type tags/block for entry cut_granite_stairs [minecraft:block]
[04:26:01] [Worker-Main-1/DEBUG] [co.tt.re.AbstractRegistrate/REGISTRATE.DATA]: Generating data of type tags/block for entry cut_granite_slab [minecraft:block]
[04:26:01] [Worker-Main-1/DEBUG] [co.tt.re.AbstractRegistrate/REGISTRATE.DATA]: Generating data of type tags/block for entry cut_granite_wall [minecraft:block]
[04:26:01] [Worker-Main-1/DEBUG] [co.tt.re.AbstractRegistrate/REGISTRATE.DATA]: Generating data of type tags/block for entry polished_cut_granite [minecraft:block]
[04:26:01] [Worker-Main-1/DEBUG] [co.tt.re.AbstractRegistrate/REGISTRATE.DATA]: Generating data of type tags/block for entry polished_cut_granite_stairs [minecraft:block]
[04:26:01] [Worker-Main-1/DEBUG] [co.tt.re.AbstractRegistrate/REGISTRATE.DATA]: Generating data of type tags/block for entry polished_cut_granite_slab [minecraft:block]
[04:26:01] [Worker-Main-1/DEBUG] [co.tt.re.AbstractRegistrate/REGISTRATE.DATA]: Generating data of type tags/block for entry polished_cut_granite_wall [minecraft:block]
[04:26:01] [Worker-Main-1/DEBUG] [co.tt.re.AbstractRegistrate/REGISTRATE.DATA]: Generating data of type tags/block for entry cut_granite_bricks [minecraft:block]
[04:26:01] [Worker-Main-1/DEBUG] [co.tt.re.AbstractRegistrate/REGISTRATE.DATA]: Generating data of type tags/block for entry cut_granite_brick_stairs [minecraft:block]
[04:26:01] [Worker-Main-1/DEBUG] [co.tt.re.AbstractRegistrate/REGISTRATE.DATA]: Generating data of type tags/block for entry cut_granite_brick_slab [minecraft:block]
[04:26:01] [Worker-Main-1/DEBUG] [co.tt.re.AbstractRegistrate/REGISTRATE.DATA]: Generating data of type tags/block for entry cut_granite_brick_wall [minecraft:block]
[04:26:01] [Worker-Main-1/DEBUG] [co.tt.re.AbstractRegistrate/REGISTRATE.DATA]: Generating data of type tags/block for entry small_granite_bricks [minecraft:block]
[04:26:01] [Worker-Main-1/DEBUG] [co.tt.re.AbstractRegistrate/REGISTRATE.DATA]: Generating data of type tags/block for entry small_granite_brick_stairs [minecraft:block]
[04:26:01] [Worker-Main-1/DEBUG] [co.tt.re.AbstractRegistrate/REGISTRATE.DATA]: Generating data of type tags/block for entry small_granite_brick_slab [minecraft:block]
[04:26:01] [Worker-Main-1/DEBUG] [co.tt.re.AbstractRegistrate/REGISTRATE.DATA]: Generating data of type tags/block for entry small_granite_brick_wall [minecraft:block]
[04:26:01] [Worker-Main-1/DEBUG] [co.tt.re.AbstractRegistrate/REGISTRATE.DATA]: Generating data of type tags/block for entry layered_granite [minecraft:block]
[04:26:01] [Worker-Main-1/DEBUG] [co.tt.re.AbstractRegistrate/REGISTRATE.DATA]: Generating data of type tags/block for entry granite_pillar [minecraft:block]
[04:26:01] [Worker-Main-1/DEBUG] [co.tt.re.AbstractRegistrate/REGISTRATE.DATA]: Generating data of type tags/block for entry cut_diorite [minecraft:block]
[04:26:01] [Worker-Main-1/DEBUG] [co.tt.re.AbstractRegistrate/REGISTRATE.DATA]: Generating data of type tags/block for entry cut_diorite_stairs [minecraft:block]
[04:26:01] [Worker-Main-1/DEBUG] [co.tt.re.AbstractRegistrate/REGISTRATE.DATA]: Generating data of type tags/block for entry cut_diorite_slab [minecraft:block]
[04:26:01] [Worker-Main-1/DEBUG] [co.tt.re.AbstractRegistrate/REGISTRATE.DATA]: Generating data of type tags/block for entry cut_diorite_wall [minecraft:block]
[04:26:01] [Worker-Main-1/DEBUG] [co.tt.re.AbstractRegistrate/REGISTRATE.DATA]: Generating data of type tags/block for entry polished_cut_diorite [minecraft:block]
[04:26:01] [Worker-Main-1/DEBUG] [co.tt.re.AbstractRegistrate/REGISTRATE.DATA]: Generating data of type tags/block for entry polished_cut_diorite_stairs [minecraft:block]
[04:26:01] [Worker-Main-1/DEBUG] [co.tt.re.AbstractRegistrate/REGISTRATE.DATA]: Generating data of type tags/block for entry polished_cut_diorite_slab [minecraft:block]
[04:26:01] [Worker-Main-1/DEBUG] [co.tt.re.AbstractRegistrate/REGISTRATE.DATA]: Generating data of type tags/block for entry polished_cut_diorite_wall [minecraft:block]
[04:26:01] [Worker-Main-1/DEBUG] [co.tt.re.AbstractRegistrate/REGISTRATE.DATA]: Generating data of type tags/block for entry cut_diorite_bricks [minecraft:block]
[04:26:01] [Worker-Main-1/DEBUG] [co.tt.re.AbstractRegistrate/REGISTRATE.DATA]: Generating data of type tags/block for entry cut_diorite_brick_stairs [minecraft:block]
[04:26:01] [Worker-Main-1/DEBUG] [co.tt.re.AbstractRegistrate/REGISTRATE.DATA]: Generating data of type tags/block for entry cut_diorite_brick_slab [minecraft:block]
[04:26:01] [Worker-Main-1/DEBUG] [co.tt.re.AbstractRegistrate/REGISTRATE.DATA]: Generating data of type tags/block for entry cut_diorite_brick_wall [minecraft:block]
[04:26:01] [Worker-Main-1/DEBUG] [co.tt.re.AbstractRegistrate/REGISTRATE.DATA]: Generating data of type tags/block for entry small_diorite_bricks [minecraft:block]
[04:26:01] [Worker-Main-1/DEBUG] [co.tt.re.AbstractRegistrate/REGISTRATE.DATA]: Generating data of type tags/block for entry small_diorite_brick_stairs [minecraft:block]
[04:26:01] [Worker-Main-1/DEBUG] [co.tt.re.AbstractRegistrate/REGISTRATE.DATA]: Generating data of type tags/block for entry small_diorite_brick_slab [minecraft:block]
[04:26:01] [Worker-Main-1/DEBUG] [co.tt.re.AbstractRegistrate/REGISTRATE.DATA]: Generating data of type tags/block for entry small_diorite_brick_wall [minecraft:block]
[04:26:01] [Worker-Main-1/DEBUG] [co.tt.re.AbstractRegistrate/REGISTRATE.DATA]: Generating data of type tags/block for entry layered_diorite [minecraft:block]
[04:26:01] [Worker-Main-1/DEBUG] [co.tt.re.AbstractRegistrate/REGISTRATE.DATA]: Generating data of type tags/block for entry diorite_pillar [minecraft:block]
[04:26:01] [Worker-Main-1/DEBUG] [co.tt.re.AbstractRegistrate/REGISTRATE.DATA]: Generating data of type tags/block for entry cut_andesite [minecraft:block]
[04:26:01] [Worker-Main-1/DEBUG] [co.tt.re.AbstractRegistrate/REGISTRATE.DATA]: Generating data of type tags/block for entry cut_andesite_stairs [minecraft:block]
[04:26:01] [Worker-Main-1/DEBUG] [co.tt.re.AbstractRegistrate/REGISTRATE.DATA]: Generating data of type tags/block for entry cut_andesite_slab [minecraft:block]
[04:26:01] [Worker-Main-1/DEBUG] [co.tt.re.AbstractRegistrate/REGISTRATE.DATA]: Generating data of type tags/block for entry cut_andesite_wall [minecraft:block]
[04:26:01] [Worker-Main-1/DEBUG] [co.tt.re.AbstractRegistrate/REGISTRATE.DATA]: Generating data of type tags/block for entry polished_cut_andesite [minecraft:block]
[04:26:01] [Worker-Main-1/DEBUG] [co.tt.re.AbstractRegistrate/REGISTRATE.DATA]: Generating data of type tags/block for entry polished_cut_andesite_stairs [minecraft:block]
[04:26:01] [Worker-Main-1/DEBUG] [co.tt.re.AbstractRegistrate/REGISTRATE.DATA]: Generating data of type tags/block for entry polished_cut_andesite_slab [minecraft:block]
[04:26:01] [Worker-Main-1/DEBUG] [co.tt.re.AbstractRegistrate/REGISTRATE.DATA]: Generating data of type tags/block for entry polished_cut_andesite_wall [minecraft:block]
[04:26:01] [Worker-Main-1/DEBUG] [co.tt.re.AbstractRegistrate/REGISTRATE.DATA]: Generating data of type tags/block for entry cut_andesite_bricks [minecraft:block]
[04:26:01] [Worker-Main-1/DEBUG] [co.tt.re.AbstractRegistrate/REGISTRATE.DATA]: Generating data of type tags/block for entry cut_andesite_brick_stairs [minecraft:block]
[04:26:01] [Worker-Main-1/DEBUG] [co.tt.re.AbstractRegistrate/REGISTRATE.DATA]: Generating data of type tags/block for entry cut_andesite_brick_slab [minecraft:block]
[04:26:01] [Worker-Main-1/DEBUG] [co.tt.re.AbstractRegistrate/REGISTRATE.DATA]: Generating data of type tags/block for entry cut_andesite_brick_wall [minecraft:block]
[04:26:01] [Worker-Main-1/DEBUG] [co.tt.re.AbstractRegistrate/REGISTRATE.DATA]: Generating data of type tags/block for entry small_andesite_bricks [minecraft:block]
[04:26:01] [Worker-Main-1/DEBUG] [co.tt.re.AbstractRegistrate/REGISTRATE.DATA]: Generating data of type tags/block for entry small_andesite_brick_stairs [minecraft:block]
[04:26:01] [Worker-Main-1/DEBUG] [co.tt.re.AbstractRegistrate/REGISTRATE.DATA]: Generating data of type tags/block for entry small_andesite_brick_slab [minecraft:block]
[04:26:01] [Worker-Main-1/DEBUG] [co.tt.re.AbstractRegistrate/REGISTRATE.DATA]: Generating data of type tags/block for entry small_andesite_brick_wall [minecraft:block]
[04:26:01] [Worker-Main-1/DEBUG] [co.tt.re.AbstractRegistrate/REGISTRATE.DATA]: Generating data of type tags/block for entry layered_andesite [minecraft:block]
[04:26:01] [Worker-Main-1/DEBUG] [co.tt.re.AbstractRegistrate/REGISTRATE.DATA]: Generating data of type tags/block for entry andesite_pillar [minecraft:block]
[04:26:01] [Worker-Main-1/DEBUG] [co.tt.re.AbstractRegistrate/REGISTRATE.DATA]: Generating data of type tags/block for entry cut_calcite [minecraft:block]
[04:26:01] [Worker-Main-1/DEBUG] [co.tt.re.AbstractRegistrate/REGISTRATE.DATA]: Generating data of type tags/block for entry cut_calcite_stairs [minecraft:block]
[04:26:01] [Worker-Main-1/DEBUG] [co.tt.re.AbstractRegistrate/REGISTRATE.DATA]: Generating data of type tags/block for entry cut_calcite_slab [minecraft:block]
[04:26:01] [Worker-Main-1/DEBUG] [co.tt.re.AbstractRegistrate/REGISTRATE.DATA]: Generating data of type tags/block for entry cut_calcite_wall [minecraft:block]
[04:26:01] [Worker-Main-1/DEBUG] [co.tt.re.AbstractRegistrate/REGISTRATE.DATA]: Generating data of type tags/block for entry polished_cut_calcite [minecraft:block]
[04:26:01] [Worker-Main-1/DEBUG] [co.tt.re.AbstractRegistrate/REGISTRATE.DATA]: Generating data of type tags/block for entry polished_cut_calcite_stairs [minecraft:block]
[04:26:01] [Worker-Main-1/DEBUG] [co.tt.re.AbstractRegistrate/REGISTRATE.DATA]: Generating data of type tags/block for entry polished_cut_calcite_slab [minecraft:block]
[04:26:01] [Worker-Main-1/DEBUG] [co.tt.re.AbstractRegistrate/REGISTRATE.DATA]: Generating data of type tags/block for entry polished_cut_calcite_wall [minecraft:block]
[04:26:01] [Worker-Main-1/DEBUG] [co.tt.re.AbstractRegistrate/REGISTRATE.DATA]: Generating data of type tags/block for entry cut_calcite_bricks [minecraft:block]
[04:26:01] [Worker-Main-1/DEBUG] [co.tt.re.AbstractRegistrate/REGISTRATE.DATA]: Generating data of type tags/block for entry cut_calcite_brick_stairs [minecraft:block]
[04:26:01] [Worker-Main-1/DEBUG] [co.tt.re.AbstractRegistrate/REGISTRATE.DATA]: Generating data of type tags/block for entry cut_calcite_brick_slab [minecraft:block]
[04:26:01] [Worker-Main-1/DEBUG] [co.tt.re.AbstractRegistrate/REGISTRATE.DATA]: Generating data of type tags/block for entry cut_calcite_brick_wall [minecraft:block]
[04:26:01] [Worker-Main-1/DEBUG] [co.tt.re.AbstractRegistrate/REGISTRATE.DATA]: Generating data of type tags/block for entry small_calcite_bricks [minecraft:block]
[04:26:01] [Worker-Main-1/DEBUG] [co.tt.re.AbstractRegistrate/REGISTRATE.DATA]: Generating data of type tags/block for entry small_calcite_brick_stairs [minecraft:block]
[04:26:01] [Worker-Main-1/DEBUG] [co.tt.re.AbstractRegistrate/REGISTRATE.DATA]: Generating data of type tags/block for entry small_calcite_brick_slab [minecraft:block]
[04:26:01] [Worker-Main-1/DEBUG] [co.tt.re.AbstractRegistrate/REGISTRATE.DATA]: Generating data of type tags/block for entry small_calcite_brick_wall [minecraft:block]
[04:26:01] [Worker-Main-1/DEBUG] [co.tt.re.AbstractRegistrate/REGISTRATE.DATA]: Generating data of type tags/block for entry layered_calcite [minecraft:block]
[04:26:01] [Worker-Main-1/DEBUG] [co.tt.re.AbstractRegistrate/REGISTRATE.DATA]: Generating data of type tags/block for entry calcite_pillar [minecraft:block]
[04:26:01] [Worker-Main-1/DEBUG] [co.tt.re.AbstractRegistrate/REGISTRATE.DATA]: Generating data of type tags/block for entry cut_dripstone [minecraft:block]
[04:26:01] [Worker-Main-1/DEBUG] [co.tt.re.AbstractRegistrate/REGISTRATE.DATA]: Generating data of type tags/block for entry cut_dripstone_stairs [minecraft:block]
[04:26:01] [Worker-Main-1/DEBUG] [co.tt.re.AbstractRegistrate/REGISTRATE.DATA]: Generating data of type tags/block for entry cut_dripstone_slab [minecraft:block]
[04:26:01] [Worker-Main-1/DEBUG] [co.tt.re.AbstractRegistrate/REGISTRATE.DATA]: Generating data of type tags/block for entry cut_dripstone_wall [minecraft:block]
[04:26:01] [Worker-Main-1/DEBUG] [co.tt.re.AbstractRegistrate/REGISTRATE.DATA]: Generating data of type tags/block for entry polished_cut_dripstone [minecraft:block]
[04:26:01] [Worker-Main-1/DEBUG] [co.tt.re.AbstractRegistrate/REGISTRATE.DATA]: Generating data of type tags/block for entry polished_cut_dripstone_stairs [minecraft:block]
[04:26:01] [Worker-Main-1/DEBUG] [co.tt.re.AbstractRegistrate/REGISTRATE.DATA]: Generating data of type tags/block for entry polished_cut_dripstone_slab [minecraft:block]
[04:26:01] [Worker-Main-1/DEBUG] [co.tt.re.AbstractRegistrate/REGISTRATE.DATA]: Generating data of type tags/block for entry polished_cut_dripstone_wall [minecraft:block]
[04:26:01] [Worker-Main-1/DEBUG] [co.tt.re.AbstractRegistrate/REGISTRATE.DATA]: Generating data of type tags/block for entry cut_dripstone_bricks [minecraft:block]
[04:26:01] [Worker-Main-1/DEBUG] [co.tt.re.AbstractRegistrate/REGISTRATE.DATA]: Generating data of type tags/block for entry cut_dripstone_brick_stairs [minecraft:block]
[04:26:01] [Worker-Main-1/DEBUG] [co.tt.re.AbstractRegistrate/REGISTRATE.DATA]: Generating data of type tags/block for entry cut_dripstone_brick_slab [minecraft:block]
[04:26:01] [Worker-Main-1/DEBUG] [co.tt.re.AbstractRegistrate/REGISTRATE.DATA]: Generating data of type tags/block for entry cut_dripstone_brick_wall [minecraft:block]
[04:26:01] [Worker-Main-1/DEBUG] [co.tt.re.AbstractRegistrate/REGISTRATE.DATA]: Generating data of type tags/block for entry small_dripstone_bricks [minecraft:block]
[04:26:01] [Worker-Main-1/DEBUG] [co.tt.re.AbstractRegistrate/REGISTRATE.DATA]: Generating data of type tags/block for entry small_dripstone_brick_stairs [minecraft:block]
[04:26:01] [Worker-Main-1/DEBUG] [co.tt.re.AbstractRegistrate/REGISTRATE.DATA]: Generating data of type tags/block for entry small_dripstone_brick_slab [minecraft:block]
[04:26:01] [Worker-Main-1/DEBUG] [co.tt.re.AbstractRegistrate/REGISTRATE.DATA]: Generating data of type tags/block for entry small_dripstone_brick_wall [minecraft:block]
[04:26:01] [Worker-Main-1/DEBUG] [co.tt.re.AbstractRegistrate/REGISTRATE.DATA]: Generating data of type tags/block for entry layered_dripstone [minecraft:block]
[04:26:01] [Worker-Main-1/DEBUG] [co.tt.re.AbstractRegistrate/REGISTRATE.DATA]: Generating data of type tags/block for entry dripstone_pillar [minecraft:block]
[04:26:01] [Worker-Main-1/DEBUG] [co.tt.re.AbstractRegistrate/REGISTRATE.DATA]: Generating data of type tags/block for entry cut_deepslate [minecraft:block]
[04:26:01] [Worker-Main-1/DEBUG] [co.tt.re.AbstractRegistrate/REGISTRATE.DATA]: Generating data of type tags/block for entry cut_deepslate_stairs [minecraft:block]
[04:26:01] [Worker-Main-1/DEBUG] [co.tt.re.AbstractRegistrate/REGISTRATE.DATA]: Generating data of type tags/block for entry cut_deepslate_slab [minecraft:block]
[04:26:01] [Worker-Main-1/DEBUG] [co.tt.re.AbstractRegistrate/REGISTRATE.DATA]: Generating data of type tags/block for entry cut_deepslate_wall [minecraft:block]
[04:26:01] [Worker-Main-1/DEBUG] [co.tt.re.AbstractRegistrate/REGISTRATE.DATA]: Generating data of type tags/block for entry polished_cut_deepslate [minecraft:block]
[04:26:01] [Worker-Main-1/DEBUG] [co.tt.re.AbstractRegistrate/REGISTRATE.DATA]: Generating data of type tags/block for entry polished_cut_deepslate_stairs [minecraft:block]
[04:26:01] [Worker-Main-1/DEBUG] [co.tt.re.AbstractRegistrate/REGISTRATE.DATA]: Generating data of type tags/block for entry polished_cut_deepslate_slab [minecraft:block]
[04:26:01] [Worker-Main-1/DEBUG] [co.tt.re.AbstractRegistrate/REGISTRATE.DATA]: Generating data of type tags/block for entry polished_cut_deepslate_wall [minecraft:block]
[04:26:01] [Worker-Main-1/DEBUG] [co.tt.re.AbstractRegistrate/REGISTRATE.DATA]: Generating data of type tags/block for entry cut_deepslate_bricks [minecraft:block]
[04:26:01] [Worker-Main-1/DEBUG] [co.tt.re.AbstractRegistrate/REGISTRATE.DATA]: Generating data of type tags/block for entry cut_deepslate_brick_stairs [minecraft:block]
[04:26:01] [Worker-Main-1/DEBUG] [co.tt.re.AbstractRegistrate/REGISTRATE.DATA]: Generating data of type tags/block for entry cut_deepslate_brick_slab [minecraft:block]
[04:26:01] [Worker-Main-1/DEBUG] [co.tt.re.AbstractRegistrate/REGISTRATE.DATA]: Generating data of type tags/block for entry cut_deepslate_brick_wall [minecraft:block]
[04:26:01] [Worker-Main-1/DEBUG] [co.tt.re.AbstractRegistrate/REGISTRATE.DATA]: Generating data of type tags/block for entry small_deepslate_bricks [minecraft:block]
[04:26:01] [Worker-Main-1/DEBUG] [co.tt.re.AbstractRegistrate/REGISTRATE.DATA]: Generating data of type tags/block for entry small_deepslate_brick_stairs [minecraft:block]
[04:26:01] [Worker-Main-1/DEBUG] [co.tt.re.AbstractRegistrate/REGISTRATE.DATA]: Generating data of type tags/block for entry small_deepslate_brick_slab [minecraft:block]
[04:26:01] [Worker-Main-1/DEBUG] [co.tt.re.AbstractRegistrate/REGISTRATE.DATA]: Generating data of type tags/block for entry small_deepslate_brick_wall [minecraft:block]
[04:26:01] [Worker-Main-1/DEBUG] [co.tt.re.AbstractRegistrate/REGISTRATE.DATA]: Generating data of type tags/block for entry layered_deepslate [minecraft:block]
[04:26:01] [Worker-Main-1/DEBUG] [co.tt.re.AbstractRegistrate/REGISTRATE.DATA]: Generating data of type tags/block for entry deepslate_pillar [minecraft:block]
[04:26:01] [Worker-Main-1/DEBUG] [co.tt.re.AbstractRegistrate/REGISTRATE.DATA]: Generating data of type tags/block for entry cut_tuff [minecraft:block]
[04:26:01] [Worker-Main-1/DEBUG] [co.tt.re.AbstractRegistrate/REGISTRATE.DATA]: Generating data of type tags/block for entry cut_tuff_stairs [minecraft:block]
[04:26:01] [Worker-Main-1/DEBUG] [co.tt.re.AbstractRegistrate/REGISTRATE.DATA]: Generating data of type tags/block for entry cut_tuff_slab [minecraft:block]
[04:26:01] [Worker-Main-1/DEBUG] [co.tt.re.AbstractRegistrate/REGISTRATE.DATA]: Generating data of type tags/block for entry cut_tuff_wall [minecraft:block]
[04:26:01] [Worker-Main-1/DEBUG] [co.tt.re.AbstractRegistrate/REGISTRATE.DATA]: Generating data of type tags/block for entry polished_cut_tuff [minecraft:block]
[04:26:01] [Worker-Main-1/DEBUG] [co.tt.re.AbstractRegistrate/REGISTRATE.DATA]: Generating data of type tags/block for entry polished_cut_tuff_stairs [minecraft:block]
[04:26:01] [Worker-Main-1/DEBUG] [co.tt.re.AbstractRegistrate/REGISTRATE.DATA]: Generating data of type tags/block for entry polished_cut_tuff_slab [minecraft:block]
[04:26:01] [Worker-Main-1/DEBUG] [co.tt.re.AbstractRegistrate/REGISTRATE.DATA]: Generating data of type tags/block for entry polished_cut_tuff_wall [minecraft:block]
[04:26:01] [Worker-Main-1/DEBUG] [co.tt.re.AbstractRegistrate/REGISTRATE.DATA]: Generating data of type tags/block for entry cut_tuff_bricks [minecraft:block]
[04:26:01] [Worker-Main-1/DEBUG] [co.tt.re.AbstractRegistrate/REGISTRATE.DATA]: Generating data of type tags/block for entry cut_tuff_brick_stairs [minecraft:block]
[04:26:01] [Worker-Main-1/DEBUG] [co.tt.re.AbstractRegistrate/REGISTRATE.DATA]: Generating data of type tags/block for entry cut_tuff_brick_slab [minecraft:block]
[04:26:01] [Worker-Main-1/DEBUG] [co.tt.re.AbstractRegistrate/REGISTRATE.DATA]: Generating data of type tags/block for entry cut_tuff_brick_wall [minecraft:block]
[04:26:01] [Worker-Main-1/DEBUG] [co.tt.re.AbstractRegistrate/REGISTRATE.DATA]: Generating data of type tags/block for entry small_tuff_bricks [minecraft:block]
[04:26:01] [Worker-Main-1/DEBUG] [co.tt.re.AbstractRegistrate/REGISTRATE.DATA]: Generating data of type tags/block for entry small_tuff_brick_stairs [minecraft:block]
[04:26:01] [Worker-Main-1/DEBUG] [co.tt.re.AbstractRegistrate/REGISTRATE.DATA]: Generating data of type tags/block for entry small_tuff_brick_slab [minecraft:block]
[04:26:01] [Worker-Main-1/DEBUG] [co.tt.re.AbstractRegistrate/REGISTRATE.DATA]: Generating data of type tags/block for entry small_tuff_brick_wall [minecraft:block]
[04:26:01] [Worker-Main-1/DEBUG] [co.tt.re.AbstractRegistrate/REGISTRATE.DATA]: Generating data of type tags/block for entry layered_tuff [minecraft:block]
[04:26:01] [Worker-Main-1/DEBUG] [co.tt.re.AbstractRegistrate/REGISTRATE.DATA]: Generating data of type tags/block for entry tuff_pillar [minecraft:block]
[04:26:01] [Worker-Main-1/DEBUG] [co.tt.re.AbstractRegistrate/REGISTRATE.DATA]: Generating data of type tags/block for entry asurine [minecraft:block]
[04:26:01] [Worker-Main-1/DEBUG] [co.tt.re.AbstractRegistrate/REGISTRATE.DATA]: Generating data of type tags/block for entry cut_asurine [minecraft:block]
[04:26:01] [Worker-Main-1/DEBUG] [co.tt.re.AbstractRegistrate/REGISTRATE.DATA]: Generating data of type tags/block for entry cut_asurine_stairs [minecraft:block]
[04:26:01] [Worker-Main-1/DEBUG] [co.tt.re.AbstractRegistrate/REGISTRATE.DATA]: Generating data of type tags/block for entry cut_asurine_slab [minecraft:block]
[04:26:01] [Worker-Main-1/DEBUG] [co.tt.re.AbstractRegistrate/REGISTRATE.DATA]: Generating data of type tags/block for entry cut_asurine_wall [minecraft:block]
[04:26:01] [Worker-Main-1/DEBUG] [co.tt.re.AbstractRegistrate/REGISTRATE.DATA]: Generating data of type tags/block for entry polished_cut_asurine [minecraft:block]
[04:26:01] [Worker-Main-1/DEBUG] [co.tt.re.AbstractRegistrate/REGISTRATE.DATA]: Generating data of type tags/block for entry polished_cut_asurine_stairs [minecraft:block]
[04:26:01] [Worker-Main-1/DEBUG] [co.tt.re.AbstractRegistrate/REGISTRATE.DATA]: Generating data of type tags/block for entry polished_cut_asurine_slab [minecraft:block]
[04:26:01] [Worker-Main-1/DEBUG] [co.tt.re.AbstractRegistrate/REGISTRATE.DATA]: Generating data of type tags/block for entry polished_cut_asurine_wall [minecraft:block]
[04:26:01] [Worker-Main-1/DEBUG] [co.tt.re.AbstractRegistrate/REGISTRATE.DATA]: Generating data of type tags/block for entry cut_asurine_bricks [minecraft:block]
[04:26:01] [Worker-Main-1/DEBUG] [co.tt.re.AbstractRegistrate/REGISTRATE.DATA]: Generating data of type tags/block for entry cut_asurine_brick_stairs [minecraft:block]
[04:26:01] [Worker-Main-1/DEBUG] [co.tt.re.AbstractRegistrate/REGISTRATE.DATA]: Generating data of type tags/block for entry cut_asurine_brick_slab [minecraft:block]
[04:26:01] [Worker-Main-1/DEBUG] [co.tt.re.AbstractRegistrate/REGISTRATE.DATA]: Generating data of type tags/block for entry cut_asurine_brick_wall [minecraft:block]
[04:26:01] [Worker-Main-1/DEBUG] [co.tt.re.AbstractRegistrate/REGISTRATE.DATA]: Generating data of type tags/block for entry small_asurine_bricks [minecraft:block]
[04:26:01] [Worker-Main-1/DEBUG] [co.tt.re.AbstractRegistrate/REGISTRATE.DATA]: Generating data of type tags/block for entry small_asurine_brick_stairs [minecraft:block]
[04:26:01] [Worker-Main-1/DEBUG] [co.tt.re.AbstractRegistrate/REGISTRATE.DATA]: Generating data of type tags/block for entry small_asurine_brick_slab [minecraft:block]
[04:26:01] [Worker-Main-1/DEBUG] [co.tt.re.AbstractRegistrate/REGISTRATE.DATA]: Generating data of type tags/block for entry small_asurine_brick_wall [minecraft:block]
[04:26:01] [Worker-Main-1/DEBUG] [co.tt.re.AbstractRegistrate/REGISTRATE.DATA]: Generating data of type tags/block for entry layered_asurine [minecraft:block]
[04:26:01] [Worker-Main-1/DEBUG] [co.tt.re.AbstractRegistrate/REGISTRATE.DATA]: Generating data of type tags/block for entry asurine_pillar [minecraft:block]
[04:26:01] [Worker-Main-1/DEBUG] [co.tt.re.AbstractRegistrate/REGISTRATE.DATA]: Generating data of type tags/block for entry crimsite [minecraft:block]
[04:26:01] [Worker-Main-1/DEBUG] [co.tt.re.AbstractRegistrate/REGISTRATE.DATA]: Generating data of type tags/block for entry cut_crimsite [minecraft:block]
[04:26:01] [Worker-Main-1/DEBUG] [co.tt.re.AbstractRegistrate/REGISTRATE.DATA]: Generating data of type tags/block for entry cut_crimsite_stairs [minecraft:block]
[04:26:01] [Worker-Main-1/DEBUG] [co.tt.re.AbstractRegistrate/REGISTRATE.DATA]: Generating data of type tags/block for entry cut_crimsite_slab [minecraft:block]
[04:26:01] [Worker-Main-1/DEBUG] [co.tt.re.AbstractRegistrate/REGISTRATE.DATA]: Generating data of type tags/block for entry cut_crimsite_wall [minecraft:block]
[04:26:01] [Worker-Main-1/DEBUG] [co.tt.re.AbstractRegistrate/REGISTRATE.DATA]: Generating data of type tags/block for entry polished_cut_crimsite [minecraft:block]
[04:26:01] [Worker-Main-1/DEBUG] [co.tt.re.AbstractRegistrate/REGISTRATE.DATA]: Generating data of type tags/block for entry polished_cut_crimsite_stairs [minecraft:block]
[04:26:01] [Worker-Main-1/DEBUG] [co.tt.re.AbstractRegistrate/REGISTRATE.DATA]: Generating data of type tags/block for entry polished_cut_crimsite_slab [minecraft:block]
[04:26:01] [Worker-Main-1/DEBUG] [co.tt.re.AbstractRegistrate/REGISTRATE.DATA]: Generating data of type tags/block for entry polished_cut_crimsite_wall [minecraft:block]
[04:26:01] [Worker-Main-1/DEBUG] [co.tt.re.AbstractRegistrate/REGISTRATE.DATA]: Generating data of type tags/block for entry cut_crimsite_bricks [minecraft:block]
[04:26:01] [Worker-Main-1/DEBUG] [co.tt.re.AbstractRegistrate/REGISTRATE.DATA]: Generating data of type tags/block for entry cut_crimsite_brick_stairs [minecraft:block]
[04:26:01] [Worker-Main-1/DEBUG] [co.tt.re.AbstractRegistrate/REGISTRATE.DATA]: Generating data of type tags/block for entry cut_crimsite_brick_slab [minecraft:block]
[04:26:01] [Worker-Main-1/DEBUG] [co.tt.re.AbstractRegistrate/REGISTRATE.DATA]: Generating data of type tags/block for entry cut_crimsite_brick_wall [minecraft:block]
[04:26:01] [Worker-Main-1/DEBUG] [co.tt.re.AbstractRegistrate/REGISTRATE.DATA]: Generating data of type tags/block for entry small_crimsite_bricks [minecraft:block]
[04:26:01] [Worker-Main-1/DEBUG] [co.tt.re.AbstractRegistrate/REGISTRATE.DATA]: Generating data of type tags/block for entry small_crimsite_brick_stairs [minecraft:block]
[04:26:01] [Worker-Main-1/DEBUG] [co.tt.re.AbstractRegistrate/REGISTRATE.DATA]: Generating data of type tags/block for entry small_crimsite_brick_slab [minecraft:block]
[04:26:01] [Worker-Main-1/DEBUG] [co.tt.re.AbstractRegistrate/REGISTRATE.DATA]: Generating data of type tags/block for entry small_crimsite_brick_wall [minecraft:block]
[04:26:01] [Worker-Main-1/DEBUG] [co.tt.re.AbstractRegistrate/REGISTRATE.DATA]: Generating data of type tags/block for entry layered_crimsite [minecraft:block]
[04:26:01] [Worker-Main-1/DEBUG] [co.tt.re.AbstractRegistrate/REGISTRATE.DATA]: Generating data of type tags/block for entry crimsite_pillar [minecraft:block]
[04:26:01] [Worker-Main-1/DEBUG] [co.tt.re.AbstractRegistrate/REGISTRATE.DATA]: Generating data of type tags/block for entry limestone [minecraft:block]
[04:26:01] [Worker-Main-1/DEBUG] [co.tt.re.AbstractRegistrate/REGISTRATE.DATA]: Generating data of type tags/block for entry cut_limestone [minecraft:block]
[04:26:01] [Worker-Main-1/DEBUG] [co.tt.re.AbstractRegistrate/REGISTRATE.DATA]: Generating data of type tags/block for entry cut_limestone_stairs [minecraft:block]
[04:26:01] [Worker-Main-1/DEBUG] [co.tt.re.AbstractRegistrate/REGISTRATE.DATA]: Generating data of type tags/block for entry cut_limestone_slab [minecraft:block]
[04:26:01] [Worker-Main-1/DEBUG] [co.tt.re.AbstractRegistrate/REGISTRATE.DATA]: Generating data of type tags/block for entry cut_limestone_wall [minecraft:block]
[04:26:01] [Worker-Main-1/DEBUG] [co.tt.re.AbstractRegistrate/REGISTRATE.DATA]: Generating data of type tags/block for entry polished_cut_limestone [minecraft:block]
[04:26:01] [Worker-Main-1/DEBUG] [co.tt.re.AbstractRegistrate/REGISTRATE.DATA]: Generating data of type tags/block for entry polished_cut_limestone_stairs [minecraft:block]
[04:26:01] [Worker-Main-1/DEBUG] [co.tt.re.AbstractRegistrate/REGISTRATE.DATA]: Generating data of type tags/block for entry polished_cut_limestone_slab [minecraft:block]
[04:26:01] [Worker-Main-1/DEBUG] [co.tt.re.AbstractRegistrate/REGISTRATE.DATA]: Generating data of type tags/block for entry polished_cut_limestone_wall [minecraft:block]
[04:26:01] [Worker-Main-1/DEBUG] [co.tt.re.AbstractRegistrate/REGISTRATE.DATA]: Generating data of type tags/block for entry cut_limestone_bricks [minecraft:block]
[04:26:01] [Worker-Main-1/DEBUG] [co.tt.re.AbstractRegistrate/REGISTRATE.DATA]: Generating data of type tags/block for entry cut_limestone_brick_stairs [minecraft:block]
[04:26:01] [Worker-Main-1/DEBUG] [co.tt.re.AbstractRegistrate/REGISTRATE.DATA]: Generating data of type tags/block for entry cut_limestone_brick_slab [minecraft:block]
[04:26:01] [Worker-Main-1/DEBUG] [co.tt.re.AbstractRegistrate/REGISTRATE.DATA]: Generating data of type tags/block for entry cut_limestone_brick_wall [minecraft:block]
[04:26:01] [Worker-Main-1/DEBUG] [co.tt.re.AbstractRegistrate/REGISTRATE.DATA]: Generating data of type tags/block for entry small_limestone_bricks [minecraft:block]
[04:26:01] [Worker-Main-1/DEBUG] [co.tt.re.AbstractRegistrate/REGISTRATE.DATA]: Generating data of type tags/block for entry small_limestone_brick_stairs [minecraft:block]
[04:26:01] [Worker-Main-1/DEBUG] [co.tt.re.AbstractRegistrate/REGISTRATE.DATA]: Generating data of type tags/block for entry small_limestone_brick_slab [minecraft:block]
[04:26:01] [Worker-Main-1/DEBUG] [co.tt.re.AbstractRegistrate/REGISTRATE.DATA]: Generating data of type tags/block for entry small_limestone_brick_wall [minecraft:block]
[04:26:01] [Worker-Main-1/DEBUG] [co.tt.re.AbstractRegistrate/REGISTRATE.DATA]: Generating data of type tags/block for entry layered_limestone [minecraft:block]
[04:26:01] [Worker-Main-1/DEBUG] [co.tt.re.AbstractRegistrate/REGISTRATE.DATA]: Generating data of type tags/block for entry limestone_pillar [minecraft:block]
[04:26:01] [Worker-Main-1/DEBUG] [co.tt.re.AbstractRegistrate/REGISTRATE.DATA]: Generating data of type tags/block for entry ochrum [minecraft:block]
[04:26:01] [Worker-Main-1/DEBUG] [co.tt.re.AbstractRegistrate/REGISTRATE.DATA]: Generating data of type tags/block for entry cut_ochrum [minecraft:block]
[04:26:01] [Worker-Main-1/DEBUG] [co.tt.re.AbstractRegistrate/REGISTRATE.DATA]: Generating data of type tags/block for entry cut_ochrum_stairs [minecraft:block]
[04:26:01] [Worker-Main-1/DEBUG] [co.tt.re.AbstractRegistrate/REGISTRATE.DATA]: Generating data of type tags/block for entry cut_ochrum_slab [minecraft:block]
[04:26:01] [Worker-Main-1/DEBUG] [co.tt.re.AbstractRegistrate/REGISTRATE.DATA]: Generating data of type tags/block for entry cut_ochrum_wall [minecraft:block]
[04:26:01] [Worker-Main-1/DEBUG] [co.tt.re.AbstractRegistrate/REGISTRATE.DATA]: Generating data of type tags/block for entry polished_cut_ochrum [minecraft:block]
[04:26:01] [Worker-Main-1/DEBUG] [co.tt.re.AbstractRegistrate/REGISTRATE.DATA]: Generating data of type tags/block for entry polished_cut_ochrum_stairs [minecraft:block]
[04:26:01] [Worker-Main-1/DEBUG] [co.tt.re.AbstractRegistrate/REGISTRATE.DATA]: Generating data of type tags/block for entry polished_cut_ochrum_slab [minecraft:block]
[04:26:01] [Worker-Main-1/DEBUG] [co.tt.re.AbstractRegistrate/REGISTRATE.DATA]: Generating data of type tags/block for entry polished_cut_ochrum_wall [minecraft:block]
[04:26:01] [Worker-Main-1/DEBUG] [co.tt.re.AbstractRegistrate/REGISTRATE.DATA]: Generating data of type tags/block for entry cut_ochrum_bricks [minecraft:block]
[04:26:01] [Worker-Main-1/DEBUG] [co.tt.re.AbstractRegistrate/REGISTRATE.DATA]: Generating data of type tags/block for entry cut_ochrum_brick_stairs [minecraft:block]
[04:26:01] [Worker-Main-1/DEBUG] [co.tt.re.AbstractRegistrate/REGISTRATE.DATA]: Generating data of type tags/block for entry cut_ochrum_brick_slab [minecraft:block]
[04:26:01] [Worker-Main-1/DEBUG] [co.tt.re.AbstractRegistrate/REGISTRATE.DATA]: Generating data of type tags/block for entry cut_ochrum_brick_wall [minecraft:block]
[04:26:01] [Worker-Main-1/DEBUG] [co.tt.re.AbstractRegistrate/REGISTRATE.DATA]: Generating data of type tags/block for entry small_ochrum_bricks [minecraft:block]
[04:26:01] [Worker-Main-1/DEBUG] [co.tt.re.AbstractRegistrate/REGISTRATE.DATA]: Generating data of type tags/block for entry small_ochrum_brick_stairs [minecraft:block]
[04:26:01] [Worker-Main-1/DEBUG] [co.tt.re.AbstractRegistrate/REGISTRATE.DATA]: Generating data of type tags/block for entry small_ochrum_brick_slab [minecraft:block]
[04:26:01] [Worker-Main-1/DEBUG] [co.tt.re.AbstractRegistrate/REGISTRATE.DATA]: Generating data of type tags/block for entry small_ochrum_brick_wall [minecraft:block]
[04:26:01] [Worker-Main-1/DEBUG] [co.tt.re.AbstractRegistrate/REGISTRATE.DATA]: Generating data of type tags/block for entry layered_ochrum [minecraft:block]
[04:26:01] [Worker-Main-1/DEBUG] [co.tt.re.AbstractRegistrate/REGISTRATE.DATA]: Generating data of type tags/block for entry ochrum_pillar [minecraft:block]
[04:26:01] [Worker-Main-1/DEBUG] [co.tt.re.AbstractRegistrate/REGISTRATE.DATA]: Generating data of type tags/block for entry scoria [minecraft:block]
[04:26:01] [Worker-Main-1/DEBUG] [co.tt.re.AbstractRegistrate/REGISTRATE.DATA]: Generating data of type tags/block for entry cut_scoria [minecraft:block]
[04:26:01] [Worker-Main-1/DEBUG] [co.tt.re.AbstractRegistrate/REGISTRATE.DATA]: Generating data of type tags/block for entry cut_scoria_stairs [minecraft:block]
[04:26:01] [Worker-Main-1/DEBUG] [co.tt.re.AbstractRegistrate/REGISTRATE.DATA]: Generating data of type tags/block for entry cut_scoria_slab [minecraft:block]
[04:26:01] [Worker-Main-1/DEBUG] [co.tt.re.AbstractRegistrate/REGISTRATE.DATA]: Generating data of type tags/block for entry cut_scoria_wall [minecraft:block]
[04:26:01] [Worker-Main-1/DEBUG] [co.tt.re.AbstractRegistrate/REGISTRATE.DATA]: Generating data of type tags/block for entry polished_cut_scoria [minecraft:block]
[04:26:01] [Worker-Main-1/DEBUG] [co.tt.re.AbstractRegistrate/REGISTRATE.DATA]: Generating data of type tags/block for entry polished_cut_scoria_stairs [minecraft:block]
[04:26:01] [Worker-Main-1/DEBUG] [co.tt.re.AbstractRegistrate/REGISTRATE.DATA]: Generating data of type tags/block for entry polished_cut_scoria_slab [minecraft:block]
[04:26:01] [Worker-Main-1/DEBUG] [co.tt.re.AbstractRegistrate/REGISTRATE.DATA]: Generating data of type tags/block for entry polished_cut_scoria_wall [minecraft:block]
[04:26:01] [Worker-Main-1/DEBUG] [co.tt.re.AbstractRegistrate/REGISTRATE.DATA]: Generating data of type tags/block for entry cut_scoria_bricks [minecraft:block]
[04:26:01] [Worker-Main-1/DEBUG] [co.tt.re.AbstractRegistrate/REGISTRATE.DATA]: Generating data of type tags/block for entry cut_scoria_brick_stairs [minecraft:block]
[04:26:01] [Worker-Main-1/DEBUG] [co.tt.re.AbstractRegistrate/REGISTRATE.DATA]: Generating data of type tags/block for entry cut_scoria_brick_slab [minecraft:block]
[04:26:01] [Worker-Main-1/DEBUG] [co.tt.re.AbstractRegistrate/REGISTRATE.DATA]: Generating data of type tags/block for entry cut_scoria_brick_wall [minecraft:block]
[04:26:01] [Worker-Main-1/DEBUG] [co.tt.re.AbstractRegistrate/REGISTRATE.DATA]: Generating data of type tags/block for entry small_scoria_bricks [minecraft:block]
[04:26:01] [Worker-Main-1/DEBUG] [co.tt.re.AbstractRegistrate/REGISTRATE.DATA]: Generating data of type tags/block for entry small_scoria_brick_stairs [minecraft:block]
[04:26:01] [Worker-Main-1/DEBUG] [co.tt.re.AbstractRegistrate/REGISTRATE.DATA]: Generating data of type tags/block for entry small_scoria_brick_slab [minecraft:block]
[04:26:01] [Worker-Main-1/DEBUG] [co.tt.re.AbstractRegistrate/REGISTRATE.DATA]: Generating data of type tags/block for entry small_scoria_brick_wall [minecraft:block]
[04:26:01] [Worker-Main-1/DEBUG] [co.tt.re.AbstractRegistrate/REGISTRATE.DATA]: Generating data of type tags/block for entry layered_scoria [minecraft:block]
[04:26:01] [Worker-Main-1/DEBUG] [co.tt.re.AbstractRegistrate/REGISTRATE.DATA]: Generating data of type tags/block for entry scoria_pillar [minecraft:block]
[04:26:01] [Worker-Main-1/DEBUG] [co.tt.re.AbstractRegistrate/REGISTRATE.DATA]: Generating data of type tags/block for entry scorchia [minecraft:block]
[04:26:01] [Worker-Main-1/DEBUG] [co.tt.re.AbstractRegistrate/REGISTRATE.DATA]: Generating data of type tags/block for entry cut_scorchia [minecraft:block]
[04:26:01] [Worker-Main-1/DEBUG] [co.tt.re.AbstractRegistrate/REGISTRATE.DATA]: Generating data of type tags/block for entry cut_scorchia_stairs [minecraft:block]
[04:26:01] [Worker-Main-1/DEBUG] [co.tt.re.AbstractRegistrate/REGISTRATE.DATA]: Generating data of type tags/block for entry cut_scorchia_slab [minecraft:block]
[04:26:01] [Worker-Main-1/DEBUG] [co.tt.re.AbstractRegistrate/REGISTRATE.DATA]: Generating data of type tags/block for entry cut_scorchia_wall [minecraft:block]
[04:26:01] [Worker-Main-1/DEBUG] [co.tt.re.AbstractRegistrate/REGISTRATE.DATA]: Generating data of type tags/block for entry polished_cut_scorchia [minecraft:block]
[04:26:01] [Worker-Main-1/DEBUG] [co.tt.re.AbstractRegistrate/REGISTRATE.DATA]: Generating data of type tags/block for entry polished_cut_scorchia_stairs [minecraft:block]
[04:26:01] [Worker-Main-1/DEBUG] [co.tt.re.AbstractRegistrate/REGISTRATE.DATA]: Generating data of type tags/block for entry polished_cut_scorchia_slab [minecraft:block]
[04:26:01] [Worker-Main-1/DEBUG] [co.tt.re.AbstractRegistrate/REGISTRATE.DATA]: Generating data of type tags/block for entry polished_cut_scorchia_wall [minecraft:block]
[04:26:01] [Worker-Main-1/DEBUG] [co.tt.re.AbstractRegistrate/REGISTRATE.DATA]: Generating data of type tags/block for entry cut_scorchia_bricks [minecraft:block]
[04:26:01] [Worker-Main-1/DEBUG] [co.tt.re.AbstractRegistrate/REGISTRATE.DATA]: Generating data of type tags/block for entry cut_scorchia_brick_stairs [minecraft:block]
[04:26:01] [Worker-Main-1/DEBUG] [co.tt.re.AbstractRegistrate/REGISTRATE.DATA]: Generating data of type tags/block for entry cut_scorchia_brick_slab [minecraft:block]
[04:26:01] [Worker-Main-1/DEBUG] [co.tt.re.AbstractRegistrate/REGISTRATE.DATA]: Generating data of type tags/block for entry cut_scorchia_brick_wall [minecraft:block]
[04:26:01] [Worker-Main-1/DEBUG] [co.tt.re.AbstractRegistrate/REGISTRATE.DATA]: Generating data of type tags/block for entry small_scorchia_bricks [minecraft:block]
[04:26:01] [Worker-Main-1/DEBUG] [co.tt.re.AbstractRegistrate/REGISTRATE.DATA]: Generating data of type tags/block for entry small_scorchia_brick_stairs [minecraft:block]
[04:26:01] [Worker-Main-1/DEBUG] [co.tt.re.AbstractRegistrate/REGISTRATE.DATA]: Generating data of type tags/block for entry small_scorchia_brick_slab [minecraft:block]
[04:26:01] [Worker-Main-1/DEBUG] [co.tt.re.AbstractRegistrate/REGISTRATE.DATA]: Generating data of type tags/block for entry small_scorchia_brick_wall [minecraft:block]
[04:26:01] [Worker-Main-1/DEBUG] [co.tt.re.AbstractRegistrate/REGISTRATE.DATA]: Generating data of type tags/block for entry layered_scorchia [minecraft:block]
[04:26:01] [Worker-Main-1/DEBUG] [co.tt.re.AbstractRegistrate/REGISTRATE.DATA]: Generating data of type tags/block for entry scorchia_pillar [minecraft:block]
[04:26:01] [Worker-Main-1/DEBUG] [co.tt.re.AbstractRegistrate/REGISTRATE.DATA]: Generating data of type tags/block for entry veridium [minecraft:block]
[04:26:01] [Worker-Main-1/DEBUG] [co.tt.re.AbstractRegistrate/REGISTRATE.DATA]: Generating data of type tags/block for entry cut_veridium [minecraft:block]
[04:26:01] [Worker-Main-1/DEBUG] [co.tt.re.AbstractRegistrate/REGISTRATE.DATA]: Generating data of type tags/block for entry cut_veridium_stairs [minecraft:block]
[04:26:01] [Worker-Main-1/DEBUG] [co.tt.re.AbstractRegistrate/REGISTRATE.DATA]: Generating data of type tags/block for entry cut_veridium_slab [minecraft:block]
[04:26:01] [Worker-Main-1/DEBUG] [co.tt.re.AbstractRegistrate/REGISTRATE.DATA]: Generating data of type tags/block for entry cut_veridium_wall [minecraft:block]
[04:26:01] [Worker-Main-1/DEBUG] [co.tt.re.AbstractRegistrate/REGISTRATE.DATA]: Generating data of type tags/block for entry polished_cut_veridium [minecraft:block]
[04:26:01] [Worker-Main-1/DEBUG] [co.tt.re.AbstractRegistrate/REGISTRATE.DATA]: Generating data of type tags/block for entry polished_cut_veridium_stairs [minecraft:block]
[04:26:01] [Worker-Main-1/DEBUG] [co.tt.re.AbstractRegistrate/REGISTRATE.DATA]: Generating data of type tags/block for entry polished_cut_veridium_slab [minecraft:block]
[04:26:01] [Worker-Main-1/DEBUG] [co.tt.re.AbstractRegistrate/REGISTRATE.DATA]: Generating data of type tags/block for entry polished_cut_veridium_wall [minecraft:block]
[04:26:01] [Worker-Main-1/DEBUG] [co.tt.re.AbstractRegistrate/REGISTRATE.DATA]: Generating data of type tags/block for entry cut_veridium_bricks [minecraft:block]
[04:26:01] [Worker-Main-1/DEBUG] [co.tt.re.AbstractRegistrate/REGISTRATE.DATA]: Generating data of type tags/block for entry cut_veridium_brick_stairs [minecraft:block]
[04:26:01] [Worker-Main-1/DEBUG] [co.tt.re.AbstractRegistrate/REGISTRATE.DATA]: Generating data of type tags/block for entry cut_veridium_brick_slab [minecraft:block]
[04:26:01] [Worker-Main-1/DEBUG] [co.tt.re.AbstractRegistrate/REGISTRATE.DATA]: Generating data of type tags/block for entry cut_veridium_brick_wall [minecraft:block]
[04:26:01] [Worker-Main-1/DEBUG] [co.tt.re.AbstractRegistrate/REGISTRATE.DATA]: Generating data of type tags/block for entry small_veridium_bricks [minecraft:block]
[04:26:01] [Worker-Main-1/DEBUG] [co.tt.re.AbstractRegistrate/REGISTRATE.DATA]: Generating data of type tags/block for entry small_veridium_brick_stairs [minecraft:block]
[04:26:01] [Worker-Main-1/DEBUG] [co.tt.re.AbstractRegistrate/REGISTRATE.DATA]: Generating data of type tags/block for entry small_veridium_brick_slab [minecraft:block]
[04:26:01] [Worker-Main-1/DEBUG] [co.tt.re.AbstractRegistrate/REGISTRATE.DATA]: Generating data of type tags/block for entry small_veridium_brick_wall [minecraft:block]
[04:26:01] [Worker-Main-1/DEBUG] [co.tt.re.AbstractRegistrate/REGISTRATE.DATA]: Generating data of type tags/block for entry layered_veridium [minecraft:block]
[04:26:01] [Worker-Main-1/DEBUG] [co.tt.re.AbstractRegistrate/REGISTRATE.DATA]: Generating data of type tags/block for entry veridium_pillar [minecraft:block]
[04:26:01] [main/INFO] [minecraft/DataGenerator]: Registries finished after 252 ms
[04:26:01] [main/INFO] [minecraft/DataGenerator]: Starting provider: Data Maps
[04:26:01] [main/INFO] [minecraft/DataGenerator]: Data Maps finished after 13 ms
[04:26:01] [main/INFO] [minecraft/DataGenerator]: Starting provider: Advancements
[04:26:01] [main/INFO] [minecraft/DataGenerator]: Advancements finished after 41 ms
[04:26:01] [main/INFO] [minecraft/DataGenerator]: Starting provider: Global Loot Modifiers : poopsky
[04:26:01] [main/INFO] [minecraft/DataGenerator]: Global Loot Modifiers : poopsky finished after 6 ms
[04:26:01] [main/INFO] [minecraft/DataGenerator]: Starting provider: Block States: poopsky
.\gradlew.bat : Exception in thread "main" java.lang.RuntimeException: java.lang.reflect.InvocationTargetException
所在位置 行:1 字符: 46
+ ... PoopSkyMod; .\gradlew.bat runData --no-daemon --stacktrace 2>&1 | Out ...
+                 ~~~~~~~~~~~~~~~~~~~~~~~~~~~~~~~~~~~~~~~~~~~~~~~~~~~
    + CategoryInfo          : NotSpecified: (Exception in th...TargetException:String) [], RemoteException
    + FullyQualifiedErrorId : NativeCommandError
 
	at MC-BOOTSTRAP/cpw.mods.modlauncher@11.0.5/cpw.mods.modlauncher.LaunchServiceHandlerDecorator.launch(LaunchServiceHandlerDecorator.java:32)
	at MC-BOOTSTRAP/cpw.mods.modlauncher@11.0.5/cpw.mods.modlauncher.LaunchServiceHandler.launch(LaunchServiceHandler.java:53)
	at MC-BOOTSTRAP/cpw.mods.modlauncher@11.0.5/cpw.mods.modlauncher.LaunchServiceHandler.launch(LaunchServiceHandler.java:71)
	at MC-BOOTSTRAP/cpw.mods.modlauncher@11.0.5/cpw.mods.modlauncher.Launcher.run(Launcher.java:103)
	at MC-BOOTSTRAP/cpw.mods.modlauncher@11.0.5/cpw.mods.modlauncher.Launcher.main(Launcher.java:74)
	at MC-BOOTSTRAP/cpw.mods.modlauncher@11.0.5/cpw.mods.modlauncher.BootstrapLaunchConsumer.accept(BootstrapLaunchConsumer.java:26)
	at MC-BOOTSTRAP/cpw.mods.modlauncher@11.0.5/cpw.mods.modlauncher.BootstrapLaunchConsumer.accept(BootstrapLaunchConsumer.java:23)
	at cpw.mods.bootstraplauncher@2.0.2/cpw.mods.bootstraplauncher.BootstrapLauncher.run(BootstrapLauncher.java:210)
	at cpw.mods.bootstraplauncher@2.0.2/cpw.mods.bootstraplauncher.BootstrapLauncher.main(BootstrapLauncher.java:69)
	at java.base/jdk.internal.reflect.DirectMethodHandleAccessor.invoke(DirectMethodHandleAccessor.java:103)
	at java.base/java.lang.reflect.Method.invoke(Method.java:580)
	at net.neoforged.devlaunch.Main.main(Main.java:55)
Caused by: java.lang.reflect.InvocationTargetException
	at java.base/jdk.internal.reflect.DirectMethodHandleAccessor.invoke(DirectMethodHandleAccessor.java:118)
	at java.base/java.lang.reflect.Method.invoke(Method.java:580)
	at MC-BOOTSTRAP/fml_loader@4.0.42/net.neoforged.fml.loading.targets.CommonLaunchHandler.runTarget(CommonLaunchHandler.java:136)
	at MC-BOOTSTRAP/fml_loader@4.0.42/net.neoforged.fml.loading.targets.CommonLaunchHandler.dataService(CommonLaunchHandler.java:132)
	at MC-BOOTSTRAP/fml_loader@4.0.42/net.neoforged.fml.loading.targets.NeoForgeDataDevLaunchHandler.runService(NeoForgeDataDevLaunchHandler.java:28)
	at MC-BOOTSTRAP/fml_loader@4.0.42/net.neoforged.fml.loading.targets.CommonLaunchHandler.lambda$launchService$4(CommonLaunchHandler.java:118)
	at MC-BOOTSTRAP/cpw.mods.modlauncher@11.0.5/cpw.mods.modlauncher.LaunchServiceHandlerDecorator.launch(LaunchServiceHandlerDecorator.java:30)
	... 11 more
Caused by: java.lang.IllegalArgumentException: Texture minecraft:block/quartz_block does not exist in any known resource pack
	at MC-BOOTSTRAP/com.google.common@32.1.2-jre/com.google.common.base.Preconditions.checkArgument(Preconditions.java:218)
	at TRANSFORMER/neoforge@21.1.219/net.neoforged.neoforge.client.model.generators.ModelBuilder.texture(ModelBuilder.java:146)
	at TRANSFORMER/poopsky@1.21.1-1.5-dev/com.altnoir.poopsky.datagen.PSBlockStateProvider.registerMetalToilet(PSBlockStateProvider.java:454)
	at TRANSFORMER/poopsky@1.21.1-1.5-dev/com.altnoir.poopsky.datagen.PSBlockStateProvider.registerStatesAndModels(PSBlockStateProvider.java:110)
	at TRANSFORMER/neoforge@21.1.219/net.neoforged.neoforge.client.model.generators.BlockStateProvider.run(BlockStateProvider.java:107)
	at TRANSFORMER/minecraft@1.21.1/net.minecraft.data.HashCache.generateUpdate(HashCache.java:96)
	at TRANSFORMER/minecraft@1.21.1/net.minecraft.data.DataGenerator.lambda$run$0(DataGenerator.java:44)
	at java.base/java.util.LinkedHashMap.forEach(LinkedHashMap.java:986)
	at TRANSFORMER/minecraft@1.21.1/net.minecraft.data.DataGenerator.run(DataGenerator.java:37)
	at TRANSFORMER/neoforge@21.1.219/net.neoforged.neoforge.data.event.GatherDataEvent$DataGeneratorConfig.lambda$runAll$3(GatherDataEvent.java:201)
	at java.base/java.util.LinkedHashMap$LinkedValues.forEach(LinkedHashMap.java:833)
	at TRANSFORMER/neoforge@21.1.219/net.neoforged.neoforge.data.event.GatherDataEvent$DataGeneratorConfig.runAll(GatherDataEvent.java:196)
	at TRANSFORMER/neoforge@21.1.219/net.neoforged.neoforge.data.loading.DatagenModLoader.begin(DatagenModLoader.java:64)
	at TRANSFORMER/minecraft@1.21.1/net.minecraft.data.Main.main(Main.java:101)
	at java.base/jdk.internal.reflect.DirectMethodHandleAccessor.invoke(DirectMethodHandleAccessor.java:103)
	... 17 more

> Task :runData FAILED

[Incubating] Problems report is available at: file:///F:/Minecraft/ModDev/PoopSkyMod/build/reports/problems/problems-report.html

FAILURE: Build failed with an exception.

* What went wrong:
Execution failed for task ':runData'.
> Process 'command 'C:\Program Files\Eclipse Adoptium\jdk-21.0.11.10-hotspot\bin\java.exe'' finished with non-zero exit value 1

* Try:
> Run with --info or --debug option to get more log output.
> Run with --scan to get full insights.
> Get more help at https://help.gradle.org.

* Exception is:
org.gradle.api.tasks.TaskExecutionException: Execution failed for task ':runData'.
	at org.gradle.api.internal.tasks.execution.ExecuteActionsTaskExecuter.lambda$executeIfValid$1(ExecuteActionsTaskExecuter.java:130)
	at org.gradle.internal.Try$Failure.ifSuccessfulOrElse(Try.java:293)
	at org.gradle.api.internal.tasks.execution.ExecuteActionsTaskExecuter.executeIfValid(ExecuteActionsTaskExecuter.java:128)
	at org.gradle.api.internal.tasks.execution.ExecuteActionsTaskExecuter.execute(ExecuteActionsTaskExecuter.java:116)
	at org.gradle.api.internal.tasks.execution.ProblemsTaskPathTrackingTaskExecuter.execute(ProblemsTaskPathTrackingTaskExecuter.java:40)
	at org.gradle.api.internal.tasks.execution.FinalizePropertiesTaskExecuter.execute(FinalizePropertiesTaskExecuter.java:46)
	at org.gradle.api.internal.tasks.execution.ResolveTaskExecutionModeExecuter.execute(ResolveTaskExecutionModeExecuter.java:51)
	at org.gradle.api.internal.tasks.execution.SkipTaskWithNoActionsExecuter.execute(SkipTaskWithNoActionsExecuter.java:57)
	at org.gradle.api.internal.tasks.execution.SkipOnlyIfTaskExecuter.execute(SkipOnlyIfTaskExecuter.java:74)
	at org.gradle.api.internal.tasks.execution.CatchExceptionTaskExecuter.execute(CatchExceptionTaskExecuter.java:36)
	at org.gradle.api.internal.tasks.execution.EventFiringTaskExecuter$1.executeTask(EventFiringTaskExecuter.java:77)
	at org.gradle.api.internal.tasks.execution.EventFiringTaskExecuter$1.call(EventFiringTaskExecuter.java:55)
	at org.gradle.api.internal.tasks.execution.EventFiringTaskExecuter$1.call(EventFiringTaskExecuter.java:52)
	at org.gradle.internal.operations.DefaultBuildOperationRunner$CallableBuildOperationWorker.execute(DefaultBuildOperationRunner.java:209)
	at org.gradle.internal.operations.DefaultBuildOperationRunner$CallableBuildOperationWorker.execute(DefaultBuildOperationRunner.java:204)
	at org.gradle.internal.operations.DefaultBuildOperationRunner$2.execute(DefaultBuildOperationRunner.java:66)
	at org.gradle.internal.operations.DefaultBuildOperationRunner$2.execute(DefaultBuildOperationRunner.java:59)
	at org.gradle.internal.operations.DefaultBuildOperationRunner.execute(DefaultBuildOperationRunner.java:166)
	at org.gradle.internal.operations.DefaultBuildOperationRunner.execute(DefaultBuildOperationRunner.java:59)
	at org.gradle.internal.operations.DefaultBuildOperationRunner.call(DefaultBuildOperationRunner.java:53)
	at org.gradle.api.internal.tasks.execution.EventFiringTaskExecuter.execute(EventFiringTaskExecuter.java:52)
	at org.gradle.execution.plan.LocalTaskNodeExecutor.execute(LocalTaskNodeExecutor.java:42)
	at org.gradle.execution.taskgraph.DefaultTaskExecutionGraph$InvokeNodeExecutorsAction.execute(DefaultTaskExecutionGraph.java:331)
	at org.gradle.execution.taskgraph.DefaultTaskExecutionGraph$InvokeNodeExecutorsAction.execute(DefaultTaskExecutionGraph.java:318)
	at org.gradle.execution.taskgraph.DefaultTaskExecutionGraph$BuildOperationAwareExecutionAction.lambda$execute$0(DefaultTaskExecutionGraph.java:314)
	at org.gradle.internal.operations.CurrentBuildOperationRef.with(CurrentBuildOperationRef.java:85)
	at org.gradle.execution.taskgraph.DefaultTaskExecutionGraph$BuildOperationAwareExecutionAction.execute(DefaultTaskExecutionGraph.java:314)
	at org.gradle.execution.taskgraph.DefaultTaskExecutionGraph$BuildOperationAwareExecutionAction.execute(DefaultTaskExecutionGraph.java:303)
	at org.gradle.execution.plan.DefaultPlanExecutor$ExecutorWorker.execute(DefaultPlanExecutor.java:459)
	at org.gradle.execution.plan.DefaultPlanExecutor$ExecutorWorker.run(DefaultPlanExecutor.java:376)
	at org.gradle.internal.concurrent.ExecutorPolicy$CatchAndRecordFailures.onExecute(ExecutorPolicy.java:64)
	at org.gradle.internal.concurrent.AbstractManagedExecutor$1.run(AbstractManagedExecutor.java:48)
Caused by: org.gradle.process.internal.ExecException: Process 'command 'C:\Program Files\Eclipse Adoptium\jdk-21.0.11.10-hotspot\bin\java.exe'' finished with non-zero exit value 1
	at org.gradle.process.internal.DefaultExecHandle$ExecResultImpl.assertNormalExitValue(DefaultExecHandle.java:442)
	at org.gradle.process.internal.DefaultJavaExecAction.execute(DefaultJavaExecAction.java:58)
	at org.gradle.api.tasks.JavaExec.exec(JavaExec.java:164)
	at net.neoforged.moddevgradle.internal.RunGameTask.exec(RunGameTask.java:51)
	at java.base/jdk.internal.reflect.DirectMethodHandleAccessor.invoke(DirectMethodHandleAccessor.java:103)
	at org.gradle.internal.reflect.JavaMethod.invoke(JavaMethod.java:125)
	at org.gradle.api.internal.project.taskfactory.StandardTaskAction.doExecute(StandardTaskAction.java:58)
	at org.gradle.api.internal.project.taskfactory.StandardTaskAction.execute(StandardTaskAction.java:51)
	at org.gradle.api.internal.project.taskfactory.StandardTaskAction.execute(StandardTaskAction.java:29)
	at org.gradle.api.internal.tasks.execution.TaskExecution$3.run(TaskExecution.java:244)
	at org.gradle.internal.operations.DefaultBuildOperationRunner$1.execute(DefaultBuildOperationRunner.java:29)
	at org.gradle.internal.operations.DefaultBuildOperationRunner$1.execute(DefaultBuildOperationRunner.java:26)
	at org.gradle.internal.operations.DefaultBuildOperationRunner$2.execute(DefaultBuildOperationRunner.java:66)
	at org.gradle.internal.operations.DefaultBuildOperationRunner$2.execute(DefaultBuildOperationRunner.java:59)
	at org.gradle.internal.operations.DefaultBuildOperationRunner.execute(DefaultBuildOperationRunner.java:166)
	at org.gradle.internal.operations.DefaultBuildOperationRunner.execute(DefaultBuildOperationRunner.java:59)
	at org.gradle.internal.operations.DefaultBuildOperationRunner.run(DefaultBuildOperationRunner.java:47)
	at org.gradle.api.internal.tasks.execution.TaskExecution.executeAction(TaskExecution.java:229)
	at org.gradle.api.internal.tasks.execution.TaskExecution.executeActions(TaskExecution.java:212)
	at org.gradle.api.internal.tasks.execution.TaskExecution.executeWithPreviousOutputFiles(TaskExecution.java:195)
	at org.gradle.api.internal.tasks.execution.TaskExecution.execute(TaskExecution.java:162)
	at org.gradle.internal.execution.steps.ExecuteStep.executeInternal(ExecuteStep.java:105)
	at org.gradle.internal.execution.steps.ExecuteStep.access$000(ExecuteStep.java:44)
	at org.gradle.internal.execution.steps.ExecuteStep$1.call(ExecuteStep.java:59)
	at org.gradle.internal.execution.steps.ExecuteStep$1.call(ExecuteStep.java:56)
	at org.gradle.internal.operations.DefaultBuildOperationRunner$CallableBuildOperationWorker.execute(DefaultBuildOperationRunner.java:209)
	at org.gradle.internal.operations.DefaultBuildOperationRunner$CallableBuildOperationWorker.execute(DefaultBuildOperationRunner.java:204)
	at org.gradle.internal.operations.DefaultBuildOperationRunner$2.execute(DefaultBuildOperationRunner.java:66)
	at org.gradle.internal.operations.DefaultBuildOperationRunner$2.execute(DefaultBuildOperationRunner.java:59)
	at org.gradle.internal.operations.DefaultBuildOperationRunner.execute(DefaultBuildOperationRunner.java:166)
	at org.gradle.internal.operations.DefaultBuildOperationRunner.execute(DefaultBuildOperationRunner.java:59)
	at org.gradle.internal.operations.DefaultBuildOperationRunner.call(DefaultBuildOperationRunner.java:53)
	at org.gradle.internal.execution.steps.ExecuteStep.execute(ExecuteStep.java:56)
	at org.gradle.internal.execution.steps.ExecuteStep.execute(ExecuteStep.java:44)
	at org.gradle.internal.execution.steps.CancelExecutionStep.execute(CancelExecutionStep.java:42)
	at org.gradle.internal.execution.steps.TimeoutStep.executeWithoutTimeout(TimeoutStep.java:75)
	at org.gradle.internal.execution.steps.TimeoutStep.execute(TimeoutStep.java:55)
	at org.gradle.internal.execution.steps.PreCreateOutputParentsStep.execute(PreCreateOutputParentsStep.java:50)
	at org.gradle.internal.execution.steps.PreCreateOutputParentsStep.execute(PreCreateOutputParentsStep.java:28)
	at org.gradle.internal.execution.steps.RemovePreviousOutputsStep.execute(RemovePreviousOutputsStep.java:67)
	at org.gradle.internal.execution.steps.RemovePreviousOutputsStep.execute(RemovePreviousOutputsStep.java:37)
	at org.gradle.internal.execution.steps.BroadcastChangingOutputsStep.execute(BroadcastChangingOutputsStep.java:61)
	at org.gradle.internal.execution.steps.BroadcastChangingOutputsStep.execute(BroadcastChangingOutputsStep.java:26)
	at org.gradle.internal.execution.steps.CaptureOutputsAfterExecutionStep.execute(CaptureOutputsAfterExecutionStep.java:69)
	at org.gradle.internal.execution.steps.CaptureOutputsAfterExecutionStep.execute(CaptureOutputsAfterExecutionStep.java:46)
	at org.gradle.internal.execution.steps.ResolveInputChangesStep.execute(ResolveInputChangesStep.java:40)
	at org.gradle.internal.execution.steps.ResolveInputChangesStep.execute(ResolveInputChangesStep.java:29)
	at org.gradle.internal.execution.steps.BuildCacheStep.executeWithoutCache(BuildCacheStep.java:189)
	at org.gradle.internal.execution.steps.BuildCacheStep.lambda$execute$1(BuildCacheStep.java:75)
	at org.gradle.internal.Either$Right.fold(Either.java:175)
	at org.gradle.internal.execution.caching.CachingState.fold(CachingState.java:62)
	at org.gradle.internal.execution.steps.BuildCacheStep.execute(BuildCacheStep.java:73)
	at org.gradle.internal.execution.steps.BuildCacheStep.execute(BuildCacheStep.java:48)
	at org.gradle.internal.execution.steps.StoreExecutionStateStep.execute(StoreExecutionStateStep.java:46)
	at org.gradle.internal.execution.steps.StoreExecutionStateStep.execute(StoreExecutionStateStep.java:35)
	at org.gradle.internal.execution.steps.SkipUpToDateStep.executeBecause(SkipUpToDateStep.java:75)
	at org.gradle.internal.execution.steps.SkipUpToDateStep.lambda$execute$2(SkipUpToDateStep.java:53)
	at org.gradle.internal.execution.steps.SkipUpToDateStep.execute(SkipUpToDateStep.java:53)
	at org.gradle.internal.execution.steps.SkipUpToDateStep.execute(SkipUpToDateStep.java:35)
	at org.gradle.internal.execution.steps.legacy.MarkSnapshottingInputsFinishedStep.execute(MarkSnapshottingInputsFinishedStep.java:37)
	at org.gradle.internal.execution.steps.legacy.MarkSnapshottingInputsFinishedStep.execute(MarkSnapshottingInputsFinishedStep.java:27)
	at org.gradle.internal.execution.steps.ResolveIncrementalCachingStateStep.executeDelegate(ResolveIncrementalCachingStateStep.java:49)
	at org.gradle.internal.execution.steps.ResolveIncrementalCachingStateStep.executeDelegate(ResolveIncrementalCachingStateStep.java:27)
	at org.gradle.internal.execution.steps.AbstractResolveCachingStateStep.execute(AbstractResolveCachingStateStep.java:71)
	at org.gradle.internal.execution.steps.AbstractResolveCachingStateStep.execute(AbstractResolveCachingStateStep.java:39)
	at org.gradle.internal.execution.steps.ResolveChangesStep.execute(ResolveChangesStep.java:65)
	at org.gradle.internal.execution.steps.ResolveChangesStep.execute(ResolveChangesStep.java:36)
	at org.gradle.internal.execution.steps.ValidateStep.execute(ValidateStep.java:107)
	at org.gradle.internal.execution.steps.ValidateStep.execute(ValidateStep.java:56)
	at org.gradle.internal.execution.steps.AbstractCaptureStateBeforeExecutionStep.execute(AbstractCaptureStateBeforeExecutionStep.java:64)
	at org.gradle.internal.execution.steps.AbstractCaptureStateBeforeExecutionStep.execute(AbstractCaptureStateBeforeExecutionStep.java:43)
	at org.gradle.internal.execution.steps.AbstractSkipEmptyWorkStep.executeWithNonEmptySources(AbstractSkipEmptyWorkStep.java:125)
	at org.gradle.internal.execution.steps.AbstractSkipEmptyWorkStep.execute(AbstractSkipEmptyWorkStep.java:56)
	at org.gradle.internal.execution.steps.AbstractSkipEmptyWorkStep.execute(AbstractSkipEmptyWorkStep.java:36)
	at org.gradle.internal.execution.steps.legacy.MarkSnapshottingInputsStartedStep.execute(MarkSnapshottingInputsStartedStep.java:38)
	at org.gradle.internal.execution.steps.LoadPreviousExecutionStateStep.execute(LoadPreviousExecutionStateStep.java:36)
	at org.gradle.internal.execution.steps.LoadPreviousExecutionStateStep.execute(LoadPreviousExecutionStateStep.java:23)
	at org.gradle.internal.execution.steps.HandleStaleOutputsStep.execute(HandleStaleOutputsStep.java:75)
	at org.gradle.internal.execution.steps.HandleStaleOutputsStep.execute(HandleStaleOutputsStep.java:41)
	at org.gradle.internal.execution.steps.AssignMutableWorkspaceStep.lambda$execute$0(AssignMutableWorkspaceStep.java:35)
	at org.gradle.api.internal.tasks.execution.TaskExecution$4.withWorkspace(TaskExecution.java:289)
	at org.gradle.internal.execution.steps.AssignMutableWorkspaceStep.execute(AssignMutableWorkspaceStep.java:31)
	at org.gradle.internal.execution.steps.AssignMutableWorkspaceStep.execute(AssignMutableWorkspaceStep.java:22)
	at org.gradle.internal.execution.steps.ChoosePipelineStep.execute(ChoosePipelineStep.java:40)
	at org.gradle.internal.execution.steps.ChoosePipelineStep.execute(ChoosePipelineStep.java:23)
	at org.gradle.internal.execution.steps.ExecuteWorkBuildOperationFiringStep.lambda$execute$2(ExecuteWorkBuildOperationFiringStep.java:67)
	at org.gradle.internal.execution.steps.ExecuteWorkBuildOperationFiringStep.execute(ExecuteWorkBuildOperationFiringStep.java:67)
	at org.gradle.internal.execution.steps.ExecuteWorkBuildOperationFiringStep.execute(ExecuteWorkBuildOperationFiringStep.java:39)
	at org.gradle.internal.execution.steps.IdentityCacheStep.execute(IdentityCacheStep.java:46)
	at org.gradle.internal.execution.steps.IdentityCacheStep.execute(IdentityCacheStep.java:34)
	at org.gradle.internal.execution.steps.IdentifyStep.execute(IdentifyStep.java:48)
	at org.gradle.internal.execution.steps.IdentifyStep.execute(IdentifyStep.java:35)
	at org.gradle.internal.execution.impl.DefaultExecutionEngine$1.execute(DefaultExecutionEngine.java:61)
	at org.gradle.api.internal.tasks.execution.ExecuteActionsTaskExecuter.executeIfValid(ExecuteActionsTaskExecuter.java:127)
	at org.gradle.api.internal.tasks.execution.ExecuteActionsTaskExecuter.execute(ExecuteActionsTaskExecuter.java:116)
	at org.gradle.api.internal.tasks.execution.ProblemsTaskPathTrackingTaskExecuter.execute(ProblemsTaskPathTrackingTaskExecuter.java:40)
	at org.gradle.api.internal.tasks.execution.FinalizePropertiesTaskExecuter.execute(FinalizePropertiesTaskExecuter.java:46)
	at org.gradle.api.internal.tasks.execution.ResolveTaskExecutionModeExecuter.execute(ResolveTaskExecutionModeExecuter.java:51)
	at org.gradle.api.internal.tasks.execution.SkipTaskWithNoActionsExecuter.execute(SkipTaskWithNoActionsExecuter.java:57)
	at org.gradle.api.internal.tasks.execution.SkipOnlyIfTaskExecuter.execute(SkipOnlyIfTaskExecuter.java:74)
	at org.gradle.api.internal.tasks.execution.CatchExceptionTaskExecuter.execute(CatchExceptionTaskExecuter.java:36)

Deprecated Gradle features were used in this build, making it incompatible with Gradle 9.0.

You can use '--warning-mode all' to show the individual deprecation warnings and determine if they come from your own scripts or plugins.

For more on this, please refer to https://docs.gradle.org/8.12.1/userguide/command_line_interface.html#sec:command_line_warnings in the Gradle documentation.
8 actionable tasks: 2 executed, 6 up-to-date
	at org.gradle.api.internal.tasks.execution.EventFiringTaskExecuter$1.executeTask(EventFiringTaskExecuter.java:77)
	at org.gradle.api.internal.tasks.execution.EventFiringTaskExecuter$1.call(EventFiringTaskExecuter.java:55)
	at org.gradle.api.internal.tasks.execution.EventFiringTaskExecuter$1.call(EventFiringTaskExecuter.java:52)
	at org.gradle.internal.operations.DefaultBuildOperationRunner$CallableBuildOperationWorker.execute(DefaultBuildOperationRunner.java:209)
	at org.gradle.internal.operations.DefaultBuildOperationRunner$CallableBuildOperationWorker.execute(DefaultBuildOperationRunner.java:204)
	at org.gradle.internal.operations.DefaultBuildOperationRunner$2.execute(DefaultBuildOperationRunner.java:66)
	at org.gradle.internal.operations.DefaultBuildOperationRunner$2.execute(DefaultBuildOperationRunner.java:59)
	at org.gradle.internal.operations.DefaultBuildOperationRunner.execute(DefaultBuildOperationRunner.java:166)
	at org.gradle.internal.operations.DefaultBuildOperationRunner.execute(DefaultBuildOperationRunner.java:59)
	at org.gradle.internal.operations.DefaultBuildOperationRunner.call(DefaultBuildOperationRunner.java:53)
	at org.gradle.api.internal.tasks.execution.EventFiringTaskExecuter.execute(EventFiringTaskExecuter.java:52)
	at org.gradle.execution.plan.LocalTaskNodeExecutor.execute(LocalTaskNodeExecutor.java:42)
	at org.gradle.execution.taskgraph.DefaultTaskExecutionGraph$InvokeNodeExecutorsAction.execute(DefaultTaskExecutionGraph.java:331)
	at org.gradle.execution.taskgraph.DefaultTaskExecutionGraph$InvokeNodeExecutorsAction.execute(DefaultTaskExecutionGraph.java:318)
	at org.gradle.execution.taskgraph.DefaultTaskExecutionGraph$BuildOperationAwareExecutionAction.lambda$execute$0(DefaultTaskExecutionGraph.java:314)
	at org.gradle.internal.operations.CurrentBuildOperationRef.with(CurrentBuildOperationRef.java:85)
	at org.gradle.execution.taskgraph.DefaultTaskExecutionGraph$BuildOperationAwareExecutionAction.execute(DefaultTaskExecutionGraph.java:314)
	at org.gradle.execution.taskgraph.DefaultTaskExecutionGraph$BuildOperationAwareExecutionAction.execute(DefaultTaskExecutionGraph.java:303)
	at org.gradle.execution.plan.DefaultPlanExecutor$ExecutorWorker.execute(DefaultPlanExecutor.java:459)
	at org.gradle.execution.plan.DefaultPlanExecutor$ExecutorWorker.run(DefaultPlanExecutor.java:376)
	at org.gradle.internal.concurrent.ExecutorPolicy$CatchAndRecordFailures.onExecute(ExecutorPolicy.java:64)
	at org.gradle.internal.concurrent.AbstractManagedExecutor$1.run(AbstractManagedExecutor.java:48)


BUILD FAILED in 39s
