
> Task :createMinecraftArtifacts
Loaded 125 artifacts from F:\Minecraft\ModDev\PoopSkyMod\build\tmp\createMinecraftArtifacts\nfrt_artifact_manifest.properties
[1m*** Started working on [4mdownloadJson[0m[0m
 [1m[92mDONE [0m Completed [4mdownloadJson[0m in 0.02s
[1m*** Started working on [4mdownloadClient[0m[0m
[1m*** Started working on [4mdownloadClientMappings[0m[0m
[1m*** Started working on [4mdownloadServer[0m[0m
[1m*** Started working on [4mlistLibraries[0m[0m
 [1m[92mREUSE[0m Used cache of [4mlistLibraries[0m in 0.00s
 [1m[92mDONE [0m Completed [4mdownloadClientMappings[0m in 0.03s
 [1m[92mDONE [0m Completed [4mdownloadClient[0m in 0.03s
 [1m[92mDONE [0m Completed [4mdownloadServer[0m in 0.03s
[1m*** Started working on [4mmergeMappings[0m[0m
 [1m[92mREUSE[0m Used cache of [4mmergeMappings[0m in 0.00s
[1m*** Started working on [4mstripClient[0m[0m
 [1m[92mREUSE[0m Used cache of [4mstripClient[0m in 0.00s
[1m*** Started working on [4mextractServer[0m[0m
 [1m[92mREUSE[0m Used cache of [4mextractServer[0m in 0.00s
[1m*** Started working on [4mstripServer[0m[0m
 [1m[92mREUSE[0m Used cache of [4mstripServer[0m in 0.00s
[1m*** Started working on [4mmerge[0m[0m
 [1m[92mREUSE[0m Used cache of [4mmerge[0m in 0.00s
[1m*** Started working on [4mrename[0m[0m
 [1m[92mREUSE[0m Used cache of [4mrename[0m in 0.00s
[1m*** Started working on [4mdecompile[0m[0m
 [1m[92mREUSE[0m Used cache of [4mdecompile[0m in 0.00s
[1m*** Started working on [4minject[0m[0m
 [1m[92mREUSE[0m Used cache of [4minject[0m in 0.00s
[1m*** Started working on [4mpatch[0m[0m
 [1m[92mREUSE[0m Used cache of [4mpatch[0m in 0.00s
[1m*** Started working on [4mapplyNeoforgePatches[0m[0m
 [1m[92mREUSE[0m Used cache of [4mapplyNeoforgePatches[0m in 0.00s
[1m*** Started working on [4mtransformSources[0m[0m
 [1m[92mREUSE[0m Used cache of [4mtransformSources[0m in 0.00s
[1m*** Started working on [4mrecompile[0m[0m
 [1m[92mREUSE[0m Used cache of [4mrecompile[0m in 0.00s
[1m*** Started working on [4msourcesWithNeoForge[0m[0m
 [1m[92mREUSE[0m Used cache of [4msourcesWithNeoForge[0m in 0.00s
[1m*** Started working on [4mcompiledWithNeoForge[0m[0m
 [1m[92mREUSE[0m Used cache of [4mcompiledWithNeoForge[0m in 0.00s
[1m*** Started working on [4msourcesAndCompiledWithNeoForge[0m[0m
 [1m[92mREUSE[0m Used cache of [4msourcesAndCompiledWithNeoForge[0m in 0.00s
Total runtime: 0.99s


> Task :compileJava UP-TO-DATE
> Task :generateModMetadata UP-TO-DATE
> Task :processResources UP-TO-DATE
> Task :classes UP-TO-DATE
> Task :downloadAssets UP-TO-DATE
> Task :writeClientLegacyClasspath
> Task :prepareClientRun

> Task :runClient
WARN StatusConsoleListener Advanced terminal features are not available in this environment
[03:59:56] [main/INFO] [cp.mo.mo.Launcher/MODLAUNCHER]: ModLauncher running: args [--launchTarget, forgeclientdev, --version, 21.1.219, --assetIndex, 17, --assetsDir, C:\\Users\\24745\\.gradle\\caches\\neoformruntime\\assets, --gameDir, ., --fml.fmlVersion, 4.0.42, --fml.mcVersion, 1.21.1, --fml.neoForgeVersion, 21.1.219, --fml.neoFormVersion, 20240808.144430, --username, Player####]
[03:59:56] [main/INFO] [cp.mo.mo.Launcher/MODLAUNCHER]: JVM identified as Eclipse Adoptium OpenJDK 64-Bit Server VM 21.0.11+10-LTS
[03:59:56] [main/INFO] [cp.mo.mo.Launcher/MODLAUNCHER]: ModLauncher 11.0.5+main.901c6ea8 starting: java version 21.0.11 by Eclipse Adoptium; OS Windows 11 arch amd64 version 10.0
[03:59:56] [main/DEBUG] [cp.mo.mo.LaunchServiceHandler/MODLAUNCHER]: Found launch services [minecraft,forgeclient,forgedatauserdev,testharness,forgeserverdev,forgeserveruserdev,forgejunitdev,forgeclientdev,forgeclientuserdev,forgeserver,forgejunituserdev,forgedatadev]
[03:59:56] [main/DEBUG] [cp.mo.mo.LaunchPluginHandler/MODLAUNCHER]: Found launch plugins: [mixin,slf4jfixer,runtime_enum_extender,accesstransformer,runtimedistcleaner]
[03:59:56] [main/DEBUG] [cp.mo.mo.TransformationServicesHandler/MODLAUNCHER]: Discovering transformation services
[03:59:56] [main/DEBUG] [ne.ne.fm.lo.FMLPaths/CORE]: Path GAMEDIR is F:\Minecraft\ModDev\PoopSkyMod\run
[03:59:56] [main/DEBUG] [ne.ne.fm.lo.FMLPaths/CORE]: Path MODSDIR is F:\Minecraft\ModDev\PoopSkyMod\run\mods
[03:59:56] [main/DEBUG] [ne.ne.fm.lo.FMLPaths/CORE]: Path CONFIGDIR is F:\Minecraft\ModDev\PoopSkyMod\run\config
[03:59:56] [main/DEBUG] [ne.ne.fm.lo.FMLPaths/CORE]: Path FMLCONFIG is F:\Minecraft\ModDev\PoopSkyMod\run\config\fml.toml
[03:59:56] [main/DEBUG] [ne.ne.fm.lo.ta.CommonLaunchHandler/CORE]: Got mod coordinates poopsky%%F:\Minecraft\ModDev\PoopSkyMod\build\classes\java\main;poopsky%%F:\Minecraft\ModDev\PoopSkyMod\build\resources\main from env
[03:59:56] [main/DEBUG] [ne.ne.fm.lo.ta.CommonLaunchHandler/CORE]: Found supplied mod coordinates [{poopsky=[F:\Minecraft\ModDev\PoopSkyMod\build\classes\java\main, F:\Minecraft\ModDev\PoopSkyMod\build\resources\main]}]
[03:59:56] [main/DEBUG] [cp.mo.mo.TransformationServicesHandler/MODLAUNCHER]: Found additional transformation services from discovery services: 
[03:59:56] [main/INFO] [ne.ne.fm.lo.ImmediateWindowHandler/]: Loading ImmediateWindowProvider fmlearlywindow
[03:59:56] [main/INFO] [EARLYDISPLAY/]: Trying GL version 4.6
[03:59:56] [main/INFO] [EARLYDISPLAY/]: Requested GL version 4.6 got version 4.6
[03:59:56] [main/DEBUG] [cp.mo.mo.TransformationServicesHandler/MODLAUNCHER]: Found transformer services : [mixin,fml]
[03:59:56] [main/DEBUG] [cp.mo.mo.TransformationServicesHandler/MODLAUNCHER]: Transformation services loading
[03:59:56] [main/DEBUG] [cp.mo.mo.TransformationServiceDecorator/MODLAUNCHER]: Loading service mixin
[03:59:56] [main/DEBUG] [cp.mo.mo.TransformationServiceDecorator/MODLAUNCHER]: Loaded service mixin
[03:59:56] [main/DEBUG] [cp.mo.mo.TransformationServiceDecorator/MODLAUNCHER]: Loading service fml
[03:59:56] [main/DEBUG] [ne.ne.fm.lo.FMLLoader/CORE]: FML 4.0.42 loading
[03:59:56] [main/DEBUG] [ne.ne.fm.lo.FMLLoader/CORE]: FML found ModLauncher version : 11.0.5+main.901c6ea8
[03:59:56] [main/DEBUG] [ne.ne.fm.lo.FMLLoader/CORE]: FML found AccessTransformer version : 10.0.1+139da711
[03:59:56] [main/DEBUG] [ne.ne.fm.lo.FMLLoader/CORE]: FML found EventBus version : null
[03:59:56] [main/DEBUG] [ne.ne.fm.lo.FMLLoader/CORE]: Found Runtime Dist Cleaner
[03:59:56] [main/DEBUG] [cp.mo.mo.TransformationServiceDecorator/MODLAUNCHER]: Loaded service fml
[03:59:56] [main/DEBUG] [cp.mo.mo.TransformationServicesHandler/MODLAUNCHER]: Configuring option handling for services
[03:59:56] [main/DEBUG] [ne.ne.fm.lo.FMLServiceProvider/CORE]: Received command line version data  : VersionInfo[neoForgeVersion=21.1.219, fmlVersion=4.0.42, mcVersion=1.21.1, neoFormVersion=20240808.144430]
[03:59:56] [main/DEBUG] [cp.mo.mo.TransformationServicesHandler/MODLAUNCHER]: Transformation services initializing
[03:59:56] [main/DEBUG] [cp.mo.mo.TransformationServiceDecorator/MODLAUNCHER]: Initializing transformation service mixin
[03:59:56] [main/DEBUG] [mixin/]: MixinService [ModLauncher] was successfully booted in cpw.mods.cl.ModuleClassLoader@2e3fc542
[03:59:56] [main/INFO] [mixin/]: SpongePowered MIXIN Subsystem Version=0.8.7 Source=union:/C:/Users/24745/.gradle/caches/modules-2/files-2.1/net.fabricmc/sponge-mixin/0.15.2+mixin.0.8.7/2af2f021d8e02a0220dc27a7a72b4666d66d44ca/sponge-mixin-0.15.2+mixin.0.8.7.jar%23138!/ Service=ModLauncher Env=CLIENT
[03:59:56] [main/DEBUG] [mixin/]: Initialising Mixin Platform Manager
[03:59:56] [main/DEBUG] [mixin/]: Adding mixin platform agents for container ModLauncher Root Container(ModLauncher:4f56a0a2)
[03:59:56] [main/DEBUG] [mixin/]: Instancing new MixinPlatformAgentMinecraftForge for ModLauncher Root Container(ModLauncher:4f56a0a2)
[03:59:56] [main/DEBUG] [mixin/]: MixinPlatformAgentMinecraftForge rejected container ModLauncher Root Container(ModLauncher:4f56a0a2)
[03:59:56] [main/DEBUG] [mixin/]: Instancing new MixinPlatformAgentDefault for ModLauncher Root Container(ModLauncher:4f56a0a2)
[03:59:56] [main/DEBUG] [mixin/]: MixinPlatformAgentDefault accepted container ModLauncher Root Container(ModLauncher:4f56a0a2)
[03:59:56] [main/DEBUG] [cp.mo.mo.TransformationServiceDecorator/MODLAUNCHER]: Initialized transformation service mixin
[03:59:56] [main/DEBUG] [cp.mo.mo.TransformationServiceDecorator/MODLAUNCHER]: Initializing transformation service fml
[03:59:56] [main/DEBUG] [ne.ne.fm.lo.FMLServiceProvider/CORE]: Setting up basic FML game directories
[03:59:56] [main/DEBUG] [ne.ne.fm.lo.FMLPaths/CORE]: Path GAMEDIR is F:\Minecraft\ModDev\PoopSkyMod\run
[03:59:56] [main/DEBUG] [ne.ne.fm.lo.FMLPaths/CORE]: Path MODSDIR is F:\Minecraft\ModDev\PoopSkyMod\run\mods
[03:59:56] [main/DEBUG] [ne.ne.fm.lo.FMLPaths/CORE]: Path CONFIGDIR is F:\Minecraft\ModDev\PoopSkyMod\run\config
[03:59:56] [main/DEBUG] [ne.ne.fm.lo.FMLPaths/CORE]: Path FMLCONFIG is F:\Minecraft\ModDev\PoopSkyMod\run\config\fml.toml
[03:59:56] [main/DEBUG] [ne.ne.fm.lo.FMLServiceProvider/CORE]: Loading configuration
[03:59:57] [main/DEBUG] [ne.ne.fm.lo.FMLServiceProvider/CORE]: Preparing launch handler
[03:59:57] [main/DEBUG] [ne.ne.fm.lo.FMLLoader/CORE]: Using forgeclientdev as launch service
[03:59:57] [main/DEBUG] [cp.mo.mo.TransformationServiceDecorator/MODLAUNCHER]: Initialized transformation service fml
[03:59:57] [main/DEBUG] [cp.mo.mo.TransformationServicesHandler/MODLAUNCHER]: Transformation services begin scanning
[03:59:57] [main/DEBUG] [cp.mo.mo.TransformationServiceDecorator/MODLAUNCHER]: Beginning scan trigger - transformation service mixin
[03:59:57] [main/DEBUG] [cp.mo.mo.TransformationServiceDecorator/MODLAUNCHER]: End scan trigger - transformation service mixin
[03:59:57] [main/DEBUG] [cp.mo.mo.TransformationServiceDecorator/MODLAUNCHER]: Beginning scan trigger - transformation service fml
[03:59:57] [main/DEBUG] [ne.ne.fm.lo.FMLServiceProvider/CORE]: Initiating mod scan
[03:59:57] [main/DEBUG] [ne.ne.fm.lo.ta.CommonLaunchHandler/CORE]: Got mod coordinates poopsky%%F:\Minecraft\ModDev\PoopSkyMod\build\classes\java\main;poopsky%%F:\Minecraft\ModDev\PoopSkyMod\build\resources\main from env
[03:59:57] [main/DEBUG] [ne.ne.fm.lo.ta.CommonLaunchHandler/CORE]: Found supplied mod coordinates [{poopsky=[F:\Minecraft\ModDev\PoopSkyMod\build\classes\java\main, F:\Minecraft\ModDev\PoopSkyMod\build\resources\main]}]
[03:59:57] [main/DEBUG] [ne.ne.fm.lo.ta.CommonDevLaunchHandler/]: Launching with NeoForge from F:\Minecraft\ModDev\PoopSkyMod\build\moddev\artifacts\neoforge-21.1.219.jar
[03:59:57] [main/DEBUG] [ne.ne.fm.ut.ServiceLoaderUtil/CORE]: Found 4 implementations of IModFileCandidateLocator:
[03:59:57] [main/DEBUG] [ne.ne.fm.ut.ServiceLoaderUtil/CORE]: 	       0 - [built-in] net.neoforged.fml.loading.moddiscovery.locators.NeoForgeDevProvider from loader-4.0.42.jar
[03:59:57] [main/DEBUG] [ne.ne.fm.ut.ServiceLoaderUtil/CORE]: 	       0 - net.neoforged.fml.loading.moddiscovery.locators.ModsFolderLocator from loader-4.0.42.jar
[03:59:57] [main/DEBUG] [ne.ne.fm.ut.ServiceLoaderUtil/CORE]: 	       0 - net.neoforged.fml.loading.moddiscovery.locators.MavenDirectoryLocator from loader-4.0.42.jar
[03:59:57] [main/DEBUG] [ne.ne.fm.ut.ServiceLoaderUtil/CORE]: 	   -1000 - [built-in] net.neoforged.fml.loading.moddiscovery.locators.UserdevLocator from loader-4.0.42.jar
[03:59:57] [main/DEBUG] [ne.ne.fm.ut.ServiceLoaderUtil/CORE]: Found 2 implementations of IModFileReader:
[03:59:57] [main/DEBUG] [ne.ne.fm.ut.ServiceLoaderUtil/CORE]: 	       0 - net.neoforged.fml.loading.moddiscovery.readers.JarModsDotTomlModFileReader from loader-4.0.42.jar
[03:59:57] [main/DEBUG] [ne.ne.fm.ut.ServiceLoaderUtil/CORE]: 	   -1000 - net.neoforged.fml.loading.moddiscovery.readers.NestedLibraryModReader from loader-4.0.42.jar
[03:59:57] [main/DEBUG] [ne.ne.fm.ut.ServiceLoaderUtil/CORE]: Found 1 implementations of IDependencyLocator:
[03:59:57] [main/DEBUG] [ne.ne.fm.ut.ServiceLoaderUtil/CORE]: 	       0 - net.neoforged.fml.loading.moddiscovery.locators.JarInJarDependencyLocator from loader-4.0.42.jar
[03:59:57] [pool-2-thread-1/INFO] [EARLYDISPLAY/]: GL info: NVIDIA GeForce RTX 5070/PCIe/SSE2 GL version 4.6.0 NVIDIA 610.47, NVIDIA Corporation
[03:59:57] [main/DEBUG] [ne.ne.fm.lo.mo.ModFileInfo/LOADING]: Found valid mod file neoforge-21.1.219.jar with {minecraft} mods - versions {1.21.1}
[03:59:57] [main/DEBUG] [ne.ne.fm.lo.mo.ModFileParser/LOADING]: Considering mod file candidate F:\Minecraft\ModDev\PoopSkyMod\build\moddev\artifacts\neoforge-21.1.219.jar
[03:59:57] [main/DEBUG] [ne.ne.fm.lo.mo.ModFileInfo/LOADING]: Found valid mod file neoforge-21.1.219.jar with {neoforge} mods - versions {21.1.219}
[03:59:57] [main/DEBUG] [ne.ne.fm.lo.mo.ModFileParser/LOADING]: Considering mod file candidate F:\Minecraft\ModDev\PoopSkyMod\run\mods\appleskin-neoforge-mc1.21-3.0.7.jar
[03:59:57] [main/DEBUG] [ne.ne.fm.lo.mo.ModFileInfo/LOADING]: Found valid mod file appleskin-neoforge-mc1.21-3.0.7.jar with {appleskin} mods - versions {3.0.7+mc1.21}
[03:59:57] [main/DEBUG] [ne.ne.fm.lo.mo.ModFileParser/LOADING]: Considering mod file candidate F:\Minecraft\ModDev\PoopSkyMod\run\mods\BetterAdvancements-NeoForge-1.21.1-0.4.3.21.jar
[03:59:57] [main/DEBUG] [ne.ne.fm.lo.mo.ModFileInfo/LOADING]: Found valid mod file BetterAdvancements-NeoForge-1.21.1-0.4.3.21.jar with {betteradvancements} mods - versions {0.4.3.21}
[03:59:57] [main/DEBUG] [ne.ne.fm.lo.mo.ModFileParser/LOADING]: Considering mod file candidate F:\Minecraft\ModDev\PoopSkyMod\run\mods\emi-1.1.22+1.21.1+neoforge.jar
[03:59:57] [main/DEBUG] [ne.ne.fm.lo.mo.ModFileInfo/LOADING]: Found valid mod file emi-1.1.22+1.21.1+neoforge.jar with {emi} mods - versions {1.1.22+1.21.1+neoforge}
[03:59:57] [main/DEBUG] [ne.ne.fm.lo.mo.ModFileParser/LOADING]: Considering mod file candidate F:\Minecraft\ModDev\PoopSkyMod\run\mods\FarmersDelight-1.21.1-1.2.9.jar
[03:59:57] [main/DEBUG] [ne.ne.fm.lo.mo.ModFileInfo/LOADING]: Found valid mod file FarmersDelight-1.21.1-1.2.9.jar with {farmersdelight} mods - versions {1.2.9}
[03:59:57] [main/DEBUG] [ne.ne.fm.lo.mo.ModFileParser/LOADING]: Considering mod file candidate F:\Minecraft\ModDev\PoopSkyMod\run\mods\frog_variant_mod-1.2.0.jar
[03:59:57] [main/DEBUG] [ne.ne.fm.lo.mo.ModFileInfo/LOADING]: Found valid mod file frog_variant_mod-1.2.0.jar with {frog_variant_mod_1782245873} mods - versions {1.2.0}
[03:59:57] [main/DEBUG] [ne.ne.fm.lo.mo.ModFileParser/LOADING]: Considering mod file candidate F:\Minecraft\ModDev\PoopSkyMod\run\mods\Jade-1.21.1-NeoForge-15.10.0.jar
[03:59:57] [main/DEBUG] [ne.ne.fm.lo.mo.ModFileInfo/LOADING]: Found valid mod file Jade-1.21.1-NeoForge-15.10.0.jar with {jade} mods - versions {15.10.0+neoforge}
[03:59:57] [main/DEBUG] [ne.ne.fm.lo.mo.ModFileParser/LOADING]: Considering mod file candidate F:\Minecraft\ModDev\PoopSkyMod\run\mods\jei-1.21.1-neoforge-19.27.0.340.jar
[03:59:57] [main/DEBUG] [ne.ne.fm.lo.mo.ModFileInfo/LOADING]: Found valid mod file jei-1.21.1-neoforge-19.27.0.340.jar with {jei} mods - versions {19.27.0.340}
[03:59:57] [main/DEBUG] [ne.ne.fm.lo.mo.ModFileParser/LOADING]: Considering mod file candidate F:\Minecraft\ModDev\PoopSkyMod\run\mods\kubejs-neoforge-2101.7.2-build.368.jar
[03:59:57] [main/DEBUG] [ne.ne.fm.lo.mo.ModFileInfo/LOADING]: Found valid mod file kubejs-neoforge-2101.7.2-build.368.jar with {kubejs} mods - versions {2101.7.2-build.368}
[03:59:57] [main/DEBUG] [ne.ne.fm.lo.mo.ModFileParser/LOADING]: Considering mod file candidate F:\Minecraft\ModDev\PoopSkyMod\run\mods\powerful_dummy-21-0.0.9-hotfix.jar
[03:59:57] [main/DEBUG] [ne.ne.fm.lo.mo.ModFileInfo/LOADING]: Found valid mod file powerful_dummy-21-0.0.9-hotfix.jar with {powerful_dummy} mods - versions {21-0.0.9-hotfix}
[03:59:57] [main/DEBUG] [ne.ne.fm.lo.mo.ModFileParser/LOADING]: Considering mod file candidate F:\Minecraft\ModDev\PoopSkyMod\run\mods\rhino-2101.2.7-build.85.jar
[03:59:57] [main/DEBUG] [ne.ne.fm.lo.mo.ModFileInfo/LOADING]: Found valid mod file rhino-2101.2.7-build.85.jar with {rhino} mods - versions {2101.2.7-build.85}
[03:59:57] [main/DEBUG] [ne.ne.fm.lo.mo.ModListHandler/CORE]: Found mod coordinates from lists: []
[03:59:57] [main/DEBUG] [ne.ne.fm.lo.mo.ModFileParser/LOADING]: Considering mod file candidate F:\Minecraft\ModDev\PoopSkyMod\build\classes\java\main
[03:59:57] [main/DEBUG] [ne.ne.fm.lo.mo.ModFileInfo/LOADING]: Found valid mod file main with {poopsky} mods - versions {1.21.1-1.5-dev}
[03:59:57] [main/DEBUG] [ne.ne.fm.lo.mo.ModFileParser/LOADING]: Considering mod file candidate F:\Minecraft\ModDev\PoopSkyMod\build\moddev\artifacts\neoforge-21.1.219.jar
[03:59:57] [main/DEBUG] [ne.ne.fm.lo.mo.ModFileInfo/LOADING]: Found valid mod file neoforge-21.1.219.jar with {neoforge} mods - versions {21.1.219}
[03:59:57] [main/DEBUG] [ne.ne.fm.lo.mo.ModFileParser/LOADING]: Considering mod file candidate C:\Users\24745\.gradle\caches\modules-2\files-2.1\dev.ryanhcode.sable-companion\sable-companion-common-1.21.1\1.6.0\370be7db705926176e05c0215ed676150c45daae\sable-companion-common-1.21.1-1.6.0.jar
[03:59:57] [main/DEBUG] [ne.ne.fm.lo.mo.ModFileInfo/LOADING]: Found valid mod file sable-companion-common-1.21.1-1.6.0.jar with {sablecompanion} mods - versions {1.6.0}
[03:59:57] [main/DEBUG] [ne.ne.fm.lo.mo.ModFileParser/LOADING]: Considering mod file candidate C:\Users\24745\.gradle\caches\modules-2\files-2.1\curse.maven\touhou-little-maid-355044\7307724\86592411e55d7bf91be1a543b6ca3858f9f9c3b\touhou-little-maid-355044-7307724.jar
[03:59:57] [main/DEBUG] [ne.ne.fm.lo.mo.ModFileInfo/LOADING]: Found valid mod file touhou-little-maid-355044-7307724.jar with {touhou_little_maid} mods - versions {1.4.6-neoforge+mc1.21.1}
[03:59:57] [main/DEBUG] [ne.ne.fm.lo.mo.ModFileParser/LOADING]: Considering mod file candidate C:\Users\24745\.gradle\caches\modules-2\files-2.1\com.simibubi.create\create-1.21.1\6.0.8-168\22f78139dc39d48c2a7637d4b0b3f64ca6ff9386\create-1.21.1-6.0.8-168-slim.jar
[03:59:57] [main/DEBUG] [ne.ne.fm.lo.mo.ModFileInfo/LOADING]: Found valid mod file create-1.21.1-6.0.8-168-slim.jar with {create} mods - versions {6.0.8}
[03:59:57] [main/DEBUG] [ne.ne.fm.lo.mo.ModFileParser/LOADING]: Considering mod file candidate C:\Users\24745\.gradle\caches\modules-2\files-2.1\net.createmod.ponder\Ponder-NeoForge-1.21.1\1.0.64\115affcebbb877f4c878ab9e2867973a32895838\Ponder-NeoForge-1.21.1-1.0.64.jar
[03:59:57] [main/DEBUG] [ne.ne.fm.lo.mo.ModFileInfo/LOADING]: Found valid mod file Ponder-NeoForge-1.21.1-1.0.64.jar with {ponder} mods - versions {1.0.64}
[03:59:57] [main/DEBUG] [ne.ne.fm.lo.mo.ModFileParser/LOADING]: Considering mod file candidate C:\Users\24745\.gradle\caches\modules-2\files-2.1\mezz.jei\jei-1.21.1-neoforge\19.27.0.340\27d0d85e7e32e926fc3664ab6815df5cdabb7941\jei-1.21.1-neoforge-19.27.0.340.jar
[03:59:57] [main/DEBUG] [ne.ne.fm.lo.mo.ModFileInfo/LOADING]: Found valid mod file jei-1.21.1-neoforge-19.27.0.340.jar with {jei} mods - versions {19.27.0.340}
[03:59:57] [main/DEBUG] [ne.ne.fm.lo.mo.ModFileParser/LOADING]: Considering mod file candidate C:\Users\24745\.gradle\caches\modules-2\files-2.1\dev.engine-room.flywheel\flywheel-neoforge-1.21.1\1.0.4\47fe9da825b4479bbac55d6432d5932ee76f32f0\flywheel-neoforge-1.21.1-1.0.4.jar
[03:59:57] [main/DEBUG] [ne.ne.fm.lo.mo.ModFileInfo/LOADING]: Found valid mod file flywheel-neoforge-1.21.1-1.0.4.jar with {flywheel} mods - versions {1.0.4}
[03:59:57] [main/DEBUG] [ne.ne.fm.lo.mo.ModDiscoverer/]: Skipping C:\Users\24745\.gradle\caches\modules-2\files-2.1\net.neoforged.fancymodloader\earlydisplay\4.0.42\46555dbfff14e9e052f1f693aed14d542a74e111\earlydisplay-4.0.42.jar because it was already located earlier
[03:59:57] [main/DEBUG] [ne.ne.fm.lo.mo.ModDiscoverer/]: Skipping C:\Users\24745\.gradle\caches\modules-2\files-2.1\net.neoforged.fancymodloader\loader\4.0.42\76e15f98bf676fb44b36c5e776f52a55581ec43a\loader-4.0.42.jar because it was already located earlier
[03:59:57] [main/DEBUG] [ne.ne.fm.lo.mo.ModDiscoverer/]: Skipping C:\Users\24745\.gradle\caches\modules-2\files-2.1\net.neoforged.accesstransformers\at-modlauncher\10.0.1\5aba50202aceead086bc09fbc2751c9f05cb4890\at-modlauncher-10.0.1.jar because it was already located earlier
[03:59:57] [main/DEBUG] [ne.ne.fm.lo.mo.ModDiscoverer/]: Skipping C:\Users\24745\.gradle\caches\modules-2\files-2.1\net.neoforged\accesstransformers\10.0.1\fd83b5725f76eae9115e9355fa1c456a6a441400\accesstransformers-10.0.1.jar because it was already located earlier
[03:59:57] [main/DEBUG] [ne.ne.fm.lo.mo.ModDiscoverer/]: Skipping C:\Users\24745\.gradle\caches\modules-2\files-2.1\net.neoforged\bus\8.0.5\5b2d33285ab5d1554e9798ad98c40d6ea3868bd5\bus-8.0.5.jar because it was already located earlier
[03:59:57] [main/DEBUG] [ne.ne.fm.lo.mo.ModDiscoverer/]: Skipping C:\Users\24745\.gradle\caches\modules-2\files-2.1\net.neoforged\coremods\7.0.3\9147e6f638b4272b3bd5fc8f92ad37802512c6c\coremods-7.0.3.jar because it was already located earlier
[03:59:57] [main/DEBUG] [ne.ne.fm.lo.mo.ModDiscoverer/]: Skipping C:\Users\24745\.gradle\caches\modules-2\files-2.1\cpw.mods\modlauncher\11.0.5\b8f0d49294f733fdb6173931b263553e943dc950\modlauncher-11.0.5.jar because it was already located earlier
[03:59:57] [main/DEBUG] [ne.ne.fm.lo.mo.ModDiscoverer/]: Skipping C:\Users\24745\.gradle\caches\modules-2\files-2.1\net.neoforged\mergetool\2.0.0\52fe1949be64e3303aabaaa21e315f551db9c9f4\mergetool-2.0.0-api.jar because it was already located earlier
[03:59:57] [main/DEBUG] [ne.ne.fm.lo.mo.ModDiscoverer/]: Skipping C:\Users\24745\.gradle\caches\modules-2\files-2.1\com.electronwill.night-config\toml\3.8.3\90b2fd6efcb4a7d5b9810cf78f9d824994d717f2\toml-3.8.3.jar because it was already located earlier
[03:59:57] [main/DEBUG] [ne.ne.fm.lo.mo.ModDiscoverer/]: Skipping C:\Users\24745\.gradle\caches\modules-2\files-2.1\com.electronwill.night-config\core\3.8.3\b442a95f09e349927f5a945ecb594455870fcf4f\core-3.8.3.jar because it was already located earlier
[03:59:57] [main/DEBUG] [ne.ne.fm.lo.mo.ModDiscoverer/]: Skipping C:\Users\24745\.gradle\caches\modules-2\files-2.1\net.neoforged\JarJarSelector\0.4.1\fb3cc7a58af22ad2880adb98af6d518128c47dae\JarJarSelector-0.4.1.jar because it was already located earlier
[03:59:57] [main/DEBUG] [ne.ne.fm.lo.mo.ModDiscoverer/]: Skipping C:\Users\24745\.gradle\caches\modules-2\files-2.1\net.neoforged\JarJarMetadata\0.4.1\f8da03683dc81694556dc3e177c5e3bb77ae6fcb\JarJarMetadata-0.4.1.jar because it was already located earlier
[03:59:57] [main/DEBUG] [ne.ne.fm.lo.mo.ModDiscoverer/]: Skipping C:\Users\24745\.gradle\caches\modules-2\files-2.1\org.apache.maven\maven-artifact\3.8.5\4433f50c07debefaed0553bd0068f4f48d449313\maven-artifact-3.8.5.jar because it was already located earlier
[03:59:57] [main/DEBUG] [ne.ne.fm.lo.mo.ModDiscoverer/]: Skipping C:\Users\24745\.gradle\caches\modules-2\files-2.1\net.jodah\typetools\0.6.3\a01aaa6ddaea9ec07ec4f209487b7a46a526283a\typetools-0.6.3.jar because it was already located earlier
[03:59:57] [main/DEBUG] [ne.ne.fm.lo.mo.ModDiscoverer/]: Skipping C:\Users\24745\.gradle\caches\modules-2\files-2.1\net.minecrell\terminalconsoleappender\1.3.0\b562e9bb61235c9520e26282cdee71f8f802d1fc\terminalconsoleappender-1.3.0.jar because it was already located earlier
[03:59:57] [main/DEBUG] [ne.ne.fm.lo.mo.ModDiscoverer/]: Skipping C:\Users\24745\.gradle\caches\modules-2\files-2.1\net.fabricmc\sponge-mixin\0.15.2+mixin.0.8.7\2af2f021d8e02a0220dc27a7a72b4666d66d44ca\sponge-mixin-0.15.2+mixin.0.8.7.jar because it was already located earlier
[03:59:57] [main/DEBUG] [ne.ne.fm.lo.mo.ModDiscoverer/]: Skipping C:\Users\24745\.gradle\caches\modules-2\files-2.1\org.openjdk.nashorn\nashorn-core\15.4\f67f5ffaa5f5130cf6fb9b133da00c7df3b532a5\nashorn-core-15.4.jar because it was already located earlier
[03:59:57] [main/DEBUG] [ne.ne.fm.lo.mo.ModDiscoverer/]: Skipping C:\Users\24745\.gradle\caches\modules-2\files-2.1\org.apache.commons\commons-lang3\3.14.0\1ed471194b02f2c6cb734a0cd6f6f107c673afae\commons-lang3-3.14.0.jar because it was already located earlier
[03:59:57] [main/DEBUG] [ne.ne.fm.lo.mo.ModDiscoverer/]: Skipping C:\Users\24745\.gradle\caches\modules-2\files-2.1\net.sf.jopt-simple\jopt-simple\5.0.4\4fdac2fbe92dfad86aa6e9301736f6b4342a3f5c\jopt-simple-5.0.4.jar because it was already located earlier
[03:59:57] [main/DEBUG] [ne.ne.fm.lo.mo.ModDiscoverer/]: Skipping C:\Users\24745\.gradle\caches\modules-2\files-2.1\commons-io\commons-io\2.15.1\f11560da189ab563a5c8e351941415430e9304ea\commons-io-2.15.1.jar because it was already located earlier
[03:59:57] [main/DEBUG] [ne.ne.fm.lo.mo.ModDiscoverer/]: Skipping C:\Users\24745\.gradle\caches\modules-2\files-2.1\com.mojang\logging\1.2.7\24cb95ffb0e3433fd6e844c04e68009e504ca1c0\logging-1.2.7.jar because it was already located earlier
[03:59:57] [main/DEBUG] [ne.ne.fm.lo.mo.ModDiscoverer/]: Skipping C:\Users\24745\.gradle\caches\modules-2\files-2.1\org.apache.logging.log4j\log4j-slf4j2-impl\2.22.1\d7e6693c2606cb7e7335047d7bb96dec52db5665\log4j-slf4j2-impl-2.22.1.jar because it was already located earlier
[03:59:57] [main/DEBUG] [ne.ne.fm.lo.mo.ModDiscoverer/]: Skipping C:\Users\24745\.gradle\caches\modules-2\files-2.1\org.apache.logging.log4j\log4j-core\2.22.1\7183a25510a02ad00cc6a95d3b3d2a7d3c5a8dc4\log4j-core-2.22.1.jar because it was already located earlier
[03:59:57] [main/DEBUG] [ne.ne.fm.lo.mo.ModDiscoverer/]: Skipping C:\Users\24745\.gradle\caches\modules-2\files-2.1\org.apache.logging.log4j\log4j-api\2.22.1\bea6fede6328fabafd7e68363161a7ea6605abd1\log4j-api-2.22.1.jar because it was already located earlier
[03:59:57] [main/DEBUG] [ne.ne.fm.lo.mo.ModDiscoverer/]: Skipping C:\Users\24745\.gradle\caches\modules-2\files-2.1\com.google.guava\guava\32.1.2-jre\5e64ec7e056456bef3a4bc4c6fdaef71e8ab6318\guava-32.1.2-jre.jar because it was already located earlier
[03:59:57] [main/DEBUG] [ne.ne.fm.lo.mo.ModDiscoverer/]: Skipping C:\Users\24745\.gradle\caches\modules-2\files-2.1\com.google.code.gson\gson\2.10.1\b3add478d4382b78ea20b1671390a858002feb6c\gson-2.10.1.jar because it was already located earlier
[03:59:57] [main/DEBUG] [ne.ne.fm.lo.mo.ModDiscoverer/]: Skipping C:\Users\24745\.gradle\caches\modules-2\files-2.1\org.slf4j\slf4j-api\2.0.9\7cf2726fdcfbc8610f9a71fb3ed639871f315340\slf4j-api-2.0.9.jar because it was already located earlier
[03:59:57] [main/DEBUG] [ne.ne.fm.lo.mo.ModDiscoverer/]: Skipping C:\Users\24745\.gradle\caches\modules-2\files-2.1\org.antlr\antlr4-runtime\4.13.1\17125bae1d965624e265ef49552f6465a2bfa307\antlr4-runtime-4.13.1.jar because it was already located earlier
[03:59:57] [main/DEBUG] [ne.ne.fm.lo.mo.ModDiscoverer/]: Skipping C:\Users\24745\.gradle\caches\modules-2\files-2.1\net.minecraftforge\srgutils\0.4.15\ca408b131759478f164e010fae0d73997e125fb5\srgutils-0.4.15.jar because it was already located earlier
[03:59:57] [main/DEBUG] [ne.ne.fm.lo.mo.ModDiscoverer/]: Skipping C:\Users\24745\.gradle\caches\modules-2\files-2.1\org.codehaus.plexus\plexus-utils\3.3.0\cf43b5391de623b36fe066a21127baef82c64022\plexus-utils-3.3.0.jar because it was already located earlier
[03:59:57] [main/DEBUG] [ne.ne.fm.lo.mo.ModDiscoverer/]: Skipping C:\Users\24745\.gradle\caches\modules-2\files-2.1\org.jline\jline-reader\3.20.0\8f15415b022a25b473e8e16c28ae913186ffb9c4\jline-reader-3.20.0.jar because it was already located earlier
[03:59:57] [main/DEBUG] [ne.ne.fm.lo.mo.ModDiscoverer/]: Skipping C:\Users\24745\.gradle\caches\modules-2\files-2.1\com.machinezoo.noexception\noexception\1.7.1\b65330c98e38a1f915fa54a6e5eca496505e3f0a\noexception-1.7.1.jar because it was already located earlier
[03:59:57] [main/DEBUG] [ne.ne.fm.lo.mo.ModDiscoverer/]: Skipping C:\Users\24745\.gradle\caches\modules-2\files-2.1\com.github.oshi\oshi-core\6.4.10\b1d8ab82d11d92fd639b56d639f8f46f739dd5fa\oshi-core-6.4.10.jar because it was already located earlier
[03:59:57] [main/DEBUG] [ne.ne.fm.lo.mo.ModDiscoverer/]: Skipping C:\Users\24745\.gradle\caches\modules-2\files-2.1\com.google.guava\failureaccess\1.0.1\1dcf1de382a0bf95a3d8b0849546c88bac1292c9\failureaccess-1.0.1.jar because it was already located earlier
[03:59:57] [main/DEBUG] [ne.ne.fm.lo.mo.ModDiscoverer/]: Skipping C:\Users\24745\.gradle\caches\modules-2\files-2.1\com.ibm.icu\icu4j\73.2\61ad4ef7f9131fcf6d25c34b817f90d6da06c9e9\icu4j-73.2.jar because it was already located earlier
[03:59:57] [main/DEBUG] [ne.ne.fm.lo.mo.ModDiscoverer/]: Skipping C:\Users\24745\.gradle\caches\modules-2\files-2.1\com.mojang\authlib\6.0.54\de8bc95660e1b2fe8793fd427a7a10dcec5b3ea7\authlib-6.0.54.jar because it was already located earlier
[03:59:57] [main/DEBUG] [ne.ne.fm.lo.mo.ModDiscoverer/]: Skipping C:\Users\24745\.gradle\caches\modules-2\files-2.1\com.mojang\blocklist\1.0.10\5c685c5ffa94c4cd39496c7184c1d122e515ecef\blocklist-1.0.10.jar because it was already located earlier
[03:59:57] [main/DEBUG] [ne.ne.fm.lo.mo.ModDiscoverer/]: Skipping C:\Users\24745\.gradle\caches\modules-2\files-2.1\com.mojang\brigadier\1.3.10\d15b53a14cf20fdcaa98f731af5dda654452c010\brigadier-1.3.10.jar because it was already located earlier
[03:59:57] [main/DEBUG] [ne.ne.fm.lo.mo.ModDiscoverer/]: Skipping C:\Users\24745\.gradle\caches\modules-2\files-2.1\com.mojang\datafixerupper\8.0.16\67d4de6d7f95d89bcf5862995fb854ebaec02a34\datafixerupper-8.0.16.jar because it was already located earlier
[03:59:57] [main/DEBUG] [ne.ne.fm.lo.mo.ModDiscoverer/]: Skipping C:\Users\24745\.gradle\caches\modules-2\files-2.1\com.mojang\patchy\2.2.10\da05971b07cbb379d002cf7eaec6a2048211fefc\patchy-2.2.10.jar because it was already located earlier
[03:59:57] [main/DEBUG] [ne.ne.fm.lo.mo.ModDiscoverer/]: Skipping C:\Users\24745\.gradle\caches\modules-2\files-2.1\com.mojang\text2speech\1.17.9\3cad216e3a7f0c19b4b394388bc9ffc446f13b14\text2speech-1.17.9.jar because it was already located earlier
[03:59:57] [main/DEBUG] [ne.ne.fm.lo.mo.ModDiscoverer/]: Skipping C:\Users\24745\.gradle\caches\modules-2\files-2.1\commons-codec\commons-codec\1.16.0\4e3eb3d79888d76b54e28b350915b5dc3919c9de\commons-codec-1.16.0.jar because it was already located earlier
[03:59:57] [main/DEBUG] [ne.ne.fm.lo.mo.ModDiscoverer/]: Skipping C:\Users\24745\.gradle\caches\modules-2\files-2.1\commons-logging\commons-logging\1.2\4bfc12adfe4842bf07b657f0369c4cb522955686\commons-logging-1.2.jar because it was already located earlier
[03:59:57] [main/DEBUG] [ne.ne.fm.lo.mo.ModDiscoverer/]: Skipping C:\Users\24745\.gradle\caches\modules-2\files-2.1\io.netty\netty-buffer\4.1.97.Final\f8f3d8644afa5e6e1a40a3a6aeb9d9aa970ecb4f\netty-buffer-4.1.97.Final.jar because it was already located earlier
[03:59:57] [main/DEBUG] [ne.ne.fm.lo.mo.ModDiscoverer/]: Skipping C:\Users\24745\.gradle\caches\modules-2\files-2.1\io.netty\netty-codec\4.1.97.Final\384ba4d75670befbedb45c4d3b497a93639c206d\netty-codec-4.1.97.Final.jar because it was already located earlier
[03:59:57] [main/DEBUG] [ne.ne.fm.lo.mo.ModDiscoverer/]: Skipping C:\Users\24745\.gradle\caches\modules-2\files-2.1\io.netty\netty-common\4.1.97.Final\7cceacaf11df8dc63f23d0fb58e9d4640fc88404\netty-common-4.1.97.Final.jar because it was already located earlier
[03:59:57] [main/DEBUG] [ne.ne.fm.lo.mo.ModDiscoverer/]: Skipping C:\Users\24745\.gradle\caches\modules-2\files-2.1\io.netty\netty-handler\4.1.97.Final\abb86c6906bf512bf2b797a41cd7d2e8d3cd7c36\netty-handler-4.1.97.Final.jar because it was already located earlier
[03:59:57] [main/DEBUG] [ne.ne.fm.lo.mo.ModDiscoverer/]: Skipping C:\Users\24745\.gradle\caches\modules-2\files-2.1\io.netty\netty-resolver\4.1.97.Final\cec8348108dc76c47cf87c669d514be52c922144\netty-resolver-4.1.97.Final.jar because it was already located earlier
[03:59:57] [main/DEBUG] [ne.ne.fm.lo.mo.ModDiscoverer/]: Skipping C:\Users\24745\.gradle\caches\modules-2\files-2.1\io.netty\netty-transport-classes-epoll\4.1.97.Final\795da37ded759e862457a82d9d92c4d39ce8ecee\netty-transport-classes-epoll-4.1.97.Final.jar because it was already located earlier
[03:59:57] [main/DEBUG] [ne.ne.fm.lo.mo.ModDiscoverer/]: Skipping C:\Users\24745\.gradle\caches\modules-2\files-2.1\io.netty\netty-transport-native-unix-common\4.1.97.Final\d469d84265ab70095b01b40886cabdd433b6e664\netty-transport-native-unix-common-4.1.97.Final.jar because it was already located earlier
[03:59:57] [main/DEBUG] [ne.ne.fm.lo.mo.ModDiscoverer/]: Skipping C:\Users\24745\.gradle\caches\modules-2\files-2.1\io.netty\netty-transport\4.1.97.Final\f37380d23c9bb079bc702910833b2fd532c9abd0\netty-transport-4.1.97.Final.jar because it was already located earlier
[03:59:57] [main/DEBUG] [ne.ne.fm.lo.mo.ModDiscoverer/]: Skipping C:\Users\24745\.gradle\caches\modules-2\files-2.1\it.unimi.dsi\fastutil\8.5.12\c24946d46824bd528054bface3231d2ecb7e95e8\fastutil-8.5.12.jar because it was already located earlier
[03:59:57] [main/DEBUG] [ne.ne.fm.lo.mo.ModDiscoverer/]: Skipping C:\Users\24745\.gradle\caches\modules-2\files-2.1\net.java.dev.jna\jna-platform\5.14.0\28934d48aed814f11e4c584da55c49fa7032b31b\jna-platform-5.14.0.jar because it was already located earlier
[03:59:57] [main/DEBUG] [ne.ne.fm.lo.mo.ModDiscoverer/]: Skipping C:\Users\24745\.gradle\caches\modules-2\files-2.1\net.java.dev.jna\jna\5.14.0\67bf3eaea4f0718cb376a181a629e5f88fa1c9dd\jna-5.14.0.jar because it was already located earlier
[03:59:57] [main/DEBUG] [ne.ne.fm.lo.mo.ModDiscoverer/]: Skipping C:\Users\24745\.gradle\caches\modules-2\files-2.1\org.apache.commons\commons-compress\1.26.0\659feffdd12280201c8aacb8f7be94f9a883c824\commons-compress-1.26.0.jar because it was already located earlier
[03:59:57] [main/DEBUG] [ne.ne.fm.lo.mo.ModDiscoverer/]: Skipping C:\Users\24745\.gradle\caches\modules-2\files-2.1\org.apache.httpcomponents\httpclient\4.5.13\e5f6cae5ca7ecaac1ec2827a9e2d65ae2869cada\httpclient-4.5.13.jar because it was already located earlier
[03:59:57] [main/DEBUG] [ne.ne.fm.lo.mo.ModDiscoverer/]: Skipping C:\Users\24745\.gradle\caches\modules-2\files-2.1\org.apache.httpcomponents\httpcore\4.4.16\51cf043c87253c9f58b539c9f7e44c8894223850\httpcore-4.4.16.jar because it was already located earlier
[03:59:57] [main/DEBUG] [ne.ne.fm.lo.mo.ModDiscoverer/]: Skipping C:\Users\24745\.gradle\caches\modules-2\files-2.1\org.jcraft\jorbis\0.0.17\8872d22b293e8f5d7d56ff92be966e6dc28ebdc6\jorbis-0.0.17.jar because it was already located earlier
[03:59:57] [main/DEBUG] [ne.ne.fm.lo.mo.ModDiscoverer/]: Skipping C:\Users\24745\.gradle\caches\modules-2\files-2.1\org.joml\joml\1.10.5\22566d58af70ad3d72308bab63b8339906deb649\joml-1.10.5.jar because it was already located earlier
[03:59:57] [main/DEBUG] [ne.ne.fm.lo.mo.ModDiscoverer/]: Skipping C:\Users\24745\.gradle\caches\modules-2\files-2.1\org.lwjgl\lwjgl-freetype\3.3.3\a0db6c84a8becc8ca05f9dbfa985edc348a824c7\lwjgl-freetype-3.3.3.jar because it was already located earlier
[03:59:57] [main/DEBUG] [ne.ne.fm.lo.mo.ModDiscoverer/]: Skipping C:\Users\24745\.gradle\caches\modules-2\files-2.1\org.lwjgl\lwjgl-freetype\3.3.3\15a8c1de7f51d07a92eae7ce1222557073a0c0c3\lwjgl-freetype-3.3.3-natives-windows-x86.jar because it was already located earlier
[03:59:57] [main/DEBUG] [ne.ne.fm.lo.mo.ModDiscoverer/]: Skipping C:\Users\24745\.gradle\caches\modules-2\files-2.1\org.lwjgl\lwjgl-glfw\3.3.3\efa1eb78c5ccd840e9f329717109b5e892d72f8e\lwjgl-glfw-3.3.3.jar because it was already located earlier
[03:59:57] [main/DEBUG] [ne.ne.fm.lo.mo.ModDiscoverer/]: Skipping C:\Users\24745\.gradle\caches\modules-2\files-2.1\org.lwjgl\lwjgl-glfw\3.3.3\32334f3fd5270a59bad9939a93115acb6de36dcf\lwjgl-glfw-3.3.3-natives-windows-x86.jar because it was already located earlier
[03:59:57] [main/DEBUG] [ne.ne.fm.lo.mo.ModDiscoverer/]: Skipping C:\Users\24745\.gradle\caches\modules-2\files-2.1\org.lwjgl\lwjgl-jemalloc\3.3.3\b543467b7ff3c6920539a88ee602d34098628be5\lwjgl-jemalloc-3.3.3.jar because it was already located earlier
[03:59:57] [main/DEBUG] [ne.ne.fm.lo.mo.ModDiscoverer/]: Skipping C:\Users\24745\.gradle\caches\modules-2\files-2.1\org.lwjgl\lwjgl-jemalloc\3.3.3\426222fc027602a5f21b9c0fe79cde6a4c7a011f\lwjgl-jemalloc-3.3.3-natives-windows.jar because it was already located earlier
[03:59:57] [main/DEBUG] [ne.ne.fm.lo.mo.ModDiscoverer/]: Skipping C:\Users\24745\.gradle\caches\modules-2\files-2.1\org.lwjgl\lwjgl-openal\3.3.3\daada81ceb5fc0c291fbfdd4433cb8d9423577f2\lwjgl-openal-3.3.3.jar because it was already located earlier
[03:59:57] [main/DEBUG] [ne.ne.fm.lo.mo.ModDiscoverer/]: Skipping C:\Users\24745\.gradle\caches\modules-2\files-2.1\org.lwjgl\lwjgl-openal\3.3.3\87b8d5050e3adb46bb58fe1cb2669a4a48fce10d\lwjgl-openal-3.3.3-natives-windows-x86.jar because it was already located earlier
[03:59:57] [main/DEBUG] [ne.ne.fm.lo.mo.ModDiscoverer/]: Skipping C:\Users\24745\.gradle\caches\modules-2\files-2.1\org.lwjgl\lwjgl-opengl\3.3.3\2f6b0147078396a58979125a4c947664e98293a\lwjgl-opengl-3.3.3.jar because it was already located earlier
[03:59:57] [main/DEBUG] [ne.ne.fm.lo.mo.ModDiscoverer/]: Skipping C:\Users\24745\.gradle\caches\modules-2\files-2.1\org.lwjgl\lwjgl-opengl\3.3.3\65e956d3735a1abdc82eff4baec1b61174697d4b\lwjgl-opengl-3.3.3-natives-windows-arm64.jar because it was already located earlier
[03:59:57] [main/DEBUG] [ne.ne.fm.lo.mo.ModDiscoverer/]: Skipping C:\Users\24745\.gradle\caches\modules-2\files-2.1\org.lwjgl\lwjgl-stb\3.3.3\25dd6161988d7e65f71d5065c99902402ee32746\lwjgl-stb-3.3.3.jar because it was already located earlier
[03:59:57] [main/DEBUG] [ne.ne.fm.lo.mo.ModDiscoverer/]: Skipping C:\Users\24745\.gradle\caches\modules-2\files-2.1\org.lwjgl\lwjgl-stb\3.3.3\1d9facdf6541de114b0f963be33505b7679c78cb\lwjgl-stb-3.3.3-natives-windows.jar because it was already located earlier
[03:59:57] [main/DEBUG] [ne.ne.fm.lo.mo.ModDiscoverer/]: Skipping C:\Users\24745\.gradle\caches\modules-2\files-2.1\org.lwjgl\lwjgl-tinyfd\3.3.3\82d755ca94b102e9ca77283b9e2dc46d1b15fbe5\lwjgl-tinyfd-3.3.3.jar because it was already located earlier
[03:59:57] [main/DEBUG] [ne.ne.fm.lo.mo.ModDiscoverer/]: Skipping C:\Users\24745\.gradle\caches\modules-2\files-2.1\org.lwjgl\lwjgl-tinyfd\3.3.3\a6697981b0449a5087c1d546fc08b4f73e8f98c9\lwjgl-tinyfd-3.3.3-natives-windows.jar because it was already located earlier
[03:59:57] [main/DEBUG] [ne.ne.fm.lo.mo.ModDiscoverer/]: Skipping C:\Users\24745\.gradle\caches\modules-2\files-2.1\org.lwjgl\lwjgl\3.3.3\29589b5f87ed335a6c7e7ee6a5775f81f97ecb84\lwjgl-3.3.3.jar because it was already located earlier
[03:59:57] [main/DEBUG] [ne.ne.fm.lo.mo.ModDiscoverer/]: Skipping C:\Users\24745\.gradle\caches\modules-2\files-2.1\org.lwjgl\lwjgl\3.3.3\9e670718e050aeaeea0c2d5b907cffb142f2e58f\lwjgl-3.3.3-natives-windows-x86.jar because it was already located earlier
[03:59:57] [main/DEBUG] [ne.ne.fm.lo.mo.ModDiscoverer/]: Skipping C:\Users\24745\.gradle\caches\modules-2\files-2.1\org.lz4\lz4-java\1.8.0\4b986a99445e49ea5fbf5d149c4b63f6ed6c6780\lz4-java-1.8.0.jar because it was already located earlier
[03:59:57] [main/DEBUG] [ne.ne.fm.lo.mo.ModDiscoverer/]: Skipping C:\Users\24745\.gradle\caches\modules-2\files-2.1\org.jline\jline-terminal\3.20.0\d0ddcc708ddf527a3454c941b7b9225cc83a15ff\jline-terminal-3.20.0.jar because it was already located earlier
[03:59:57] [main/DEBUG] [ne.ne.fm.lo.mo.ModDiscoverer/]: Skipping C:\Users\24745\.gradle\caches\modules-2\files-2.1\com.google.guava\listenablefuture\9999.0-empty-to-avoid-conflict-with-guava\b421526c5f297295adef1c886e5246c39d4ac629\listenablefuture-9999.0-empty-to-avoid-conflict-with-guava.jar because it was already located earlier
[03:59:57] [main/DEBUG] [ne.ne.fm.lo.mo.ModDiscoverer/]: Skipping C:\Users\24745\.gradle\caches\modules-2\files-2.1\com.google.code.findbugs\jsr305\3.0.2\25ea2e8b0c338a877313bd4672d3fe056ea78f0d\jsr305-3.0.2.jar because it was already located earlier
[03:59:57] [main/DEBUG] [ne.ne.fm.lo.mo.ModDiscoverer/]: Skipping C:\Users\24745\.gradle\caches\modules-2\files-2.1\org.checkerframework\checker-qual\3.33.0\de2b60b62da487644fc11f734e73c8b0b431238f\checker-qual-3.33.0.jar because it was already located earlier
[03:59:57] [main/DEBUG] [ne.ne.fm.lo.mo.ModDiscoverer/]: Skipping C:\Users\24745\.gradle\caches\modules-2\files-2.1\com.google.errorprone\error_prone_annotations\2.18.0\89b684257096f548fa39a7df9fdaa409d4d4df91\error_prone_annotations-2.18.0.jar because it was already located earlier
[03:59:57] [main/DEBUG] [ne.ne.fm.lo.mo.ModDiscoverer/]: Skipping C:\Users\24745\.gradle\caches\modules-2\files-2.1\com.google.j2objc\j2objc-annotations\2.8\c85270e307e7b822f1086b93689124b89768e273\j2objc-annotations-2.8.jar because it was already located earlier
[03:59:57] [main/DEBUG] [ne.ne.fm.lo.UniqueModListBuilder/]: Found 2 mods for first modid jei, selecting most recent based on version data
[03:59:57] [main/DEBUG] [ne.ne.fm.lo.UniqueModListBuilder/]: Selected file jei-1.21.1-neoforge-19.27.0.340.jar for modid jei with version 19.27.0.340
[03:59:57] [main/DEBUG] [ne.ne.fm.lo.UniqueModListBuilder/]: Found 2 mods for first modid neoforge, selecting most recent based on version data
[03:59:57] [main/DEBUG] [ne.ne.fm.lo.UniqueModListBuilder/]: Selected file neoforge-21.1.219.jar for modid neoforge with version 21.1.219
[03:59:57] [main/DEBUG] [ne.ne.fm.lo.mo.ModFileParser/LOADING]: Considering mod file candidate 
[03:59:57] [main/DEBUG] [ne.ne.fm.lo.mo.ModFileInfo/LOADING]: Found valid mod file better-advanced-tooltips-2101.1.0-build.1.jar with {betteradvancedtooltips} mods - versions {2101.1.0-build.1}
[03:59:57] [main/DEBUG] [ne.ne.fm.lo.mo.ModFileParser/LOADING]: Considering mod file candidate 
[03:59:57] [main/DEBUG] [ne.ne.fm.lo.mo.ModFileInfo/LOADING]: Found valid mod file better-advanced-tooltips-2101.1.0-build.1.jar with {betteradvancedtooltips} mods - versions {2101.1.0-build.1}
[03:59:57] [main/INFO] [ne.ne.fm.lo.mo.lo.JarInJarDependencyLocator/]: Found 5 dependencies adding them to mods collection
[03:59:57] [main/INFO] [ne.ne.fm.lo.mo.ModDiscoverer/]: 
     Mod List:
		Name Version (Mod Id)

		AppleSkin 3.0.7+mc1.21 (appleskin)
		Better Advanced Tooltips 2101.1.0-build.1 (betteradvancedtooltips)
		Better Advancements 0.4.3.21 (betteradvancements)
		Create 6.0.8 (create)
		EMI 1.1.22+1.21.1+neoforge (emi)
		Farmer's Delight 1.2.9 (farmersdelight)
		Flywheel 1.0.4 (flywheel)
		Jade 15.10.0+neoforge (jade)
		Just Enough Items 19.27.0.340 (jei)
		KubeJS 2101.7.2-build.368 (kubejs)
		Minecraft 1.21.1 (minecraft)
		NeoForge 21.1.219 (neoforge)
		Ponder 1.0.64 (ponder)
		PoopSky 1.21.1-1.5-dev (poopsky)
		Powerful Dummy 21-0.0.9-hotfix (powerful_dummy)
		Rhino 2101.2.7-build.85 (rhino)
		Sable Companion 1.6.0 (sablecompanion)
		Touhou Little Maid 1.4.6-neoforge+mc1.21.1 (touhou_little_maid)
		闈掕洐鍙樼 1.2.0 (frog_variant_mod_1782245873)
[03:59:57] [main/DEBUG] [ne.ne.fm.lo.mo.ModFileInfo/LOADING]: Found valid mod file neoforge-21.1.219.jar with {minecraft} mods - versions {1.21.1}
[03:59:57] [main/DEBUG] [ne.ne.fm.lo.mo.ModFile/LOADING]: Loading mod file F:\Minecraft\ModDev\PoopSkyMod\build\moddev\artifacts\neoforge-21.1.219.jar with languages [LanguageSpec[languageName=minecraft, acceptedVersions=1]]
[03:59:57] [main/DEBUG] [ne.ne.fm.lo.mo.ModFileParser/LOADING]: Considering mod file candidate F:\Minecraft\ModDev\PoopSkyMod\run\mods\emi-1.1.22+1.21.1+neoforge.jar
[03:59:57] [main/DEBUG] [ne.ne.fm.lo.mo.ModFileInfo/LOADING]: Found valid mod file emi-1.1.22+1.21.1+neoforge.jar with {emi} mods - versions {1.1.22+1.21.1+neoforge}
[03:59:57] [main/DEBUG] [ne.ne.fm.lo.mo.ModFile/LOADING]: Loading mod file F:\Minecraft\ModDev\PoopSkyMod\run\mods\emi-1.1.22+1.21.1+neoforge.jar with languages [LanguageSpec[languageName=javafml, acceptedVersions=[1,)]]
[03:59:57] [main/DEBUG] [ne.ne.fm.lo.mo.ModFile/LOADING]: Found mixin config MixinConfig[config=emi.mixins.json, requiredMods=[]]
[03:59:57] [main/DEBUG] [ne.ne.fm.lo.mo.ModFile/LOADING]: Found mixin config MixinConfig[config=emi-neoforge.mixins.json, requiredMods=[]]
[03:59:57] [main/DEBUG] [ne.ne.fm.lo.mo.ModFileParser/LOADING]: Considering mod file candidate F:\Minecraft\ModDev\PoopSkyMod\run\mods\FarmersDelight-1.21.1-1.2.9.jar
[03:59:57] [main/DEBUG] [ne.ne.fm.lo.mo.ModFileInfo/LOADING]: Found valid mod file FarmersDelight-1.21.1-1.2.9.jar with {farmersdelight} mods - versions {1.2.9}
[03:59:57] [main/DEBUG] [ne.ne.fm.lo.mo.ModFile/LOADING]: Loading mod file F:\Minecraft\ModDev\PoopSkyMod\run\mods\FarmersDelight-1.21.1-1.2.9.jar with languages [LanguageSpec[languageName=javafml, acceptedVersions=[4,)]]
[03:59:57] [main/DEBUG] [ne.ne.fm.lo.mo.ModFile/LOADING]: Found mixin config MixinConfig[config=farmersdelight.mixins.json, requiredMods=[]]
[03:59:57] [main/DEBUG] [ne.ne.fm.lo.mo.ModFileParser/LOADING]: Considering mod file candidate F:\Minecraft\ModDev\PoopSkyMod\run\mods\kubejs-neoforge-2101.7.2-build.368.jar
[03:59:57] [main/DEBUG] [ne.ne.fm.lo.mo.ModFileInfo/LOADING]: Found valid mod file kubejs-neoforge-2101.7.2-build.368.jar with {kubejs} mods - versions {2101.7.2-build.368}
[03:59:57] [main/DEBUG] [ne.ne.fm.lo.mo.ModFile/LOADING]: Loading mod file F:\Minecraft\ModDev\PoopSkyMod\run\mods\kubejs-neoforge-2101.7.2-build.368.jar with languages [LanguageSpec[languageName=javafml, acceptedVersions=[2,)]]
[03:59:57] [main/DEBUG] [ne.ne.fm.lo.mo.ModFile/LOADING]: Found mixin config MixinConfig[config=kubejs.mixins.json, requiredMods=[]]
[03:59:57] [main/DEBUG] [ne.ne.fm.lo.mo.ModFileParser/LOADING]: Considering mod file candidate F:\Minecraft\ModDev\PoopSkyMod\run\mods\rhino-2101.2.7-build.85.jar
[03:59:57] [main/DEBUG] [ne.ne.fm.lo.mo.ModFileInfo/LOADING]: Found valid mod file rhino-2101.2.7-build.85.jar with {rhino} mods - versions {2101.2.7-build.85}
[03:59:57] [main/DEBUG] [ne.ne.fm.lo.mo.ModFile/LOADING]: Loading mod file F:\Minecraft\ModDev\PoopSkyMod\run\mods\rhino-2101.2.7-build.85.jar with languages [LanguageSpec[languageName=lowcodefml, acceptedVersions=[2,)]]
[03:59:57] [main/DEBUG] [ne.ne.fm.lo.mo.ModFileParser/LOADING]: Considering mod file candidate 
[03:59:57] [main/DEBUG] [ne.ne.fm.lo.mo.ModFileInfo/LOADING]: Found valid mod file better-advanced-tooltips-2101.1.0-build.1.jar with {betteradvancedtooltips} mods - versions {2101.1.0-build.1}
[03:59:57] [main/DEBUG] [ne.ne.fm.lo.mo.ModFile/LOADING]: Loading mod file  with languages [LanguageSpec[languageName=javafml, acceptedVersions=[2,)]]
[03:59:57] [main/DEBUG] [ne.ne.fm.lo.mo.ModFile/LOADING]: Found mixin config MixinConfig[config=betteradvancedtooltips.mixins.json, requiredMods=[]]
[03:59:57] [main/DEBUG] [ne.ne.fm.lo.mo.ModFileParser/LOADING]: Considering mod file candidate F:\Minecraft\ModDev\PoopSkyMod\run\mods\Jade-1.21.1-NeoForge-15.10.0.jar
[03:59:57] [main/DEBUG] [ne.ne.fm.lo.mo.ModFileInfo/LOADING]: Found valid mod file Jade-1.21.1-NeoForge-15.10.0.jar with {jade} mods - versions {15.10.0+neoforge}
[03:59:57] [main/DEBUG] [ne.ne.fm.lo.mo.ModFile/LOADING]: Loading mod file F:\Minecraft\ModDev\PoopSkyMod\run\mods\Jade-1.21.1-NeoForge-15.10.0.jar with languages [LanguageSpec[languageName=javafml, acceptedVersions=[1,)]]
[03:59:57] [main/DEBUG] [ne.ne.fm.lo.mo.ModFile/LOADING]: Found mixin config MixinConfig[config=jade.mixins.json, requiredMods=[]]
[03:59:57] [main/DEBUG] [ne.ne.fm.lo.mo.ModFileParser/LOADING]: Considering mod file candidate F:\Minecraft\ModDev\PoopSkyMod\run\mods\appleskin-neoforge-mc1.21-3.0.7.jar
[03:59:57] [main/DEBUG] [ne.ne.fm.lo.mo.ModFileInfo/LOADING]: Found valid mod file appleskin-neoforge-mc1.21-3.0.7.jar with {appleskin} mods - versions {3.0.7+mc1.21}
[03:59:57] [main/DEBUG] [ne.ne.fm.lo.mo.ModFile/LOADING]: Loading mod file F:\Minecraft\ModDev\PoopSkyMod\run\mods\appleskin-neoforge-mc1.21-3.0.7.jar with languages [LanguageSpec[languageName=javafml, acceptedVersions=[2,)]]
[03:59:57] [main/DEBUG] [ne.ne.fm.lo.mo.ModFileParser/LOADING]: Considering mod file candidate C:\Users\24745\.gradle\caches\modules-2\files-2.1\net.createmod.ponder\Ponder-NeoForge-1.21.1\1.0.64\115affcebbb877f4c878ab9e2867973a32895838\Ponder-NeoForge-1.21.1-1.0.64.jar
[03:59:57] [main/DEBUG] [ne.ne.fm.lo.mo.ModFileInfo/LOADING]: Found valid mod file Ponder-NeoForge-1.21.1-1.0.64.jar with {ponder} mods - versions {1.0.64}
[03:59:57] [main/DEBUG] [ne.ne.fm.lo.mo.ModFile/LOADING]: Loading mod file C:\Users\24745\.gradle\caches\modules-2\files-2.1\net.createmod.ponder\Ponder-NeoForge-1.21.1\1.0.64\115affcebbb877f4c878ab9e2867973a32895838\Ponder-NeoForge-1.21.1-1.0.64.jar with languages [LanguageSpec[languageName=javafml, acceptedVersions=[0,)]]
[03:59:57] [main/DEBUG] [ne.ne.fm.lo.mo.ModFile/LOADING]: Found mixin config MixinConfig[config=ponder.mixins.json, requiredMods=[]]
[03:59:57] [main/DEBUG] [ne.ne.fm.lo.mo.ModFile/LOADING]: Found mixin config MixinConfig[config=ponder-common.mixins.json, requiredMods=[]]
[03:59:57] [main/DEBUG] [ne.ne.fm.lo.mo.ModFileParser/LOADING]: Considering mod file candidate F:\Minecraft\ModDev\PoopSkyMod\run\mods\jei-1.21.1-neoforge-19.27.0.340.jar
[03:59:57] [main/DEBUG] [ne.ne.fm.lo.mo.ModFileInfo/LOADING]: Found valid mod file jei-1.21.1-neoforge-19.27.0.340.jar with {jei} mods - versions {19.27.0.340}
[03:59:57] [main/DEBUG] [ne.ne.fm.lo.mo.ModFile/LOADING]: Loading mod file F:\Minecraft\ModDev\PoopSkyMod\run\mods\jei-1.21.1-neoforge-19.27.0.340.jar with languages [LanguageSpec[languageName=javafml, acceptedVersions=[4,)]]
[03:59:57] [main/DEBUG] [ne.ne.fm.lo.mo.ModFileParser/LOADING]: Considering mod file candidate F:\Minecraft\ModDev\PoopSkyMod\build\classes\java\main
[03:59:57] [main/DEBUG] [ne.ne.fm.lo.mo.ModFileInfo/LOADING]: Found valid mod file main with {poopsky} mods - versions {1.21.1-1.5-dev}
[03:59:57] [main/DEBUG] [ne.ne.fm.lo.mo.ModFile/LOADING]: Loading mod file F:\Minecraft\ModDev\PoopSkyMod\build\classes\java\main with languages [LanguageSpec[languageName=javafml, acceptedVersions=[4,)]]
[03:59:57] [main/DEBUG] [ne.ne.fm.lo.mo.ModFile/LOADING]: Found mixin config MixinConfig[config=poopsky.mixins.json, requiredMods=[]]
[03:59:57] [main/DEBUG] [ne.ne.fm.lo.mo.ModFileParser/LOADING]: Considering mod file candidate C:\Users\24745\.gradle\caches\modules-2\files-2.1\dev.ryanhcode.sable-companion\sable-companion-common-1.21.1\1.6.0\370be7db705926176e05c0215ed676150c45daae\sable-companion-common-1.21.1-1.6.0.jar
[03:59:57] [main/DEBUG] [ne.ne.fm.lo.mo.ModFileInfo/LOADING]: Found valid mod file sable-companion-common-1.21.1-1.6.0.jar with {sablecompanion} mods - versions {1.6.0}
[03:59:57] [main/DEBUG] [ne.ne.fm.lo.mo.ModFile/LOADING]: Loading mod file C:\Users\24745\.gradle\caches\modules-2\files-2.1\dev.ryanhcode.sable-companion\sable-companion-common-1.21.1\1.6.0\370be7db705926176e05c0215ed676150c45daae\sable-companion-common-1.21.1-1.6.0.jar with languages [LanguageSpec[languageName=javafml, acceptedVersions=[4,)]]
[03:59:57] [main/DEBUG] [ne.ne.fm.lo.mo.ModFileParser/LOADING]: Considering mod file candidate C:\Users\24745\.gradle\caches\modules-2\files-2.1\curse.maven\touhou-little-maid-355044\7307724\86592411e55d7bf91be1a543b6ca3858f9f9c3b\touhou-little-maid-355044-7307724.jar
[03:59:57] [main/DEBUG] [ne.ne.fm.lo.mo.ModFileInfo/LOADING]: Found valid mod file touhou-little-maid-355044-7307724.jar with {touhou_little_maid} mods - versions {1.4.6-neoforge+mc1.21.1}
[03:59:57] [main/DEBUG] [ne.ne.fm.lo.mo.ModFile/LOADING]: Loading mod file C:\Users\24745\.gradle\caches\modules-2\files-2.1\curse.maven\touhou-little-maid-355044\7307724\86592411e55d7bf91be1a543b6ca3858f9f9c3b\touhou-little-maid-355044-7307724.jar with languages [LanguageSpec[languageName=javafml, acceptedVersions=[4,)]]
[03:59:57] [main/DEBUG] [ne.ne.fm.lo.mo.ModFile/LOADING]: Found mixin config MixinConfig[config=touhou_little_maid.mixins.json, requiredMods=[]]
[03:59:57] [main/DEBUG] [ne.ne.fm.lo.mo.ModFileParser/LOADING]: Considering mod file candidate C:\Users\24745\.gradle\caches\modules-2\files-2.1\dev.engine-room.flywheel\flywheel-neoforge-1.21.1\1.0.4\47fe9da825b4479bbac55d6432d5932ee76f32f0\flywheel-neoforge-1.21.1-1.0.4.jar
[03:59:57] [main/DEBUG] [ne.ne.fm.lo.mo.ModFileInfo/LOADING]: Found valid mod file flywheel-neoforge-1.21.1-1.0.4.jar with {flywheel} mods - versions {1.0.4}
[03:59:57] [main/DEBUG] [ne.ne.fm.lo.mo.ModFile/LOADING]: Loading mod file C:\Users\24745\.gradle\caches\modules-2\files-2.1\dev.engine-room.flywheel\flywheel-neoforge-1.21.1\1.0.4\47fe9da825b4479bbac55d6432d5932ee76f32f0\flywheel-neoforge-1.21.1-1.0.4.jar with languages [LanguageSpec[languageName=javafml, acceptedVersions=[0,)]]
[03:59:57] [main/DEBUG] [ne.ne.fm.lo.mo.ModFile/LOADING]: Found mixin config MixinConfig[config=flywheel.backend.mixins.json, requiredMods=[]]
[03:59:57] [main/DEBUG] [ne.ne.fm.lo.mo.ModFile/LOADING]: Found mixin config MixinConfig[config=flywheel.impl.mixins.json, requiredMods=[]]
[03:59:57] [main/DEBUG] [ne.ne.fm.lo.mo.ModFileParser/LOADING]: Considering mod file candidate C:\Users\24745\.gradle\caches\modules-2\files-2.1\com.simibubi.create\create-1.21.1\6.0.8-168\22f78139dc39d48c2a7637d4b0b3f64ca6ff9386\create-1.21.1-6.0.8-168-slim.jar
[03:59:57] [main/DEBUG] [ne.ne.fm.lo.mo.ModFileInfo/LOADING]: Found valid mod file create-1.21.1-6.0.8-168-slim.jar with {create} mods - versions {6.0.8}
[03:59:57] [main/DEBUG] [ne.ne.fm.lo.mo.ModFile/LOADING]: Loading mod file C:\Users\24745\.gradle\caches\modules-2\files-2.1\com.simibubi.create\create-1.21.1\6.0.8-168\22f78139dc39d48c2a7637d4b0b3f64ca6ff9386\create-1.21.1-6.0.8-168-slim.jar with languages [LanguageSpec[languageName=javafml, acceptedVersions=[0,)]]
[03:59:57] [main/DEBUG] [ne.ne.fm.lo.mo.ModFile/LOADING]: Found mixin config MixinConfig[config=create.mixins.json, requiredMods=[]]
[03:59:57] [main/DEBUG] [ne.ne.fm.lo.mo.ModFileParser/LOADING]: Considering mod file candidate F:\Minecraft\ModDev\PoopSkyMod\run\mods\frog_variant_mod-1.2.0.jar
[03:59:57] [main/DEBUG] [ne.ne.fm.lo.mo.ModFileInfo/LOADING]: Found valid mod file frog_variant_mod-1.2.0.jar with {frog_variant_mod_1782245873} mods - versions {1.2.0}
[03:59:57] [main/DEBUG] [ne.ne.fm.lo.mo.ModFile/LOADING]: Loading mod file F:\Minecraft\ModDev\PoopSkyMod\run\mods\frog_variant_mod-1.2.0.jar with languages [LanguageSpec[languageName=javafml, acceptedVersions=[1,)]]
[03:59:57] [main/DEBUG] [ne.ne.fm.lo.mo.ModFileParser/LOADING]: Considering mod file candidate F:\Minecraft\ModDev\PoopSkyMod\run\mods\powerful_dummy-21-0.0.9-hotfix.jar
[03:59:57] [main/DEBUG] [ne.ne.fm.lo.mo.ModFileInfo/LOADING]: Found valid mod file powerful_dummy-21-0.0.9-hotfix.jar with {powerful_dummy} mods - versions {21-0.0.9-hotfix}
[03:59:57] [main/DEBUG] [ne.ne.fm.lo.mo.ModFile/LOADING]: Loading mod file F:\Minecraft\ModDev\PoopSkyMod\run\mods\powerful_dummy-21-0.0.9-hotfix.jar with languages [LanguageSpec[languageName=javafml, acceptedVersions=[1,)]]
[03:59:57] [main/DEBUG] [ne.ne.fm.lo.mo.ModFile/LOADING]: Found mixin config MixinConfig[config=powerful_dummy.mixins.json, requiredMods=[]]
[03:59:57] [main/DEBUG] [ne.ne.fm.lo.mo.ModFileParser/LOADING]: Considering mod file candidate F:\Minecraft\ModDev\PoopSkyMod\build\moddev\artifacts\neoforge-21.1.219.jar
[03:59:57] [main/DEBUG] [ne.ne.fm.lo.mo.ModFileInfo/LOADING]: Found valid mod file neoforge-21.1.219.jar with {neoforge} mods - versions {21.1.219}
[03:59:57] [main/DEBUG] [ne.ne.fm.lo.mo.ModFile/LOADING]: Loading mod file F:\Minecraft\ModDev\PoopSkyMod\build\moddev\artifacts\neoforge-21.1.219.jar with languages [LanguageSpec[languageName=javafml, acceptedVersions=[3,]]]
[03:59:57] [main/DEBUG] [ne.ne.fm.lo.mo.ModFile/LOADING]: Found mixin config MixinConfig[config=neoforge.mixins.json, requiredMods=[]]
[03:59:57] [main/DEBUG] [ne.ne.fm.lo.mo.ModFileParser/LOADING]: Considering mod file candidate F:\Minecraft\ModDev\PoopSkyMod\run\mods\BetterAdvancements-NeoForge-1.21.1-0.4.3.21.jar
[03:59:57] [main/DEBUG] [ne.ne.fm.lo.mo.ModFileInfo/LOADING]: Found valid mod file BetterAdvancements-NeoForge-1.21.1-0.4.3.21.jar with {betteradvancements} mods - versions {0.4.3.21}
[03:59:57] [main/DEBUG] [ne.ne.fm.lo.mo.ModFile/LOADING]: Loading mod file F:\Minecraft\ModDev\PoopSkyMod\run\mods\BetterAdvancements-NeoForge-1.21.1-0.4.3.21.jar with languages [LanguageSpec[languageName=javafml, acceptedVersions=[4,)]]
[03:59:57] [main/DEBUG] [ne.ne.fm.lo.mo.ModFile/LOADING]: Loading mod file C:\Users\24745\.gradle\caches\modules-2\files-2.1\com.tterrag.registrate\Registrate\MC1.21-1.3.0+62\e8ca9c96f9e3535e4dbf2e57699e0d1c7783fec2\Registrate-MC1.21-1.3.0+62.jar with languages []
[03:59:57] [main/DEBUG] [ne.ne.fm.lo.mo.ModFile/LOADING]: Loading mod file  with languages []
[03:59:57] [main/DEBUG] [cp.mo.mo.TransformationServiceDecorator/MODLAUNCHER]: End scan trigger - transformation service fml
[03:59:57] [main/DEBUG] [ne.ne.fm.ut.ServiceLoaderUtil/CORE]: Found 3 implementations of IModLanguageLoader:
[03:59:57] [main/DEBUG] [ne.ne.fm.ut.ServiceLoaderUtil/CORE]: 	net.neoforged.fml.javafmlmod.FMLJavaModLanguageProvider from loader-4.0.42.jar
[03:59:57] [main/DEBUG] [ne.ne.fm.ut.ServiceLoaderUtil/CORE]: 	net.neoforged.fml.lowcodemod.LowCodeModLanguageProvider from loader-4.0.42.jar
[03:59:57] [main/DEBUG] [ne.ne.fm.ut.ServiceLoaderUtil/CORE]: 	net.neoforged.fml.mclanguageprovider.MinecraftModLanguageProvider from loader-4.0.42.jar
[03:59:57] [main/DEBUG] [ne.ne.fm.lo.LanguageProviderLoader/CORE]: Found language provider javafml, version 4.0.42
[03:59:57] [main/DEBUG] [ne.ne.fm.lo.LanguageProviderLoader/CORE]: Found language provider lowcodefml, version 4.0.42
[03:59:57] [main/DEBUG] [ne.ne.fm.lo.LanguageProviderLoader/CORE]: Found language provider minecraft, version 4.0.42
[03:59:57] [main/DEBUG] [ne.ne.fm.lo.ModSorter/]: Configured system mods: [minecraft, neoforge]
[03:59:57] [main/DEBUG] [ne.ne.fm.lo.ModSorter/]: Found system mod: minecraft
[03:59:57] [main/DEBUG] [ne.ne.fm.lo.ModSorter/]: Found system mod: neoforge
[03:59:57] [main/DEBUG] [ne.ne.fm.lo.ModSorter/LOADING]: Found 44 mod requirements (31 mandatory, 13 optional)
[03:59:57] [main/DEBUG] [ne.ne.fm.lo.ModSorter/LOADING]: Found 0 mod requirements missing (0 mandatory, 0 optional)
[03:59:57] [main/DEBUG] [mixin/]: Adding mixin platform agents for container net.neoforged.fml.loading.mixin.FMLMixinContainerHandle@75e710b
[03:59:57] [main/DEBUG] [mixin/]: Instancing new MixinPlatformAgentMinecraftForge for net.neoforged.fml.loading.mixin.FMLMixinContainerHandle@75e710b
[03:59:57] [main/DEBUG] [mixin/]: MixinPlatformAgentMinecraftForge rejected container net.neoforged.fml.loading.mixin.FMLMixinContainerHandle@75e710b
[03:59:57] [main/DEBUG] [mixin/]: Instancing new MixinPlatformAgentDefault for net.neoforged.fml.loading.mixin.FMLMixinContainerHandle@75e710b
[03:59:57] [main/DEBUG] [mixin/]: MixinPlatformAgentDefault accepted container net.neoforged.fml.loading.mixin.FMLMixinContainerHandle@75e710b
[03:59:57] [main/DEBUG] [mixin/]: Instancing new FMLMixinPlatformAgent for net.neoforged.fml.loading.mixin.FMLMixinContainerHandle@75e710b
[03:59:57] [main/DEBUG] [mixin/]: FMLMixinPlatformAgent accepted container net.neoforged.fml.loading.mixin.FMLMixinContainerHandle@75e710b
[03:59:57] [main/DEBUG] [cp.mo.mo.TransformationServicesHandler/MODLAUNCHER]: Transformation services loading transformers
[03:59:57] [main/DEBUG] [cp.mo.mo.TransformationServiceDecorator/MODLAUNCHER]: Initializing transformers for transformation service mixin
[03:59:57] [main/DEBUG] [cp.mo.mo.TransformationServiceDecorator/MODLAUNCHER]: Initialized transformers for transformation service mixin
[03:59:57] [main/DEBUG] [cp.mo.mo.TransformationServiceDecorator/MODLAUNCHER]: Initializing transformers for transformation service fml
[03:59:57] [main/DEBUG] [ne.ne.fm.lo.FMLServiceProvider/LOADING]: Loading coremod transformers
[03:59:57] [main/DEBUG] [ne.ne.fm.lo.FMLServiceProvider/CORE]: Not loading coremod script-engine since no mod requested it
[03:59:57] [main/DEBUG] [ne.ne.fm.ut.ServiceLoaderUtil/CORE]: Found 1 implementations of ICoreMod:
[03:59:57] [main/DEBUG] [ne.ne.fm.ut.ServiceLoaderUtil/CORE]: 	net.neoforged.neoforge.coremods.NeoForgeCoreMod from neoforge-21.1.219.jar > net.neoforged.neoforge-coremods-21.1.219.jar
[03:59:57] [main/DEBUG] [ne.ne.fm.lo.FMLServiceProvider/CORE]: Adding [Target[className=net.minecraft.world.level.biome.Biome, elementName=, elementDescriptor=, targetType=cpw.mods.modlauncher.api.TargetType@42f8285e]] transformer from core-mod net.neoforged.neoforge.coremods.NeoForgeCoreMod@604b1e1d in neoforge-21.1.219.jar > net.neoforged.neoforge-coremods-21.1.219.jar
[03:59:57] [main/DEBUG] [ne.ne.fm.lo.FMLServiceProvider/CORE]: Adding [Target[className=net.minecraft.world.level.levelgen.structure.Structure, elementName=, elementDescriptor=, targetType=cpw.mods.modlauncher.api.TargetType@42f8285e]] transformer from core-mod net.neoforged.neoforge.coremods.NeoForgeCoreMod@604b1e1d in neoforge-21.1.219.jar > net.neoforged.neoforge-coremods-21.1.219.jar
[03:59:57] [main/DEBUG] [ne.ne.fm.lo.FMLServiceProvider/CORE]: Adding [Target[className=net.minecraft.world.level.block.FlowerPotBlock, elementName=, elementDescriptor=, targetType=cpw.mods.modlauncher.api.TargetType@42f8285e]] transformer from core-mod net.neoforged.neoforge.coremods.NeoForgeCoreMod@604b1e1d in neoforge-21.1.219.jar > net.neoforged.neoforge-coremods-21.1.219.jar
[03:59:57] [main/DEBUG] [ne.ne.fm.lo.FMLServiceProvider/CORE]: Adding [Target[className=net/minecraft/world/entity/monster/ZombieVillager, elementName=, elementDescriptor=, targetType=cpw.mods.modlauncher.api.TargetType@42f8285e], Target[className=net/minecraft/world/entity/monster/Evoker$EvokerSummonSpellGoal, elementName=, elementDescriptor=, targetType=cpw.mods.modlauncher.api.TargetType@42f8285e], Target[className=net/minecraft/world/entity/animal/frog/Tadpole, elementName=, elementDescriptor=, targetType=cpw.mods.modlauncher.api.TargetType@42f8285e], Target[className=net/minecraft/server/commands/RaidCommand, elementName=, elementDescriptor=, targetType=cpw.mods.modlauncher.api.TargetType@42f8285e], Target[className=net/minecraft/world/entity/animal/horse/SkeletonTrapGoal, elementName=, elementDescriptor=, targetType=cpw.mods.modlauncher.api.TargetType@42f8285e], Target[className=net/minecraft/world/level/levelgen/structure/templatesystem/StructureTemplate, elementName=, elementDescriptor=, targetType=cpw.mods.modlauncher.api.TargetType@42f8285e], Target[className=net/minecraft/world/entity/monster/Strider, elementName=, elementDescriptor=, targetType=cpw.mods.modlauncher.api.TargetType@42f8285e], Target[className=net/minecraft/world/level/levelgen/structure/structures/SwampHutPiece, elementName=, elementDescriptor=, targetType=cpw.mods.modlauncher.api.TargetType@42f8285e], Target[className=net/minecraft/world/entity/ai/village/VillageSiege, elementName=, elementDescriptor=, targetType=cpw.mods.modlauncher.api.TargetType@42f8285e], Target[className=net/minecraft/world/level/levelgen/structure/structures/OceanRuinPieces$OceanRuinPiece, elementName=, elementDescriptor=, targetType=cpw.mods.modlauncher.api.TargetType@42f8285e], Target[className=net/minecraft/world/level/levelgen/PatrolSpawner, elementName=, elementDescriptor=, targetType=cpw.mods.modlauncher.api.TargetType@42f8285e], Target[className=net/minecraft/world/entity/npc/CatSpawner, elementName=, elementDescriptor=, targetType=cpw.mods.modlauncher.api.TargetType@42f8285e], Target[className=net/minecraft/world/level/levelgen/PhantomSpawner, elementName=, elementDescriptor=, targetType=cpw.mods.modlauncher.api.TargetType@42f8285e], Target[className=net/minecraft/world/entity/npc/Villager, elementName=, elementDescriptor=, targetType=cpw.mods.modlauncher.api.TargetType@42f8285e], Target[className=net/minecraft/world/level/levelgen/structure/structures/WoodlandMansionPieces$WoodlandMansionPiece, elementName=, elementDescriptor=, targetType=cpw.mods.modlauncher.api.TargetType@42f8285e], Target[className=net/minecraft/server/commands/SummonCommand, elementName=, elementDescriptor=, targetType=cpw.mods.modlauncher.api.TargetType@42f8285e], Target[className=net/minecraft/world/entity/EntityType, elementName=, elementDescriptor=, targetType=cpw.mods.modlauncher.api.TargetType@42f8285e], Target[className=net/minecraft/world/entity/raid/Raid, elementName=, elementDescriptor=, targetType=cpw.mods.modlauncher.api.TargetType@42f8285e], Target[className=net/minecraft/world/level/NaturalSpawner, elementName=, elementDescriptor=, targetType=cpw.mods.modlauncher.api.TargetType@42f8285e], Target[className=net/minecraft/world/entity/monster/Zombie, elementName=, elementDescriptor=, targetType=cpw.mods.modlauncher.api.TargetType@42f8285e], Target[className=net/minecraft/world/level/levelgen/structure/structures/OceanMonumentPieces$OceanMonumentPiece, elementName=, elementDescriptor=, targetType=cpw.mods.modlauncher.api.TargetType@42f8285e], Target[className=net/minecraft/world/entity/monster/Spider, elementName=, elementDescriptor=, targetType=cpw.mods.modlauncher.api.TargetType@42f8285e]] transformer from core-mod net.neoforged.neoforge.coremods.NeoForgeCoreMod@604b1e1d in neoforge-21.1.219.jar > net.neoforged.neoforge-coremods-21.1.219.jar
[03:59:57] [main/DEBUG] [cp.mo.mo.TransformStore/MODLAUNCHER]: Adding transformer net.neoforged.neoforge.coremods.ReplaceFieldWithGetterAccess@a137d7a to Target : cpw.mods.modlauncher.api.TargetType@42f8285e {Lnet/minecraft/world/level/biome/Biome;} {} {V}
[03:59:57] [main/DEBUG] [cp.mo.mo.TransformStore/MODLAUNCHER]: Adding transformer net.neoforged.neoforge.coremods.ReplaceFieldWithGetterAccess@3bec2275 to Target : cpw.mods.modlauncher.api.TargetType@42f8285e {Lnet/minecraft/world/level/levelgen/structure/Structure;} {} {V}
[03:59:57] [main/DEBUG] [cp.mo.mo.TransformStore/MODLAUNCHER]: Adding transformer net.neoforged.neoforge.coremods.ReplaceFieldWithGetterAccess@31da3d60 to Target : cpw.mods.modlauncher.api.TargetType@42f8285e {Lnet/minecraft/world/level/block/FlowerPotBlock;} {} {V}
[03:59:57] [main/DEBUG] [cp.mo.mo.TransformStore/MODLAUNCHER]: Adding transformer net.neoforged.neoforge.coremods.MethodRedirector@60acd609 to Target : cpw.mods.modlauncher.api.TargetType@42f8285e {Lnet/minecraft/world/entity/monster/ZombieVillager;} {} {V}
[03:59:57] [main/DEBUG] [cp.mo.mo.TransformStore/MODLAUNCHER]: Adding transformer net.neoforged.neoforge.coremods.MethodRedirector@60acd609 to Target : cpw.mods.modlauncher.api.TargetType@42f8285e {Lnet/minecraft/world/entity/monster/Evoker$EvokerSummonSpellGoal;} {} {V}
[03:59:57] [main/DEBUG] [cp.mo.mo.TransformStore/MODLAUNCHER]: Adding transformer net.neoforged.neoforge.coremods.MethodRedirector@60acd609 to Target : cpw.mods.modlauncher.api.TargetType@42f8285e {Lnet/minecraft/world/entity/animal/frog/Tadpole;} {} {V}
[03:59:57] [main/DEBUG] [cp.mo.mo.TransformStore/MODLAUNCHER]: Adding transformer net.neoforged.neoforge.coremods.MethodRedirector@60acd609 to Target : cpw.mods.modlauncher.api.TargetType@42f8285e {Lnet/minecraft/server/commands/RaidCommand;} {} {V}
[03:59:57] [main/DEBUG] [cp.mo.mo.TransformStore/MODLAUNCHER]: Adding transformer net.neoforged.neoforge.coremods.MethodRedirector@60acd609 to Target : cpw.mods.modlauncher.api.TargetType@42f8285e {Lnet/minecraft/world/entity/animal/horse/SkeletonTrapGoal;} {} {V}
[03:59:57] [main/DEBUG] [cp.mo.mo.TransformStore/MODLAUNCHER]: Adding transformer net.neoforged.neoforge.coremods.MethodRedirector@60acd609 to Target : cpw.mods.modlauncher.api.TargetType@42f8285e {Lnet/minecraft/world/level/levelgen/structure/templatesystem/StructureTemplate;} {} {V}
[03:59:57] [main/DEBUG] [cp.mo.mo.TransformStore/MODLAUNCHER]: Adding transformer net.neoforged.neoforge.coremods.MethodRedirector@60acd609 to Target : cpw.mods.modlauncher.api.TargetType@42f8285e {Lnet/minecraft/world/entity/monster/Strider;} {} {V}
[03:59:57] [main/DEBUG] [cp.mo.mo.TransformStore/MODLAUNCHER]: Adding transformer net.neoforged.neoforge.coremods.MethodRedirector@60acd609 to Target : cpw.mods.modlauncher.api.TargetType@42f8285e {Lnet/minecraft/world/level/levelgen/structure/structures/SwampHutPiece;} {} {V}
[03:59:57] [main/DEBUG] [cp.mo.mo.TransformStore/MODLAUNCHER]: Adding transformer net.neoforged.neoforge.coremods.MethodRedirector@60acd609 to Target : cpw.mods.modlauncher.api.TargetType@42f8285e {Lnet/minecraft/world/entity/ai/village/VillageSiege;} {} {V}
[03:59:57] [main/DEBUG] [cp.mo.mo.TransformStore/MODLAUNCHER]: Adding transformer net.neoforged.neoforge.coremods.MethodRedirector@60acd609 to Target : cpw.mods.modlauncher.api.TargetType@42f8285e {Lnet/minecraft/world/level/levelgen/structure/structures/OceanRuinPieces$OceanRuinPiece;} {} {V}
[03:59:57] [main/DEBUG] [cp.mo.mo.TransformStore/MODLAUNCHER]: Adding transformer net.neoforged.neoforge.coremods.MethodRedirector@60acd609 to Target : cpw.mods.modlauncher.api.TargetType@42f8285e {Lnet/minecraft/world/level/levelgen/PatrolSpawner;} {} {V}
[03:59:57] [main/DEBUG] [cp.mo.mo.TransformStore/MODLAUNCHER]: Adding transformer net.neoforged.neoforge.coremods.MethodRedirector@60acd609 to Target : cpw.mods.modlauncher.api.TargetType@42f8285e {Lnet/minecraft/world/entity/npc/CatSpawner;} {} {V}
[03:59:57] [main/DEBUG] [cp.mo.mo.TransformStore/MODLAUNCHER]: Adding transformer net.neoforged.neoforge.coremods.MethodRedirector@60acd609 to Target : cpw.mods.modlauncher.api.TargetType@42f8285e {Lnet/minecraft/world/level/levelgen/PhantomSpawner;} {} {V}
[03:59:57] [main/DEBUG] [cp.mo.mo.TransformStore/MODLAUNCHER]: Adding transformer net.neoforged.neoforge.coremods.MethodRedirector@60acd609 to Target : cpw.mods.modlauncher.api.TargetType@42f8285e {Lnet/minecraft/world/entity/npc/Villager;} {} {V}
[03:59:57] [main/DEBUG] [cp.mo.mo.TransformStore/MODLAUNCHER]: Adding transformer net.neoforged.neoforge.coremods.MethodRedirector@60acd609 to Target : cpw.mods.modlauncher.api.TargetType@42f8285e {Lnet/minecraft/world/level/levelgen/structure/structures/WoodlandMansionPieces$WoodlandMansionPiece;} {} {V}
[03:59:57] [main/DEBUG] [cp.mo.mo.TransformStore/MODLAUNCHER]: Adding transformer net.neoforged.neoforge.coremods.MethodRedirector@60acd609 to Target : cpw.mods.modlauncher.api.TargetType@42f8285e {Lnet/minecraft/server/commands/SummonCommand;} {} {V}
[03:59:57] [main/DEBUG] [cp.mo.mo.TransformStore/MODLAUNCHER]: Adding transformer net.neoforged.neoforge.coremods.MethodRedirector@60acd609 to Target : cpw.mods.modlauncher.api.TargetType@42f8285e {Lnet/minecraft/world/entity/EntityType;} {} {V}
[03:59:57] [main/DEBUG] [cp.mo.mo.TransformStore/MODLAUNCHER]: Adding transformer net.neoforged.neoforge.coremods.MethodRedirector@60acd609 to Target : cpw.mods.modlauncher.api.TargetType@42f8285e {Lnet/minecraft/world/entity/raid/Raid;} {} {V}
[03:59:57] [main/DEBUG] [cp.mo.mo.TransformStore/MODLAUNCHER]: Adding transformer net.neoforged.neoforge.coremods.MethodRedirector@60acd609 to Target : cpw.mods.modlauncher.api.TargetType@42f8285e {Lnet/minecraft/world/level/NaturalSpawner;} {} {V}
[03:59:57] [main/DEBUG] [cp.mo.mo.TransformStore/MODLAUNCHER]: Adding transformer net.neoforged.neoforge.coremods.MethodRedirector@60acd609 to Target : cpw.mods.modlauncher.api.TargetType@42f8285e {Lnet/minecraft/world/entity/monster/Zombie;} {} {V}
[03:59:57] [main/DEBUG] [cp.mo.mo.TransformStore/MODLAUNCHER]: Adding transformer net.neoforged.neoforge.coremods.MethodRedirector@60acd609 to Target : cpw.mods.modlauncher.api.TargetType@42f8285e {Lnet/minecraft/world/level/levelgen/structure/structures/OceanMonumentPieces$OceanMonumentPiece;} {} {V}
[03:59:57] [main/DEBUG] [cp.mo.mo.TransformStore/MODLAUNCHER]: Adding transformer net.neoforged.neoforge.coremods.MethodRedirector@60acd609 to Target : cpw.mods.modlauncher.api.TargetType@42f8285e {Lnet/minecraft/world/entity/monster/Spider;} {} {V}
[03:59:57] [main/DEBUG] [cp.mo.mo.TransformationServiceDecorator/MODLAUNCHER]: Initialized transformers for transformation service fml
[03:59:58] [main/DEBUG] [mixin/]: Processing prepare() for PlatformAgent[MixinPlatformAgentDefault:ModLauncher Root Container(ModLauncher:4f56a0a2)]
[03:59:58] [main/DEBUG] [mixin/]: Processing prepare() for PlatformAgent[MixinPlatformAgentDefault:net.neoforged.fml.loading.mixin.FMLMixinContainerHandle@75e710b]
[03:59:58] [main/DEBUG] [mixin/]: Processing prepare() for PlatformAgent[FMLMixinPlatformAgent:null]
[03:59:58] [main/DEBUG] [mixin/]: Compatibility level JAVA_21 specified by farmersdelight.mixins.json is higher than the maximum level supported by this version of mixin (JAVA_13).
[03:59:58] [main/INFO] [mixin/]: Compatibility level set to JAVA_21
[03:59:58] [main/DEBUG] [mixin/]: Compatibility level JAVA_17 specified by emi.mixins.json is higher than the maximum level supported by this version of mixin (JAVA_13).
[03:59:58] [main/DEBUG] [mixin/]: Compatibility level JAVA_17 specified by emi-neoforge.mixins.json is higher than the maximum level supported by this version of mixin (JAVA_13).
[03:59:58] [main/DEBUG] [mixin/]: Compatibility level JAVA_16 specified by jade.mixins.json is higher than the maximum level supported by this version of mixin (JAVA_13).
[03:59:58] [main/DEBUG] [mixin/]: Compatibility level JAVA_17 specified by ponder.mixins.json is higher than the maximum level supported by this version of mixin (JAVA_13).
[03:59:58] [main/DEBUG] [mixin/]: Compatibility level JAVA_17 specified by ponder-common.mixins.json is higher than the maximum level supported by this version of mixin (JAVA_13).
[03:59:58] [main/DEBUG] [mixin/]: Compatibility level JAVA_17 specified by touhou_little_maid.mixins.json is higher than the maximum level supported by this version of mixin (JAVA_13).
[03:59:58] [main/DEBUG] [mixin/]: Compatibility level JAVA_8 specified by powerful_dummy.mixins.json is lower than the default level supported by the current mixin service (JAVA_16).
[03:59:58] [main/DEBUG] [mixin/]: Processing launch tasks for PlatformAgent[MixinPlatformAgentDefault:ModLauncher Root Container(ModLauncher:4f56a0a2)]
[03:59:58] [main/DEBUG] [mixin/]: Adding mixin platform agents for container SecureJarResource(mixin_synthetic)
[03:59:58] [main/DEBUG] [mixin/]: Instancing new MixinPlatformAgentMinecraftForge for SecureJarResource(mixin_synthetic)
[03:59:58] [main/DEBUG] [mixin/]: MixinPlatformAgentMinecraftForge rejected container SecureJarResource(mixin_synthetic)
[03:59:58] [main/DEBUG] [mixin/]: Instancing new MixinPlatformAgentDefault for SecureJarResource(mixin_synthetic)
[03:59:58] [main/DEBUG] [mixin/]: MixinPlatformAgentDefault accepted container SecureJarResource(mixin_synthetic)
[03:59:58] [main/DEBUG] [mixin/]: Instancing new FMLMixinPlatformAgent for SecureJarResource(mixin_synthetic)
[03:59:58] [main/DEBUG] [mixin/]: FMLMixinPlatformAgent rejected container SecureJarResource(mixin_synthetic)
[03:59:58] [main/DEBUG] [mixin/]: Processing prepare() for PlatformAgent[MixinPlatformAgentDefault:SecureJarResource(mixin_synthetic)]
[03:59:58] [main/DEBUG] [mixin/]: Adding mixin platform agents for container SecureJarResource(farmersdelight)
[03:59:58] [main/DEBUG] [mixin/]: Instancing new MixinPlatformAgentMinecraftForge for SecureJarResource(farmersdelight)
[03:59:58] [main/DEBUG] [mixin/]: MixinPlatformAgentMinecraftForge rejected container SecureJarResource(farmersdelight)
[03:59:58] [main/DEBUG] [mixin/]: Instancing new MixinPlatformAgentDefault for SecureJarResource(farmersdelight)
[03:59:58] [main/DEBUG] [mixin/]: MixinPlatformAgentDefault accepted container SecureJarResource(farmersdelight)
[03:59:58] [main/DEBUG] [mixin/]: Instancing new FMLMixinPlatformAgent for SecureJarResource(farmersdelight)
[03:59:58] [main/DEBUG] [mixin/]: FMLMixinPlatformAgent rejected container SecureJarResource(farmersdelight)
[03:59:58] [main/DEBUG] [mixin/]: Processing prepare() for PlatformAgent[MixinPlatformAgentDefault:SecureJarResource(farmersdelight)]
[03:59:58] [main/DEBUG] [mixin/]: Adding mixin platform agents for container SecureJarResource(emi)
[03:59:58] [main/DEBUG] [mixin/]: Instancing new MixinPlatformAgentMinecraftForge for SecureJarResource(emi)
[03:59:58] [main/DEBUG] [mixin/]: MixinPlatformAgentMinecraftForge rejected container SecureJarResource(emi)
[03:59:58] [main/DEBUG] [mixin/]: Instancing new MixinPlatformAgentDefault for SecureJarResource(emi)
[03:59:58] [main/DEBUG] [mixin/]: MixinPlatformAgentDefault accepted container SecureJarResource(emi)
[03:59:58] [main/DEBUG] [mixin/]: Instancing new FMLMixinPlatformAgent for SecureJarResource(emi)
[03:59:58] [main/DEBUG] [mixin/]: FMLMixinPlatformAgent rejected container SecureJarResource(emi)
[03:59:58] [main/DEBUG] [mixin/]: Processing prepare() for PlatformAgent[MixinPlatformAgentDefault:SecureJarResource(emi)]
[03:59:58] [main/DEBUG] [mixin/]: Adding mixin platform agents for container SecureJarResource(minecraft)
[03:59:58] [main/DEBUG] [mixin/]: Instancing new MixinPlatformAgentMinecraftForge for SecureJarResource(minecraft)
[03:59:58] [main/DEBUG] [mixin/]: MixinPlatformAgentMinecraftForge rejected container SecureJarResource(minecraft)
[03:59:58] [main/DEBUG] [mixin/]: Instancing new MixinPlatformAgentDefault for SecureJarResource(minecraft)
[03:59:58] [main/DEBUG] [mixin/]: MixinPlatformAgentDefault accepted container SecureJarResource(minecraft)
[03:59:58] [main/DEBUG] [mixin/]: Instancing new FMLMixinPlatformAgent for SecureJarResource(minecraft)
[03:59:58] [main/DEBUG] [mixin/]: FMLMixinPlatformAgent rejected container SecureJarResource(minecraft)
[03:59:58] [main/DEBUG] [mixin/]: Processing prepare() for PlatformAgent[MixinPlatformAgentDefault:SecureJarResource(minecraft)]
[03:59:58] [main/DEBUG] [mixin/]: Adding mixin platform agents for container SecureJarResource(rhino)
[03:59:58] [main/DEBUG] [mixin/]: Instancing new MixinPlatformAgentMinecraftForge for SecureJarResource(rhino)
[03:59:58] [main/DEBUG] [mixin/]: MixinPlatformAgentMinecraftForge rejected container SecureJarResource(rhino)
[03:59:58] [main/DEBUG] [mixin/]: Instancing new MixinPlatformAgentDefault for SecureJarResource(rhino)
[03:59:58] [main/DEBUG] [mixin/]: MixinPlatformAgentDefault accepted container SecureJarResource(rhino)
[03:59:58] [main/DEBUG] [mixin/]: Instancing new FMLMixinPlatformAgent for SecureJarResource(rhino)
[03:59:58] [main/DEBUG] [mixin/]: FMLMixinPlatformAgent rejected container SecureJarResource(rhino)
[03:59:58] [main/DEBUG] [mixin/]: Processing prepare() for PlatformAgent[MixinPlatformAgentDefault:SecureJarResource(rhino)]
[03:59:58] [main/DEBUG] [mixin/]: Adding mixin platform agents for container SecureJarResource(jade)
[03:59:58] [main/DEBUG] [mixin/]: Instancing new MixinPlatformAgentMinecraftForge for SecureJarResource(jade)
[03:59:58] [main/DEBUG] [mixin/]: MixinPlatformAgentMinecraftForge rejected container SecureJarResource(jade)
[03:59:58] [main/DEBUG] [mixin/]: Instancing new MixinPlatformAgentDefault for SecureJarResource(jade)
[03:59:58] [main/DEBUG] [mixin/]: MixinPlatformAgentDefault accepted container SecureJarResource(jade)
[03:59:58] [main/DEBUG] [mixin/]: Instancing new FMLMixinPlatformAgent for SecureJarResource(jade)
[03:59:58] [main/DEBUG] [mixin/]: FMLMixinPlatformAgent rejected container SecureJarResource(jade)
[03:59:58] [main/DEBUG] [mixin/]: Processing prepare() for PlatformAgent[MixinPlatformAgentDefault:SecureJarResource(jade)]
[03:59:58] [main/DEBUG] [mixin/]: Registering mixin config: jade.mixins.json source=SecureJarResource(jade)
[03:59:58] [main/DEBUG] [mixin/]: Adding mixin platform agents for container SecureJarResource(appleskin)
[03:59:58] [main/DEBUG] [mixin/]: Instancing new MixinPlatformAgentMinecraftForge for SecureJarResource(appleskin)
[03:59:58] [main/DEBUG] [mixin/]: MixinPlatformAgentMinecraftForge rejected container SecureJarResource(appleskin)
[03:59:58] [main/DEBUG] [mixin/]: Instancing new MixinPlatformAgentDefault for SecureJarResource(appleskin)
[03:59:58] [main/DEBUG] [mixin/]: MixinPlatformAgentDefault accepted container SecureJarResource(appleskin)
[03:59:58] [main/DEBUG] [mixin/]: Instancing new FMLMixinPlatformAgent for SecureJarResource(appleskin)
[03:59:58] [main/DEBUG] [mixin/]: FMLMixinPlatformAgent rejected container SecureJarResource(appleskin)
[03:59:58] [main/DEBUG] [mixin/]: Processing prepare() for PlatformAgent[MixinPlatformAgentDefault:SecureJarResource(appleskin)]
[03:59:58] [main/DEBUG] [mixin/]: Adding mixin platform agents for container SecureJarResource(jei)
[03:59:58] [main/DEBUG] [mixin/]: Instancing new MixinPlatformAgentMinecraftForge for SecureJarResource(jei)
[03:59:58] [main/DEBUG] [mixin/]: MixinPlatformAgentMinecraftForge rejected container SecureJarResource(jei)
[03:59:58] [main/DEBUG] [mixin/]: Instancing new MixinPlatformAgentDefault for SecureJarResource(jei)
[03:59:58] [main/DEBUG] [mixin/]: MixinPlatformAgentDefault accepted container SecureJarResource(jei)
[03:59:58] [main/DEBUG] [mixin/]: Instancing new FMLMixinPlatformAgent for SecureJarResource(jei)
[03:59:58] [main/DEBUG] [mixin/]: FMLMixinPlatformAgent rejected container SecureJarResource(jei)
[03:59:58] [main/DEBUG] [mixin/]: Processing prepare() for PlatformAgent[MixinPlatformAgentDefault:SecureJarResource(jei)]
[03:59:58] [main/DEBUG] [mixin/]: Adding mixin platform agents for container SecureJarResource(poopsky)
[03:59:58] [main/DEBUG] [mixin/]: Instancing new MixinPlatformAgentMinecraftForge for SecureJarResource(poopsky)
[03:59:58] [main/DEBUG] [mixin/]: MixinPlatformAgentMinecraftForge rejected container SecureJarResource(poopsky)
[03:59:58] [main/DEBUG] [mixin/]: Instancing new MixinPlatformAgentDefault for SecureJarResource(poopsky)
[03:59:58] [main/DEBUG] [mixin/]: MixinPlatformAgentDefault accepted container SecureJarResource(poopsky)
[03:59:58] [main/DEBUG] [mixin/]: Instancing new FMLMixinPlatformAgent for SecureJarResource(poopsky)
[03:59:58] [main/DEBUG] [mixin/]: FMLMixinPlatformAgent rejected container SecureJarResource(poopsky)
[03:59:58] [main/DEBUG] [mixin/]: Processing prepare() for PlatformAgent[MixinPlatformAgentDefault:SecureJarResource(poopsky)]
[03:59:58] [main/DEBUG] [mixin/]: Adding mixin platform agents for container SecureJarResource(flywheel)
[03:59:58] [main/DEBUG] [mixin/]: Instancing new MixinPlatformAgentMinecraftForge for SecureJarResource(flywheel)
[03:59:58] [main/DEBUG] [mixin/]: MixinPlatformAgentMinecraftForge rejected container SecureJarResource(flywheel)
[03:59:58] [main/DEBUG] [mixin/]: Instancing new MixinPlatformAgentDefault for SecureJarResource(flywheel)
[03:59:58] [main/DEBUG] [mixin/]: MixinPlatformAgentDefault accepted container SecureJarResource(flywheel)
[03:59:58] [main/DEBUG] [mixin/]: Instancing new FMLMixinPlatformAgent for SecureJarResource(flywheel)
[03:59:58] [main/DEBUG] [mixin/]: FMLMixinPlatformAgent rejected container SecureJarResource(flywheel)
[03:59:58] [main/DEBUG] [mixin/]: Processing prepare() for PlatformAgent[MixinPlatformAgentDefault:SecureJarResource(flywheel)]
[03:59:58] [main/DEBUG] [mixin/]: Adding mixin platform agents for container SecureJarResource(ponder)
[03:59:58] [main/DEBUG] [mixin/]: Instancing new MixinPlatformAgentMinecraftForge for SecureJarResource(ponder)
[03:59:58] [main/DEBUG] [mixin/]: MixinPlatformAgentMinecraftForge rejected container SecureJarResource(ponder)
[03:59:58] [main/DEBUG] [mixin/]: Instancing new MixinPlatformAgentDefault for SecureJarResource(ponder)
[03:59:58] [main/DEBUG] [mixin/]: MixinPlatformAgentDefault accepted container SecureJarResource(ponder)
[03:59:58] [main/DEBUG] [mixin/]: Instancing new FMLMixinPlatformAgent for SecureJarResource(ponder)
[03:59:58] [main/DEBUG] [mixin/]: FMLMixinPlatformAgent rejected container SecureJarResource(ponder)
[03:59:58] [main/DEBUG] [mixin/]: Processing prepare() for PlatformAgent[MixinPlatformAgentDefault:SecureJarResource(ponder)]
[03:59:58] [main/DEBUG] [mixin/]: Adding mixin platform agents for container SecureJarResource(touhou_little_maid)
[03:59:58] [main/DEBUG] [mixin/]: Instancing new MixinPlatformAgentMinecraftForge for SecureJarResource(touhou_little_maid)
[03:59:58] [main/DEBUG] [mixin/]: MixinPlatformAgentMinecraftForge rejected container SecureJarResource(touhou_little_maid)
[03:59:58] [main/DEBUG] [mixin/]: Instancing new MixinPlatformAgentDefault for SecureJarResource(touhou_little_maid)
[03:59:58] [main/DEBUG] [mixin/]: MixinPlatformAgentDefault accepted container SecureJarResource(touhou_little_maid)
[03:59:58] [main/DEBUG] [mixin/]: Instancing new FMLMixinPlatformAgent for SecureJarResource(touhou_little_maid)
[03:59:58] [main/DEBUG] [mixin/]: FMLMixinPlatformAgent rejected container SecureJarResource(touhou_little_maid)
[03:59:58] [main/DEBUG] [mixin/]: Processing prepare() for PlatformAgent[MixinPlatformAgentDefault:SecureJarResource(touhou_little_maid)]
[03:59:58] [main/DEBUG] [mixin/]: Adding mixin platform agents for container SecureJarResource(sablecompanion)
[03:59:58] [main/DEBUG] [mixin/]: Instancing new MixinPlatformAgentMinecraftForge for SecureJarResource(sablecompanion)
[03:59:58] [main/DEBUG] [mixin/]: MixinPlatformAgentMinecraftForge rejected container SecureJarResource(sablecompanion)
[03:59:58] [main/DEBUG] [mixin/]: Instancing new MixinPlatformAgentDefault for SecureJarResource(sablecompanion)
[03:59:58] [main/DEBUG] [mixin/]: MixinPlatformAgentDefault accepted container SecureJarResource(sablecompanion)
[03:59:58] [main/DEBUG] [mixin/]: Instancing new FMLMixinPlatformAgent for SecureJarResource(sablecompanion)
[03:59:58] [main/DEBUG] [mixin/]: FMLMixinPlatformAgent rejected container SecureJarResource(sablecompanion)
[03:59:58] [main/DEBUG] [mixin/]: Processing prepare() for PlatformAgent[MixinPlatformAgentDefault:SecureJarResource(sablecompanion)]
[03:59:58] [main/DEBUG] [mixin/]: Adding mixin platform agents for container SecureJarResource(create)
[03:59:58] [main/DEBUG] [mixin/]: Instancing new MixinPlatformAgentMinecraftForge for SecureJarResource(create)
[03:59:58] [main/DEBUG] [mixin/]: MixinPlatformAgentMinecraftForge rejected container SecureJarResource(create)
[03:59:58] [main/DEBUG] [mixin/]: Instancing new MixinPlatformAgentDefault for SecureJarResource(create)
[03:59:58] [main/DEBUG] [mixin/]: MixinPlatformAgentDefault accepted container SecureJarResource(create)
[03:59:58] [main/DEBUG] [mixin/]: Instancing new FMLMixinPlatformAgent for SecureJarResource(create)
[03:59:58] [main/DEBUG] [mixin/]: FMLMixinPlatformAgent rejected container SecureJarResource(create)
[03:59:58] [main/DEBUG] [mixin/]: Processing prepare() for PlatformAgent[MixinPlatformAgentDefault:SecureJarResource(create)]
[03:59:58] [main/DEBUG] [mixin/]: Registering mixin config: create.mixins.json source=SecureJarResource(create)
[03:59:58] [main/DEBUG] [mixin/]: Adding mixin platform agents for container SecureJarResource(frog_variant_mod_1782245873)
[03:59:58] [main/DEBUG] [mixin/]: Instancing new MixinPlatformAgentMinecraftForge for SecureJarResource(frog_variant_mod_1782245873)
[03:59:58] [main/DEBUG] [mixin/]: MixinPlatformAgentMinecraftForge rejected container SecureJarResource(frog_variant_mod_1782245873)
[03:59:58] [main/DEBUG] [mixin/]: Instancing new MixinPlatformAgentDefault for SecureJarResource(frog_variant_mod_1782245873)
[03:59:58] [main/DEBUG] [mixin/]: MixinPlatformAgentDefault accepted container SecureJarResource(frog_variant_mod_1782245873)
[03:59:58] [main/DEBUG] [mixin/]: Instancing new FMLMixinPlatformAgent for SecureJarResource(frog_variant_mod_1782245873)
[03:59:58] [main/DEBUG] [mixin/]: FMLMixinPlatformAgent rejected container SecureJarResource(frog_variant_mod_1782245873)
[03:59:58] [main/DEBUG] [mixin/]: Processing prepare() for PlatformAgent[MixinPlatformAgentDefault:SecureJarResource(frog_variant_mod_1782245873)]
[03:59:58] [main/DEBUG] [mixin/]: Adding mixin platform agents for container SecureJarResource(powerful_dummy)
[03:59:58] [main/DEBUG] [mixin/]: Instancing new MixinPlatformAgentMinecraftForge for SecureJarResource(powerful_dummy)
[03:59:58] [main/DEBUG] [mixin/]: MixinPlatformAgentMinecraftForge rejected container SecureJarResource(powerful_dummy)
[03:59:58] [main/DEBUG] [mixin/]: Instancing new MixinPlatformAgentDefault for SecureJarResource(powerful_dummy)
[03:59:58] [main/DEBUG] [mixin/]: MixinPlatformAgentDefault accepted container SecureJarResource(powerful_dummy)
[03:59:58] [main/DEBUG] [mixin/]: Instancing new FMLMixinPlatformAgent for SecureJarResource(powerful_dummy)
[03:59:58] [main/DEBUG] [mixin/]: FMLMixinPlatformAgent rejected container SecureJarResource(powerful_dummy)
[03:59:58] [main/DEBUG] [mixin/]: Processing prepare() for PlatformAgent[MixinPlatformAgentDefault:SecureJarResource(powerful_dummy)]
[03:59:58] [main/DEBUG] [mixin/]: Adding mixin platform agents for container SecureJarResource(kubejs)
[03:59:58] [main/DEBUG] [mixin/]: Instancing new MixinPlatformAgentMinecraftForge for SecureJarResource(kubejs)
[03:59:58] [main/DEBUG] [mixin/]: MixinPlatformAgentMinecraftForge rejected container SecureJarResource(kubejs)
[03:59:58] [main/DEBUG] [mixin/]: Instancing new MixinPlatformAgentDefault for SecureJarResource(kubejs)
[03:59:58] [main/DEBUG] [mixin/]: MixinPlatformAgentDefault accepted container SecureJarResource(kubejs)
[03:59:58] [main/DEBUG] [mixin/]: Instancing new FMLMixinPlatformAgent for SecureJarResource(kubejs)
[03:59:58] [main/DEBUG] [mixin/]: FMLMixinPlatformAgent rejected container SecureJarResource(kubejs)
[03:59:58] [main/DEBUG] [mixin/]: Processing prepare() for PlatformAgent[MixinPlatformAgentDefault:SecureJarResource(kubejs)]
[03:59:58] [main/DEBUG] [mixin/]: Adding mixin platform agents for container SecureJarResource(betteradvancedtooltips)
[03:59:58] [main/DEBUG] [mixin/]: Instancing new MixinPlatformAgentMinecraftForge for SecureJarResource(betteradvancedtooltips)
[03:59:58] [main/DEBUG] [mixin/]: MixinPlatformAgentMinecraftForge rejected container SecureJarResource(betteradvancedtooltips)
[03:59:58] [main/DEBUG] [mixin/]: Instancing new MixinPlatformAgentDefault for SecureJarResource(betteradvancedtooltips)
[03:59:58] [main/DEBUG] [mixin/]: MixinPlatformAgentDefault accepted container SecureJarResource(betteradvancedtooltips)
[03:59:58] [main/DEBUG] [mixin/]: Instancing new FMLMixinPlatformAgent for SecureJarResource(betteradvancedtooltips)
[03:59:58] [main/DEBUG] [mixin/]: FMLMixinPlatformAgent rejected container SecureJarResource(betteradvancedtooltips)
[03:59:58] [main/DEBUG] [mixin/]: Processing prepare() for PlatformAgent[MixinPlatformAgentDefault:SecureJarResource(betteradvancedtooltips)]
[03:59:58] [main/DEBUG] [mixin/]: Adding mixin platform agents for container SecureJarResource(betteradvancements)
[03:59:58] [main/DEBUG] [mixin/]: Instancing new MixinPlatformAgentMinecraftForge for SecureJarResource(betteradvancements)
[03:59:58] [main/DEBUG] [mixin/]: MixinPlatformAgentMinecraftForge rejected container SecureJarResource(betteradvancements)
[03:59:58] [main/DEBUG] [mixin/]: Instancing new MixinPlatformAgentDefault for SecureJarResource(betteradvancements)
[03:59:58] [main/DEBUG] [mixin/]: MixinPlatformAgentDefault accepted container SecureJarResource(betteradvancements)
[03:59:58] [main/DEBUG] [mixin/]: Instancing new FMLMixinPlatformAgent for SecureJarResource(betteradvancements)
[03:59:58] [main/DEBUG] [mixin/]: FMLMixinPlatformAgent rejected container SecureJarResource(betteradvancements)
[03:59:58] [main/DEBUG] [mixin/]: Processing prepare() for PlatformAgent[MixinPlatformAgentDefault:SecureJarResource(betteradvancements)]
[03:59:58] [main/DEBUG] [mixin/]: Adding mixin platform agents for container SecureJarResource(Registrate.MC1._21._62)
[03:59:58] [main/DEBUG] [mixin/]: Instancing new MixinPlatformAgentMinecraftForge for SecureJarResource(Registrate.MC1._21._62)
[03:59:58] [main/DEBUG] [mixin/]: MixinPlatformAgentMinecraftForge rejected container SecureJarResource(Registrate.MC1._21._62)
[03:59:58] [main/DEBUG] [mixin/]: Instancing new MixinPlatformAgentDefault for SecureJarResource(Registrate.MC1._21._62)
[03:59:58] [main/DEBUG] [mixin/]: MixinPlatformAgentDefault accepted container SecureJarResource(Registrate.MC1._21._62)
[03:59:58] [main/DEBUG] [mixin/]: Instancing new FMLMixinPlatformAgent for SecureJarResource(Registrate.MC1._21._62)
[03:59:58] [main/DEBUG] [mixin/]: FMLMixinPlatformAgent rejected container SecureJarResource(Registrate.MC1._21._62)
[03:59:58] [main/DEBUG] [mixin/]: Processing prepare() for PlatformAgent[MixinPlatformAgentDefault:SecureJarResource(Registrate.MC1._21._62)]
[03:59:58] [main/DEBUG] [mixin/]: Adding mixin platform agents for container SecureJarResource(mixinextras.neoforge)
[03:59:58] [main/DEBUG] [mixin/]: Instancing new MixinPlatformAgentMinecraftForge for SecureJarResource(mixinextras.neoforge)
[03:59:58] [main/DEBUG] [mixin/]: MixinPlatformAgentMinecraftForge rejected container SecureJarResource(mixinextras.neoforge)
[03:59:58] [main/DEBUG] [mixin/]: Instancing new MixinPlatformAgentDefault for SecureJarResource(mixinextras.neoforge)
[03:59:58] [main/DEBUG] [mixin/]: MixinPlatformAgentDefault accepted container SecureJarResource(mixinextras.neoforge)
[03:59:58] [main/DEBUG] [mixin/]: Instancing new FMLMixinPlatformAgent for SecureJarResource(mixinextras.neoforge)
[03:59:58] [main/DEBUG] [mixin/]: FMLMixinPlatformAgent rejected container SecureJarResource(mixinextras.neoforge)
[03:59:58] [main/DEBUG] [mixin/]: Processing prepare() for PlatformAgent[MixinPlatformAgentDefault:SecureJarResource(mixinextras.neoforge)]
[03:59:58] [main/DEBUG] [mixin/]: Registering mixin config: mixinextras.init.mixins.json source=SecureJarResource(mixinextras.neoforge)
[03:59:58] [main/DEBUG] [mixin/]: inject() running with 23 agents
[03:59:58] [main/DEBUG] [mixin/]: Processing inject() for PlatformAgent[MixinPlatformAgentDefault:ModLauncher Root Container(ModLauncher:4f56a0a2)]
[03:59:58] [main/DEBUG] [mixin/]: Processing inject() for PlatformAgent[MixinPlatformAgentDefault:net.neoforged.fml.loading.mixin.FMLMixinContainerHandle@75e710b]
[03:59:58] [main/DEBUG] [mixin/]: Processing inject() for PlatformAgent[FMLMixinPlatformAgent:null]
[03:59:58] [main/DEBUG] [mixin/]: Processing inject() for PlatformAgent[MixinPlatformAgentDefault:SecureJarResource(mixin_synthetic)]
[03:59:58] [main/DEBUG] [mixin/]: Processing inject() for PlatformAgent[MixinPlatformAgentDefault:SecureJarResource(farmersdelight)]
[03:59:58] [main/DEBUG] [mixin/]: Processing inject() for PlatformAgent[MixinPlatformAgentDefault:SecureJarResource(emi)]
[03:59:58] [main/DEBUG] [mixin/]: Processing inject() for PlatformAgent[MixinPlatformAgentDefault:SecureJarResource(minecraft)]
[03:59:58] [main/DEBUG] [mixin/]: Processing inject() for PlatformAgent[MixinPlatformAgentDefault:SecureJarResource(rhino)]
[03:59:58] [main/DEBUG] [mixin/]: Processing inject() for PlatformAgent[MixinPlatformAgentDefault:SecureJarResource(jade)]
[03:59:58] [main/DEBUG] [mixin/]: Processing inject() for PlatformAgent[MixinPlatformAgentDefault:SecureJarResource(appleskin)]
[03:59:58] [main/DEBUG] [mixin/]: Processing inject() for PlatformAgent[MixinPlatformAgentDefault:SecureJarResource(jei)]
[03:59:58] [main/DEBUG] [mixin/]: Processing inject() for PlatformAgent[MixinPlatformAgentDefault:SecureJarResource(poopsky)]
[03:59:58] [main/DEBUG] [mixin/]: Processing inject() for PlatformAgent[MixinPlatformAgentDefault:SecureJarResource(flywheel)]
[03:59:58] [main/DEBUG] [mixin/]: Processing inject() for PlatformAgent[MixinPlatformAgentDefault:SecureJarResource(ponder)]
[03:59:58] [main/DEBUG] [mixin/]: Processing inject() for PlatformAgent[MixinPlatformAgentDefault:SecureJarResource(touhou_little_maid)]
[03:59:58] [main/DEBUG] [mixin/]: Processing inject() for PlatformAgent[MixinPlatformAgentDefault:SecureJarResource(sablecompanion)]
[03:59:58] [main/DEBUG] [mixin/]: Processing inject() for PlatformAgent[MixinPlatformAgentDefault:SecureJarResource(create)]
[03:59:58] [main/DEBUG] [mixin/]: Processing inject() for PlatformAgent[MixinPlatformAgentDefault:SecureJarResource(frog_variant_mod_1782245873)]
[03:59:58] [main/DEBUG] [mixin/]: Processing inject() for PlatformAgent[MixinPlatformAgentDefault:SecureJarResource(powerful_dummy)]
[03:59:58] [main/DEBUG] [mixin/]: Processing inject() for PlatformAgent[MixinPlatformAgentDefault:SecureJarResource(kubejs)]
[03:59:58] [main/DEBUG] [mixin/]: Processing inject() for PlatformAgent[MixinPlatformAgentDefault:SecureJarResource(betteradvancedtooltips)]
[03:59:58] [main/DEBUG] [mixin/]: Processing inject() for PlatformAgent[MixinPlatformAgentDefault:SecureJarResource(betteradvancements)]
[03:59:58] [main/DEBUG] [mixin/]: Processing inject() for PlatformAgent[MixinPlatformAgentDefault:SecureJarResource(Registrate.MC1._21._62)]
[03:59:58] [main/DEBUG] [mixin/]: Processing inject() for PlatformAgent[MixinPlatformAgentDefault:SecureJarResource(mixinextras.neoforge)]
[03:59:58] [main/INFO] [cp.mo.mo.LaunchServiceHandler/MODLAUNCHER]: Launching target 'forgeclientdev' with arguments [--version, 21.1.219, --gameDir, ., --assetsDir, C:\Users\24745\.gradle\caches\neoformruntime\assets, --assetIndex, 17, --username, Player####]
[03:59:59] [main/DEBUG] [mixin/]: Preparing mixins for MixinEnvironment[DEFAULT]
[03:59:59] [main/DEBUG] [mixin/]: Selecting config farmersdelight.mixins.json
[03:59:59] [main/DEBUG] [mixin/]: Selecting config emi.mixins.json
[03:59:59] [main/DEBUG] [mixin/]: Selecting config emi-neoforge.mixins.json
[03:59:59] [main/DEBUG] [mixin/]: Selecting config jade.mixins.json
[03:59:59] [main/DEBUG] [mixin/]: Selecting config poopsky.mixins.json
[03:59:59] [main/DEBUG] [mixin/]: Selecting config flywheel.backend.mixins.json
[03:59:59] [main/DEBUG] [mixin/]: Selecting config flywheel.impl.mixins.json
[03:59:59] [main/DEBUG] [mixin/]: Selecting config ponder.mixins.json
[03:59:59] [main/DEBUG] [mixin/]: Selecting config ponder-common.mixins.json
[03:59:59] [main/DEBUG] [mixin/]: Selecting config touhou_little_maid.mixins.json
[03:59:59] [main/WARN] [mixin/]: Reference map 'touhou_little_maid.refmap.json' for touhou_little_maid.mixins.json could not be read. If this is a development environment you can ignore this message
[03:59:59] [main/DEBUG] [mixin/]: Selecting config create.mixins.json
[03:59:59] [main/DEBUG] [mixin/]: Selecting config powerful_dummy.mixins.json
[03:59:59] [main/WARN] [mixin/]: Reference map 'powerful_dummy.refmap.json' for powerful_dummy.mixins.json could not be read. If this is a development environment you can ignore this message
[03:59:59] [main/DEBUG] [mixin/]: Selecting config neoforge.mixins.json
[03:59:59] [main/DEBUG] [mixin/]: Selecting config kubejs.mixins.json
[03:59:59] [main/DEBUG] [mixin/]: Selecting config betteradvancedtooltips.mixins.json
[03:59:59] [main/DEBUG] [mixin/]: Selecting config mixinextras.init.mixins.json
[03:59:59] [main/DEBUG] [MixinExtras|Service/]: com.llamalad7.mixinextras.service.MixinExtrasServiceImpl(version=0.5.0) is taking over from null
[03:59:59] [main/DEBUG] [mixin/]: Registering new injector for @Inject with org.spongepowered.asm.mixin.injection.struct.CallbackInjectionInfo
[03:59:59] [main/DEBUG] [mixin/]: Registering new injector for @ModifyArg with org.spongepowered.asm.mixin.injection.struct.ModifyArgInjectionInfo
[03:59:59] [main/DEBUG] [mixin/]: Registering new injector for @ModifyArgs with org.spongepowered.asm.mixin.injection.struct.ModifyArgsInjectionInfo
[03:59:59] [main/DEBUG] [mixin/]: Registering new injector for @Redirect with org.spongepowered.asm.mixin.injection.struct.RedirectInjectionInfo
[03:59:59] [main/DEBUG] [mixin/]: Registering new injector for @ModifyVariable with org.spongepowered.asm.mixin.injection.struct.ModifyVariableInjectionInfo
[03:59:59] [main/DEBUG] [mixin/]: Registering new injector for @ModifyConstant with org.spongepowered.asm.mixin.injection.struct.ModifyConstantInjectionInfo
[03:59:59] [main/DEBUG] [mixin/]: Preparing farmersdelight.mixins.json (7)
[03:59:59] [main/DEBUG] [mixin/]: Preparing emi.mixins.json (25)
[03:59:59] [main/DEBUG] [mixin/]: Preparing emi-neoforge.mixins.json (0)
[03:59:59] [main/DEBUG] [mixin/]: Preparing jade.mixins.json (6)
[03:59:59] [main/DEBUG] [mixin/]: Preparing poopsky.mixins.json (10)
[03:59:59] [main/DEBUG] [mixin/]: Preparing flywheel.backend.mixins.json (8)
[03:59:59] [main/DEBUG] [mixin/]: Preparing flywheel.impl.mixins.json (14)
[03:59:59] [main/DEBUG] [mixin/]: Preparing ponder.mixins.json (1)
[03:59:59] [main/DEBUG] [mixin/]: Preparing ponder-common.mixins.json (12)
[03:59:59] [main/DEBUG] [mixin/]: Preparing touhou_little_maid.mixins.json (23)
[03:59:59] [main/DEBUG] [mixin/]: Preparing powerful_dummy.mixins.json (1)
[03:59:59] [main/DEBUG] [mixin/]: Preparing neoforge.mixins.json (2)
[03:59:59] [main/DEBUG] [mixin/]: Preparing kubejs.mixins.json (86)
[03:59:59] [main/DEBUG] [mixin/]: Preparing betteradvancedtooltips.mixins.json (2)
[03:59:59] [main/DEBUG] [mixin/]: Preparing mixinextras.init.mixins.json (0)
[03:59:59] [main/DEBUG] [mixin/]: Preparing create.mixins.json (64)
[03:59:59] [main/WARN] [mixin/]: Error loading class: xaero/map/gui/GuiMap (java.lang.ClassNotFoundException: xaero.map.gui.GuiMap)
[03:59:59] [main/WARN] [mixin/]: @Mixin target xaero.map.gui.GuiMap was not found create.mixins.json:compat.xaeros.XaeroFullscreenMapAccessor from mod create
[03:59:59] [main/WARN] [mixin/]: Error loading class: xaero/map/gui/GuiMap (java.lang.ClassNotFoundException: xaero.map.gui.GuiMap)
[03:59:59] [main/WARN] [mixin/]: @Mixin target xaero.map.gui.GuiMap was not found create.mixins.json:compat.xaeros.XaeroFullscreenMapMixin from mod create
[03:59:59] [main/DEBUG] [mixin/]: Inner class dev/latvian/mods/kubejs/core/mixin/GameRulesMixin$1 in dev/latvian/mods/kubejs/core/mixin/GameRulesMixin on net/minecraft/world/level/GameRules gets unique name net/minecraft/world/level/GameRules$Anonymous$7b6bfce3b73b4a388b3ff773abc83fe7
[03:59:59] [main/WARN] [mixin/]: Error loading class: org/jetbrains/annotations/ApiStatus$ScheduledForRemoval (java.lang.ClassNotFoundException: org.jetbrains.annotations.ApiStatus$ScheduledForRemoval)
[03:59:59] [main/DEBUG] [mixin/]: Prepared 257 mixins in 0.902 sec (3.5ms avg) (0ms load, 0ms transform, 0ms plugin)
[03:59:59] [main/INFO] [MixinExtras|Service/]: Initializing MixinExtras via com.llamalad7.mixinextras.service.MixinExtrasServiceImpl(version=0.5.0).
[03:59:59] [main/DEBUG] [mixin/]: Registering new injector for @SugarWrapper with com.llamalad7.mixinextras.sugar.impl.SugarWrapperInjectionInfo
[03:59:59] [main/DEBUG] [mixin/]: Registering new injector for @FactoryRedirectWrapper with com.llamalad7.mixinextras.wrapper.factory.FactoryRedirectWrapperInjectionInfo
[03:59:59] [main/DEBUG] [mixin/]: Registering new injector for @ExpressionInjectorWrapper with com.llamalad7.mixinextras.expression.impl.wrapper.ExpressionInjectorWrapperInjectionInfo
[03:59:59] [main/DEBUG] [mixin/]: Mixing LoadingOverlayMixin from kubejs.mixins.json into net.minecraft.client.gui.screens.LoadingOverlay
[03:59:59] [main/DEBUG] [mixin/]: Mixing accessor.DrawContextAccessor from emi.mixins.json into net.minecraft.client.gui.GuiGraphics
[03:59:59] [main/DEBUG] [mixin/]: emi.mixins.json:accessor.DrawContextAccessor from mod emi: Class version 65 required is higher than the class version supported by the current version of Mixin (JAVA_17 supports class version 61)
[04:00:00] [main/DEBUG] [mixin/]: Mixing DrawContextMixin from emi.mixins.json into net.minecraft.client.gui.GuiGraphics
[04:00:00] [main/DEBUG] [mixin/]: emi.mixins.json:DrawContextMixin from mod emi: Class version 65 required is higher than the class version supported by the current version of Mixin (JAVA_17 supports class version 61)
[04:00:00] [main/DEBUG] [mixin/]: Mixing GuiGraphicsMixin from kubejs.mixins.json into net.minecraft.client.gui.GuiGraphics
[04:00:00] [main/DEBUG] [mixin/]: emi.mixins.json:DrawContextMixin from mod emi->@Inject::drawItemTooltip(Lnet/minecraft/client/gui/Font;Lnet/minecraft/world/item/ItemStack;IILorg/spongepowered/asm/mixin/injection/callback/CallbackInfo;)V doesn't use it's CallbackInfo
[04:00:00] [main/DEBUG] [mixin/]: emi.mixins.json:DrawContextMixin from mod emi->@Inject::drawItemTooltip(Lnet/minecraft/client/gui/Font;Lnet/minecraft/world/item/ItemStack;IILorg/spongepowered/asm/mixin/injection/callback/CallbackInfo;)V has 0 override(s) in child classes
[04:00:00] [main/DEBUG] [mixin/]: emi.mixins.json:DrawContextMixin from mod emi->@Inject::drawItemTooltip(Lnet/minecraft/client/gui/Font;Lnet/minecraft/world/item/ItemStack;IILorg/spongepowered/asm/mixin/injection/callback/CallbackInfo;)V won't be passed a CallbackInfo as a result
[04:00:00] [main/DEBUG] [mixin/]: Mixing MinecraftClientMixin from emi.mixins.json into net.minecraft.client.Minecraft
[04:00:00] [main/DEBUG] [mixin/]: emi.mixins.json:MinecraftClientMixin from mod emi: Class version 65 required is higher than the class version supported by the current version of Mixin (JAVA_17 supports class version 61)
[04:00:00] [main/DEBUG] [mixin/]: Renaming synthetic method lambda$reloadResources$0()V to md4eef09$emi$lambda$reloadResources$0$0 in emi.mixins.json:MinecraftClientMixin from mod emi
[04:00:00] [main/DEBUG] [mixin/]: Mixing MinecraftMixin from flywheel.impl.mixins.json into net.minecraft.client.Minecraft
[04:00:00] [main/DEBUG] [mixin/]: Mixing client.WindowResizeMixin from ponder-common.mixins.json into net.minecraft.client.Minecraft
[04:00:00] [main/DEBUG] [mixin/]: ponder-common.mixins.json:client.WindowResizeMixin from mod ponder: Class version 65 required is higher than the class version supported by the current version of Mixin (JAVA_17 supports class version 61)
[04:00:00] [main/DEBUG] [mixin/]: Mixing MinecraftClientMixin from kubejs.mixins.json into net.minecraft.client.Minecraft
[04:00:00] [main/DEBUG] [mixin/]: Renaming synthetic method lambda$kjs$endResourceReload$1()V to md4eef09$kubejs$lambda$kjs$endResourceReload$1$1 in kubejs.mixins.json:MinecraftClientMixin from mod kubejs
[04:00:00] [main/DEBUG] [mixin/]: Renaming synthetic method lambda$kjs$init$0()V to md4eef09$kubejs$lambda$kjs$init$0$2 in kubejs.mixins.json:MinecraftClientMixin from mod kubejs
[04:00:00] [main/DEBUG] [mixin/]: Mixing accessor.MinecraftAccessor from create.mixins.json into net.minecraft.client.Minecraft
[04:00:00] [main/DEBUG] [mixin/]: emi.mixins.json:MinecraftClientMixin from mod emi->@Inject::reloadResources(ZLjava/lang/Object;Lorg/spongepowered/asm/mixin/injection/callback/CallbackInfoReturnable;)V does use it's CallbackInfoReturnable
[04:00:00] [main/DEBUG] [mixin/]: emi.mixins.json:MinecraftClientMixin from mod emi->@Inject::reloadResources(ZLjava/lang/Object;Lorg/spongepowered/asm/mixin/injection/callback/CallbackInfoReturnable;)V does use it's CallbackInfoReturnable
[04:00:00] [main/DEBUG] [mixin/]: emi.mixins.json:MinecraftClientMixin from mod emi->@Inject::reloadResources(ZLjava/lang/Object;Lorg/spongepowered/asm/mixin/injection/callback/CallbackInfoReturnable;)V does use it's CallbackInfoReturnable
[04:00:00] [main/DEBUG] [mixin/]: emi.mixins.json:MinecraftClientMixin from mod emi->@Inject::disconnect(Lorg/spongepowered/asm/mixin/injection/callback/CallbackInfo;)V doesn't use it's CallbackInfo
[04:00:00] [main/DEBUG] [mixin/]: emi.mixins.json:MinecraftClientMixin from mod emi->@Inject::disconnect(Lorg/spongepowered/asm/mixin/injection/callback/CallbackInfo;)V has 0 override(s) in child classes
[04:00:00] [main/DEBUG] [mixin/]: emi.mixins.json:MinecraftClientMixin from mod emi->@Inject::disconnect(Lorg/spongepowered/asm/mixin/injection/callback/CallbackInfo;)V won't be passed a CallbackInfo as a result
[04:00:00] [main/DEBUG] [mixin/]: flywheel.impl.mixins.json:MinecraftMixin from mod flywheel->@Inject::flywheel$onBeginInitialResourceReload(Lorg/spongepowered/asm/mixin/injection/callback/CallbackInfo;)V doesn't use it's CallbackInfo
[04:00:00] [main/DEBUG] [mixin/]: flywheel.impl.mixins.json:MinecraftMixin from mod flywheel->@Inject::flywheel$onBeginInitialResourceReload(Lorg/spongepowered/asm/mixin/injection/callback/CallbackInfo;)V has 0 override(s) in child classes
[04:00:00] [main/DEBUG] [mixin/]: flywheel.impl.mixins.json:MinecraftMixin from mod flywheel->@Inject::flywheel$onBeginInitialResourceReload(Lorg/spongepowered/asm/mixin/injection/callback/CallbackInfo;)V won't be passed a CallbackInfo as a result
[04:00:00] [main/DEBUG] [mixin/]: flywheel.impl.mixins.json:MinecraftMixin from mod flywheel->@Inject::flywheel$onEndInitialResourceReload(Ljava/lang/Object;Ljava/util/Optional;Lorg/spongepowered/asm/mixin/injection/callback/CallbackInfo;)V doesn't use it's CallbackInfo
[04:00:00] [main/DEBUG] [mixin/]: flywheel.impl.mixins.json:MinecraftMixin from mod flywheel->@Inject::flywheel$onEndInitialResourceReload(Ljava/lang/Object;Ljava/util/Optional;Lorg/spongepowered/asm/mixin/injection/callback/CallbackInfo;)V has 0 override(s) in child classes
[04:00:00] [main/DEBUG] [mixin/]: flywheel.impl.mixins.json:MinecraftMixin from mod flywheel->@Inject::flywheel$onEndInitialResourceReload(Ljava/lang/Object;Ljava/util/Optional;Lorg/spongepowered/asm/mixin/injection/callback/CallbackInfo;)V won't be passed a CallbackInfo as a result
[04:00:00] [main/DEBUG] [mixin/]: flywheel.impl.mixins.json:MinecraftMixin from mod flywheel->@Inject::flywheel$onEndManualResourceReload(ZLjava/lang/Object;Ljava/util/concurrent/CompletableFuture;Ljava/util/Optional;Lorg/spongepowered/asm/mixin/injection/callback/CallbackInfo;)V doesn't use it's CallbackInfo
[04:00:00] [main/DEBUG] [mixin/]: flywheel.impl.mixins.json:MinecraftMixin from mod flywheel->@Inject::flywheel$onEndManualResourceReload(ZLjava/lang/Object;Ljava/util/concurrent/CompletableFuture;Ljava/util/Optional;Lorg/spongepowered/asm/mixin/injection/callback/CallbackInfo;)V has 0 override(s) in child classes
[04:00:00] [main/DEBUG] [mixin/]: flywheel.impl.mixins.json:MinecraftMixin from mod flywheel->@Inject::flywheel$onEndManualResourceReload(ZLjava/lang/Object;Ljava/util/concurrent/CompletableFuture;Ljava/util/Optional;Lorg/spongepowered/asm/mixin/injection/callback/CallbackInfo;)V won't be passed a CallbackInfo as a result
[04:00:00] [main/DEBUG] [mixin/]: ponder-common.mixins.json:client.WindowResizeMixin from mod ponder->@Inject::catnip$updateWindowSize(Lorg/spongepowered/asm/mixin/injection/callback/CallbackInfo;)V doesn't use it's CallbackInfo
[04:00:00] [main/DEBUG] [mixin/]: ponder-common.mixins.json:client.WindowResizeMixin from mod ponder->@Inject::catnip$updateWindowSize(Lorg/spongepowered/asm/mixin/injection/callback/CallbackInfo;)V has 0 override(s) in child classes
[04:00:00] [main/DEBUG] [mixin/]: ponder-common.mixins.json:client.WindowResizeMixin from mod ponder->@Inject::catnip$updateWindowSize(Lorg/spongepowered/asm/mixin/injection/callback/CallbackInfo;)V won't be passed a CallbackInfo as a result
[04:00:00] [main/DEBUG] [mixin/]: kubejs.mixins.json:MinecraftClientMixin from mod kubejs->@Inject::kjs$init(Lorg/spongepowered/asm/mixin/injection/callback/CallbackInfo;)V doesn't use it's CallbackInfo
[04:00:00] [main/DEBUG] [mixin/]: kubejs.mixins.json:MinecraftClientMixin from mod kubejs->@Inject::kjs$init(Lorg/spongepowered/asm/mixin/injection/callback/CallbackInfo;)V has 0 override(s) in child classes
[04:00:00] [main/DEBUG] [mixin/]: kubejs.mixins.json:MinecraftClientMixin from mod kubejs->@Inject::kjs$init(Lorg/spongepowered/asm/mixin/injection/callback/CallbackInfo;)V won't be passed a CallbackInfo as a result
[04:00:00] [main/DEBUG] [mixin/]: kubejs.mixins.json:MinecraftClientMixin from mod kubejs->@Inject::kjs$createTitle(Lorg/spongepowered/asm/mixin/injection/callback/CallbackInfoReturnable;)V does use it's CallbackInfoReturnable
[04:00:00] [main/DEBUG] [mixin/]: kubejs.mixins.json:MinecraftClientMixin from mod kubejs->@Inject::kjs$startAttack(Lorg/spongepowered/asm/mixin/injection/callback/CallbackInfoReturnable;)V doesn't use it's CallbackInfoReturnable
[04:00:00] [main/DEBUG] [mixin/]: kubejs.mixins.json:MinecraftClientMixin from mod kubejs->@Inject::kjs$startAttack(Lorg/spongepowered/asm/mixin/injection/callback/CallbackInfoReturnable;)V has 0 override(s) in child classes
[04:00:00] [main/DEBUG] [mixin/]: kubejs.mixins.json:MinecraftClientMixin from mod kubejs->@Inject::kjs$startAttack(Lorg/spongepowered/asm/mixin/injection/callback/CallbackInfoReturnable;)V won't be passed a CallbackInfoReturnable as a result
[04:00:00] [main/DEBUG] [mixin/]: kubejs.mixins.json:MinecraftClientMixin from mod kubejs->@Inject::kjs$startUseItem(Lorg/spongepowered/asm/mixin/injection/callback/CallbackInfo;)V doesn't use it's CallbackInfo
[04:00:00] [main/DEBUG] [mixin/]: kubejs.mixins.json:MinecraftClientMixin from mod kubejs->@Inject::kjs$startUseItem(Lorg/spongepowered/asm/mixin/injection/callback/CallbackInfo;)V has 0 override(s) in child classes
[04:00:00] [main/DEBUG] [mixin/]: kubejs.mixins.json:MinecraftClientMixin from mod kubejs->@Inject::kjs$startUseItem(Lorg/spongepowered/asm/mixin/injection/callback/CallbackInfo;)V won't be passed a CallbackInfo as a result
[04:00:00] [main/DEBUG] [mixin/]: kubejs.mixins.json:MinecraftClientMixin from mod kubejs->@Inject::kjs$postTickClient(Lorg/spongepowered/asm/mixin/injection/callback/CallbackInfo;)V doesn't use it's CallbackInfo
[04:00:00] [main/DEBUG] [mixin/]: kubejs.mixins.json:MinecraftClientMixin from mod kubejs->@Inject::kjs$postTickClient(Lorg/spongepowered/asm/mixin/injection/callback/CallbackInfo;)V has 0 override(s) in child classes
[04:00:00] [main/DEBUG] [mixin/]: kubejs.mixins.json:MinecraftClientMixin from mod kubejs->@Inject::kjs$postTickClient(Lorg/spongepowered/asm/mixin/injection/callback/CallbackInfo;)V won't be passed a CallbackInfo as a result
[04:00:00] [main/DEBUG] [mixin/]: kubejs.mixins.json:MinecraftClientMixin from mod kubejs->@Inject::kjs$endResourceReload(ZLnet/minecraft/client/Minecraft$GameLoadCookie;Lorg/spongepowered/asm/mixin/injection/callback/CallbackInfoReturnable;)V doesn't use it's CallbackInfoReturnable
[04:00:00] [main/DEBUG] [mixin/]: kubejs.mixins.json:MinecraftClientMixin from mod kubejs->@Inject::kjs$endResourceReload(ZLnet/minecraft/client/Minecraft$GameLoadCookie;Lorg/spongepowered/asm/mixin/injection/callback/CallbackInfoReturnable;)V has 0 override(s) in child classes
[04:00:00] [main/DEBUG] [mixin/]: kubejs.mixins.json:MinecraftClientMixin from mod kubejs->@Inject::kjs$endResourceReload(ZLnet/minecraft/client/Minecraft$GameLoadCookie;Lorg/spongepowered/asm/mixin/injection/callback/CallbackInfoReturnable;)V won't be passed a CallbackInfoReturnable as a result
[04:00:00] [main/DEBUG] [mixin/]: Mixing StringRepresentableMixin from kubejs.mixins.json into net.minecraft.util.StringRepresentable
[04:00:00] [main/DEBUG] [io.ne.ut.in.lo.InternalLoggerFactory/]: Using SLF4J as the default logging framework
[04:00:00] [main/DEBUG] [io.ne.ut.ResourceLeakDetector/]: -Dio.netty.leakDetection.level: simple
[04:00:00] [main/DEBUG] [io.ne.ut.ResourceLeakDetector/]: -Dio.netty.leakDetection.targetRecords: 4
[04:00:00] [main/DEBUG] [mixin/]: Mixing accessor.NbtAccounterAccessor from create.mixins.json into net.minecraft.nbt.NbtAccounter
[04:00:00] [main/DEBUG] [mixin/]: Mixing CompoundTagMixin from kubejs.mixins.json into net.minecraft.nbt.CompoundTag
[04:00:00] [main/DEBUG] [mixin/]: Mixing MutableComponentMixin from kubejs.mixins.json into net.minecraft.network.chat.MutableComponent
[04:00:00] [main/DEBUG] [mixin/]: Mixing ResourceLocationMixin from kubejs.mixins.json into net.minecraft.resources.ResourceLocation
[04:00:00] [main/DEBUG] [mixin/]: Mixing datafixer.BlockPosFormatAndRenamesFixMixin from create.mixins.json into net.minecraft.util.datafix.fixes.BlockPosFormatAndRenamesFix
[04:00:00] [main/DEBUG] [mixin/]: Renaming synthetic method lambda$create$addFixers$2(Lcom/mojang/datafixers/OpticFinder;Lcom/simibubi/create/foundation/utility/DataFixerHelper$BlockPosFixer;Lcom/mojang/datafixers/Typed;)Lcom/mojang/datafixers/Typed; to md4eef09$create$lambda$create$addFixers$2$0 in create.mixins.json:datafixer.BlockPosFormatAndRenamesFixMixin from mod create
[04:00:00] [main/DEBUG] [mixin/]: Renaming synthetic method lambda$create$addFixers$1(Lcom/simibubi/create/foundation/utility/DataFixerHelper$BlockPosFixer;Lcom/mojang/datafixers/Typed;)Lcom/mojang/datafixers/Typed; to md4eef09$create$lambda$create$addFixers$1$1 in create.mixins.json:datafixer.BlockPosFormatAndRenamesFixMixin from mod create
[04:00:00] [main/DEBUG] [mixin/]: Renaming synthetic method lambda$create$addFixers$0(Lcom/simibubi/create/foundation/utility/DataFixerHelper$BlockPosFixer;Lcom/mojang/serialization/Dynamic;)Lcom/mojang/serialization/Dynamic; to md4eef09$create$lambda$create$addFixers$0$2 in create.mixins.json:datafixer.BlockPosFormatAndRenamesFixMixin from mod create
[04:00:00] [main/DEBUG] [mixin/]: create.mixins.json:datafixer.BlockPosFormatAndRenamesFixMixin from mod create->@Inject::create$addFixers(Lorg/spongepowered/asm/mixin/injection/callback/CallbackInfoReturnable;)V doesn't use it's CallbackInfoReturnable
[04:00:00] [main/DEBUG] [mixin/]: create.mixins.json:datafixer.BlockPosFormatAndRenamesFixMixin from mod create->@Inject::create$addFixers(Lorg/spongepowered/asm/mixin/injection/callback/CallbackInfoReturnable;)V has 0 override(s) in child classes
[04:00:00] [main/DEBUG] [mixin/]: create.mixins.json:datafixer.BlockPosFormatAndRenamesFixMixin from mod create->@Inject::create$addFixers(Lorg/spongepowered/asm/mixin/injection/callback/CallbackInfoReturnable;)V won't be passed a CallbackInfoReturnable as a result
[04:00:00] [main/DEBUG] [mixin/]: Mixing datafixer.ItemStackComponentizationFixMixin from create.mixins.json into net.minecraft.util.datafix.fixes.ItemStackComponentizationFix
[04:00:00] [main/DEBUG] [mixin/]: Renaming synthetic method lambda$create$moveItemStackHandlerToItemContainerContents$4(Lcom/mojang/serialization/Dynamic;Lnet/minecraft/util/datafix/fixes/ItemStackComponentizationFix$ItemStackData;Ljava/lang/String;Lcom/mojang/serialization/Dynamic;)V to md4eef09$create$lambda$create$moveItemStackHandlerToItemContainerContents$4$0 in create.mixins.json:datafixer.ItemStackComponentizationFixMixin from mod create
[04:00:00] [main/DEBUG] [mixin/]: Renaming synthetic method lambda$create$moveItemStackHandlerToItemContainerContents$3(Lcom/mojang/serialization/Dynamic;Ljava/util/List;Lcom/mojang/serialization/Dynamic;)V to md4eef09$create$lambda$create$moveItemStackHandlerToItemContainerContents$3$1 in create.mixins.json:datafixer.ItemStackComponentizationFixMixin from mod create
[04:00:00] [main/DEBUG] [mixin/]: Renaming synthetic method lambda$create$moveTagToEnumComponent$2([Ljava/lang/Enum;Lnet/minecraft/util/datafix/fixes/ItemStackComponentizationFix$ItemStackData;Ljava/lang/String;Lcom/mojang/serialization/Dynamic;)V to md4eef09$create$lambda$create$moveTagToEnumComponent$2$2 in create.mixins.json:datafixer.ItemStackComponentizationFixMixin from mod create
[04:00:00] [main/DEBUG] [mixin/]: Renaming synthetic method lambda$create$fixItemsAndTranslateNBTIntoComponents$1(Lnet/minecraft/util/datafix/fixes/ItemStackComponentizationFix$ItemStackData;Lcom/mojang/serialization/Dynamic;)V to md4eef09$create$lambda$create$fixItemsAndTranslateNBTIntoComponents$1$3 in create.mixins.json:datafixer.ItemStackComponentizationFixMixin from mod create
[04:00:00] [main/DEBUG] [mixin/]: Renaming synthetic method lambda$create$fixItemsAndTranslateNBTIntoComponents$0(Lcom/mojang/serialization/Dynamic;Lnet/minecraft/util/datafix/fixes/ItemStackComponentizationFix$ItemStackData;Lcom/mojang/serialization/Dynamic;)V to md4eef09$create$lambda$create$fixItemsAndTranslateNBTIntoComponents$0$4 in create.mixins.json:datafixer.ItemStackComponentizationFixMixin from mod create
[04:00:00] [main/DEBUG] [mixin/]: create.mixins.json:datafixer.ItemStackComponentizationFixMixin from mod create->@Inject::create$fixItemsAndTranslateNBTIntoComponents(Lnet/minecraft/util/datafix/fixes/ItemStackComponentizationFix$ItemStackData;Lcom/mojang/serialization/Dynamic;Lorg/spongepowered/asm/mixin/injection/callback/CallbackInfo;)V doesn't use it's CallbackInfo
[04:00:01] [main/DEBUG] [mixin/]: Mixing StringTagMixin from kubejs.mixins.json into net.minecraft.nbt.StringTag
[04:00:01] [main/DEBUG] [mixin/]: Mixing datafixer.V1460Mixin from create.mixins.json into net.minecraft.util.datafix.schemas.V1460
[04:00:01] [main/DEBUG] [mixin/]: create.mixins.json:datafixer.V1460Mixin from mod create->@Inject::create$registerEntitiesToBeFixed(Lcom/mojang/datafixers/schemas/Schema;Lorg/spongepowered/asm/mixin/injection/callback/CallbackInfoReturnable;)V does use it's CallbackInfoReturnable
[04:00:01] [main/DEBUG] [mixin/]: create.mixins.json:datafixer.V1460Mixin from mod create->@Inject::create$registerBlockEntitiesToBeFixed(Lcom/mojang/datafixers/schemas/Schema;Lorg/spongepowered/asm/mixin/injection/callback/CallbackInfoReturnable;)V does use it's CallbackInfoReturnable
[04:00:01] [main/DEBUG] [mixin/]: Mixing UtilMixin from kubejs.mixins.json into net.minecraft.Util
[04:00:01] [main/DEBUG] [mixin/]: kubejs.mixins.json:UtilMixin from mod kubejs->@Inject::shutdownExecutorsKJS(Lorg/spongepowered/asm/mixin/injection/callback/CallbackInfo;)V doesn't use it's CallbackInfo
[04:00:01] [main/DEBUG] [mixin/]: Mixing accessor.SystemReportAccessor from create.mixins.json into net.minecraft.SystemReport
[04:00:01] [main/DEBUG] [mixin/]: Renaming @Accessor method getOPERATING_SYSTEM()Ljava/lang/String; to getOPERATING_SYSTEM$create_$md$4eef09$0 in create.mixins.json:accessor.SystemReportAccessor from mod create
[04:00:01] [main/DEBUG] [mixin/]: Renaming @Accessor method getJAVA_VERSION()Ljava/lang/String; to getJAVA_VERSION$create_$md$4eef09$1 in create.mixins.json:accessor.SystemReportAccessor from mod create
[04:00:01] [main/DEBUG] [os.ut.FileUtil/]: No oshi.properties file found from ClassLoader cpw.mods.modlauncher.TransformingClassLoader@70f31322
[04:00:01] [Datafixer Bootstrap/INFO] [mojang/DataFixerBuilder]: 229 Datafixer optimizations took 326 milliseconds
[04:00:01] [main/DEBUG] [os.ut.FileUtil/]: No oshi.architecture.properties file found from ClassLoader cpw.mods.modlauncher.TransformingClassLoader@70f31322
[04:00:01] [pool-19-thread-1/DEBUG] [mixin/]: Mixing BuiltInRegistriesMixin from create.mixins.json into net.minecraft.core.registries.BuiltInRegistries
[04:00:01] [pool-19-thread-1/DEBUG] [mixin/]: Renaming synthetic method lambda$create$ourRegistriesAreNotEmpty$0(Ljava/util/function/Consumer;Lnet/minecraft/core/Registry;)V to md4eef09$create$lambda$create$ourRegistriesAreNotEmpty$0$0 in create.mixins.json:BuiltInRegistriesMixin from mod create
[04:00:01] [pool-19-thread-1/DEBUG] [mixin/]: Mixing MappedRegistryAccessor from neoforge.mixins.json into net.minecraft.core.MappedRegistry
[04:00:01] [pool-19-thread-1/DEBUG] [mixin/]: Mixing accessor.MappedRegistryAccessor from create.mixins.json into net.minecraft.core.MappedRegistry
[04:00:01] [pool-19-thread-1/DEBUG] [mixin/]: Mixing HolderMixin from kubejs.mixins.json into net.minecraft.core.Holder
[04:00:01] [pool-19-thread-1/DEBUG] [mixin/]: Renaming synthetic method lambda$kjs$isTag$0(Lnet/minecraft/resources/ResourceLocation;Lnet/minecraft/resources/ResourceKey;)Ljava/lang/Boolean; to md4eef09$kubejs$lambda$kjs$isTag$0$0 in kubejs.mixins.json:HolderMixin from mod kubejs
[04:00:01] [pool-19-thread-1/DEBUG] [mixin/]: Mixing ResourceKeyMixin from kubejs.mixins.json into net.minecraft.resources.ResourceKey
[04:00:01] [pool-19-thread-1/DEBUG] [mixin/]: kubejs.mixins.json:ResourceKeyMixin from mod kubejs->@Inject::kjs$getKeyStackTraces(Lnet/minecraft/resources/ResourceLocation;Lnet/minecraft/resources/ResourceLocation;Lorg/spongepowered/asm/mixin/injection/callback/CallbackInfo;)V doesn't use it's CallbackInfo
[04:00:01] [pool-19-thread-1/DEBUG] [mixin/]: kubejs.mixins.json:ResourceKeyMixin from mod kubejs->@Inject::kjs$getKeyStackTraces(Lnet/minecraft/resources/ResourceLocation;Lnet/minecraft/resources/ResourceLocation;Lorg/spongepowered/asm/mixin/injection/callback/CallbackInfo;)V has 0 override(s) in child classes
[04:00:01] [pool-19-thread-1/DEBUG] [mixin/]: kubejs.mixins.json:ResourceKeyMixin from mod kubejs->@Inject::kjs$getKeyStackTraces(Lnet/minecraft/resources/ResourceLocation;Lnet/minecraft/resources/ResourceLocation;Lorg/spongepowered/asm/mixin/injection/callback/CallbackInfo;)V won't be passed a CallbackInfo as a result
[04:00:01] [pool-19-thread-1/DEBUG] [mixin/]: Mixing CreativeModeTabMixin from kubejs.mixins.json into net.minecraft.world.item.CreativeModeTab
[04:00:01] [pool-19-thread-1/DEBUG] [mixin/]: Mixing DataComponentsMixin from kubejs.mixins.json into net.minecraft.core.component.DataComponents
[04:00:02] [pool-19-thread-1/DEBUG] [mixin/]: Mixing BlockBurningCache from touhou_little_maid.mixins.json into net.minecraft.world.level.block.Block
[04:00:02] [pool-19-thread-1/DEBUG] [mixin/]: touhou_little_maid.mixins.json:BlockBurningCache from mod touhou_little_maid: Class version 65 required is higher than the class version supported by the current version of Mixin (JAVA_17 supports class version 61)
[04:00:02] [pool-19-thread-1/DEBUG] [mixin/]: Mixing BlockMixin from kubejs.mixins.json into net.minecraft.world.level.block.Block
[04:00:02] [pool-19-thread-1/DEBUG] [mixin/]: Mixing BlockMixin from create.mixins.json into net.minecraft.world.level.block.Block
[04:00:02] [pool-19-thread-1/DEBUG] [mixin/]: kubejs.mixins.json:BlockMixin from mod kubejs->@Inject::kjs$getName(Lorg/spongepowered/asm/mixin/injection/callback/CallbackInfoReturnable;)V does use it's CallbackInfoReturnable
[04:00:02] [pool-19-thread-1/DEBUG] [mixin/]: Mixing BlockBehaviourMixin from kubejs.mixins.json into net.minecraft.world.level.block.state.BlockBehaviour
[04:00:02] [pool-19-thread-1/DEBUG] [mixin/]: Mixing accessor.BlockBehaviourAccessor from create.mixins.json into net.minecraft.world.level.block.state.BlockBehaviour
[04:00:02] [pool-19-thread-1/DEBUG] [mixin/]: kubejs.mixins.json:BlockBehaviourMixin from mod kubejs->@Inject::onRandomTick(Lnet/minecraft/world/level/block/state/BlockState;Lnet/minecraft/server/level/ServerLevel;Lnet/minecraft/core/BlockPos;Lnet/minecraft/util/RandomSource;Lorg/spongepowered/asm/mixin/injection/callback/CallbackInfo;)V does use it's CallbackInfo
[04:00:02] [pool-19-thread-1/DEBUG] [mixin/]: Mixing FluidMixin from kubejs.mixins.json into net.minecraft.world.level.material.Fluid
[04:00:02] [pool-19-thread-1/DEBUG] [mixin/]: Mixing EntityTypeMixin from flywheel.impl.mixins.json into net.minecraft.world.entity.EntityType
[04:00:02] [pool-19-thread-1/DEBUG] [mixin/]: Mixing EntityTypeMixin from kubejs.mixins.json into net.minecraft.world.entity.EntityType
[04:00:02] [pool-19-thread-1/DEBUG] [mixin/]: Mixing ItemMixin from kubejs.mixins.json into net.minecraft.world.item.Item
[04:00:02] [pool-19-thread-1/DEBUG] [mixin/]: kubejs.mixins.json:ItemMixin from mod kubejs->@Inject::isFoil(Lnet/minecraft/world/item/ItemStack;Lorg/spongepowered/asm/mixin/injection/callback/CallbackInfoReturnable;)V does use it's CallbackInfoReturnable
[04:00:02] [pool-19-thread-1/DEBUG] [mixin/]: kubejs.mixins.json:ItemMixin from mod kubejs->@Inject::appendHoverText(Lnet/minecraft/world/item/ItemStack;Lnet/minecraft/world/item/Item$TooltipContext;Ljava/util/List;Lnet/minecraft/world/item/TooltipFlag;Lorg/spongepowered/asm/mixin/injection/callback/CallbackInfo;)V doesn't use it's CallbackInfo
[04:00:02] [pool-19-thread-1/DEBUG] [mixin/]: kubejs.mixins.json:ItemMixin from mod kubejs->@Inject::appendHoverText(Lnet/minecraft/world/item/ItemStack;Lnet/minecraft/world/item/Item$TooltipContext;Ljava/util/List;Lnet/minecraft/world/item/TooltipFlag;Lorg/spongepowered/asm/mixin/injection/callback/CallbackInfo;)V has 0 override(s) in child classes
[04:00:02] [pool-19-thread-1/DEBUG] [mixin/]: kubejs.mixins.json:ItemMixin from mod kubejs->@Inject::appendHoverText(Lnet/minecraft/world/item/ItemStack;Lnet/minecraft/world/item/Item$TooltipContext;Ljava/util/List;Lnet/minecraft/world/item/TooltipFlag;Lorg/spongepowered/asm/mixin/injection/callback/CallbackInfo;)V won't be passed a CallbackInfo as a result
[04:00:02] [pool-19-thread-1/DEBUG] [mixin/]: kubejs.mixins.json:ItemMixin from mod kubejs->@Inject::isBarVisible(Lnet/minecraft/world/item/ItemStack;Lorg/spongepowered/asm/mixin/injection/callback/CallbackInfoReturnable;)V does use it's CallbackInfoReturnable
[04:00:02] [pool-19-thread-1/DEBUG] [mixin/]: kubejs.mixins.json:ItemMixin from mod kubejs->@Inject::getBarWidth(Lnet/minecraft/world/item/ItemStack;Lorg/spongepowered/asm/mixin/injection/callback/CallbackInfoReturnable;)V does use it's CallbackInfoReturnable
[04:00:02] [pool-19-thread-1/DEBUG] [mixin/]: kubejs.mixins.json:ItemMixin from mod kubejs->@Inject::getBarColor(Lnet/minecraft/world/item/ItemStack;Lorg/spongepowered/asm/mixin/injection/callback/CallbackInfoReturnable;)V does use it's CallbackInfoReturnable
[04:00:02] [pool-19-thread-1/DEBUG] [mixin/]: kubejs.mixins.json:ItemMixin from mod kubejs->@Inject::getUseDuration(Lnet/minecraft/world/item/ItemStack;Lnet/minecraft/world/entity/LivingEntity;Lorg/spongepowered/asm/mixin/injection/callback/CallbackInfoReturnable;)V does use it's CallbackInfoReturnable
[04:00:02] [pool-19-thread-1/DEBUG] [mixin/]: kubejs.mixins.json:ItemMixin from mod kubejs->@Inject::getUseAnimation(Lnet/minecraft/world/item/ItemStack;Lorg/spongepowered/asm/mixin/injection/callback/CallbackInfoReturnable;)V does use it's CallbackInfoReturnable
[04:00:02] [pool-19-thread-1/DEBUG] [mixin/]: kubejs.mixins.json:ItemMixin from mod kubejs->@Inject::getName(Lnet/minecraft/world/item/ItemStack;Lorg/spongepowered/asm/mixin/injection/callback/CallbackInfoReturnable;)V does use it's CallbackInfoReturnable
[04:00:02] [pool-19-thread-1/DEBUG] [mixin/]: kubejs.mixins.json:ItemMixin from mod kubejs->@Inject::use(Lnet/minecraft/world/level/Level;Lnet/minecraft/world/entity/player/Player;Lnet/minecraft/world/InteractionHand;Lorg/spongepowered/asm/mixin/injection/callback/CallbackInfoReturnable;)V does use it's CallbackInfoReturnable
[04:00:02] [pool-19-thread-1/DEBUG] [mixin/]: kubejs.mixins.json:ItemMixin from mod kubejs->@Inject::finishUsingItem(Lnet/minecraft/world/item/ItemStack;Lnet/minecraft/world/level/Level;Lnet/minecraft/world/entity/LivingEntity;Lorg/spongepowered/asm/mixin/injection/callback/CallbackInfoReturnable;)V does use it's CallbackInfoReturnable
[04:00:02] [pool-19-thread-1/DEBUG] [mixin/]: kubejs.mixins.json:ItemMixin from mod kubejs->@Inject::releaseUsing(Lnet/minecraft/world/item/ItemStack;Lnet/minecraft/world/level/Level;Lnet/minecraft/world/entity/LivingEntity;ILorg/spongepowered/asm/mixin/injection/callback/CallbackInfo;)V doesn't use it's CallbackInfo
[04:00:02] [pool-19-thread-1/DEBUG] [mixin/]: kubejs.mixins.json:ItemMixin from mod kubejs->@Inject::releaseUsing(Lnet/minecraft/world/item/ItemStack;Lnet/minecraft/world/level/Level;Lnet/minecraft/world/entity/LivingEntity;ILorg/spongepowered/asm/mixin/injection/callback/CallbackInfo;)V has 0 override(s) in child classes
[04:00:02] [pool-19-thread-1/DEBUG] [mixin/]: kubejs.mixins.json:ItemMixin from mod kubejs->@Inject::releaseUsing(Lnet/minecraft/world/item/ItemStack;Lnet/minecraft/world/level/Level;Lnet/minecraft/world/entity/LivingEntity;ILorg/spongepowered/asm/mixin/injection/callback/CallbackInfo;)V won't be passed a CallbackInfo as a result
[04:00:02] [pool-19-thread-1/DEBUG] [mixin/]: kubejs.mixins.json:ItemMixin from mod kubejs->@Inject::hurtEnemy(Lnet/minecraft/world/item/ItemStack;Lnet/minecraft/world/entity/LivingEntity;Lnet/minecraft/world/entity/LivingEntity;Lorg/spongepowered/asm/mixin/injection/callback/CallbackInfoReturnable;)V does use it's CallbackInfoReturnable
[04:00:02] [pool-19-thread-1/DEBUG] [mixin/]: Mixing PlayerMixin from touhou_little_maid.mixins.json into net.minecraft.world.entity.player.Player
[04:00:02] [pool-19-thread-1/DEBUG] [mixin/]: touhou_little_maid.mixins.json:PlayerMixin from mod touhou_little_maid: Class version 65 required is higher than the class version supported by the current version of Mixin (JAVA_17 supports class version 61)
[04:00:02] [pool-19-thread-1/DEBUG] [mixin/]: Mixing PlayerMixin from kubejs.mixins.json into net.minecraft.world.entity.player.Player
[04:00:02] [pool-19-thread-1/DEBUG] [mixin/]: Mixing PlayerMixin from create.mixins.json into net.minecraft.world.entity.player.Player
[04:00:02] [pool-19-thread-1/DEBUG] [mixin/]: touhou_little_maid.mixins.json:PlayerMixin from mod touhou_little_maid->@Inject::tlmRemoveVehicle(Lorg/spongepowered/asm/mixin/injection/callback/CallbackInfo;)V doesn't use it's CallbackInfo
[04:00:02] [pool-19-thread-1/DEBUG] [mixin/]: touhou_little_maid.mixins.json:PlayerMixin from mod touhou_little_maid->@Inject::tlmRemoveVehicle(Lorg/spongepowered/asm/mixin/injection/callback/CallbackInfo;)V has 0 override(s) in child classes
[04:00:02] [pool-19-thread-1/DEBUG] [mixin/]: touhou_little_maid.mixins.json:PlayerMixin from mod touhou_little_maid->@Inject::tlmRemoveVehicle(Lorg/spongepowered/asm/mixin/injection/callback/CallbackInfo;)V won't be passed a CallbackInfo as a result
[04:00:02] [pool-19-thread-1/DEBUG] [mixin/]: touhou_little_maid.mixins.json:PlayerMixin from mod touhou_little_maid->@Inject::tlmWantsToStopRiding(Lorg/spongepowered/asm/mixin/injection/callback/CallbackInfoReturnable;)V does use it's CallbackInfoReturnable
[04:00:02] [pool-19-thread-1/DEBUG] [mixin/]: Mixing LivingEntityMixin from poopsky.mixins.json into net.minecraft.world.entity.LivingEntity
[04:00:02] [pool-19-thread-1/DEBUG] [mixin/]: Mixing accessor.LivingEntityAccessor from touhou_little_maid.mixins.json into net.minecraft.world.entity.LivingEntity
[04:00:02] [pool-19-thread-1/DEBUG] [mixin/]: touhou_little_maid.mixins.json:accessor.LivingEntityAccessor from mod touhou_little_maid: Class version 65 required is higher than the class version supported by the current version of Mixin (JAVA_17 supports class version 61)
[04:00:02] [pool-19-thread-1/DEBUG] [mixin/]: Mixing LivingEntityMixin from kubejs.mixins.json into net.minecraft.world.entity.LivingEntity
[04:00:02] [pool-19-thread-1/DEBUG] [mixin/]: Mixing CustomItemUseEffectsMixin from create.mixins.json into net.minecraft.world.entity.LivingEntity
[04:00:02] [pool-19-thread-1/DEBUG] [mixin/]: Mixing LavaSwimmingMixin from create.mixins.json into net.minecraft.world.entity.LivingEntity
[04:00:02] [pool-19-thread-1/DEBUG] [mixin/]: Mixing accessor.LivingEntityAccessor from create.mixins.json into net.minecraft.world.entity.LivingEntity
[04:00:02] [pool-19-thread-1/DEBUG] [mixin/]: poopsky.mixins.json:LivingEntityMixin from mod poopsky->@Inject::poopsky$removeInvulnerabilityDuringTimeFreeze(Lnet/minecraft/world/damagesource/DamageSource;FLorg/spongepowered/asm/mixin/injection/callback/CallbackInfoReturnable;)V does use it's CallbackInfoReturnable
[04:00:02] [pool-19-thread-1/DEBUG] [mixin/]: kubejs.mixins.json:LivingEntityMixin from mod kubejs->@Inject::foodEaten(Lnet/minecraft/world/level/Level;Lnet/minecraft/world/item/ItemStack;Lnet/minecraft/world/food/FoodProperties;Lorg/spongepowered/asm/mixin/injection/callback/CallbackInfoReturnable;)V doesn't use it's CallbackInfoReturnable
[04:00:02] [pool-19-thread-1/DEBUG] [mixin/]: kubejs.mixins.json:LivingEntityMixin from mod kubejs->@Inject::foodEaten(Lnet/minecraft/world/level/Level;Lnet/minecraft/world/item/ItemStack;Lnet/minecraft/world/food/FoodProperties;Lorg/spongepowered/asm/mixin/injection/callback/CallbackInfoReturnable;)V has 0 override(s) in child classes
[04:00:02] [pool-19-thread-1/DEBUG] [mixin/]: kubejs.mixins.json:LivingEntityMixin from mod kubejs->@Inject::foodEaten(Lnet/minecraft/world/level/Level;Lnet/minecraft/world/item/ItemStack;Lnet/minecraft/world/food/FoodProperties;Lorg/spongepowered/asm/mixin/injection/callback/CallbackInfoReturnable;)V won't be passed a CallbackInfoReturnable as a result
[04:00:02] [pool-19-thread-1/DEBUG] [mixin/]: create.mixins.json:CustomItemUseEffectsMixin from mod create->@Inject::create$onShouldTriggerUseEffects(Lorg/spongepowered/asm/mixin/injection/callback/CallbackInfoReturnable;)V does use it's CallbackInfoReturnable
[04:00:02] [pool-19-thread-1/DEBUG] [mixin/]: create.mixins.json:CustomItemUseEffectsMixin from mod create->@Inject::create$onTriggerUseEffects(Lnet/minecraft/world/item/ItemStack;ILorg/spongepowered/asm/mixin/injection/callback/CallbackInfo;)V does use it's CallbackInfo
[04:00:02] [pool-19-thread-1/DEBUG] [mixin/]: create.mixins.json:LavaSwimmingMixin from mod create->@Inject::create$onLavaTravel(Lnet/minecraft/world/phys/Vec3;Lorg/spongepowered/asm/mixin/injection/callback/CallbackInfo;)V doesn't use it's CallbackInfo
[04:00:02] [pool-19-thread-1/DEBUG] [mixin/]: create.mixins.json:LavaSwimmingMixin from mod create->@Inject::create$onLavaTravel(Lnet/minecraft/world/phys/Vec3;Lorg/spongepowered/asm/mixin/injection/callback/CallbackInfo;)V has 0 override(s) in child classes
[04:00:02] [pool-19-thread-1/DEBUG] [mixin/]: create.mixins.json:LavaSwimmingMixin from mod create->@Inject::create$onLavaTravel(Lnet/minecraft/world/phys/Vec3;Lorg/spongepowered/asm/mixin/injection/callback/CallbackInfo;)V won't be passed a CallbackInfo as a result
[04:00:02] [pool-19-thread-1/DEBUG] [mixin/]: Mixing EntityAccess from jade.mixins.json into net.minecraft.world.entity.Entity
[04:00:02] [pool-19-thread-1/DEBUG] [mixin/]: jade.mixins.json:EntityAccess from mod jade: Class version 65 required is higher than the class version supported by the current version of Mixin (JAVA_16 supports class version 60)
[04:00:02] [pool-19-thread-1/DEBUG] [mixin/]: Mixing accessor.EntityAccessor from ponder-common.mixins.json into net.minecraft.world.entity.Entity
[04:00:02] [pool-19-thread-1/DEBUG] [mixin/]: ponder-common.mixins.json:accessor.EntityAccessor from mod ponder: Class version 65 required is higher than the class version supported by the current version of Mixin (JAVA_17 supports class version 61)
[04:00:02] [pool-19-thread-1/DEBUG] [mixin/]: Mixing EntityMixin from touhou_little_maid.mixins.json into net.minecraft.world.entity.Entity
[04:00:02] [pool-19-thread-1/DEBUG] [mixin/]: touhou_little_maid.mixins.json:EntityMixin from mod touhou_little_maid: Class version 65 required is higher than the class version supported by the current version of Mixin (JAVA_17 supports class version 61)
[04:00:02] [pool-19-thread-1/DEBUG] [mixin/]: Mixing accessor.EntityAccessor from touhou_little_maid.mixins.json into net.minecraft.world.entity.Entity
[04:00:02] [pool-19-thread-1/DEBUG] [mixin/]: touhou_little_maid.mixins.json:accessor.EntityAccessor from mod touhou_little_maid: Class version 65 required is higher than the class version supported by the current version of Mixin (JAVA_17 supports class version 61)
[04:00:02] [pool-19-thread-1/DEBUG] [mixin/]: Mixing EntityMixin from kubejs.mixins.json into net.minecraft.world.entity.Entity
[04:00:02] [pool-19-thread-1/DEBUG] [mixin/]: Mixing client.EntityContraptionInteractionMixin from create.mixins.json into net.minecraft.world.entity.Entity
[04:00:02] [pool-19-thread-1/DEBUG] [mixin/]: Renaming synthetic method lambda$create$onSpawnSprintParticle$4(Lnet/minecraft/world/entity/Entity;Lnet/minecraft/core/BlockPos;Lcom/simibubi/create/content/contraptions/Contraption;Lnet/minecraft/world/level/block/state/BlockState;Lnet/minecraft/core/BlockPos;)V to md4eef09$create$lambda$create$onSpawnSprintParticle$4$0 in create.mixins.json:client.EntityContraptionInteractionMixin from mod create
[04:00:02] [pool-19-thread-1/DEBUG] [mixin/]: Renaming synthetic method lambda$create$onMove$3(Lnet/minecraft/world/phys/Vec3;Lnet/minecraft/world/entity/Entity;Lcom/simibubi/create/content/contraptions/AbstractContraptionEntity;)Z to md4eef09$create$lambda$create$onMove$3$1 in create.mixins.json:client.EntityContraptionInteractionMixin from mod create
[04:00:02] [pool-19-thread-1/DEBUG] [mixin/]: Renaming synthetic method lambda$create$contraptionStepSounds$2(Lorg/apache/commons/lang3/mutable/MutableBoolean;Lcom/simibubi/create/content/contraptions/Contraption;Lnet/minecraft/world/level/block/state/BlockState;Lnet/minecraft/core/BlockPos;)V to md4eef09$create$lambda$create$contraptionStepSounds$2$2 in create.mixins.json:client.EntityContraptionInteractionMixin from mod create
[04:00:02] [pool-19-thread-1/DEBUG] [mixin/]: Renaming synthetic method lambda$create$forCollision$1(Lnet/minecraft/world/phys/Vec3;Lorg/apache/logging/log4j/util/TriConsumer;Lcom/simibubi/create/content/contraptions/AbstractContraptionEntity;)V to md4eef09$create$lambda$create$forCollision$1$3 in create.mixins.json:client.EntityContraptionInteractionMixin from mod create
[04:00:02] [pool-19-thread-1/DEBUG] [mixin/]: Renaming synthetic method lambda$create$getIntersectionContraptionsStream$0(Lcom/simibubi/create/content/contraptions/AbstractContraptionEntity;)Z to md4eef09$create$lambda$create$getIntersectionContraptionsStream$0$4 in create.mixins.json:client.EntityContraptionInteractionMixin from mod create
[04:00:02] [pool-19-thread-1/DEBUG] [mixin/]: Mixing EntityMixin from create.mixins.json into net.minecraft.world.entity.Entity
[04:00:02] [pool-19-thread-1/DEBUG] [mixin/]: touhou_little_maid.mixins.json:EntityMixin from mod touhou_little_maid->@Inject::positionRider(Lnet/minecraft/world/entity/Entity;Lnet/minecraft/world/entity/Entity$MoveFunction;Lorg/spongepowered/asm/mixin/injection/callback/CallbackInfo;)V does use it's CallbackInfo
[04:00:02] [pool-19-thread-1/DEBUG] [mixin/]: touhou_little_maid.mixins.json:EntityMixin from mod touhou_little_maid->@Inject::onCollide(Lnet/minecraft/world/phys/Vec3;Lorg/spongepowered/asm/mixin/injection/callback/CallbackInfoReturnable;)V doesn't use it's CallbackInfoReturnable
[04:00:02] [pool-19-thread-1/DEBUG] [mixin/]: touhou_little_maid.mixins.json:EntityMixin from mod touhou_little_maid->@Inject::onCollide(Lnet/minecraft/world/phys/Vec3;Lorg/spongepowered/asm/mixin/injection/callback/CallbackInfoReturnable;)V has 0 override(s) in child classes
[04:00:02] [pool-19-thread-1/DEBUG] [mixin/]: touhou_little_maid.mixins.json:EntityMixin from mod touhou_little_maid->@Inject::onCollide(Lnet/minecraft/world/phys/Vec3;Lorg/spongepowered/asm/mixin/injection/callback/CallbackInfoReturnable;)V won't be passed a CallbackInfoReturnable as a result
[04:00:02] [pool-19-thread-1/DEBUG] [mixin/]: touhou_little_maid.mixins.json:EntityMixin from mod touhou_little_maid->@Inject::onCollideReturn(Lnet/minecraft/world/phys/Vec3;Lorg/spongepowered/asm/mixin/injection/callback/CallbackInfoReturnable;)V doesn't use it's CallbackInfoReturnable
[04:00:02] [pool-19-thread-1/DEBUG] [mixin/]: touhou_little_maid.mixins.json:EntityMixin from mod touhou_little_maid->@Inject::onCollideReturn(Lnet/minecraft/world/phys/Vec3;Lorg/spongepowered/asm/mixin/injection/callback/CallbackInfoReturnable;)V has 0 override(s) in child classes
[04:00:02] [pool-19-thread-1/DEBUG] [mixin/]: touhou_little_maid.mixins.json:EntityMixin from mod touhou_little_maid->@Inject::onCollideReturn(Lnet/minecraft/world/phys/Vec3;Lorg/spongepowered/asm/mixin/injection/callback/CallbackInfoReturnable;)V won't be passed a CallbackInfoReturnable as a result
[04:00:02] [pool-19-thread-1/DEBUG] [mixin/]: touhou_little_maid.mixins.json:EntityMixin from mod touhou_little_maid->@Inject::onCollideReturn(Lnet/minecraft/world/phys/Vec3;Lorg/spongepowered/asm/mixin/injection/callback/CallbackInfoReturnable;)V doesn't use it's CallbackInfoReturnable
[04:00:02] [pool-19-thread-1/DEBUG] [mixin/]: touhou_little_maid.mixins.json:EntityMixin from mod touhou_little_maid->@Inject::onCollideReturn(Lnet/minecraft/world/phys/Vec3;Lorg/spongepowered/asm/mixin/injection/callback/CallbackInfoReturnable;)V has 0 override(s) in child classes
[04:00:02] [pool-19-thread-1/DEBUG] [mixin/]: touhou_little_maid.mixins.json:EntityMixin from mod touhou_little_maid->@Inject::onCollideReturn(Lnet/minecraft/world/phys/Vec3;Lorg/spongepowered/asm/mixin/injection/callback/CallbackInfoReturnable;)V won't be passed a CallbackInfoReturnable as a result
[04:00:02] [pool-19-thread-1/DEBUG] [mixin/]: touhou_little_maid.mixins.json:EntityMixin from mod touhou_little_maid->@Inject::onGetBoundingBox(Lorg/spongepowered/asm/mixin/injection/callback/CallbackInfoReturnable;)V does use it's CallbackInfoReturnable
[04:00:02] [pool-19-thread-1/DEBUG] [mixin/]: kubejs.mixins.json:EntityMixin from mod kubejs->@Inject::saveKJS(Lnet/minecraft/nbt/CompoundTag;Lorg/spongepowered/asm/mixin/injection/callback/CallbackInfoReturnable;)V doesn't use it's CallbackInfoReturnable
[04:00:02] [pool-19-thread-1/DEBUG] [mixin/]: kubejs.mixins.json:EntityMixin from mod kubejs->@Inject::saveKJS(Lnet/minecraft/nbt/CompoundTag;Lorg/spongepowered/asm/mixin/injection/callback/CallbackInfoReturnable;)V has 0 override(s) in child classes
[04:00:02] [pool-19-thread-1/DEBUG] [mixin/]: kubejs.mixins.json:EntityMixin from mod kubejs->@Inject::saveKJS(Lnet/minecraft/nbt/CompoundTag;Lorg/spongepowered/asm/mixin/injection/callback/CallbackInfoReturnable;)V won't be passed a CallbackInfoReturnable as a result
[04:00:02] [pool-19-thread-1/DEBUG] [mixin/]: kubejs.mixins.json:EntityMixin from mod kubejs->@Inject::loadKJS(Lnet/minecraft/nbt/CompoundTag;Lorg/spongepowered/asm/mixin/injection/callback/CallbackInfo;)V doesn't use it's CallbackInfo
[04:00:02] [pool-19-thread-1/DEBUG] [mixin/]: kubejs.mixins.json:EntityMixin from mod kubejs->@Inject::loadKJS(Lnet/minecraft/nbt/CompoundTag;Lorg/spongepowered/asm/mixin/injection/callback/CallbackInfo;)V has 0 override(s) in child classes
[04:00:02] [pool-19-thread-1/DEBUG] [mixin/]: kubejs.mixins.json:EntityMixin from mod kubejs->@Inject::loadKJS(Lnet/minecraft/nbt/CompoundTag;Lorg/spongepowered/asm/mixin/injection/callback/CallbackInfo;)V won't be passed a CallbackInfo as a result
[04:00:02] [pool-19-thread-1/DEBUG] [mixin/]: create.mixins.json:client.EntityContraptionInteractionMixin from mod create->@Inject::create$contraptionStepSounds(Lnet/minecraft/world/entity/MoverType;Lnet/minecraft/world/phys/Vec3;Lorg/spongepowered/asm/mixin/injection/callback/CallbackInfo;)V doesn't use it's CallbackInfo
[04:00:02] [pool-19-thread-1/DEBUG] [mixin/]: create.mixins.json:client.EntityContraptionInteractionMixin from mod create->@Inject::create$contraptionStepSounds(Lnet/minecraft/world/entity/MoverType;Lnet/minecraft/world/phys/Vec3;Lorg/spongepowered/asm/mixin/injection/callback/CallbackInfo;)V has 0 override(s) in child classes
[04:00:02] [pool-19-thread-1/DEBUG] [mixin/]: create.mixins.json:client.EntityContraptionInteractionMixin from mod create->@Inject::create$contraptionStepSounds(Lnet/minecraft/world/entity/MoverType;Lnet/minecraft/world/phys/Vec3;Lorg/spongepowered/asm/mixin/injection/callback/CallbackInfo;)V won't be passed a CallbackInfo as a result
[04:00:02] [pool-19-thread-1/DEBUG] [mixin/]: create.mixins.json:client.EntityContraptionInteractionMixin from mod create->@Inject::create$onMove(Lnet/minecraft/world/entity/MoverType;Lnet/minecraft/world/phys/Vec3;Lorg/spongepowered/asm/mixin/injection/callback/CallbackInfo;)V doesn't use it's CallbackInfo
[04:00:02] [pool-19-thread-1/DEBUG] [mixin/]: create.mixins.json:client.EntityContraptionInteractionMixin from mod create->@Inject::create$onMove(Lnet/minecraft/world/entity/MoverType;Lnet/minecraft/world/phys/Vec3;Lorg/spongepowered/asm/mixin/injection/callback/CallbackInfo;)V has 0 override(s) in child classes
[04:00:02] [pool-19-thread-1/DEBUG] [mixin/]: create.mixins.json:client.EntityContraptionInteractionMixin from mod create->@Inject::create$onMove(Lnet/minecraft/world/entity/MoverType;Lnet/minecraft/world/phys/Vec3;Lorg/spongepowered/asm/mixin/injection/callback/CallbackInfo;)V won't be passed a CallbackInfo as a result
[04:00:02] [pool-19-thread-1/DEBUG] [mixin/]: create.mixins.json:client.EntityContraptionInteractionMixin from mod create->@Inject::create$onSpawnSprintParticle(Lorg/spongepowered/asm/mixin/injection/callback/CallbackInfo;)V doesn't use it's CallbackInfo
[04:00:02] [pool-19-thread-1/DEBUG] [mixin/]: create.mixins.json:client.EntityContraptionInteractionMixin from mod create->@Inject::create$onSpawnSprintParticle(Lorg/spongepowered/asm/mixin/injection/callback/CallbackInfo;)V has 0 override(s) in child classes
[04:00:02] [pool-19-thread-1/DEBUG] [mixin/]: create.mixins.json:client.EntityContraptionInteractionMixin from mod create->@Inject::create$onSpawnSprintParticle(Lorg/spongepowered/asm/mixin/injection/callback/CallbackInfo;)V won't be passed a CallbackInfo as a result
[04:00:02] [pool-19-thread-1/DEBUG] [mixin/]: Mixing ServerPlayerMixin from powerful_dummy.mixins.json into net.minecraft.server.level.ServerPlayer
[04:00:02] [pool-19-thread-1/DEBUG] [mixin/]: powerful_dummy.mixins.json:ServerPlayerMixin from mod powerful_dummy: Class version 65 required is higher than the class version supported by the current version of Mixin (JAVA_8 supports class version 52)
[04:00:02] [pool-19-thread-1/DEBUG] [mixin/]: Mixing ServerPlayerMixin from kubejs.mixins.json into net.minecraft.server.level.ServerPlayer
[04:00:02] [pool-19-thread-1/DEBUG] [KubeJS/]: Took 3 ms to grab stacktrace classes.
[04:00:02] [pool-19-thread-1/DEBUG] [KubeJS/]: Took 0 ms to grab stacktrace classes.
[04:00:02] [pool-19-thread-1/DEBUG] [KubeJS/]: Took 0 ms to grab stacktrace classes.
[04:00:02] [pool-19-thread-1/DEBUG] [KubeJS/]: Took 0 ms to grab stacktrace classes.
[04:00:02] [pool-19-thread-1/DEBUG] [KubeJS/]: Took 0 ms to grab stacktrace classes.
[04:00:02] [pool-19-thread-1/DEBUG] [KubeJS/]: Took 0 ms to grab stacktrace classes.
[04:00:02] [pool-19-thread-1/DEBUG] [KubeJS/]: Took 0 ms to grab stacktrace classes.
[04:00:02] [pool-19-thread-1/DEBUG] [KubeJS/]: Took 0 ms to grab stacktrace classes.
[04:00:02] [pool-19-thread-1/DEBUG] [KubeJS/]: Took 0 ms to grab stacktrace classes.
[04:00:02] [pool-19-thread-1/DEBUG] [KubeJS/]: Took 0 ms to grab stacktrace classes.
[04:00:02] [pool-19-thread-1/DEBUG] [KubeJS/]: Took 0 ms to grab stacktrace classes.
[04:00:02] [pool-19-thread-1/DEBUG] [KubeJS/]: Took 0 ms to grab stacktrace classes.
[04:00:02] [pool-19-thread-1/DEBUG] [KubeJS/]: Took 0 ms to grab stacktrace classes.
[04:00:02] [pool-19-thread-1/DEBUG] [io.ne.ut.in.PlatformDependent0/]: -Dio.netty.noUnsafe: false
[04:00:02] [pool-19-thread-1/DEBUG] [io.ne.ut.in.PlatformDependent0/]: Java version: 21
[04:00:02] [pool-19-thread-1/DEBUG] [io.ne.ut.in.PlatformDependent0/]: sun.misc.Unsafe.theUnsafe: available
[04:00:02] [pool-19-thread-1/DEBUG] [io.ne.ut.in.PlatformDependent0/]: sun.misc.Unsafe.copyMemory: available
[04:00:02] [pool-19-thread-1/DEBUG] [io.ne.ut.in.PlatformDependent0/]: sun.misc.Unsafe.storeFence: available
[04:00:02] [pool-19-thread-1/DEBUG] [io.ne.ut.in.PlatformDependent0/]: java.nio.Buffer.address: available
[04:00:02] [pool-19-thread-1/DEBUG] [io.ne.ut.in.PlatformDependent0/]: direct buffer constructor: unavailable: Reflective setAccessible(true) disabled
[04:00:02] [pool-19-thread-1/DEBUG] [io.ne.ut.in.PlatformDependent0/]: java.nio.Bits.unaligned: available, true
[04:00:02] [pool-19-thread-1/DEBUG] [io.ne.ut.in.PlatformDependent0/]: jdk.internal.misc.Unsafe.allocateUninitializedArray(int): unavailable: class io.netty.util.internal.PlatformDependent0$7 (in module io.netty.common) cannot access class jdk.internal.misc.Unsafe (in module java.base) because module java.base does not export jdk.internal.misc to module io.netty.common
[04:00:02] [pool-19-thread-1/DEBUG] [io.ne.ut.in.PlatformDependent0/]: java.nio.DirectByteBuffer.<init>(long, {int,long}): unavailable
[04:00:02] [pool-19-thread-1/DEBUG] [io.ne.ut.in.PlatformDependent/]: sun.misc.Unsafe: available
[04:00:02] [pool-19-thread-1/DEBUG] [io.ne.ut.in.PlatformDependent/]: maxDirectMemory: 8568963072 bytes (maybe)
[04:00:02] [pool-19-thread-1/DEBUG] [io.ne.ut.in.PlatformDependent/]: -Dio.netty.tmpdir: C:\Users\24745\AppData\Local\Temp (java.io.tmpdir)
[04:00:02] [pool-19-thread-1/DEBUG] [io.ne.ut.in.PlatformDependent/]: -Dio.netty.bitMode: 64 (sun.arch.data.model)
[04:00:02] [pool-19-thread-1/DEBUG] [io.ne.ut.in.PlatformDependent/]: Platform: Windows
[04:00:02] [pool-19-thread-1/DEBUG] [io.ne.ut.in.PlatformDependent/]: -Dio.netty.maxDirectMemory: -1 bytes
[04:00:02] [pool-19-thread-1/DEBUG] [io.ne.ut.in.PlatformDependent/]: -Dio.netty.uninitializedArrayAllocationThreshold: -1
[04:00:02] [pool-19-thread-1/DEBUG] [io.ne.ut.in.CleanerJava9/]: java.nio.ByteBuffer.cleaner(): available
[04:00:02] [pool-19-thread-1/DEBUG] [io.ne.ut.in.PlatformDependent/]: -Dio.netty.noPreferDirect: false
[04:00:02] [pool-19-thread-1/DEBUG] [mixin/]: Mixing BlockStateBaseMixin from kubejs.mixins.json into net.minecraft.world.level.block.state.BlockBehaviour$BlockStateBase
[04:00:02] [pool-19-thread-1/DEBUG] [mixin/]: kubejs.mixins.json:BlockStateBaseMixin from mod kubejs->@Inject::kjs$onRandomTick(Lnet/minecraft/server/level/ServerLevel;Lnet/minecraft/core/BlockPos;Lnet/minecraft/util/RandomSource;Lorg/spongepowered/asm/mixin/injection/callback/CallbackInfo;)V does use it's CallbackInfo
[04:00:02] [pool-19-thread-1/DEBUG] [mixin/]: Mixing accessor.StateHolderAccessor from create.mixins.json into net.minecraft.world.level.block.state.StateHolder
[04:00:02] [pool-19-thread-1/DEBUG] [mixin/]: Mixing IBlockStateExtensionMixin from kubejs.mixins.json into net.neoforged.neoforge.common.extensions.IBlockStateExtension
[04:00:02] [pool-19-thread-1/DEBUG] [mixin/]: kubejs.mixins.json:IBlockStateExtensionMixin from mod kubejs->@Inject::kjs$getCloneItemStack(Lnet/minecraft/world/phys/HitResult;Lnet/minecraft/world/level/LevelReader;Lnet/minecraft/core/BlockPos;Lnet/minecraft/world/entity/player/Player;Lorg/spongepowered/asm/mixin/injection/callback/CallbackInfoReturnable;)V does use it's CallbackInfoReturnable
[04:00:02] [pool-19-thread-1/DEBUG] [mixin/]: Mixing EntityGetterMixin from kubejs.mixins.json into net.minecraft.world.level.EntityGetter
[04:00:02] [pool-19-thread-1/DEBUG] [mixin/]: Mixing ItemEntityMixin from kubejs.mixins.json into net.minecraft.world.entity.item.ItemEntity
[04:00:02] [pool-19-thread-1/DEBUG] [mixin/]: Mixing LevelMixin from flywheel.impl.mixins.json into net.minecraft.world.level.Level
[04:00:02] [pool-19-thread-1/DEBUG] [mixin/]: Mixing LevelMixin from kubejs.mixins.json into net.minecraft.world.level.Level
[04:00:02] [pool-19-thread-1/DEBUG] [mixin/]: Mixing ServerLevelMixin from kubejs.mixins.json into net.minecraft.server.level.ServerLevel
[04:00:02] [pool-19-thread-1/DEBUG] [mixin/]: Mixing accessor.ServerLevelAccessor from create.mixins.json into net.minecraft.server.level.ServerLevel
[04:00:02] [pool-19-thread-1/DEBUG] [mixin/]: Mixing DirectionMixin from kubejs.mixins.json into net.minecraft.core.Direction
[04:00:02] [pool-19-thread-1/DEBUG] [mixin/]: Mixing CuttingBoardDispenserMixin from farmersdelight.mixins.json into net.minecraft.world.level.block.DispenserBlock
[04:00:02] [pool-19-thread-1/DEBUG] [mixin/]: Mixing accessor.DispenserBlockAccessor from create.mixins.json into net.minecraft.world.level.block.DispenserBlock
[04:00:02] [pool-19-thread-1/DEBUG] [mixin/]: farmersdelight.mixins.json:CuttingBoardDispenserMixin from mod farmersdelight->@Inject::onCuttingBoardDispenseFromInject(Lnet/minecraft/server/level/ServerLevel;Lnet/minecraft/world/level/block/state/BlockState;Lnet/minecraft/core/BlockPos;Lorg/spongepowered/asm/mixin/injection/callback/CallbackInfo;Lnet/minecraft/world/level/block/entity/DispenserBlockEntity;Lnet/minecraft/core/dispenser/BlockSource;ILnet/minecraft/world/item/ItemStack;)V does use it's CallbackInfo
[04:00:02] [pool-19-thread-1/DEBUG] [mixin/]: Mixing accessor.CropBlockAccessor from touhou_little_maid.mixins.json into net.minecraft.world.level.block.CropBlock
[04:00:02] [pool-19-thread-1/DEBUG] [mixin/]: touhou_little_maid.mixins.json:accessor.CropBlockAccessor from mod touhou_little_maid: Class version 65 required is higher than the class version supported by the current version of Mixin (JAVA_17 supports class version 61)
[04:00:02] [pool-19-thread-1/DEBUG] [mixin/]: Mixing accessor.CropBlockAccessor from create.mixins.json into net.minecraft.world.level.block.CropBlock
[04:00:02] [pool-19-thread-1/DEBUG] [mixin/]: Mixing KeepRichSoilUntrampledMixin from farmersdelight.mixins.json into net.minecraft.world.level.block.FarmBlock
[04:00:02] [pool-19-thread-1/DEBUG] [mixin/]: farmersdelight.mixins.json:KeepRichSoilUntrampledMixin from mod farmersdelight->@Inject::turnToDirt(Lnet/minecraft/world/entity/Entity;Lnet/minecraft/world/level/block/state/BlockState;Lnet/minecraft/world/level/Level;Lnet/minecraft/core/BlockPos;Lorg/spongepowered/asm/mixin/injection/callback/CallbackInfo;)V does use it's CallbackInfo
[04:00:02] [pool-19-thread-1/DEBUG] [mixin/]: Mixing CarvedPumpkinBlockMixin from poopsky.mixins.json into net.minecraft.world.level.block.CarvedPumpkinBlock
[04:00:02] [pool-19-thread-1/DEBUG] [mixin/]: Renaming synthetic method lambda$static$0(Lnet/minecraft/world/level/block/state/BlockState;)Z to md4eef09$poopsky$lambda$static$0$0 in poopsky.mixins.json:CarvedPumpkinBlockMixin from mod poopsky
[04:00:02] [pool-19-thread-1/DEBUG] [mixin/]: poopsky.mixins.json:CarvedPumpkinBlockMixin from mod poopsky->@Inject::poopsky$trySpawn(Lnet/minecraft/world/level/Level;Lnet/minecraft/core/BlockPos;Lorg/spongepowered/asm/mixin/injection/callback/CallbackInfo;)V doesn't use it's CallbackInfo
[04:00:02] [pool-19-thread-1/DEBUG] [mixin/]: poopsky.mixins.json:CarvedPumpkinBlockMixin from mod poopsky->@Inject::poopsky$trySpawn(Lnet/minecraft/world/level/Level;Lnet/minecraft/core/BlockPos;Lorg/spongepowered/asm/mixin/injection/callback/CallbackInfo;)V has 0 override(s) in child classes
[04:00:02] [pool-19-thread-1/DEBUG] [mixin/]: poopsky.mixins.json:CarvedPumpkinBlockMixin from mod poopsky->@Inject::poopsky$trySpawn(Lnet/minecraft/world/level/Level;Lnet/minecraft/core/BlockPos;Lorg/spongepowered/asm/mixin/injection/callback/CallbackInfo;)V won't be passed a CallbackInfo as a result
[04:00:02] [pool-19-thread-1/DEBUG] [mixin/]: poopsky.mixins.json:CarvedPumpkinBlockMixin from mod poopsky->@Inject::poopsky$canSpawn(Lnet/minecraft/world/level/LevelReader;Lnet/minecraft/core/BlockPos;Lorg/spongepowered/asm/mixin/injection/callback/CallbackInfoReturnable;)V does use it's CallbackInfoReturnable
[04:00:02] [pool-19-thread-1/DEBUG] [mixin/]: Mixing accessor.FenceGateBlockAccessor from touhou_little_maid.mixins.json into net.minecraft.world.level.block.FenceGateBlock
[04:00:02] [pool-19-thread-1/DEBUG] [mixin/]: touhou_little_maid.mixins.json:accessor.FenceGateBlockAccessor from mod touhou_little_maid: Class version 65 required is higher than the class version supported by the current version of Mixin (JAVA_17 supports class version 61)
[04:00:03] [pool-19-thread-1/DEBUG] [mixin/]: Mixing accessor.ConcretePowderBlockAccessor from create.mixins.json into net.minecraft.world.level.block.ConcretePowderBlock
[04:00:03] [pool-19-thread-1/DEBUG] [mixin/]: Mixing BaseCoralPlantTypeBlockMixin from poopsky.mixins.json into net.minecraft.world.level.block.BaseCoralPlantTypeBlock
[04:00:03] [pool-19-thread-1/DEBUG] [mixin/]: poopsky.mixins.json:BaseCoralPlantTypeBlockMixin from mod poopsky->@Inject::injectScanForWater(Lnet/minecraft/world/level/block/state/BlockState;Lnet/minecraft/world/level/BlockGetter;Lnet/minecraft/core/BlockPos;Lorg/spongepowered/asm/mixin/injection/callback/CallbackInfoReturnable;)V does use it's CallbackInfoReturnable
[04:00:03] [pool-19-thread-1/DEBUG] [mixin/]: Mixing CampfireBaleMixin from farmersdelight.mixins.json into net.minecraft.world.level.block.CampfireBlock
[04:00:03] [pool-19-thread-1/DEBUG] [mixin/]: farmersdelight.mixins.json:CampfireBaleMixin from mod farmersdelight->@Inject::isFDSmokeSource(Lnet/minecraft/world/level/block/state/BlockState;Lorg/spongepowered/asm/mixin/injection/callback/CallbackInfoReturnable;)V does use it's CallbackInfoReturnable
[04:00:03] [pool-19-thread-1/DEBUG] [mixin/]: Mixing BeehiveBlockMixin from create.mixins.json into net.minecraft.world.level.block.BeehiveBlock
[04:00:03] [pool-19-thread-1/DEBUG] [mixin/]: Mixing WaterWheelFluidSpreadMixin from create.mixins.json into net.minecraft.world.level.material.FlowingFluid
[04:00:03] [pool-19-thread-1/DEBUG] [mixin/]: Mixing accessor.FlowingFluidAccessor from create.mixins.json into net.minecraft.world.level.material.FlowingFluid
[04:00:03] [pool-19-thread-1/DEBUG] [mixin/]: create.mixins.json:WaterWheelFluidSpreadMixin from mod create->@Inject::create$canPassThroughOnWaterWheel(Lnet/minecraft/world/level/BlockGetter;Lnet/minecraft/world/level/material/Fluid;Lnet/minecraft/core/BlockPos;Lnet/minecraft/world/level/block/state/BlockState;Lnet/minecraft/core/Direction;Lnet/minecraft/core/BlockPos;Lnet/minecraft/world/level/block/state/BlockState;Lnet/minecraft/world/level/material/FluidState;Lorg/spongepowered/asm/mixin/injection/callback/CallbackInfoReturnable;)V does use it's CallbackInfoReturnable
[04:00:03] [pool-19-thread-1/DEBUG] [mixin/]: Mixing KeepRichSoilTreeMixin from farmersdelight.mixins.json into net.minecraft.world.level.levelgen.feature.trunkplacers.TrunkPlacer
[04:00:03] [pool-19-thread-1/DEBUG] [mixin/]: Renaming synthetic method lambda$cancelSetDirtIfRichSoil$0(Lnet/minecraft/world/level/block/state/BlockState;)Z to md4eef09$farmersdelight$lambda$cancelSetDirtIfRichSoil$0$0 in farmersdelight.mixins.json:KeepRichSoilTreeMixin from mod farmersdelight
[04:00:03] [pool-19-thread-1/DEBUG] [mixin/]: farmersdelight.mixins.json:KeepRichSoilTreeMixin from mod farmersdelight->@Inject::cancelSetDirtIfRichSoil(Lnet/minecraft/world/level/LevelSimulatedReader;Ljava/util/function/BiConsumer;Lnet/minecraft/util/RandomSource;Lnet/minecraft/core/BlockPos;Lnet/minecraft/world/level/levelgen/feature/configurations/TreeConfiguration;Lorg/spongepowered/asm/mixin/injection/callback/CallbackInfo;)V does use it's CallbackInfo
[04:00:03] [pool-19-thread-1/DEBUG] [mixin/]: Mixing FallingBlockEntityMixin from kubejs.mixins.json into net.minecraft.world.entity.item.FallingBlockEntity
[04:00:03] [pool-19-thread-1/DEBUG] [mixin/]: Mixing accessor.FallingBlockEntityAccessor from create.mixins.json into net.minecraft.world.entity.item.FallingBlockEntity
[04:00:03] [pool-19-thread-1/DEBUG] [mixin/]: Renaming @Invoker method create$callInit(Lnet/minecraft/world/level/Level;DDDLnet/minecraft/world/level/block/state/BlockState;)Lnet/minecraft/world/entity/item/FallingBlockEntity; to callInit$create_$md$4eef09$0 in create.mixins.json:accessor.FallingBlockEntityAccessor from mod create
[04:00:03] [pool-19-thread-1/DEBUG] [mixin/]: kubejs.mixins.json:FallingBlockEntityMixin from mod kubejs->@Inject::kjs$fallStart(Lnet/minecraft/world/level/Level;Lnet/minecraft/core/BlockPos;Lnet/minecraft/world/level/block/state/BlockState;Lorg/spongepowered/asm/mixin/injection/callback/CallbackInfoReturnable;)V does use it's CallbackInfoReturnable
[04:00:03] [pool-19-thread-1/DEBUG] [mixin/]: kubejs.mixins.json:FallingBlockEntityMixin from mod kubejs->@Inject::kjs$fallEnd(Lorg/spongepowered/asm/mixin/injection/callback/CallbackInfo;)V doesn't use it's CallbackInfo
[04:00:03] [pool-19-thread-1/DEBUG] [mixin/]: kubejs.mixins.json:FallingBlockEntityMixin from mod kubejs->@Inject::kjs$fallEnd(Lorg/spongepowered/asm/mixin/injection/callback/CallbackInfo;)V has 0 override(s) in child classes
[04:00:03] [pool-19-thread-1/DEBUG] [mixin/]: kubejs.mixins.json:FallingBlockEntityMixin from mod kubejs->@Inject::kjs$fallEnd(Lorg/spongepowered/asm/mixin/injection/callback/CallbackInfo;)V won't be passed a CallbackInfo as a result
[04:00:03] [pool-19-thread-1/DEBUG] [mixin/]: Mixing visualmanage.BlockEntityMixin from flywheel.impl.mixins.json into net.minecraft.world.level.block.entity.BlockEntity
[04:00:03] [pool-19-thread-1/DEBUG] [mixin/]: flywheel.impl.mixins.json:visualmanage.BlockEntityMixin from mod flywheel->@Inject::flywheel$removeVisual(Lorg/spongepowered/asm/mixin/injection/callback/CallbackInfo;)V doesn't use it's CallbackInfo
[04:00:03] [pool-19-thread-1/DEBUG] [mixin/]: flywheel.impl.mixins.json:visualmanage.BlockEntityMixin from mod flywheel->@Inject::flywheel$removeVisual(Lorg/spongepowered/asm/mixin/injection/callback/CallbackInfo;)V has 0 override(s) in child classes
[04:00:03] [pool-19-thread-1/DEBUG] [mixin/]: flywheel.impl.mixins.json:visualmanage.BlockEntityMixin from mod flywheel->@Inject::flywheel$removeVisual(Lorg/spongepowered/asm/mixin/injection/callback/CallbackInfo;)V won't be passed a CallbackInfo as a result
[04:00:03] [pool-19-thread-1/DEBUG] [mixin/]: Mixing ContainerMixin from kubejs.mixins.json into net.minecraft.world.Container
[04:00:03] [pool-19-thread-1/DEBUG] [mixin/]: Mixing DyeColorMixin from kubejs.mixins.json into net.minecraft.world.item.DyeColor
[04:00:03] [pool-19-thread-1/DEBUG] [mixin/]: Mixing ChatFormattingMixin from kubejs.mixins.json into net.minecraft.ChatFormatting
[04:00:03] [pool-19-thread-1/DEBUG] [mixin/]: Mixing accessor.MobEffectInstanceAccessor from create.mixins.json into net.minecraft.world.effect.MobEffectInstance
[04:00:03] [pool-19-thread-1/DEBUG] [mixin/]: Mixing TextColorMixin from kubejs.mixins.json into net.minecraft.network.chat.TextColor
[04:00:03] [pool-19-thread-1/DEBUG] [mixin/]: Mixing MobMixin from create.mixins.json into net.minecraft.world.entity.Mob
[04:00:03] [pool-19-thread-1/DEBUG] [mixin/]: Mixing BlockEntityTypeMixin from flywheel.impl.mixins.json into net.minecraft.world.level.block.entity.BlockEntityType
[04:00:03] [pool-19-thread-1/DEBUG] [mixin/]: Mixing BlockEntityTypeAccessor from neoforge.mixins.json into net.minecraft.world.level.block.entity.BlockEntityType
[04:00:03] [pool-19-thread-1/DEBUG] [mixin/]: Mixing AbstractFurnaceBlockEntityAccess from jade.mixins.json into net.minecraft.world.level.block.entity.AbstractFurnaceBlockEntity
[04:00:03] [pool-19-thread-1/DEBUG] [mixin/]: jade.mixins.json:AbstractFurnaceBlockEntityAccess from mod jade: Class version 65 required is higher than the class version supported by the current version of Mixin (JAVA_16 supports class version 60)
[04:00:03] [pool-19-thread-1/DEBUG] [mixin/]: Mixing ArrowMixin from touhou_little_maid.mixins.json into net.minecraft.world.entity.projectile.AbstractArrow
[04:00:03] [pool-19-thread-1/DEBUG] [mixin/]: touhou_little_maid.mixins.json:ArrowMixin from mod touhou_little_maid: Class version 65 required is higher than the class version supported by the current version of Mixin (JAVA_17 supports class version 61)
[04:00:03] [pool-19-thread-1/DEBUG] [mixin/]: Mixing accessor.ArrowAccessor from touhou_little_maid.mixins.json into net.minecraft.world.entity.projectile.AbstractArrow
[04:00:03] [pool-19-thread-1/DEBUG] [mixin/]: touhou_little_maid.mixins.json:accessor.ArrowAccessor from mod touhou_little_maid: Class version 65 required is higher than the class version supported by the current version of Mixin (JAVA_17 supports class version 61)
[04:00:03] [pool-19-thread-1/DEBUG] [mixin/]: touhou_little_maid.mixins.json:ArrowMixin from mod touhou_little_maid->@Inject::tick(Lorg/spongepowered/asm/mixin/injection/callback/CallbackInfo;)V doesn't use it's CallbackInfo
[04:00:03] [pool-19-thread-1/DEBUG] [mixin/]: touhou_little_maid.mixins.json:ArrowMixin from mod touhou_little_maid->@Inject::tick(Lorg/spongepowered/asm/mixin/injection/callback/CallbackInfo;)V has 0 override(s) in child classes
[04:00:03] [pool-19-thread-1/DEBUG] [mixin/]: touhou_little_maid.mixins.json:ArrowMixin from mod touhou_little_maid->@Inject::tick(Lorg/spongepowered/asm/mixin/injection/callback/CallbackInfo;)V won't be passed a CallbackInfo as a result
[04:00:04] [pool-19-thread-1/DEBUG] [mixin/]: Mixing ItemStackMixin from emi.mixins.json into net.minecraft.world.item.ItemStack
[04:00:04] [pool-19-thread-1/DEBUG] [mixin/]: emi.mixins.json:ItemStackMixin from mod emi: Class version 65 required is higher than the class version supported by the current version of Mixin (JAVA_17 supports class version 61)
[04:00:04] [pool-19-thread-1/DEBUG] [mixin/]: Mixing ItemStackMixin from kubejs.mixins.json into net.minecraft.world.item.ItemStack
[04:00:04] [pool-19-thread-1/DEBUG] [mixin/]: Mixing ItemStackMixin from betteradvancedtooltips.mixins.json into net.minecraft.world.item.ItemStack
[04:00:04] [pool-19-thread-1/DEBUG] [mixin/]: Mixing ItemStackMixin from create.mixins.json into net.minecraft.world.item.ItemStack
[04:00:04] [pool-19-thread-1/DEBUG] [mixin/]: Renaming synthetic method lambda$create$migrateOldClipboardComponents$0(Lcom/simibubi/create/content/equipment/clipboard/ClipboardContent;Lnet/minecraft/util/Unit;)Lcom/simibubi/create/content/equipment/clipboard/ClipboardContent; to md4eef09$create$lambda$create$migrateOldClipboardComponents$0$0 in create.mixins.json:ItemStackMixin from mod create
[04:00:04] [pool-19-thread-1/DEBUG] [mixin/]: emi.mixins.json:ItemStackMixin from mod emi->@Inject::getTooltip(Lnet/minecraft/world/item/Item$TooltipContext;Lnet/minecraft/world/entity/player/Player;Lnet/minecraft/world/item/TooltipFlag;Lorg/spongepowered/asm/mixin/injection/callback/CallbackInfoReturnable;)V does use it's CallbackInfoReturnable
[04:00:04] [pool-19-thread-1/DEBUG] [mixin/]: emi.mixins.json:ItemStackMixin from mod emi->@Inject::getTooltip(Lnet/minecraft/world/item/Item$TooltipContext;Lnet/minecraft/world/entity/player/Player;Lnet/minecraft/world/item/TooltipFlag;Lorg/spongepowered/asm/mixin/injection/callback/CallbackInfoReturnable;)V does use it's CallbackInfoReturnable
[04:00:04] [pool-19-thread-1/DEBUG] [mixin/]: create.mixins.json:ItemStackMixin from mod create->@Inject::create$migrateOldClipboardComponents(Lnet/minecraft/world/level/ItemLike;ILnet/minecraft/core/component/PatchedDataComponentMap;Lorg/spongepowered/asm/mixin/injection/callback/CallbackInfo;)V doesn't use it's CallbackInfo
[04:00:04] [pool-19-thread-1/DEBUG] [mixin/]: Mixing MutableDataComponentHolderMixin from kubejs.mixins.json into net.neoforged.neoforge.common.MutableDataComponentHolder
[04:00:04] [pool-19-thread-1/DEBUG] [mixin/]: Mixing ConduitBlockEntityMixin from touhou_little_maid.mixins.json into net.minecraft.world.level.block.entity.ConduitBlockEntity
[04:00:04] [pool-19-thread-1/DEBUG] [mixin/]: touhou_little_maid.mixins.json:ConduitBlockEntityMixin from mod touhou_little_maid: Class version 65 required is higher than the class version supported by the current version of Mixin (JAVA_17 supports class version 61)
[04:00:04] [pool-19-thread-1/DEBUG] [mixin/]: touhou_little_maid.mixins.json:ConduitBlockEntityMixin from mod touhou_little_maid->@Inject::touhouLittleMaid$ApplyEffects(Lnet/minecraft/world/level/Level;Lnet/minecraft/core/BlockPos;Ljava/util/List;Lorg/spongepowered/asm/mixin/injection/callback/CallbackInfo;)V doesn't use it's CallbackInfo
[04:00:04] [pool-19-thread-1/DEBUG] [mixin/]: Mixing SmithingMenuMixin from create.mixins.json into net.minecraft.world.inventory.SmithingMenu
[04:00:04] [pool-19-thread-1/DEBUG] [mixin/]: Renaming synthetic method lambda$create$preventUnbreakingOnBacktanks$0(Lnet/minecraft/world/item/ItemStack;Lnet/minecraft/core/Holder;)Z to md4eef09$create$lambda$create$preventUnbreakingOnBacktanks$0$0 in create.mixins.json:SmithingMenuMixin from mod create
[04:00:04] [pool-19-thread-1/DEBUG] [mixin/]: create.mixins.json:SmithingMenuMixin from mod create->@Inject::create$awardAdvancementWhenTrimmingCardboardArmor(Lnet/minecraft/world/entity/player/Player;Lnet/minecraft/world/item/ItemStack;Lorg/spongepowered/asm/mixin/injection/callback/CallbackInfo;)V doesn't use it's CallbackInfo
[04:00:04] [pool-19-thread-1/DEBUG] [mixin/]: create.mixins.json:SmithingMenuMixin from mod create->@Inject::create$awardAdvancementWhenTrimmingCardboardArmor(Lnet/minecraft/world/entity/player/Player;Lnet/minecraft/world/item/ItemStack;Lorg/spongepowered/asm/mixin/injection/callback/CallbackInfo;)V has 0 override(s) in child classes
[04:00:04] [pool-19-thread-1/DEBUG] [mixin/]: create.mixins.json:SmithingMenuMixin from mod create->@Inject::create$awardAdvancementWhenTrimmingCardboardArmor(Lnet/minecraft/world/entity/player/Player;Lnet/minecraft/world/item/ItemStack;Lorg/spongepowered/asm/mixin/injection/callback/CallbackInfo;)V won't be passed a CallbackInfo as a result
[04:00:04] [pool-19-thread-1/DEBUG] [mixin/]: Mixing RecipeInputMixin from kubejs.mixins.json into net.minecraft.world.item.crafting.RecipeInput
[04:00:04] [pool-19-thread-1/DEBUG] [mixin/]: Mixing DataComponentMapBuilderMixin from kubejs.mixins.json into net.minecraft.core.component.DataComponentMap$Builder
[04:00:05] [pool-19-thread-1/DEBUG] [mixin/]: Mixing BlockItemMixin from create.mixins.json into net.minecraft.world.item.BlockItem
[04:00:05] [pool-19-thread-1/DEBUG] [mixin/]: create.mixins.json:BlockItemMixin from mod create->@Inject::create$fixDeployerPlacement(Lnet/minecraft/world/item/context/BlockPlaceContext;Lorg/spongepowered/asm/mixin/injection/callback/CallbackInfoReturnable;)V does use it's CallbackInfoReturnable
[04:00:05] [pool-19-thread-1/DEBUG] [mixin/]: Mixing accessor.ShovelItemAccessor from emi.mixins.json into net.minecraft.world.item.ShovelItem
[04:00:05] [pool-19-thread-1/DEBUG] [mixin/]: emi.mixins.json:accessor.ShovelItemAccessor from mod emi: Class version 65 required is higher than the class version supported by the current version of Mixin (JAVA_17 supports class version 61)
[04:00:05] [pool-19-thread-1/DEBUG] [mixin/]: Renaming @Accessor method getPathStates()Ljava/util/Map; to getPathStates$emi_$md$4eef09$0 in emi.mixins.json:accessor.ShovelItemAccessor from mod emi
[04:00:05] [pool-19-thread-1/DEBUG] [mixin/]: Mixing DiggerItemMixin from kubejs.mixins.json into net.minecraft.world.item.DiggerItem
[04:00:05] [pool-19-thread-1/DEBUG] [mixin/]: kubejs.mixins.json:DiggerItemMixin from mod kubejs->@Inject::init(Lorg/spongepowered/asm/mixin/injection/callback/CallbackInfo;)V doesn't use it's CallbackInfo
[04:00:05] [pool-19-thread-1/DEBUG] [mixin/]: kubejs.mixins.json:DiggerItemMixin from mod kubejs->@Inject::init(Lorg/spongepowered/asm/mixin/injection/callback/CallbackInfo;)V has 0 override(s) in child classes
[04:00:05] [pool-19-thread-1/DEBUG] [mixin/]: kubejs.mixins.json:DiggerItemMixin from mod kubejs->@Inject::init(Lorg/spongepowered/asm/mixin/injection/callback/CallbackInfo;)V won't be passed a CallbackInfo as a result
[04:00:05] [pool-19-thread-1/DEBUG] [mixin/]: Mixing accessor.AxeItemAccessor from emi.mixins.json into net.minecraft.world.item.AxeItem
[04:00:05] [pool-19-thread-1/DEBUG] [mixin/]: emi.mixins.json:accessor.AxeItemAccessor from mod emi: Class version 65 required is higher than the class version supported by the current version of Mixin (JAVA_17 supports class version 61)
[04:00:05] [pool-19-thread-1/DEBUG] [mixin/]: Renaming @Accessor method getStrippedBlocks()Ljava/util/Map; to getStrippedBlocks$emi_$md$4eef09$0 in emi.mixins.json:accessor.AxeItemAccessor from mod emi
[04:00:05] [pool-19-thread-1/DEBUG] [mixin/]: Mixing accessor.HoeItemAccessor from emi.mixins.json into net.minecraft.world.item.HoeItem
[04:00:05] [pool-19-thread-1/DEBUG] [mixin/]: emi.mixins.json:accessor.HoeItemAccessor from mod emi: Class version 65 required is higher than the class version supported by the current version of Mixin (JAVA_17 supports class version 61)
[04:00:05] [pool-19-thread-1/DEBUG] [mixin/]: Renaming @Accessor method getTillingActions()Ljava/util/Map; to getTillingActions$emi_$md$4eef09$0 in emi.mixins.json:accessor.HoeItemAccessor from mod emi
[04:00:05] [pool-19-thread-1/DEBUG] [mixin/]: Mixing HoeItemMixin from emi.mixins.json into net.minecraft.world.item.HoeItem
[04:00:05] [pool-19-thread-1/DEBUG] [mixin/]: emi.mixins.json:HoeItemMixin from mod emi: Class version 65 required is higher than the class version supported by the current version of Mixin (JAVA_17 supports class version 61)
[04:00:05] [pool-19-thread-1/DEBUG] [mixin/]: emi.mixins.json:HoeItemMixin from mod emi->@Inject::createTillAction(Lnet/minecraft/world/level/block/state/BlockState;Lorg/spongepowered/asm/mixin/injection/callback/CallbackInfoReturnable;)V does use it's CallbackInfoReturnable
[04:00:05] [pool-19-thread-1/DEBUG] [mixin/]: emi.mixins.json:HoeItemMixin from mod emi->@Inject::createTillAndDropAction(Lnet/minecraft/world/level/block/state/BlockState;Lnet/minecraft/world/level/ItemLike;Lorg/spongepowered/asm/mixin/injection/callback/CallbackInfoReturnable;)V does use it's CallbackInfoReturnable
[04:00:05] [pool-19-thread-1/DEBUG] [mixin/]: Mixing MixinCrossbowItem from touhou_little_maid.mixins.json into net.minecraft.world.item.CrossbowItem
[04:00:05] [pool-19-thread-1/DEBUG] [mixin/]: touhou_little_maid.mixins.json:MixinCrossbowItem from mod touhou_little_maid: Class version 65 required is higher than the class version supported by the current version of Mixin (JAVA_17 supports class version 61)
[04:00:05] [pool-19-thread-1/DEBUG] [mixin/]: touhou_little_maid.mixins.json:MixinCrossbowItem from mod touhou_little_maid->@Inject::shootProjectile(Lnet/minecraft/world/entity/LivingEntity;Lnet/minecraft/world/entity/projectile/Projectile;IFFFLnet/minecraft/world/entity/LivingEntity;Lorg/spongepowered/asm/mixin/injection/callback/CallbackInfo;)V does use it's CallbackInfo
[04:00:05] [pool-19-thread-1/DEBUG] [mixin/]: Mixing ArmorTrimMixin from create.mixins.json into net.minecraft.world.item.armortrim.ArmorTrim
[04:00:05] [pool-19-thread-1/DEBUG] [mixin/]: Renaming synthetic method lambda$new$0(Ljava/lang/Boolean;Lnet/minecraft/core/Holder;)Lnet/minecraft/resources/ResourceLocation; to md4eef09$create$lambda$new$0$0 in create.mixins.json:ArmorTrimMixin from mod create
[04:00:05] [pool-19-thread-1/DEBUG] [mixin/]: create.mixins.json:ArmorTrimMixin from mod create->@Inject::create$swapTexturesForCardboardTrimsInner(Lnet/minecraft/core/Holder;Lorg/spongepowered/asm/mixin/injection/callback/CallbackInfoReturnable;)V does use it's CallbackInfoReturnable
[04:00:05] [pool-19-thread-1/DEBUG] [mixin/]: create.mixins.json:ArmorTrimMixin from mod create->@Inject::create$swapTexturesForCardboardTrimsOuter(Lnet/minecraft/core/Holder;Lorg/spongepowered/asm/mixin/injection/callback/CallbackInfoReturnable;)V does use it's CallbackInfoReturnable
[04:00:05] [pool-19-thread-1/DEBUG] [mixin/]: Mixing FireworkRocketEntityMixin from kubejs.mixins.json into net.minecraft.world.entity.projectile.FireworkRocketEntity
[04:00:05] [pool-19-thread-1/DEBUG] [mixin/]: Mixing visualmanage.LevelChunkMixin from flywheel.impl.mixins.json into net.minecraft.world.level.chunk.LevelChunk
[04:00:05] [pool-19-thread-1/DEBUG] [mixin/]: flywheel.impl.mixins.json:visualmanage.LevelChunkMixin from mod flywheel->@Inject::flywheel$onBlockEntityAdded(Lnet/minecraft/world/level/block/entity/BlockEntity;Lorg/spongepowered/asm/mixin/injection/callback/CallbackInfo;)V doesn't use it's CallbackInfo
[04:00:05] [pool-19-thread-1/DEBUG] [mixin/]: flywheel.impl.mixins.json:visualmanage.LevelChunkMixin from mod flywheel->@Inject::flywheel$onBlockEntityAdded(Lnet/minecraft/world/level/block/entity/BlockEntity;Lorg/spongepowered/asm/mixin/injection/callback/CallbackInfo;)V has 0 override(s) in child classes
[04:00:05] [pool-19-thread-1/DEBUG] [mixin/]: flywheel.impl.mixins.json:visualmanage.LevelChunkMixin from mod flywheel->@Inject::flywheel$onBlockEntityAdded(Lnet/minecraft/world/level/block/entity/BlockEntity;Lorg/spongepowered/asm/mixin/injection/callback/CallbackInfo;)V won't be passed a CallbackInfo as a result
[04:00:05] [pool-19-thread-1/DEBUG] [mixin/]: Mixing accessor.UseOnContextAccessor from create.mixins.json into net.minecraft.world.item.context.UseOnContext
[04:00:05] [pool-19-thread-1/DEBUG] [mixin/]: Mixing NavigationMixin from touhou_little_maid.mixins.json into net.minecraft.world.entity.ai.navigation.PathNavigation
[04:00:05] [pool-19-thread-1/DEBUG] [mixin/]: touhou_little_maid.mixins.json:NavigationMixin from mod touhou_little_maid: Class version 65 required is higher than the class version supported by the current version of Mixin (JAVA_17 supports class version 61)
[04:00:05] [pool-19-thread-1/DEBUG] [mixin/]: Mixing accessor.MinecartFurnaceAccessor from create.mixins.json into net.minecraft.world.entity.vehicle.MinecartFurnace
[04:00:05] [pool-19-thread-1/DEBUG] [mixin/]: Mixing ThrownTridentMixin from touhou_little_maid.mixins.json into net.minecraft.world.entity.projectile.ThrownTrident
[04:00:05] [pool-19-thread-1/DEBUG] [mixin/]: touhou_little_maid.mixins.json:ThrownTridentMixin from mod touhou_little_maid: Class version 65 required is higher than the class version supported by the current version of Mixin (JAVA_17 supports class version 61)
[04:00:05] [pool-19-thread-1/DEBUG] [mixin/]: touhou_little_maid.mixins.json:ThrownTridentMixin from mod touhou_little_maid->@Inject::onHitEntity(Lnet/minecraft/world/phys/EntityHitResult;Lorg/spongepowered/asm/mixin/injection/callback/CallbackInfo;)V doesn't use it's CallbackInfo
[04:00:05] [pool-19-thread-1/DEBUG] [mixin/]: touhou_little_maid.mixins.json:ThrownTridentMixin from mod touhou_little_maid->@Inject::onHitEntity(Lnet/minecraft/world/phys/EntityHitResult;Lorg/spongepowered/asm/mixin/injection/callback/CallbackInfo;)V has 0 override(s) in child classes
[04:00:05] [pool-19-thread-1/DEBUG] [mixin/]: touhou_little_maid.mixins.json:ThrownTridentMixin from mod touhou_little_maid->@Inject::onHitEntity(Lnet/minecraft/world/phys/EntityHitResult;Lorg/spongepowered/asm/mixin/injection/callback/CallbackInfo;)V won't be passed a CallbackInfo as a result
[04:00:05] [pool-19-thread-1/DEBUG] [mixin/]: Mixing ItemFrameEntityMixin from kubejs.mixins.json into net.minecraft.world.entity.decoration.ItemFrame
[04:00:05] [pool-19-thread-1/DEBUG] [mixin/]: Mixing accessor.ItemFrameAccessor from create.mixins.json into net.minecraft.world.entity.decoration.ItemFrame
[04:00:05] [pool-19-thread-1/DEBUG] [mixin/]: Mixing ParrotMixin from touhou_little_maid.mixins.json into net.minecraft.world.entity.animal.Parrot
[04:00:05] [pool-19-thread-1/DEBUG] [mixin/]: touhou_little_maid.mixins.json:ParrotMixin from mod touhou_little_maid: Class version 65 required is higher than the class version supported by the current version of Mixin (JAVA_17 supports class version 61)
[04:00:05] [pool-19-thread-1/DEBUG] [mixin/]: touhou_little_maid.mixins.json:ParrotMixin from mod touhou_little_maid->@Inject::mobIsSilent(Lnet/minecraft/world/level/Level;Lnet/minecraft/world/entity/Entity;Lorg/spongepowered/asm/mixin/injection/callback/CallbackInfoReturnable;)V does use it's CallbackInfoReturnable
[04:00:05] [pool-19-thread-1/DEBUG] [mixin/]: Mixing VillagerMixin from poopsky.mixins.json into net.minecraft.world.entity.npc.Villager
[04:00:05] [pool-19-thread-1/DEBUG] [mixin/]: Mixing FishingHookMixin from poopsky.mixins.json into net.minecraft.world.entity.projectile.FishingHook
[04:00:05] [pool-19-thread-1/DEBUG] [mixin/]: poopsky.mixins.json:FishingHookMixin from mod poopsky->@Inject::onCalculateOpenWater(Lnet/minecraft/core/BlockPos;Lorg/spongepowered/asm/mixin/injection/callback/CallbackInfoReturnable;)V does use it's CallbackInfoReturnable
[04:00:05] [pool-19-thread-1/DEBUG] [mixin/]: Mixing IngredientMixin from kubejs.mixins.json into net.minecraft.world.item.crafting.Ingredient
[04:00:05] [pool-19-thread-1/DEBUG] [mixin/]: Mixing ItemStackHandlerMixin from kubejs.mixins.json into net.neoforged.neoforge.items.ItemStackHandler
[04:00:05] [pool-19-thread-1/DEBUG] [mixin/]: Mixing accessor.ItemStackHandlerAccessor from create.mixins.json into net.neoforged.neoforge.items.ItemStackHandler
[04:00:05] [pool-19-thread-1/DEBUG] [mixin/]: Mixing IItemHandlerMixin from kubejs.mixins.json into net.neoforged.neoforge.items.IItemHandler
[04:00:05] [pool-19-thread-1/DEBUG] [mixin/]: Mixing SizedFluidIngredientMixin from kubejs.mixins.json into net.neoforged.neoforge.fluids.crafting.SizedFluidIngredient
[04:00:05] [pool-19-thread-1/DEBUG] [mixin/]: Mixing FluidIngredientMixin from kubejs.mixins.json into net.neoforged.neoforge.fluids.crafting.FluidIngredient
[04:00:05] [pool-19-thread-1/DEBUG] [mixin/]: Mixing FluidStackMixin from kubejs.mixins.json into net.neoforged.neoforge.fluids.FluidStack
[04:00:06] [pool-19-thread-1/DEBUG] [mixin/]: Mixing accessor.ProjectileDispenseBehaviorAccessor from create.mixins.json into net.minecraft.core.dispenser.ProjectileDispenseBehavior
[04:00:06] [pool-19-thread-1/DEBUG] [mixin/]: Mixing MenuTypeMixin from kubejs.mixins.json into net.minecraft.world.inventory.MenuType
[04:00:06] [pool-19-thread-1/DEBUG] [mixin/]: Mixing accessor.CraftingResultSlotAccessor from emi.mixins.json into net.minecraft.world.inventory.ResultSlot
[04:00:06] [pool-19-thread-1/DEBUG] [mixin/]: emi.mixins.json:accessor.CraftingResultSlotAccessor from mod emi: Class version 65 required is higher than the class version supported by the current version of Mixin (JAVA_17 supports class version 61)
[04:00:06] [pool-19-thread-1/DEBUG] [mixin/]: Mixing CraftingResultSlotMixin from emi.mixins.json into net.minecraft.world.inventory.ResultSlot
[04:00:06] [pool-19-thread-1/DEBUG] [mixin/]: emi.mixins.json:CraftingResultSlotMixin from mod emi: Class version 65 required is higher than the class version supported by the current version of Mixin (JAVA_17 supports class version 61)
[04:00:06] [pool-19-thread-1/DEBUG] [mixin/]: emi.mixins.json:CraftingResultSlotMixin from mod emi->@Inject::onCrafted(Lnet/minecraft/world/item/ItemStack;Lorg/spongepowered/asm/mixin/injection/callback/CallbackInfo;)V doesn't use it's CallbackInfo
[04:00:06] [pool-19-thread-1/DEBUG] [mixin/]: emi.mixins.json:CraftingResultSlotMixin from mod emi->@Inject::onCrafted(Lnet/minecraft/world/item/ItemStack;Lorg/spongepowered/asm/mixin/injection/callback/CallbackInfo;)V has 0 override(s) in child classes
[04:00:06] [pool-19-thread-1/DEBUG] [mixin/]: emi.mixins.json:CraftingResultSlotMixin from mod emi->@Inject::onCrafted(Lnet/minecraft/world/item/ItemStack;Lorg/spongepowered/asm/mixin/injection/callback/CallbackInfo;)V won't be passed a CallbackInfo as a result
[04:00:06] [pool-19-thread-1/DEBUG] [mixin/]: Mixing accessor.ShapedRecipeAccessor from create.mixins.json into net.minecraft.world.item.crafting.ShapedRecipe
[04:00:06] [pool-19-thread-1/DEBUG] [mixin/]: Mixing ICustomIngredientMixin from kubejs.mixins.json into net.neoforged.neoforge.common.crafting.ICustomIngredient
[04:00:06] [pool-19-thread-1/DEBUG] [mixin/]: Mixing accessor.SmithingTransformRecipeAccessor from emi.mixins.json into net.minecraft.world.item.crafting.SmithingTransformRecipe
[04:00:06] [pool-19-thread-1/DEBUG] [mixin/]: emi.mixins.json:accessor.SmithingTransformRecipeAccessor from mod emi: Class version 65 required is higher than the class version supported by the current version of Mixin (JAVA_17 supports class version 61)
[04:00:06] [pool-19-thread-1/DEBUG] [mixin/]: Mixing accessor.SmithingTrimRecipeAccessor from emi.mixins.json into net.minecraft.world.item.crafting.SmithingTrimRecipe
[04:00:06] [pool-19-thread-1/DEBUG] [mixin/]: emi.mixins.json:accessor.SmithingTrimRecipeAccessor from mod emi: Class version 65 required is higher than the class version supported by the current version of Mixin (JAVA_17 supports class version 61)
[04:00:06] [pool-19-thread-1/DEBUG] [mixin/]: Mixing EnchantedCountIncreaseFunctionMixin from create.mixins.json into net.minecraft.world.level.storage.loot.functions.EnchantedCountIncreaseFunction
[04:00:06] [pool-19-thread-1/DEBUG] [mixin/]: create.mixins.json:EnchantedCountIncreaseFunctionMixin from mod create->@Inject::create$crushingWheelLooting(Lnet/minecraft/world/item/ItemStack;Lnet/minecraft/world/level/storage/loot/LootContext;Lorg/spongepowered/asm/mixin/injection/callback/CallbackInfoReturnable;)V doesn't use it's CallbackInfoReturnable
[04:00:06] [pool-19-thread-1/DEBUG] [mixin/]: create.mixins.json:EnchantedCountIncreaseFunctionMixin from mod create->@Inject::create$crushingWheelLooting(Lnet/minecraft/world/item/ItemStack;Lnet/minecraft/world/level/storage/loot/LootContext;Lorg/spongepowered/asm/mixin/injection/callback/CallbackInfoReturnable;)V has 0 override(s) in child classes
[04:00:06] [pool-19-thread-1/DEBUG] [mixin/]: create.mixins.json:EnchantedCountIncreaseFunctionMixin from mod create->@Inject::create$crushingWheelLooting(Lnet/minecraft/world/item/ItemStack;Lnet/minecraft/world/level/storage/loot/LootContext;Lorg/spongepowered/asm/mixin/injection/callback/CallbackInfoReturnable;)V won't be passed a CallbackInfoReturnable as a result
[04:00:06] [pool-19-thread-1/DEBUG] [mixin/]: Mixing KeepRichSoilGiantTreeMixin from farmersdelight.mixins.json into net.minecraft.world.level.levelgen.feature.Feature
[04:00:06] [pool-19-thread-1/DEBUG] [mixin/]: Renaming synthetic method lambda$keepRichSoil$0(Lnet/minecraft/world/level/block/state/BlockState;)Z to md4eef09$farmersdelight$lambda$keepRichSoil$0$0 in farmersdelight.mixins.json:KeepRichSoilGiantTreeMixin from mod farmersdelight
[04:00:06] [pool-19-thread-1/DEBUG] [mixin/]: farmersdelight.mixins.json:KeepRichSoilGiantTreeMixin from mod farmersdelight->@Inject::keepRichSoil(Lnet/minecraft/world/level/LevelSimulatedReader;Lnet/minecraft/core/BlockPos;Lorg/spongepowered/asm/mixin/injection/callback/CallbackInfoReturnable;)V does use it's CallbackInfoReturnable
[04:00:06] [pool-19-thread-1/DEBUG] [mixin/]: Mixing NoiseBasedChunkGeneratorMixin from poopsky.mixins.json into net.minecraft.world.level.levelgen.NoiseBasedChunkGenerator
[04:00:06] [pool-19-thread-1/DEBUG] [mixin/]: Renaming synthetic method lambda$injectCreateFluidPicker$0(Lnet/minecraft/world/level/levelgen/Aquifer$FluidStatus;III)Lnet/minecraft/world/level/levelgen/Aquifer$FluidStatus; to md4eef09$poopsky$lambda$injectCreateFluidPicker$0$0 in poopsky.mixins.json:NoiseBasedChunkGeneratorMixin from mod poopsky
[04:00:06] [pool-19-thread-1/DEBUG] [mixin/]: poopsky.mixins.json:NoiseBasedChunkGeneratorMixin from mod poopsky->@Inject::injectCreateFluidPicker(Lnet/minecraft/world/level/levelgen/NoiseGeneratorSettings;Lorg/spongepowered/asm/mixin/injection/callback/CallbackInfoReturnable;)V does use it's CallbackInfoReturnable
[04:00:07] [pool-19-thread-1/DEBUG] [mixin/]: Mixing ClickEventMixin from kubejs.mixins.json into net.minecraft.network.chat.ClickEvent
[04:00:07] [pool-19-thread-1/DEBUG] [mixin/]: Mixing FishingHookPredicateMixin from touhou_little_maid.mixins.json into net.minecraft.advancements.critereon.FishingHookPredicate
[04:00:07] [pool-19-thread-1/DEBUG] [mixin/]: touhou_little_maid.mixins.json:FishingHookPredicateMixin from mod touhou_little_maid: Class version 65 required is higher than the class version supported by the current version of Mixin (JAVA_17 supports class version 61)
[04:00:07] [pool-19-thread-1/DEBUG] [mixin/]: touhou_little_maid.mixins.json:FishingHookPredicateMixin from mod touhou_little_maid->@Inject::matches(Lnet/minecraft/world/entity/Entity;Lnet/minecraft/server/level/ServerLevel;Lnet/minecraft/world/phys/Vec3;Lorg/spongepowered/asm/mixin/injection/callback/CallbackInfoReturnable;)V does use it's CallbackInfoReturnable
[04:00:07] [pool-19-thread-1/DEBUG] [mixin/]: touhou_little_maid.mixins.json:FishingHookPredicateMixin from mod touhou_little_maid->@Inject::matches(Lnet/minecraft/world/entity/Entity;Lnet/minecraft/server/level/ServerLevel;Lnet/minecraft/world/phys/Vec3;Lorg/spongepowered/asm/mixin/injection/callback/CallbackInfoReturnable;)V does use it's CallbackInfoReturnable
[04:00:07] [pool-19-thread-1/DEBUG] [mixin/]: Mixing DamageSourceMixin from kubejs.mixins.json into net.minecraft.world.damagesource.DamageSource
[04:00:07] [main/DEBUG] [mixin/]: Mixing GameRulesMixin from kubejs.mixins.json into net.minecraft.world.level.GameRules
[04:00:07] [main/DEBUG] [mixin/]: Mixing accessor.MinecraftServerAccessor from ponder-common.mixins.json into net.minecraft.server.MinecraftServer
[04:00:07] [main/DEBUG] [mixin/]: ponder-common.mixins.json:accessor.MinecraftServerAccessor from mod ponder: Class version 65 required is higher than the class version supported by the current version of Mixin (JAVA_17 supports class version 61)
[04:00:07] [main/DEBUG] [mixin/]: Mixing MinecraftServerMixin from kubejs.mixins.json into net.minecraft.server.MinecraftServer
[04:00:07] [main/DEBUG] [mixin/]: Renaming synthetic method lambda$kjs$endResourceReload$1()V to md4eef09$kubejs$lambda$kjs$endResourceReload$1$0 in kubejs.mixins.json:MinecraftServerMixin from mod kubejs
[04:00:07] [main/DEBUG] [mixin/]: Renaming synthetic method lambda$kjs$init$0()V to md4eef09$kubejs$lambda$kjs$init$0$1 in kubejs.mixins.json:MinecraftServerMixin from mod kubejs
[04:00:07] [main/DEBUG] [mixin/]: kubejs.mixins.json:MinecraftServerMixin from mod kubejs->@Inject::kjs$init(Lorg/spongepowered/asm/mixin/injection/callback/CallbackInfo;)V doesn't use it's CallbackInfo
[04:00:07] [main/DEBUG] [mixin/]: kubejs.mixins.json:MinecraftServerMixin from mod kubejs->@Inject::kjs$init(Lorg/spongepowered/asm/mixin/injection/callback/CallbackInfo;)V has 0 override(s) in child classes
[04:00:07] [main/DEBUG] [mixin/]: kubejs.mixins.json:MinecraftServerMixin from mod kubejs->@Inject::kjs$init(Lorg/spongepowered/asm/mixin/injection/callback/CallbackInfo;)V won't be passed a CallbackInfo as a result
[04:00:07] [main/DEBUG] [mixin/]: kubejs.mixins.json:MinecraftServerMixin from mod kubejs->@Inject::kjs$postTickServer(Ljava/util/function/BooleanSupplier;Lorg/spongepowered/asm/mixin/injection/callback/CallbackInfo;)V doesn't use it's CallbackInfo
[04:00:07] [main/DEBUG] [mixin/]: kubejs.mixins.json:MinecraftServerMixin from mod kubejs->@Inject::kjs$postTickServer(Ljava/util/function/BooleanSupplier;Lorg/spongepowered/asm/mixin/injection/callback/CallbackInfo;)V has 0 override(s) in child classes
[04:00:07] [main/DEBUG] [mixin/]: kubejs.mixins.json:MinecraftServerMixin from mod kubejs->@Inject::kjs$postTickServer(Ljava/util/function/BooleanSupplier;Lorg/spongepowered/asm/mixin/injection/callback/CallbackInfo;)V won't be passed a CallbackInfo as a result
[04:00:07] [main/DEBUG] [mixin/]: kubejs.mixins.json:MinecraftServerMixin from mod kubejs->@Inject::kjs$endResourceReload(Ljava/util/Collection;Lorg/spongepowered/asm/mixin/injection/callback/CallbackInfoReturnable;)V doesn't use it's CallbackInfoReturnable
[04:00:07] [main/DEBUG] [mixin/]: kubejs.mixins.json:MinecraftServerMixin from mod kubejs->@Inject::kjs$endResourceReload(Ljava/util/Collection;Lorg/spongepowered/asm/mixin/injection/callback/CallbackInfoReturnable;)V has 0 override(s) in child classes
[04:00:07] [main/DEBUG] [mixin/]: kubejs.mixins.json:MinecraftServerMixin from mod kubejs->@Inject::kjs$endResourceReload(Ljava/util/Collection;Lorg/spongepowered/asm/mixin/injection/callback/CallbackInfoReturnable;)V won't be passed a CallbackInfoReturnable as a result
[04:00:07] [main/DEBUG] [mixin/]: Mixing MapItemSavedDataMixin from create.mixins.json into net.minecraft.world.level.saveddata.maps.MapItemSavedData
[04:00:07] [main/DEBUG] [mixin/]: create.mixins.json:MapItemSavedDataMixin from mod create->@Inject::create$onLoad(Lnet/minecraft/nbt/CompoundTag;Lnet/minecraft/core/HolderLookup$Provider;Lorg/spongepowered/asm/mixin/injection/callback/CallbackInfoReturnable;)V does use it's CallbackInfoReturnable
[04:00:07] [main/DEBUG] [mixin/]: create.mixins.json:MapItemSavedDataMixin from mod create->@Inject::create$onSave(Lnet/minecraft/nbt/CompoundTag;Lnet/minecraft/core/HolderLookup$Provider;Lorg/spongepowered/asm/mixin/injection/callback/CallbackInfoReturnable;)V doesn't use it's CallbackInfoReturnable
[04:00:07] [main/DEBUG] [mixin/]: create.mixins.json:MapItemSavedDataMixin from mod create->@Inject::create$onSave(Lnet/minecraft/nbt/CompoundTag;Lnet/minecraft/core/HolderLookup$Provider;Lorg/spongepowered/asm/mixin/injection/callback/CallbackInfoReturnable;)V has 0 override(s) in child classes
[04:00:07] [main/DEBUG] [mixin/]: create.mixins.json:MapItemSavedDataMixin from mod create->@Inject::create$onSave(Lnet/minecraft/nbt/CompoundTag;Lnet/minecraft/core/HolderLookup$Provider;Lorg/spongepowered/asm/mixin/injection/callback/CallbackInfoReturnable;)V won't be passed a CallbackInfoReturnable as a result
[04:00:07] [main/DEBUG] [mixin/]: create.mixins.json:MapItemSavedDataMixin from mod create->@Inject::create$onCheckBanners(Lnet/minecraft/world/level/BlockGetter;IILorg/spongepowered/asm/mixin/injection/callback/CallbackInfo;)V doesn't use it's CallbackInfo
[04:00:07] [main/DEBUG] [mixin/]: create.mixins.json:MapItemSavedDataMixin from mod create->@Inject::create$onCheckBanners(Lnet/minecraft/world/level/BlockGetter;IILorg/spongepowered/asm/mixin/injection/callback/CallbackInfo;)V has 0 override(s) in child classes
[04:00:07] [main/DEBUG] [mixin/]: create.mixins.json:MapItemSavedDataMixin from mod create->@Inject::create$onCheckBanners(Lnet/minecraft/world/level/BlockGetter;IILorg/spongepowered/asm/mixin/injection/callback/CallbackInfo;)V won't be passed a CallbackInfo as a result
[04:00:07] [main/DEBUG] [mixin/]: Mixing CommandSourceStackMixin from kubejs.mixins.json into net.minecraft.commands.CommandSourceStack
[04:00:07] [main/DEBUG] [mixin/]: Renaming synthetic method lambda$kjs$sendSuccess$0(Lnet/minecraft/network/chat/Component;)Lnet/minecraft/network/chat/Component; to md4eef09$kubejs$lambda$kjs$sendSuccess$0$0 in kubejs.mixins.json:CommandSourceStackMixin from mod kubejs
[04:00:07] [main/DEBUG] [mixin/]: Mixing DataComponentPatchBuilderMixin from kubejs.mixins.json into net.minecraft.core.component.DataComponentPatch$Builder
[04:00:07] [main/WARN] [minecraft/Commands]: Ambiguity between arguments [teleport, location] and [teleport, destination] with inputs: [0.1 -0.5 .9, 0 0 0]
[04:00:07] [main/WARN] [minecraft/Commands]: Ambiguity between arguments [teleport, location] and [teleport, targets] with inputs: [0.1 -0.5 .9, 0 0 0]
[04:00:07] [main/WARN] [minecraft/Commands]: Ambiguity between arguments [teleport, destination] and [teleport, targets] with inputs: [Player, 0123, @e, dd12be42-52a9-4a91-a8a1-11c01849e498]
[04:00:07] [main/WARN] [minecraft/Commands]: Ambiguity between arguments [teleport, targets] and [teleport, destination] with inputs: [Player, 0123, dd12be42-52a9-4a91-a8a1-11c01849e498]
[04:00:07] [main/WARN] [minecraft/Commands]: Ambiguity between arguments [teleport, targets, location] and [teleport, targets, destination] with inputs: [0.1 -0.5 .9, 0 0 0]
[04:00:07] [Render thread/DEBUG] [mixin/]: Mixing RenderSystemMixin from flywheel.backend.mixins.json into com.mojang.blaze3d.systems.RenderSystem
[04:00:07] [Render thread/DEBUG] [mixin/]: Mixing client.accessor.RenderSystemAccessor from ponder-common.mixins.json into com.mojang.blaze3d.systems.RenderSystem
[04:00:07] [Render thread/DEBUG] [mixin/]: ponder-common.mixins.json:client.accessor.RenderSystemAccessor from mod ponder: Class version 65 required is higher than the class version supported by the current version of Mixin (JAVA_17 supports class version 61)
[04:00:07] [Render thread/DEBUG] [mixin/]: Renaming @Accessor method catnip$getShaderLightDirections()[Lorg/joml/Vector3f; to catnip$getShaderLightDirections$ponder_$md$4eef09$0 in ponder-common.mixins.json:client.accessor.RenderSystemAccessor from mod ponder
[04:00:07] [Render thread/DEBUG] [mixin/]: flywheel.backend.mixins.json:RenderSystemMixin from mod flywheel->@Inject::flywheel$onInitRenderer(Lorg/spongepowered/asm/mixin/injection/callback/CallbackInfo;)V doesn't use it's CallbackInfo
[04:00:07] [Render thread/DEBUG] [mixin/]: flywheel.backend.mixins.json:RenderSystemMixin from mod flywheel->@Inject::flywheel$onSetFogStart(Lorg/spongepowered/asm/mixin/injection/callback/CallbackInfo;)V doesn't use it's CallbackInfo
[04:00:07] [Render thread/DEBUG] [mixin/]: flywheel.backend.mixins.json:RenderSystemMixin from mod flywheel->@Inject::flywheel$onSetFogEnd(Lorg/spongepowered/asm/mixin/injection/callback/CallbackInfo;)V doesn't use it's CallbackInfo
[04:00:07] [Render thread/DEBUG] [mixin/]: flywheel.backend.mixins.json:RenderSystemMixin from mod flywheel->@Inject::flywheel$onSetFogShape(Lorg/spongepowered/asm/mixin/injection/callback/CallbackInfo;)V doesn't use it's CallbackInfo
[04:00:07] [Render thread/DEBUG] [mixin/]: flywheel.backend.mixins.json:RenderSystemMixin from mod flywheel->@Inject::flywheel$onSetFogColor(Lorg/spongepowered/asm/mixin/injection/callback/CallbackInfo;)V doesn't use it's CallbackInfo
[04:00:07] [Render thread/DEBUG] [mixin/]: Mixing CanvasSignEditScreenMixin from farmersdelight.mixins.json into net.minecraft.client.player.LocalPlayer
[04:00:07] [Render thread/DEBUG] [mixin/]: Mixing LocalPlayerMixin from kubejs.mixins.json into net.minecraft.client.player.LocalPlayer
[04:00:07] [Render thread/DEBUG] [mixin/]: Mixing client.HeavyBootsOnPlayerMixin from create.mixins.json into net.minecraft.client.player.LocalPlayer
[04:00:07] [Render thread/DEBUG] [mixin/]: farmersdelight.mixins.json:CanvasSignEditScreenMixin from mod farmersdelight->@Inject::openCanvasSignEditScreen(Lnet/minecraft/world/level/block/entity/SignBlockEntity;ZLorg/spongepowered/asm/mixin/injection/callback/CallbackInfo;)V does use it's CallbackInfo
[04:00:07] [Render thread/DEBUG] [mixin/]: create.mixins.json:client.HeavyBootsOnPlayerMixin from mod create->@Inject::create$noSwimmingWithHeavyBootsOn(Lorg/spongepowered/asm/mixin/injection/callback/CallbackInfoReturnable;)V does use it's CallbackInfoReturnable
[04:00:07] [Render thread/DEBUG] [mixin/]: Mixing AbstractClientPlayerAccessor from flywheel.backend.mixins.json into net.minecraft.client.player.AbstractClientPlayer
[04:00:07] [Render thread/DEBUG] [mixin/]: Mixing AbstractClientPlayerMixin from kubejs.mixins.json into net.minecraft.client.player.AbstractClientPlayer
[04:00:07] [Render thread/DEBUG] [mixin/]: Mixing ScreenMixin from emi.mixins.json into net.minecraft.client.gui.screens.Screen
[04:00:07] [Render thread/DEBUG] [mixin/]: emi.mixins.json:ScreenMixin from mod emi: Class version 65 required is higher than the class version supported by the current version of Mixin (JAVA_17 supports class version 61)
[04:00:07] [Render thread/DEBUG] [mixin/]: Mixing client.accessor.ScreenAccessor from ponder-common.mixins.json into net.minecraft.client.gui.screens.Screen
[04:00:07] [Render thread/DEBUG] [mixin/]: ponder-common.mixins.json:client.accessor.ScreenAccessor from mod ponder: Class version 65 required is higher than the class version supported by the current version of Mixin (JAVA_17 supports class version 61)
[04:00:07] [Render thread/DEBUG] [mixin/]: Mixing ScreenMixin from kubejs.mixins.json into net.minecraft.client.gui.screens.Screen
[04:00:07] [Render thread/DEBUG] [mixin/]: Mixing compat.xaeros.XaeroPauseScreenOverrideMixin from create.mixins.json into net.minecraft.client.gui.screens.Screen
[04:00:07] [Render thread/DEBUG] [mixin/]: emi.mixins.json:ScreenMixin from mod emi->@Inject::init(Lnet/minecraft/client/Minecraft;IILorg/spongepowered/asm/mixin/injection/callback/CallbackInfo;)V doesn't use it's CallbackInfo
[04:00:07] [Render thread/DEBUG] [mixin/]: emi.mixins.json:ScreenMixin from mod emi->@Inject::init(Lnet/minecraft/client/Minecraft;IILorg/spongepowered/asm/mixin/injection/callback/CallbackInfo;)V has 0 override(s) in child classes
[04:00:07] [Render thread/DEBUG] [mixin/]: emi.mixins.json:ScreenMixin from mod emi->@Inject::init(Lnet/minecraft/client/Minecraft;IILorg/spongepowered/asm/mixin/injection/callback/CallbackInfo;)V won't be passed a CallbackInfo as a result
[04:00:07] [Render thread/DEBUG] [mixin/]: emi.mixins.json:ScreenMixin from mod emi->@Inject::resize(Lnet/minecraft/client/Minecraft;IILorg/spongepowered/asm/mixin/injection/callback/CallbackInfo;)V doesn't use it's CallbackInfo
[04:00:07] [Render thread/DEBUG] [mixin/]: emi.mixins.json:ScreenMixin from mod emi->@Inject::resize(Lnet/minecraft/client/Minecraft;IILorg/spongepowered/asm/mixin/injection/callback/CallbackInfo;)V has 0 override(s) in child classes
[04:00:07] [Render thread/DEBUG] [mixin/]: emi.mixins.json:ScreenMixin from mod emi->@Inject::resize(Lnet/minecraft/client/Minecraft;IILorg/spongepowered/asm/mixin/injection/callback/CallbackInfo;)V won't be passed a CallbackInfo as a result
[04:00:07] [Render thread/DEBUG] [mixin/]: create.mixins.json:compat.xaeros.XaeroPauseScreenOverrideMixin from mod create->@Inject::create$xaeroPauseScreenOverride(Lorg/spongepowered/asm/mixin/injection/callback/CallbackInfoReturnable;)V does use it's CallbackInfoReturnable
[04:00:07] [Render thread/DEBUG] [mixin/]: Mixing ClientLevelMixin from kubejs.mixins.json into net.minecraft.client.multiplayer.ClientLevel
[04:00:07] [Render thread/DEBUG] [mixin/]: Mixing AbstractInventoryScreenMixin from emi.mixins.json into net.minecraft.client.gui.screens.inventory.EffectRenderingInventoryScreen
[04:00:07] [Render thread/DEBUG] [mixin/]: emi.mixins.json:AbstractInventoryScreenMixin from mod emi: Class version 65 required is higher than the class version supported by the current version of Mixin (JAVA_17 supports class version 61)
[04:00:07] [Render thread/DEBUG] [mixin/]: emi.mixins.json:AbstractInventoryScreenMixin from mod emi->@Inject::drawStatusEffects(Lnet/minecraft/client/gui/GuiGraphics;IILorg/spongepowered/asm/mixin/injection/callback/CallbackInfo;)V doesn't use it's CallbackInfo
[04:00:07] [Render thread/DEBUG] [mixin/]: emi.mixins.json:AbstractInventoryScreenMixin from mod emi->@Inject::drawStatusEffects(Lnet/minecraft/client/gui/GuiGraphics;IILorg/spongepowered/asm/mixin/injection/callback/CallbackInfo;)V has 0 override(s) in child classes
[04:00:07] [Render thread/DEBUG] [mixin/]: emi.mixins.json:AbstractInventoryScreenMixin from mod emi->@Inject::drawStatusEffects(Lnet/minecraft/client/gui/GuiGraphics;IILorg/spongepowered/asm/mixin/injection/callback/CallbackInfo;)V won't be passed a CallbackInfo as a result
[04:00:07] [Render thread/DEBUG] [mixin/]: Mixing accessor.HandledScreenAccessor from emi.mixins.json into net.minecraft.client.gui.screens.inventory.AbstractContainerScreen
[04:00:07] [Render thread/DEBUG] [mixin/]: emi.mixins.json:accessor.HandledScreenAccessor from mod emi: Class version 65 required is higher than the class version supported by the current version of Mixin (JAVA_17 supports class version 61)
[04:00:07] [Render thread/DEBUG] [mixin/]: Mixing HandledScreenMixin from emi.mixins.json into net.minecraft.client.gui.screens.inventory.AbstractContainerScreen
[04:00:07] [Render thread/DEBUG] [mixin/]: emi.mixins.json:HandledScreenMixin from mod emi: Class version 65 required is higher than the class version supported by the current version of Mixin (JAVA_17 supports class version 61)
[04:00:07] [Render thread/DEBUG] [mixin/]: emi.mixins.json:HandledScreenMixin from mod emi->@Inject::renderBackground(Lnet/minecraft/client/gui/GuiGraphics;IIFLorg/spongepowered/asm/mixin/injection/callback/CallbackInfo;)V doesn't use it's CallbackInfo
[04:00:07] [Render thread/DEBUG] [mixin/]: emi.mixins.json:HandledScreenMixin from mod emi->@Inject::renderBackground(Lnet/minecraft/client/gui/GuiGraphics;IIFLorg/spongepowered/asm/mixin/injection/callback/CallbackInfo;)V has 0 override(s) in child classes
[04:00:07] [Render thread/DEBUG] [mixin/]: emi.mixins.json:HandledScreenMixin from mod emi->@Inject::renderBackground(Lnet/minecraft/client/gui/GuiGraphics;IIFLorg/spongepowered/asm/mixin/injection/callback/CallbackInfo;)V won't be passed a CallbackInfo as a result
[04:00:07] [Render thread/DEBUG] [mixin/]: emi.mixins.json:HandledScreenMixin from mod emi->@Inject::renderForeground(Lnet/minecraft/client/gui/GuiGraphics;IIFLorg/spongepowered/asm/mixin/injection/callback/CallbackInfo;)V doesn't use it's CallbackInfo
[04:00:07] [Render thread/DEBUG] [mixin/]: emi.mixins.json:HandledScreenMixin from mod emi->@Inject::renderForeground(Lnet/minecraft/client/gui/GuiGraphics;IIFLorg/spongepowered/asm/mixin/injection/callback/CallbackInfo;)V has 0 override(s) in child classes
[04:00:07] [Render thread/DEBUG] [mixin/]: emi.mixins.json:HandledScreenMixin from mod emi->@Inject::renderForeground(Lnet/minecraft/client/gui/GuiGraphics;IIFLorg/spongepowered/asm/mixin/injection/callback/CallbackInfo;)V won't be passed a CallbackInfo as a result
[04:00:07] [Render thread/DEBUG] [mixin/]: Mixing accessor.TimerAccessor from ponder-common.mixins.json into net.minecraft.client.DeltaTracker$Timer
[04:00:07] [Render thread/DEBUG] [mixin/]: ponder-common.mixins.json:accessor.TimerAccessor from mod ponder: Class version 65 required is higher than the class version supported by the current version of Mixin (JAVA_17 supports class version 61)
[04:00:07] [Render thread/DEBUG] [mixin/]: Mixing accessor.TimerAccessor from create.mixins.json into net.minecraft.client.DeltaTracker$Timer
[04:00:07] [Render thread/WARN] [minecraft/VanillaPackResourcesBuilder]: Assets URL 'union:/F:/Minecraft/ModDev/PoopSkyMod/build/moddev/artifacts/neoforge-21.1.219.jar%23199!/assets/.mcassetsroot' uses unexpected schema
[04:00:07] [Render thread/WARN] [minecraft/VanillaPackResourcesBuilder]: Assets URL 'union:/F:/Minecraft/ModDev/PoopSkyMod/build/moddev/artifacts/neoforge-21.1.219.jar%23199!/data/.mcassetsroot' uses unexpected schema
[04:00:07] [Render thread/INFO] [mojang/YggdrasilAuthenticationService]: Environment: Environment[sessionHost=https://sessionserver.mojang.com, servicesHost=https://api.minecraftservices.com, name=PROD]
[04:00:07] [Render thread/INFO] [minecraft/Minecraft]: Setting user: Player1900
[04:00:07] [Render thread/DEBUG] [mixin/]: Mixing ToastManagerMixin from emi.mixins.json into net.minecraft.client.gui.components.toasts.ToastComponent
[04:00:07] [Render thread/DEBUG] [mixin/]: emi.mixins.json:ToastManagerMixin from mod emi: Class version 65 required is higher than the class version supported by the current version of Mixin (JAVA_17 supports class version 61)
[04:00:07] [Render thread/DEBUG] [mixin/]: emi.mixins.json:ToastManagerMixin from mod emi->@Inject::drawHead(Lnet/minecraft/client/gui/GuiGraphics;Lorg/spongepowered/asm/mixin/injection/callback/CallbackInfo;)V does use it's CallbackInfo
[04:00:07] [Render thread/DEBUG] [mixin/]: Mixing OptionsMixin from flywheel.backend.mixins.json into net.minecraft.client.Options
[04:00:07] [Render thread/DEBUG] [mixin/]: Mixing OptionsMixin from kubejs.mixins.json into net.minecraft.client.Options
[04:00:07] [Render thread/DEBUG] [mixin/]: flywheel.backend.mixins.json:OptionsMixin from mod flywheel->@Inject::flywheel$onLoad(Lorg/spongepowered/asm/mixin/injection/callback/CallbackInfo;)V doesn't use it's CallbackInfo
[04:00:07] [Render thread/DEBUG] [mixin/]: flywheel.backend.mixins.json:OptionsMixin from mod flywheel->@Inject::flywheel$onLoad(Lorg/spongepowered/asm/mixin/injection/callback/CallbackInfo;)V has 0 override(s) in child classes
[04:00:07] [Render thread/DEBUG] [mixin/]: flywheel.backend.mixins.json:OptionsMixin from mod flywheel->@Inject::flywheel$onLoad(Lorg/spongepowered/asm/mixin/injection/callback/CallbackInfo;)V won't be passed a CallbackInfo as a result
[04:00:07] [Render thread/DEBUG] [mixin/]: flywheel.backend.mixins.json:OptionsMixin from mod flywheel->@Inject::flywheel$onSave(Lorg/spongepowered/asm/mixin/injection/callback/CallbackInfo;)V doesn't use it's CallbackInfo
[04:00:07] [Render thread/DEBUG] [mixin/]: flywheel.backend.mixins.json:OptionsMixin from mod flywheel->@Inject::flywheel$onSave(Lorg/spongepowered/asm/mixin/injection/callback/CallbackInfo;)V has 0 override(s) in child classes
[04:00:07] [Render thread/DEBUG] [mixin/]: flywheel.backend.mixins.json:OptionsMixin from mod flywheel->@Inject::flywheel$onSave(Lorg/spongepowered/asm/mixin/injection/callback/CallbackInfo;)V won't be passed a CallbackInfo as a result
[04:00:07] [Render thread/DEBUG] [mixin/]: kubejs.mixins.json:OptionsMixin from mod kubejs->@Inject::loadKJS(Lorg/spongepowered/asm/mixin/injection/callback/CallbackInfo;)V doesn't use it's CallbackInfo
[04:00:07] [Render thread/DEBUG] [mixin/]: kubejs.mixins.json:OptionsMixin from mod kubejs->@Inject::loadKJS(Lorg/spongepowered/asm/mixin/injection/callback/CallbackInfo;)V has 0 override(s) in child classes
[04:00:07] [Render thread/DEBUG] [mixin/]: kubejs.mixins.json:OptionsMixin from mod kubejs->@Inject::loadKJS(Lorg/spongepowered/asm/mixin/injection/callback/CallbackInfo;)V won't be passed a CallbackInfo as a result
[04:00:08] [Render thread/INFO] [minecraft/Minecraft]: Backend library: LWJGL version 3.3.3+5
[04:00:08] [Render thread/DEBUG] [mixin/]: Mixing WindowMixin from kubejs.mixins.json into com.mojang.blaze3d.platform.Window
[04:00:08] [Render thread/DEBUG] [mixin/]: Mixing GlStateManagerMixin from flywheel.backend.mixins.json into com.mojang.blaze3d.platform.GlStateManager
[04:00:08] [Render thread/DEBUG] [mixin/]: flywheel.backend.mixins.json:GlStateManagerMixin from mod flywheel->@Inject::flywheel$onBindBuffer(IILorg/spongepowered/asm/mixin/injection/callback/CallbackInfo;)V doesn't use it's CallbackInfo
[04:00:08] [Render thread/DEBUG] [mixin/]: flywheel.backend.mixins.json:GlStateManagerMixin from mod flywheel->@Inject::flywheel$onBindVertexArray(ILorg/spongepowered/asm/mixin/injection/callback/CallbackInfo;)V doesn't use it's CallbackInfo
[04:00:08] [Render thread/DEBUG] [mixin/]: flywheel.backend.mixins.json:GlStateManagerMixin from mod flywheel->@Inject::flywheel$onUseProgram(ILorg/spongepowered/asm/mixin/injection/callback/CallbackInfo;)V doesn't use it's CallbackInfo
[04:00:08] [Render thread/DEBUG] [mixin/]: flywheel.backend.mixins.json:GlStateManagerMixin from mod flywheel->@Inject::flywheel$onSetupLevelDiffuseLighting(Lorg/joml/Vector3f;Lorg/joml/Vector3f;Lorg/joml/Matrix4f;Lorg/spongepowered/asm/mixin/injection/callback/CallbackInfo;)V doesn't use it's CallbackInfo
[04:00:08] [Render thread/DEBUG] [mixin/]: Mixing MouseMixin from emi.mixins.json into net.minecraft.client.MouseHandler
[04:00:08] [Render thread/DEBUG] [mixin/]: emi.mixins.json:MouseMixin from mod emi: Class version 65 required is higher than the class version supported by the current version of Mixin (JAVA_17 supports class version 61)
[04:00:08] [Render thread/DEBUG] [mixin/]: Mixing accessor.MouseHandlerAccessor from create.mixins.json into net.minecraft.client.MouseHandler
[04:00:08] [Render thread/DEBUG] [mixin/]: emi.mixins.json:MouseMixin from mod emi->@Inject::onMouseDown(JIIILorg/spongepowered/asm/mixin/injection/callback/CallbackInfo;)V does use it's CallbackInfo
[04:00:08] [Render thread/DEBUG] [mixin/]: emi.mixins.json:MouseMixin from mod emi->@Inject::onMouseUp(JIIILorg/spongepowered/asm/mixin/injection/callback/CallbackInfo;)V does use it's CallbackInfo
[04:00:08] [Render thread/DEBUG] [mixin/]: emi.mixins.json:MouseMixin from mod emi->@Inject::onMouseDragged(Lorg/spongepowered/asm/mixin/injection/callback/CallbackInfo;)V doesn't use it's CallbackInfo
[04:00:08] [Render thread/DEBUG] [mixin/]: emi.mixins.json:MouseMixin from mod emi->@Inject::onMouseDragged(Lorg/spongepowered/asm/mixin/injection/callback/CallbackInfo;)V has 0 override(s) in child classes
[04:00:08] [Render thread/DEBUG] [mixin/]: emi.mixins.json:MouseMixin from mod emi->@Inject::onMouseDragged(Lorg/spongepowered/asm/mixin/injection/callback/CallbackInfo;)V won't be passed a CallbackInfo as a result
[04:00:08] [Render thread/DEBUG] [mixin/]: emi.mixins.json:MouseMixin from mod emi->@Inject::onMouseScrolled(JDDLorg/spongepowered/asm/mixin/injection/callback/CallbackInfo;)V does use it's CallbackInfo
[04:00:08] [Render thread/DEBUG] [mixin/]: Mixing KeyboardMixin from emi.mixins.json into net.minecraft.client.KeyboardHandler
[04:00:08] [Render thread/DEBUG] [mixin/]: emi.mixins.json:KeyboardMixin from mod emi: Class version 65 required is higher than the class version supported by the current version of Mixin (JAVA_17 supports class version 61)
[04:00:08] [Render thread/DEBUG] [mixin/]: Mixing KeyboardHandlerMixin from kubejs.mixins.json into net.minecraft.client.KeyboardHandler
[04:00:08] [Render thread/DEBUG] [mixin/]: emi.mixins.json:KeyboardMixin from mod emi->@Inject::onKey(JIIIILorg/spongepowered/asm/mixin/injection/callback/CallbackInfo;)V does use it's CallbackInfo
[04:00:08] [Render thread/DEBUG] [mixin/]: emi.mixins.json:KeyboardMixin from mod emi->@Inject::onChar(JIILorg/spongepowered/asm/mixin/injection/callback/CallbackInfo;)V does use it's CallbackInfo
[04:00:08] [Render thread/DEBUG] [mixin/]: kubejs.mixins.json:KeyboardHandlerMixin from mod kubejs->@Inject::reloadResources(ILorg/spongepowered/asm/mixin/injection/callback/CallbackInfoReturnable;)V doesn't use it's CallbackInfoReturnable
[04:00:08] [Render thread/DEBUG] [mixin/]: kubejs.mixins.json:KeyboardHandlerMixin from mod kubejs->@Inject::reloadResources(ILorg/spongepowered/asm/mixin/injection/callback/CallbackInfoReturnable;)V has 0 override(s) in child classes
[04:00:08] [Render thread/DEBUG] [mixin/]: kubejs.mixins.json:KeyboardHandlerMixin from mod kubejs->@Inject::reloadResources(ILorg/spongepowered/asm/mixin/injection/callback/CallbackInfoReturnable;)V won't be passed a CallbackInfoReturnable as a result
[04:00:08] [Render thread/DEBUG] [ne.ne.fm.ModWorkManager/LOADING]: Using 16 threads for parallel mod-loading
[04:00:08] [Render thread/DEBUG] [ne.ne.fm.ja.FMLModContainer/LOADING]: Creating FMLModContainer instance for [vectorwing.farmersdelight.FarmersDelight]
[04:00:08] [Render thread/DEBUG] [ne.ne.fm.ja.FMLModContainer/LOADING]: Creating FMLModContainer instance for [dev.emi.emi.platform.neoforge.EmiNeoForge]
[04:00:08] [Render thread/DEBUG] [ne.ne.fm.lo.LowCodeModContainer/LOADING]: Creating LowCodeModContainer for rhino
[04:00:08] [Render thread/DEBUG] [ne.ne.fm.ja.FMLModContainer/LOADING]: Creating FMLModContainer instance for [snownee.jade.util.CommonProxy]
[04:00:08] [Render thread/DEBUG] [ne.ne.fm.ja.FMLModContainer/LOADING]: Creating FMLModContainer instance for [squeek.appleskin.AppleSkin]
[04:00:08] [Render thread/DEBUG] [ne.ne.fm.ja.FMLModContainer/LOADING]: Creating FMLModContainer instance for [mezz.jei.neoforge.JustEnoughItems]
[04:00:08] [Render thread/DEBUG] [ne.ne.fm.ja.FMLModContainer/LOADING]: Creating FMLModContainer instance for [com.altnoir.poopsky.PoopSky, com.altnoir.poopsky.PoopSkyClient]
[04:00:08] [Render thread/DEBUG] [ne.ne.fm.ja.FMLModContainer/LOADING]: Creating FMLModContainer instance for [dev.engine_room.flywheel.impl.FlywheelNeoForge]
[04:00:08] [Render thread/DEBUG] [ne.ne.fm.ja.FMLModContainer/LOADING]: Creating FMLModContainer instance for [net.createmod.ponder.NeoForgePonder, net.createmod.ponder.NeoForgePonderClient]
[04:00:08] [Render thread/DEBUG] [ne.ne.fm.ja.FMLModContainer/LOADING]: Creating FMLModContainer instance for [com.github.tartaricacid.touhoulittlemaid.TouhouLittleMaid, com.github.tartaricacid.touhoulittlemaid.TouhouLittleMaidClient]
[04:00:08] [Render thread/DEBUG] [ne.ne.fm.ja.FMLModContainer/LOADING]: Creating FMLModContainer instance for []
[04:00:08] [Render thread/DEBUG] [ne.ne.fm.ja.FMLModContainer/LOADING]: Creating FMLModContainer instance for [com.simibubi.create.Create, com.simibubi.create.CreateClient]
[04:00:08] [Render thread/DEBUG] [ne.ne.fm.ja.FMLModContainer/LOADING]: Creating FMLModContainer instance for [cn.autoforged.frog_variant_mod_1782245873.FrogVariantMod]
[04:00:08] [Render thread/DEBUG] [ne.ne.fm.ja.FMLModContainer/LOADING]: Creating FMLModContainer instance for [com.whisent.powerful_dummy.Powerful_dummy]
[04:00:08] [Render thread/DEBUG] [ne.ne.fm.ja.FMLModContainer/LOADING]: Creating FMLModContainer instance for [net.neoforged.neoforge.common.NeoForgeMod, net.neoforged.neoforge.client.ClientNeoForgeMod]
[04:00:08] [Render thread/DEBUG] [ne.ne.fm.ja.FMLModContainer/LOADING]: Creating FMLModContainer instance for [dev.latvian.mods.kubejs.KubeJS]
[04:00:08] [Render thread/DEBUG] [ne.ne.fm.ja.FMLModContainer/LOADING]: Creating FMLModContainer instance for [dev.latvian.mods.betteradvancedtooltips.BATMod]
[04:00:08] [Render thread/DEBUG] [ne.ne.fm.ja.FMLModContainer/LOADING]: Creating FMLModContainer instance for [betteradvancements.neoforge.BetterAdvancements]
[04:00:08] [modloading-worker-0/DEBUG] [ne.ne.fm.ja.AutomaticEventSubscriber/LOADING]: Attempting to inject @EventBusSubscriber classes into the eventbus for sablecompanion
[04:00:08] [modloading-worker-0/DEBUG] [ne.ne.fm.ja.AutomaticEventSubscriber/LOADING]: Attempting to inject @EventBusSubscriber classes into the eventbus for emi
[04:00:08] [modloading-worker-0/DEBUG] [ne.ne.fm.ja.AutomaticEventSubscriber/LOADING]: Scanning class dev.emi.emi.platform.neoforge.EmiClientNeoForge for @SubscribeEvent-annotated methods
[04:00:08] [modloading-worker-0/DEBUG] [ne.ne.fm.ja.AutomaticEventSubscriber/LOADING]: Attempting to inject @EventBusSubscriber classes into the eventbus for frog_variant_mod_1782245873
[04:00:08] [modloading-worker-0/DEBUG] [ne.ne.fm.ja.AutomaticEventSubscriber/LOADING]: Scanning class cn.autoforged.frog_variant_mod_1782245873.client.ClientSetup for @SubscribeEvent-annotated methods
[04:00:08] [modloading-worker-0/DEBUG] [ne.ne.fm.ja.AutomaticEventSubscriber/]: Subscribing @EventBusSubscriber class Lcn/autoforged/frog_variant_mod_1782245873/client/ClientSetup; to the mod event bus of mod frog_variant_mod_1782245873
[04:00:08] [modloading-worker-0/DEBUG] [mixin/]: Mixing client.accessor.RenderTypeAccessor from ponder-common.mixins.json into net.minecraft.client.renderer.RenderType
[04:00:08] [modloading-worker-0/DEBUG] [mixin/]: ponder-common.mixins.json:client.accessor.RenderTypeAccessor from mod ponder: Class version 65 required is higher than the class version supported by the current version of Mixin (JAVA_17 supports class version 61)
[04:00:08] [modloading-worker-0/DEBUG] [mixin/]: Renaming @Invoker method catnip$create(Ljava/lang/String;Lcom/mojang/blaze3d/vertex/VertexFormat;Lcom/mojang/blaze3d/vertex/VertexFormat$Mode;IZZLnet/minecraft/client/renderer/RenderType$CompositeState;)Lnet/minecraft/client/renderer/RenderType$CompositeRenderType; to catnip$create$ponder_$md$4eef09$0 in ponder-common.mixins.json:client.accessor.RenderTypeAccessor from mod ponder
[04:00:08] [modloading-worker-0/DEBUG] [ne.ne.fm.co.ConfigTracker/CONFIG]: Config file appleskin-client.toml for appleskin tracking
[04:00:08] [modloading-worker-0/DEBUG] [ne.ne.fm.co.ConfigTracker/CONFIG]: Config file betteradvancements-client.toml for betteradvancements tracking
[04:00:08] [modloading-worker-0/DEBUG] [ne.ne.fm.co.ConfigTracker/CONFIG]: Config file farmersdelight-common.toml for farmersdelight tracking
[04:00:08] [modloading-worker-0/DEBUG] [ne.ne.fm.co.ConfigTracker/CONFIG]: Config file jei-server.toml for jei tracking
[04:00:08] [modloading-worker-0/DEBUG] [ne.ne.fm.co.ConfigTracker/CONFIG]: Config file farmersdelight-client.toml for farmersdelight tracking
[04:00:08] [modloading-worker-0/DEBUG] [ne.ne.fm.co.ConfigTracker/CONFIG]: Config file powerful_dummy-common.toml for powerful_dummy tracking
[04:00:08] [modloading-worker-0/DEBUG] [ne.ne.fm.ja.AutomaticEventSubscriber/LOADING]: Attempting to inject @EventBusSubscriber classes into the eventbus for powerful_dummy
[04:00:08] [modloading-worker-0/DEBUG] [ne.ne.fm.ja.AutomaticEventSubscriber/LOADING]: Scanning class com.whisent.powerful_dummy.Powerful_dummy$ClientModEvents for @SubscribeEvent-annotated methods
[04:00:08] [modloading-worker-0/DEBUG] [ne.ne.fm.co.ConfigTracker/CONFIG]: Config file flywheel-client.toml for flywheel tracking
[04:00:08] [modloading-worker-0/DEBUG] [ne.ne.fm.ja.AutomaticEventSubscriber/]: Subscribing @EventBusSubscriber class Ldev/emi/emi/platform/neoforge/EmiClientNeoForge; to the mod event bus of mod emi
[04:00:08] [modloading-worker-0/DEBUG] [ne.ne.fm.ja.AutomaticEventSubscriber/]: Subscribing @EventBusSubscriber class Lcom/whisent/powerful_dummy/Powerful_dummy$ClientModEvents; to the mod event bus of mod powerful_dummy
[04:00:08] [modloading-worker-0/DEBUG] [mixin/]: Mixing AdvancementNodeMixin from kubejs.mixins.json into net.minecraft.advancements.AdvancementNode
[04:00:08] [modloading-worker-0/DEBUG] [ne.ne.fm.ja.AutomaticEventSubscriber/LOADING]: Scanning class com.whisent.powerful_dummy.network.NetworkRegistry for @SubscribeEvent-annotated methods
[04:00:08] [modloading-worker-0/DEBUG] [ne.ne.fm.ja.AutomaticEventSubscriber/]: Subscribing @EventBusSubscriber class Lcom/whisent/powerful_dummy/network/NetworkRegistry; to the mod event bus of mod powerful_dummy
[04:00:08] [modloading-worker-0/DEBUG] [ne.ne.fm.ja.AutomaticEventSubscriber/LOADING]: Scanning class com.whisent.powerful_dummy.events.ServerEventsHandler for @SubscribeEvent-annotated methods
[04:00:08] [modloading-worker-0/DEBUG] [ne.ne.fm.ja.AutomaticEventSubscriber/]: Subscribing @EventBusSubscriber class Lcom/whisent/powerful_dummy/events/ServerEventsHandler; to the game event bus
[04:00:08] [modloading-worker-0/DEBUG] [ne.ne.ne.in.ve.ne.NeoForgeVersion/CORE]: Found NeoForge version 21.1.219
[04:00:08] [modloading-worker-0/DEBUG] [ne.ne.ne.in.ve.ne.NeoForgeVersion/CORE]: Found FML version 4.0.42
[04:00:08] [modloading-worker-0/INFO] [ne.ne.ne.co.NeoForgeMod/NEOFORGE-MOD]: NeoForge mod loading, version 21.1.219, for MC 1.21.1
[04:00:08] [modloading-worker-0/DEBUG] [ne.ne.fm.ja.AutomaticEventSubscriber/LOADING]: Attempting to inject @EventBusSubscriber classes into the eventbus for betteradvancements
[04:00:08] [modloading-worker-0/DEBUG] [ne.ne.fm.ja.AutomaticEventSubscriber/LOADING]: Scanning class com.whisent.powerful_dummy.events.ForgeEventsHandler for @SubscribeEvent-annotated methods
[04:00:08] [modloading-worker-0/DEBUG] [ne.ne.fm.ja.AutomaticEventSubscriber/LOADING]: Attempting to inject @EventBusSubscriber classes into the eventbus for jade
[04:00:08] [modloading-worker-0/DEBUG] [ne.ne.fm.ja.AutomaticEventSubscriber/LOADING]: Attempting to inject @EventBusSubscriber classes into the eventbus for appleskin
[04:00:08] [modloading-worker-0/DEBUG] [ne.ne.fm.ja.AutomaticEventSubscriber/]: Subscribing @EventBusSubscriber class Lcom/whisent/powerful_dummy/events/ForgeEventsHandler; to the game event bus
[04:00:08] [modloading-worker-0/DEBUG] [ne.ne.fm.ja.AutomaticEventSubscriber/LOADING]: Scanning class com.whisent.powerful_dummy.client.overlay.DpsOverlay for @SubscribeEvent-annotated methods
[04:00:08] [modloading-worker-0/DEBUG] [mixin/]: Mixing FontMixin from jade.mixins.json into net.minecraft.client.gui.Font
[04:00:08] [modloading-worker-0/DEBUG] [mixin/]: jade.mixins.json:FontMixin from mod jade: Class version 65 required is higher than the class version supported by the current version of Mixin (JAVA_16 supports class version 60)
[04:00:08] [modloading-worker-0/DEBUG] [mixin/]: Mixing accessor.FontAccessor from create.mixins.json into net.minecraft.client.gui.Font
[04:00:08] [modloading-worker-0/DEBUG] [mixin/]: jade.mixins.json:FontMixin from mod jade->@Inject::jade$renderChar(Lnet/minecraft/client/gui/font/glyphs/BakedGlyph;ZZFFFLorg/joml/Matrix4f;Lcom/mojang/blaze3d/vertex/VertexConsumer;FFFFILorg/spongepowered/asm/mixin/injection/callback/CallbackInfo;)V does use it's CallbackInfo
[04:00:08] [modloading-worker-0/DEBUG] [ne.ne.fm.ja.AutomaticEventSubscriber/]: Subscribing @EventBusSubscriber class Lcom/whisent/powerful_dummy/client/overlay/DpsOverlay; to the game event bus
[04:00:08] [modloading-worker-0/DEBUG] [ne.ne.fm.co.ConfigTracker/CONFIG]: Config file neoforge-client.toml for neoforge tracking
[04:00:08] [modloading-worker-0/DEBUG] [ne.ne.fm.co.ConfigTracker/CONFIG]: Config file neoforge-server.toml for neoforge tracking
[04:00:08] [modloading-worker-0/DEBUG] [ne.ne.fm.co.ConfigTracker/CONFIG]: Config file neoforge-common.toml for neoforge tracking
[04:00:08] [modloading-worker-0/DEBUG] [ne.ne.fm.ja.AutomaticEventSubscriber/LOADING]: Scanning class com.whisent.powerful_dummy.client.KeyHandler for @SubscribeEvent-annotated methods
[04:00:08] [modloading-worker-0/DEBUG] [ne.ne.fm.ja.AutomaticEventSubscriber/]: Subscribing @EventBusSubscriber class Lcom/whisent/powerful_dummy/client/KeyHandler; to the game event bus
[04:00:08] [modloading-worker-0/DEBUG] [ne.ne.fm.ja.AutomaticEventSubscriber/LOADING]: Scanning class com.whisent.powerful_dummy.client.event.ClientOverlayRegistration for @SubscribeEvent-annotated methods
[04:00:08] [modloading-worker-0/DEBUG] [ne.ne.fm.ja.AutomaticEventSubscriber/]: Subscribing @EventBusSubscriber class Lcom/whisent/powerful_dummy/client/event/ClientOverlayRegistration; to the mod event bus of mod powerful_dummy
[04:00:08] [modloading-worker-0/DEBUG] [ne.ne.fm.ja.AutomaticEventSubscriber/LOADING]: Scanning class com.whisent.powerful_dummy.client.event.ClientEventHandler for @SubscribeEvent-annotated methods
[04:00:08] [modloading-worker-0/DEBUG] [ne.ne.fm.ja.AutomaticEventSubscriber/]: Subscribing @EventBusSubscriber class Lcom/whisent/powerful_dummy/client/event/ClientEventHandler; to the game event bus
[04:00:08] [modloading-worker-0/DEBUG] [ne.ne.fm.ja.AutomaticEventSubscriber/LOADING]: Scanning class com.whisent.powerful_dummy.client.DpsActionBar for @SubscribeEvent-annotated methods
[04:00:08] [modloading-worker-0/DEBUG] [ne.ne.fm.ja.AutomaticEventSubscriber/]: Subscribing @EventBusSubscriber class Lcom/whisent/powerful_dummy/client/DpsActionBar; to the game event bus
[04:00:08] [modloading-worker-0/DEBUG] [ne.ne.fm.ja.AutomaticEventSubscriber/LOADING]: Attempting to inject @EventBusSubscriber classes into the eventbus for neoforge
[04:00:08] [modloading-worker-0/DEBUG] [ne.ne.fm.ja.AutomaticEventSubscriber/LOADING]: Scanning class net.neoforged.neoforge.server.command.ConfigCommand for @SubscribeEvent-annotated methods
[04:00:08] [modloading-worker-0/DEBUG] [ne.ne.fm.ja.AutomaticEventSubscriber/]: Subscribing @EventBusSubscriber class Lnet/neoforged/neoforge/server/command/ConfigCommand; to the game event bus
[04:00:08] [modloading-worker-0/DEBUG] [ne.ne.fm.ja.AutomaticEventSubscriber/LOADING]: Scanning class net.neoforged.neoforge.network.filters.GenericPacketSplitter for @SubscribeEvent-annotated methods
[04:00:08] [modloading-worker-0/DEBUG] [me.je.co.pl.Services/]: Loaded mezz.jei.neoforge.platform.PlatformHelper@5e889ead for service interface mezz.jei.common.platform.IPlatformHelper
[04:00:08] [modloading-worker-0/DEBUG] [ne.ne.fm.ja.AutomaticEventSubscriber/LOADING]: Attempting to inject @EventBusSubscriber classes into the eventbus for flywheel
[04:00:08] [modloading-worker-0/DEBUG] [ne.ne.fm.co.ConfigTracker/CONFIG]: Config file ponder-client.toml for ponder tracking
[04:00:08] [modloading-worker-0/DEBUG] [me.je.co.co.fi.ConfigSerializer/]: Loading config file: F:\Minecraft\ModDev\PoopSkyMod\run\config\jei\jei-debug.ini
[04:00:08] [modloading-worker-0/DEBUG] [ne.ne.fm.ja.AutomaticEventSubscriber/LOADING]: Attempting to inject @EventBusSubscriber classes into the eventbus for ponder
[04:00:08] [modloading-worker-0/DEBUG] [ne.ne.fm.ja.AutomaticEventSubscriber/LOADING]: Scanning class net.createmod.ponder.NeoForgePonderClient$ClientEvents for @SubscribeEvent-annotated methods
[04:00:08] [modloading-worker-0/DEBUG] [me.je.co.co.fi.ConfigSchema/]: Localization has not loaded yet, waiting to save the config file until JEI starts.
[04:00:08] [modloading-worker-0/DEBUG] [ne.ne.fm.ja.AutomaticEventSubscriber/]: Subscribing @EventBusSubscriber class Lnet/createmod/ponder/NeoForgePonderClient$ClientEvents; to the game event bus
[04:00:08] [modloading-worker-0/DEBUG] [me.je.co.co.fi.ConfigSerializer/]: Loading config file: F:\Minecraft\ModDev\PoopSkyMod\run\config\jei\jei-mod-id-format.ini
[04:00:08] [modloading-worker-0/DEBUG] [me.je.co.co.fi.ConfigSchema/]: Localization has not loaded yet, waiting to save the config file until JEI starts.
[04:00:08] [modloading-worker-0/DEBUG] [ne.ne.fm.ja.AutomaticEventSubscriber/LOADING]: Scanning class net.createmod.ponder.NeoForgePonder$ModBusEvents for @SubscribeEvent-annotated methods
[04:00:08] [modloading-worker-0/DEBUG] [ne.ne.fm.ja.AutomaticEventSubscriber/]: Subscribing @EventBusSubscriber class Lnet/createmod/ponder/NeoForgePonder$ModBusEvents; to the mod event bus of mod ponder
[04:00:08] [modloading-worker-0/DEBUG] [ne.ne.fm.ja.AutomaticEventSubscriber/LOADING]: Scanning class net.createmod.ponder.NeoForgePonder$Events for @SubscribeEvent-annotated methods
[04:00:08] [modloading-worker-0/DEBUG] [ne.ne.fm.ja.AutomaticEventSubscriber/]: Subscribing @EventBusSubscriber class Lnet/createmod/ponder/NeoForgePonder$Events; to the game event bus
[04:00:08] [modloading-worker-0/DEBUG] [ne.ne.fm.ja.AutomaticEventSubscriber/LOADING]: Scanning class net.createmod.ponder.NeoForgePonderClient$ModBusClientEvents for @SubscribeEvent-annotated methods
[04:00:08] [modloading-worker-0/DEBUG] [me.je.co.co.fi.ConfigSerializer/]: Loading config file: F:\Minecraft\ModDev\PoopSkyMod\run\config\jei\jei-colors.ini
[04:00:08] [modloading-worker-0/DEBUG] [ne.ne.fm.ja.AutomaticEventSubscriber/]: Subscribing @EventBusSubscriber class Lnet/createmod/ponder/NeoForgePonderClient$ModBusClientEvents; to the mod event bus of mod ponder
[04:00:08] [modloading-worker-0/DEBUG] [me.je.co.co.fi.ConfigSchema/]: Localization has not loaded yet, waiting to save the config file until JEI starts.
[04:00:08] [modloading-worker-0/INFO] [co.si.cr.Create/]: Create 6.0.8 initializing! Commit hash: 5f1b407a97467157e7a0da0c560c7d1d5f378929
[04:00:08] [modloading-worker-0/DEBUG] [io.ne.bu.AbstractByteBuf/]: -Dio.netty.buffer.checkAccessible: true
[04:00:08] [modloading-worker-0/DEBUG] [io.ne.bu.AbstractByteBuf/]: -Dio.netty.buffer.checkBounds: true
[04:00:08] [modloading-worker-0/DEBUG] [io.ne.ut.ResourceLeakDetectorFactory/]: Loaded default ResourceLeakDetector: io.netty.util.ResourceLeakDetector@9644306
[04:00:08] [modloading-worker-0/DEBUG] [ne.ne.fm.co.ConfigTracker/CONFIG]: Config file poopsky-common.toml for poopsky tracking
[04:00:08] [modloading-worker-0/DEBUG] [me.je.co.co.fi.ConfigSerializer/]: Loading config file: F:\Minecraft\ModDev\PoopSkyMod\run\config\jei\jei-client.ini
[04:00:08] [modloading-worker-0/DEBUG] [me.je.co.co.fi.ConfigSchema/]: Localization has not loaded yet, waiting to save the config file until JEI starts.
[04:00:08] [modloading-worker-0/DEBUG] [mixin/]: Mixing jei.PluginCallerMixin from emi.mixins.json into mezz.jei.library.load.PluginCaller
[04:00:08] [modloading-worker-0/DEBUG] [mixin/]: emi.mixins.json:jei.PluginCallerMixin from mod emi: Class version 65 required is higher than the class version supported by the current version of Mixin (JAVA_17 supports class version 61)
[04:00:08] [modloading-worker-0/DEBUG] [io.ne.ut.in.InternalThreadLocalMap/]: -Dio.netty.threadLocalMap.stringBuilder.initialSize: 1024
[04:00:08] [modloading-worker-0/DEBUG] [io.ne.ut.in.InternalThreadLocalMap/]: -Dio.netty.threadLocalMap.stringBuilder.maxSize: 4096
[04:00:08] [modloading-worker-0/DEBUG] [ne.ne.fm.ja.AutomaticEventSubscriber/LOADING]: Attempting to inject @EventBusSubscriber classes into the eventbus for poopsky
[04:00:08] [modloading-worker-0/DEBUG] [ne.ne.fm.ja.AutomaticEventSubscriber/LOADING]: Scanning class com.altnoir.poopsky.Config for @SubscribeEvent-annotated methods
[04:00:08] [modloading-worker-0/DEBUG] [ne.ne.fm.ja.AutomaticEventSubscriber/]: Subscribing @EventBusSubscriber class Lcom/altnoir/poopsky/Config; to the mod event bus of mod poopsky
[04:00:08] [modloading-worker-0/DEBUG] [ne.ne.fm.ja.AutomaticEventSubscriber/LOADING]: Scanning class com.altnoir.poopsky.datagen.DataGenerators for @SubscribeEvent-annotated methods
[04:00:08] [modloading-worker-0/DEBUG] [io.ne.bu.PooledByteBufAllocator/]: -Dio.netty.allocator.numHeapArenas: 32
[04:00:08] [modloading-worker-0/DEBUG] [io.ne.bu.PooledByteBufAllocator/]: -Dio.netty.allocator.numDirectArenas: 32
[04:00:08] [modloading-worker-0/DEBUG] [io.ne.bu.PooledByteBufAllocator/]: -Dio.netty.allocator.pageSize: 8192
[04:00:08] [modloading-worker-0/DEBUG] [io.ne.bu.PooledByteBufAllocator/]: -Dio.netty.allocator.maxOrder: 9
[04:00:08] [modloading-worker-0/DEBUG] [io.ne.bu.PooledByteBufAllocator/]: -Dio.netty.allocator.chunkSize: 4194304
[04:00:08] [modloading-worker-0/DEBUG] [io.ne.bu.PooledByteBufAllocator/]: -Dio.netty.allocator.smallCacheSize: 256
[04:00:08] [modloading-worker-0/DEBUG] [io.ne.bu.PooledByteBufAllocator/]: -Dio.netty.allocator.normalCacheSize: 64
[04:00:08] [modloading-worker-0/DEBUG] [io.ne.bu.PooledByteBufAllocator/]: -Dio.netty.allocator.maxCachedBufferCapacity: 32768
[04:00:08] [modloading-worker-0/DEBUG] [io.ne.bu.PooledByteBufAllocator/]: -Dio.netty.allocator.cacheTrimInterval: 8192
[04:00:08] [modloading-worker-0/DEBUG] [io.ne.bu.PooledByteBufAllocator/]: -Dio.netty.allocator.cacheTrimIntervalMillis: 0
[04:00:08] [modloading-worker-0/DEBUG] [io.ne.bu.PooledByteBufAllocator/]: -Dio.netty.allocator.useCacheForAllThreads: false
[04:00:08] [modloading-worker-0/DEBUG] [io.ne.bu.PooledByteBufAllocator/]: -Dio.netty.allocator.maxCachedByteBuffersPerChunk: 1023
[04:00:08] [modloading-worker-0/DEBUG] [ne.ne.fm.ja.AutomaticEventSubscriber/]: Subscribing @EventBusSubscriber class Lcom/altnoir/poopsky/datagen/DataGenerators; to the mod event bus of mod poopsky
[04:00:08] [modloading-worker-0/DEBUG] [ne.ne.fm.ja.AutomaticEventSubscriber/LOADING]: Scanning class com.altnoir.poopsky.event.PSGameEvents for @SubscribeEvent-annotated methods
[04:00:08] [modloading-worker-0/INFO] [me.je.li.lo.PluginCaller/]: Sending ConfigManager...
[04:00:08] [modloading-worker-0/DEBUG] [ne.ne.fm.ja.AutomaticEventSubscriber/]: Subscribing @EventBusSubscriber class Lcom/altnoir/poopsky/event/PSGameEvents; to the game event bus
[04:00:08] [modloading-worker-0/DEBUG] [me.je.li.lo.PluginCallerTimerRunnable/]: Sending ConfigManager: jei:minecraft...
[04:00:08] [modloading-worker-0/DEBUG] [me.je.li.lo.PluginCallerTimerRunnable/]: Sending ConfigManager: farmersdelight:jei_plugin...
[04:00:08] [modloading-worker-0/DEBUG] [me.je.li.lo.PluginCallerTimerRunnable/]: Sending ConfigManager: emi:jemi...
[04:00:08] [modloading-worker-0/DEBUG] [me.je.li.lo.PluginCallerTimerRunnable/]: Sending ConfigManager: jade:main...
[04:00:08] [modloading-worker-0/DEBUG] [me.je.li.lo.PluginCallerTimerRunnable/]: Sending ConfigManager: jei:neoforge_gui...
[04:00:08] [modloading-worker-0/DEBUG] [me.je.li.lo.PluginCallerTimerRunnable/]: Sending ConfigManager: jei:debug...
[04:00:08] [modloading-worker-0/DEBUG] [me.je.li.lo.PluginCallerTimerRunnable/]: Sending ConfigManager: jei:gui...
[04:00:08] [modloading-worker-0/DEBUG] [me.je.li.lo.PluginCallerTimerRunnable/]: Sending ConfigManager: poopsky:jei_plugin...
[04:00:08] [modloading-worker-0/DEBUG] [me.je.li.lo.PluginCallerTimerRunnable/]: Sending ConfigManager: touhou_little_maid:jei...
[04:00:08] [modloading-worker-0/DEBUG] [me.je.li.lo.PluginCallerTimerRunnable/]: Sending ConfigManager: create:jei_plugin...
[04:00:08] [modloading-worker-0/DEBUG] [me.je.li.lo.PluginCallerTimerRunnable/]: Sending ConfigManager: kubejs:jei...
[04:00:08] [modloading-worker-0/DEBUG] [me.je.li.lo.PluginCallerTimerRunnable/]: Sending ConfigManager: jei:internal...
[04:00:08] [modloading-worker-0/DEBUG] [ne.ne.fm.ja.AutomaticEventSubscriber/LOADING]: Scanning class com.altnoir.poopsky.event.PSModEvents for @SubscribeEvent-annotated methods
[04:00:08] [modloading-worker-0/INFO] [me.je.li.lo.PluginCaller/]: Sending ConfigManager took 4.208 milliseconds
[04:00:08] [modloading-worker-0/DEBUG] [ne.ne.fm.co.ConfigTracker/CONFIG]: Config file touhou_little_maid-common.toml for touhou_little_maid tracking
[04:00:08] [modloading-worker-0/DEBUG] [ne.ne.fm.co.ConfigTracker/CONFIG]: Config file touhou_little_maid-server.toml for touhou_little_maid tracking
[04:00:08] [modloading-worker-0/DEBUG] [ne.ne.fm.ja.AutomaticEventSubscriber/LOADING]: Attempting to inject @EventBusSubscriber classes into the eventbus for jei
[04:00:08] [modloading-worker-0/INFO] [touhou_little_maid/]: common default pack init start...
[04:00:08] [modloading-worker-0/DEBUG] [io.ne.bu.ByteBufUtil/]: -Dio.netty.allocator.type: pooled
[04:00:08] [modloading-worker-0/DEBUG] [io.ne.bu.ByteBufUtil/]: -Dio.netty.threadLocalDirectBufferSize: 0
[04:00:08] [modloading-worker-0/DEBUG] [io.ne.bu.ByteBufUtil/]: -Dio.netty.maxThreadLocalCharBufferSize: 16384
[04:00:08] [modloading-worker-0/DEBUG] [ne.ne.fm.ja.AutomaticEventSubscriber/LOADING]: Attempting to inject @EventBusSubscriber classes into the eventbus for farmersdelight
[04:00:08] [modloading-worker-0/DEBUG] [ne.ne.fm.ja.AutomaticEventSubscriber/LOADING]: Scanning class vectorwing.farmersdelight.data.DataGenerators for @SubscribeEvent-annotated methods
[04:00:08] [modloading-worker-0/DEBUG] [ne.ne.fm.ja.AutomaticEventSubscriber/]: Subscribing @EventBusSubscriber class Lvectorwing/farmersdelight/data/DataGenerators; to the mod event bus of mod farmersdelight
[04:00:08] [modloading-worker-0/DEBUG] [ne.ne.fm.ja.AutomaticEventSubscriber/LOADING]: Scanning class vectorwing.farmersdelight.common.item.SkilletItem$SkilletEvents for @SubscribeEvent-annotated methods
[04:00:08] [modloading-worker-0/DEBUG] [ne.ne.fm.ja.AutomaticEventSubscriber/]: Subscribing @EventBusSubscriber class Lvectorwing/farmersdelight/common/item/SkilletItem$SkilletEvents; to the game event bus
[04:00:08] [modloading-worker-0/DEBUG] [ne.ne.fm.ja.AutomaticEventSubscriber/LOADING]: Scanning class vectorwing.farmersdelight.common.item.KnifeItem$KnifeEvents for @SubscribeEvent-annotated methods
[04:00:08] [modloading-worker-0/DEBUG] [ne.ne.fm.ja.AutomaticEventSubscriber/]: Subscribing @EventBusSubscriber class Lvectorwing/farmersdelight/common/item/KnifeItem$KnifeEvents; to the game event bus
[04:00:08] [modloading-worker-0/DEBUG] [ne.ne.fm.ja.AutomaticEventSubscriber/LOADING]: Scanning class vectorwing.farmersdelight.common.item.HorseFeedItem$HorseFeedEvent for @SubscribeEvent-annotated methods
[04:00:08] [modloading-worker-0/DEBUG] [ne.ne.fm.ja.AutomaticEventSubscriber/]: Subscribing @EventBusSubscriber class Lnet/neoforged/neoforge/network/filters/GenericPacketSplitter; to the mod event bus of mod neoforge
[04:00:08] [modloading-worker-0/DEBUG] [ne.ne.fm.ja.AutomaticEventSubscriber/]: Subscribing @EventBusSubscriber class Lvectorwing/farmersdelight/common/item/HorseFeedItem$HorseFeedEvent; to the game event bus
[04:00:08] [modloading-worker-0/DEBUG] [ne.ne.fm.ja.AutomaticEventSubscriber/LOADING]: Scanning class vectorwing.farmersdelight.common.item.enchantment.BackstabbingEnchantment$BackstabbingEvent for @SubscribeEvent-annotated methods
[04:00:08] [modloading-worker-0/DEBUG] [ne.ne.fm.ja.AutomaticEventSubscriber/]: Subscribing @EventBusSubscriber class Lvectorwing/farmersdelight/common/item/enchantment/BackstabbingEnchantment$BackstabbingEvent; to the game event bus
[04:00:08] [modloading-worker-0/DEBUG] [ne.ne.fm.ja.AutomaticEventSubscriber/LOADING]: Scanning class net.neoforged.neoforge.network.NetworkInitialization for @SubscribeEvent-annotated methods
[04:00:08] [modloading-worker-0/DEBUG] [ne.ne.fm.ja.AutomaticEventSubscriber/LOADING]: Scanning class vectorwing.farmersdelight.common.item.DogFoodItem$DogFoodEvent for @SubscribeEvent-annotated methods
[04:00:08] [modloading-worker-0/DEBUG] [ne.ne.fm.ja.AutomaticEventSubscriber/]: Subscribing @EventBusSubscriber class Lnet/neoforged/neoforge/network/NetworkInitialization; to the mod event bus of mod neoforge
[04:00:08] [modloading-worker-0/DEBUG] [ne.ne.fm.ja.AutomaticEventSubscriber/]: Subscribing @EventBusSubscriber class Lvectorwing/farmersdelight/common/item/DogFoodItem$DogFoodEvent; to the game event bus
[04:00:08] [modloading-worker-0/DEBUG] [ne.ne.fm.ja.AutomaticEventSubscriber/LOADING]: Scanning class net.neoforged.neoforge.network.ConfigurationInitialization for @SubscribeEvent-annotated methods
[04:00:08] [modloading-worker-0/DEBUG] [ne.ne.fm.ja.AutomaticEventSubscriber/LOADING]: Scanning class vectorwing.farmersdelight.common.event.VillagerEvents for @SubscribeEvent-annotated methods
[04:00:08] [modloading-worker-0/DEBUG] [ne.ne.fm.ja.AutomaticEventSubscriber/]: Subscribing @EventBusSubscriber class Lvectorwing/farmersdelight/common/event/VillagerEvents; to the game event bus
[04:00:08] [modloading-worker-0/DEBUG] [ne.ne.fm.ja.AutomaticEventSubscriber/LOADING]: Found mix of game bus and mod bus listeners in @EventBusSubscriber class Lcom/altnoir/poopsky/event/PSModEvents;, registering them separately
[04:00:08] [modloading-worker-0/DEBUG] [ne.ne.fm.ja.AutomaticEventSubscriber/LOADING]: Subscribing method public static void com.altnoir.poopsky.event.PSModEvents.CapabilitiesRegister(net.neoforged.neoforge.capabilities.RegisterCapabilitiesEvent) to the event bus of mod poopsky
[04:00:08] [modloading-worker-0/DEBUG] [ne.ne.fm.ja.AutomaticEventSubscriber/LOADING]: Scanning class vectorwing.farmersdelight.common.event.CommonModBusEvents for @SubscribeEvent-annotated methods
[04:00:08] [modloading-worker-0/DEBUG] [ne.ne.fm.ja.AutomaticEventSubscriber/LOADING]: Subscribing method public static void com.altnoir.poopsky.event.PSModEvents.registerAttributes(net.neoforged.neoforge.event.entity.EntityAttributeCreationEvent) to the event bus of mod poopsky
[04:00:08] [modloading-worker-0/DEBUG] [ne.ne.fm.ja.AutomaticEventSubscriber/]: Subscribing @EventBusSubscriber class Lnet/neoforged/neoforge/network/ConfigurationInitialization; to the mod event bus of mod neoforge
[04:00:08] [modloading-worker-0/DEBUG] [ne.ne.fm.ja.AutomaticEventSubscriber/LOADING]: Subscribing method public static void com.altnoir.poopsky.event.PSModEvents.registerSpawnPlacements(net.neoforged.neoforge.event.entity.RegisterSpawnPlacementsEvent) to the event bus of mod poopsky
[04:00:08] [modloading-worker-0/DEBUG] [ne.ne.fm.ja.AutomaticEventSubscriber/LOADING]: Scanning class net.neoforged.neoforge.common.MonsterRoomHooks for @SubscribeEvent-annotated methods
[04:00:08] [modloading-worker-0/DEBUG] [ne.ne.fm.ja.AutomaticEventSubscriber/LOADING]: Subscribing method public static void com.altnoir.poopsky.event.PSModEvents.onMobEffectApplicable(net.neoforged.neoforge.event.entity.living.MobEffectEvent$Applicable) to the game event bus
[04:00:08] [modloading-worker-0/DEBUG] [ne.ne.fm.ja.AutomaticEventSubscriber/]: Subscribing @EventBusSubscriber class Lvectorwing/farmersdelight/common/event/CommonModBusEvents; to the mod event bus of mod farmersdelight
[04:00:08] [modloading-worker-0/DEBUG] [ne.ne.fm.ja.AutomaticEventSubscriber/LOADING]: Subscribing method public static void com.altnoir.poopsky.event.PSModEvents.onEntityDismount(net.neoforged.neoforge.event.entity.EntityMountEvent) to the game event bus
[04:00:08] [modloading-worker-0/DEBUG] [ne.ne.fm.ja.AutomaticEventSubscriber/LOADING]: Scanning class vectorwing.farmersdelight.common.event.CommonEvents for @SubscribeEvent-annotated methods
[04:00:08] [modloading-worker-0/DEBUG] [ne.ne.fm.ja.AutomaticEventSubscriber/]: Subscribing @EventBusSubscriber class Lvectorwing/farmersdelight/common/event/CommonEvents; to the game event bus
[04:00:08] [modloading-worker-0/DEBUG] [ne.ne.fm.ja.AutomaticEventSubscriber/LOADING]: Scanning class vectorwing.farmersdelight.common.block.entity.CuttingBoardBlockEntity for @SubscribeEvent-annotated methods
[04:00:08] [modloading-worker-0/DEBUG] [ne.ne.fm.ja.AutomaticEventSubscriber/]: Subscribing @EventBusSubscriber class Lnet/neoforged/neoforge/common/MonsterRoomHooks; to the game event bus
[04:00:08] [modloading-worker-0/DEBUG] [ne.ne.fm.ja.AutomaticEventSubscriber/LOADING]: Scanning class net.neoforged.neoforge.common.DeferredSpawnEggItem$CommonHandler for @SubscribeEvent-annotated methods
[04:00:08] [modloading-worker-0/DEBUG] [ne.ne.fm.ja.AutomaticEventSubscriber/]: Subscribing @EventBusSubscriber class Lnet/neoforged/neoforge/common/DeferredSpawnEggItem$CommonHandler; to the mod event bus of mod neoforge
[04:00:08] [modloading-worker-0/DEBUG] [ne.ne.fm.ja.AutomaticEventSubscriber/LOADING]: Scanning class net.neoforged.neoforge.common.DeferredSpawnEggItem$ColorRegisterHandler for @SubscribeEvent-annotated methods
[04:00:08] [modloading-worker-0/DEBUG] [ne.ne.fm.ja.AutomaticEventSubscriber/]: Subscribing @EventBusSubscriber class Lnet/neoforged/neoforge/common/DeferredSpawnEggItem$ColorRegisterHandler; to the mod event bus of mod neoforge
[04:00:08] [modloading-worker-0/DEBUG] [ne.ne.fm.ja.AutomaticEventSubscriber/LOADING]: Scanning class net.neoforged.neoforge.client.model.data.ModelDataManager for @SubscribeEvent-annotated methods
[04:00:08] [modloading-worker-0/DEBUG] [mixin/]: Mixing RecipeHolderMixin from kubejs.mixins.json into net.minecraft.world.item.crafting.RecipeHolder
[04:00:08] [modloading-worker-0/DEBUG] [ne.ne.fm.ja.AutomaticEventSubscriber/]: Subscribing @EventBusSubscriber class Lvectorwing/farmersdelight/common/block/entity/CuttingBoardBlockEntity; to the mod event bus of mod farmersdelight
[04:00:08] [modloading-worker-0/DEBUG] [ne.ne.fm.ja.AutomaticEventSubscriber/]: Subscribing @EventBusSubscriber class Lnet/neoforged/neoforge/client/model/data/ModelDataManager; to the game event bus
[04:00:08] [modloading-worker-0/DEBUG] [ne.ne.fm.ja.AutomaticEventSubscriber/LOADING]: Scanning class net.neoforged.neoforge.client.ParticleBoundsDebugRenderer for @SubscribeEvent-annotated methods
[04:00:08] [modloading-worker-0/DEBUG] [mixin/]: Mixing PoseStackAccessor from flywheel.impl.mixins.json into com.mojang.blaze3d.vertex.PoseStack
[04:00:08] [modloading-worker-0/DEBUG] [mixin/]: Mixing PoseStackMixin from flywheel.impl.mixins.json into com.mojang.blaze3d.vertex.PoseStack
[04:00:08] [modloading-worker-0/DEBUG] [ne.ne.fm.ja.AutomaticEventSubscriber/]: Subscribing @EventBusSubscriber class Lnet/neoforged/neoforge/client/ParticleBoundsDebugRenderer; to the game event bus
[04:00:08] [modloading-worker-0/DEBUG] [ne.ne.fm.ja.AutomaticEventSubscriber/LOADING]: Scanning class vectorwing.farmersdelight.common.block.entity.CookingPotBlockEntity for @SubscribeEvent-annotated methods
[04:00:08] [modloading-worker-0/DEBUG] [ne.ne.fm.ja.AutomaticEventSubscriber/LOADING]: Scanning class net.neoforged.neoforge.client.ClientHooks$ClientEvents for @SubscribeEvent-annotated methods
[04:00:08] [modloading-worker-0/DEBUG] [ne.ne.fm.ja.AutomaticEventSubscriber/]: Subscribing @EventBusSubscriber class Lnet/neoforged/neoforge/client/ClientHooks$ClientEvents; to the mod event bus of mod neoforge
[04:00:08] [modloading-worker-0/DEBUG] [ne.ne.fm.ja.AutomaticEventSubscriber/LOADING]: Scanning class net.neoforged.neoforge.client.BlockEntityRenderBoundsDebugRenderer for @SubscribeEvent-annotated methods
[04:00:08] [modloading-worker-0/DEBUG] [ne.ne.fm.ja.AutomaticEventSubscriber/]: Subscribing @EventBusSubscriber class Lnet/neoforged/neoforge/client/BlockEntityRenderBoundsDebugRenderer; to the game event bus
[04:00:08] [modloading-worker-0/DEBUG] [ne.ne.fm.ja.AutomaticEventSubscriber/LOADING]: Scanning class net.neoforged.neoforge.attachment.AttachmentSync for @SubscribeEvent-annotated methods
[04:00:08] [modloading-worker-0/DEBUG] [ne.ne.fm.ja.AutomaticEventSubscriber/]: Subscribing @EventBusSubscriber class Lvectorwing/farmersdelight/common/block/entity/CookingPotBlockEntity; to the mod event bus of mod farmersdelight
[04:00:08] [modloading-worker-0/DEBUG] [ne.ne.fm.ja.AutomaticEventSubscriber/LOADING]: Scanning class vectorwing.farmersdelight.common.block.entity.CabinetBlockEntity for @SubscribeEvent-annotated methods
[04:00:08] [modloading-worker-0/DEBUG] [ne.ne.fm.ja.AutomaticEventSubscriber/]: Subscribing @EventBusSubscriber class Lvectorwing/farmersdelight/common/block/entity/CabinetBlockEntity; to the mod event bus of mod farmersdelight
[04:00:08] [modloading-worker-0/DEBUG] [ne.ne.fm.ja.AutomaticEventSubscriber/]: Subscribing @EventBusSubscriber class Lnet/neoforged/neoforge/attachment/AttachmentSync; to the game event bus
[04:00:08] [modloading-worker-0/DEBUG] [ne.ne.fm.ja.AutomaticEventSubscriber/LOADING]: Scanning class net.neoforged.neoforge.attachment.AttachmentInternals for @SubscribeEvent-annotated methods
[04:00:08] [modloading-worker-0/DEBUG] [ne.ne.fm.ja.AutomaticEventSubscriber/LOADING]: Scanning class vectorwing.farmersdelight.common.block.entity.BasketBlockEntity for @SubscribeEvent-annotated methods
[04:00:08] [modloading-worker-0/DEBUG] [ne.ne.fm.ja.AutomaticEventSubscriber/]: Subscribing @EventBusSubscriber class Lnet/neoforged/neoforge/attachment/AttachmentInternals; to the game event bus
[04:00:08] [modloading-worker-0/DEBUG] [ne.ne.fm.ja.AutomaticEventSubscriber/]: Subscribing @EventBusSubscriber class Lvectorwing/farmersdelight/common/block/entity/BasketBlockEntity; to the mod event bus of mod farmersdelight
[04:00:08] [modloading-worker-0/DEBUG] [ne.ne.fm.ja.AutomaticEventSubscriber/LOADING]: Scanning class vectorwing.farmersdelight.common.block.CuttingBoardBlock$ToolCarvingEvent for @SubscribeEvent-annotated methods
[04:00:08] [modloading-worker-0/DEBUG] [ne.ne.fm.ja.AutomaticEventSubscriber/]: Subscribing @EventBusSubscriber class Lvectorwing/farmersdelight/common/block/CuttingBoardBlock$ToolCarvingEvent; to the game event bus
[04:00:08] [modloading-worker-0/DEBUG] [ne.ne.fm.ja.AutomaticEventSubscriber/LOADING]: Scanning class vectorwing.farmersdelight.client.event.TooltipEvents for @SubscribeEvent-annotated methods
[04:00:08] [modloading-worker-0/DEBUG] [ne.ne.fm.ja.AutomaticEventSubscriber/]: Subscribing @EventBusSubscriber class Lvectorwing/farmersdelight/client/event/TooltipEvents; to the game event bus
[04:00:08] [modloading-worker-0/DEBUG] [ne.ne.fm.ja.AutomaticEventSubscriber/LOADING]: Scanning class vectorwing.farmersdelight.client.event.ClientSetupEvents for @SubscribeEvent-annotated methods
[04:00:08] [modloading-worker-0/DEBUG] [ne.ne.fm.ja.AutomaticEventSubscriber/]: Subscribing @EventBusSubscriber class Lvectorwing/farmersdelight/client/event/ClientSetupEvents; to the mod event bus of mod farmersdelight
[04:00:08] [modloading-worker-0/INFO] [KubeJS Startup/]: Capturing errors for startup scripts enabled
[04:00:08] [modloading-worker-0/INFO] [KubeJS Client/]: Capturing errors for client scripts enabled
[04:00:08] [modloading-worker-0/INFO] [KubeJS/]: Loading vanilla registries...
[04:00:08] [modloading-worker-0/DEBUG] [mixin/]: Mixing accessor.BlockLootSubProviderAccessor from create.mixins.json into net.minecraft.data.loot.BlockLootSubProvider
[04:00:08] [modloading-worker-0/INFO] [KubeJS/]: Looking for KubeJS plugins...
[04:00:08] [modloading-worker-0/INFO] [KubeJS/]: Found plugin source kubejs
[04:00:08] [modloading-worker-0/WARN] [KubeJS/]: Plugin dev.latvian.mods.kubejs.integration.architectury.ArchitecturyIntegration does not have required mod 'architectury' loaded, skipping
[04:00:08] [modloading-worker-0/INFO] [KubeJS/]: Found plugin source touhou_little_maid
[04:00:08] [modloading-worker-0/INFO] [KubeJS/]: Done in 13.33 ms
[04:00:08] [modloading-worker-0/DEBUG] [mixin/]: Mixing client.accessor.GameRendererAccessor from ponder-common.mixins.json into net.minecraft.client.renderer.GameRenderer
[04:00:08] [modloading-worker-0/DEBUG] [mixin/]: ponder-common.mixins.json:client.accessor.GameRendererAccessor from mod ponder: Class version 65 required is higher than the class version supported by the current version of Mixin (JAVA_17 supports class version 61)
[04:00:08] [modloading-worker-0/DEBUG] [mixin/]: Mixing GameRendererMixin from kubejs.mixins.json into net.minecraft.client.renderer.GameRenderer
[04:00:08] [modloading-worker-0/DEBUG] [mixin/]: Mixing client.GameRendererMixin from create.mixins.json into net.minecraft.client.renderer.GameRenderer
[04:00:08] [modloading-worker-0/DEBUG] [mixin/]: kubejs.mixins.json:GameRendererMixin from mod kubejs->@Inject::kjs$checkEntityPostEffect(Lorg/spongepowered/asm/mixin/injection/callback/CallbackInfo;)V does use it's CallbackInfo
[04:00:08] [modloading-worker-0/DEBUG] [mixin/]: create.mixins.json:client.GameRendererMixin from mod create->@Inject::create$bigShapePick(Lorg/spongepowered/asm/mixin/injection/callback/CallbackInfo;)V doesn't use it's CallbackInfo
[04:00:08] [modloading-worker-0/DEBUG] [mixin/]: create.mixins.json:client.GameRendererMixin from mod create->@Inject::create$bigShapePick(Lorg/spongepowered/asm/mixin/injection/callback/CallbackInfo;)V has 0 override(s) in child classes
[04:00:08] [modloading-worker-0/DEBUG] [mixin/]: create.mixins.json:client.GameRendererMixin from mod create->@Inject::create$bigShapePick(Lorg/spongepowered/asm/mixin/injection/callback/CallbackInfo;)V won't be passed a CallbackInfo as a result
[04:00:08] [modloading-worker-0/DEBUG] [mixin/]: Mixing CollectionTagMixin from kubejs.mixins.json into net.minecraft.nbt.CollectionTag
[04:00:08] [modloading-worker-0/DEBUG] [mixin/]: Mixing accessor.ItemRendererAccessor from emi.mixins.json into net.minecraft.client.renderer.entity.ItemRenderer
[04:00:08] [modloading-worker-0/DEBUG] [mixin/]: emi.mixins.json:accessor.ItemRendererAccessor from mod emi: Class version 65 required is higher than the class version supported by the current version of Mixin (JAVA_17 supports class version 61)
[04:00:08] [modloading-worker-0/DEBUG] [mixin/]: Mixing client.accessor.ItemRendererAccessor from ponder-common.mixins.json into net.minecraft.client.renderer.entity.ItemRenderer
[04:00:08] [modloading-worker-0/DEBUG] [mixin/]: ponder-common.mixins.json:client.accessor.ItemRendererAccessor from mod ponder: Class version 65 required is higher than the class version supported by the current version of Mixin (JAVA_17 supports class version 61)
[04:00:08] [modloading-worker-0/DEBUG] [mixin/]: Mixing LevelRendererAccessor from flywheel.backend.mixins.json into net.minecraft.client.renderer.LevelRenderer
[04:00:08] [modloading-worker-0/DEBUG] [mixin/]: Mixing fix.FixFabulousDepthMixin from flywheel.impl.mixins.json into net.minecraft.client.renderer.LevelRenderer
[04:00:08] [modloading-worker-0/DEBUG] [mixin/]: Mixing visualmanage.LevelRendererMixin from flywheel.impl.mixins.json into net.minecraft.client.renderer.LevelRenderer
[04:00:08] [modloading-worker-0/DEBUG] [mixin/]: Mixing LevelRendererMixin from kubejs.mixins.json into net.minecraft.client.renderer.LevelRenderer
[04:00:08] [modloading-worker-0/DEBUG] [mixin/]: Mixing accessor.LevelRendererAccessor from create.mixins.json into net.minecraft.client.renderer.LevelRenderer
[04:00:08] [modloading-worker-0/DEBUG] [mixin/]: Mixing client.LevelRendererMixin from create.mixins.json into net.minecraft.client.renderer.LevelRenderer
[04:00:08] [modloading-worker-0/DEBUG] [mixin/]: Renaming synthetic method lambda$create$onDestroyBlockProgress$0(J)Ljava/util/SortedSet; to md4eef09$create$lambda$create$onDestroyBlockProgress$0$0 in create.mixins.json:client.LevelRendererMixin from mod create
[04:00:08] [modloading-worker-0/DEBUG] [mixin/]: Mixing LevelRendererMixin from flywheel.impl.mixins.json into net.minecraft.client.renderer.LevelRenderer
[04:00:08] [modloading-worker-0/DEBUG] [mixin/]: flywheel.impl.mixins.json:fix.FixFabulousDepthMixin from mod flywheel->@Inject::flywheel$disableTransparencyShaderDepth(Lorg/spongepowered/asm/mixin/injection/callback/CallbackInfo;)V doesn't use it's CallbackInfo
[04:00:08] [modloading-worker-0/DEBUG] [mixin/]: flywheel.impl.mixins.json:fix.FixFabulousDepthMixin from mod flywheel->@Inject::flywheel$disableTransparencyShaderDepth(Lorg/spongepowered/asm/mixin/injection/callback/CallbackInfo;)V has 0 override(s) in child classes
[04:00:08] [modloading-worker-0/DEBUG] [mixin/]: flywheel.impl.mixins.json:fix.FixFabulousDepthMixin from mod flywheel->@Inject::flywheel$disableTransparencyShaderDepth(Lorg/spongepowered/asm/mixin/injection/callback/CallbackInfo;)V won't be passed a CallbackInfo as a result
[04:00:08] [modloading-worker-0/DEBUG] [mixin/]: flywheel.impl.mixins.json:visualmanage.LevelRendererMixin from mod flywheel->@Inject::flywheel$checkUpdate(Lnet/minecraft/core/BlockPos;Lnet/minecraft/world/level/block/state/BlockState;Lnet/minecraft/world/level/block/state/BlockState;Lorg/spongepowered/asm/mixin/injection/callback/CallbackInfo;)V doesn't use it's CallbackInfo
[04:00:08] [modloading-worker-0/DEBUG] [mixin/]: flywheel.impl.mixins.json:visualmanage.LevelRendererMixin from mod flywheel->@Inject::flywheel$checkUpdate(Lnet/minecraft/core/BlockPos;Lnet/minecraft/world/level/block/state/BlockState;Lnet/minecraft/world/level/block/state/BlockState;Lorg/spongepowered/asm/mixin/injection/callback/CallbackInfo;)V has 0 override(s) in child classes
[04:00:08] [modloading-worker-0/DEBUG] [mixin/]: flywheel.impl.mixins.json:visualmanage.LevelRendererMixin from mod flywheel->@Inject::flywheel$checkUpdate(Lnet/minecraft/core/BlockPos;Lnet/minecraft/world/level/block/state/BlockState;Lnet/minecraft/world/level/block/state/BlockState;Lorg/spongepowered/asm/mixin/injection/callback/CallbackInfo;)V won't be passed a CallbackInfo as a result
[04:00:08] [modloading-worker-0/DEBUG] [mixin/]: kubejs.mixins.json:LevelRendererMixin from mod kubejs->@Inject::kjs$loadPostChains(Lorg/spongepowered/asm/mixin/injection/callback/CallbackInfo;)V doesn't use it's CallbackInfo
[04:00:08] [modloading-worker-0/DEBUG] [mixin/]: kubejs.mixins.json:LevelRendererMixin from mod kubejs->@Inject::kjs$loadPostChains(Lorg/spongepowered/asm/mixin/injection/callback/CallbackInfo;)V has 0 override(s) in child classes
[04:00:08] [modloading-worker-0/DEBUG] [mixin/]: kubejs.mixins.json:LevelRendererMixin from mod kubejs->@Inject::kjs$loadPostChains(Lorg/spongepowered/asm/mixin/injection/callback/CallbackInfo;)V won't be passed a CallbackInfo as a result
[04:00:08] [modloading-worker-0/DEBUG] [mixin/]: kubejs.mixins.json:LevelRendererMixin from mod kubejs->@Inject::kjs$resizePostChains(IILorg/spongepowered/asm/mixin/injection/callback/CallbackInfo;)V doesn't use it's CallbackInfo
[04:00:08] [modloading-worker-0/DEBUG] [mixin/]: kubejs.mixins.json:LevelRendererMixin from mod kubejs->@Inject::kjs$resizePostChains(IILorg/spongepowered/asm/mixin/injection/callback/CallbackInfo;)V has 0 override(s) in child classes
[04:00:08] [modloading-worker-0/DEBUG] [mixin/]: kubejs.mixins.json:LevelRendererMixin from mod kubejs->@Inject::kjs$resizePostChains(IILorg/spongepowered/asm/mixin/injection/callback/CallbackInfo;)V won't be passed a CallbackInfo as a result
[04:00:08] [modloading-worker-0/DEBUG] [mixin/]: kubejs.mixins.json:LevelRendererMixin from mod kubejs->@Inject::kjs$highlightBlock(Lcom/mojang/blaze3d/vertex/PoseStack;Lcom/mojang/blaze3d/vertex/VertexConsumer;Lnet/minecraft/world/entity/Entity;DDDLnet/minecraft/core/BlockPos;Lnet/minecraft/world/level/block/state/BlockState;Lorg/spongepowered/asm/mixin/injection/callback/CallbackInfo;)V does use it's CallbackInfo
[04:00:08] [modloading-worker-0/DEBUG] [mixin/]: create.mixins.json:client.LevelRendererMixin from mod create->@Inject::create$onDestroyBlockProgress(ILnet/minecraft/core/BlockPos;ILorg/spongepowered/asm/mixin/injection/callback/CallbackInfo;Lnet/minecraft/server/level/BlockDestructionProgress;)V doesn't use it's CallbackInfo
[04:00:08] [modloading-worker-0/DEBUG] [mixin/]: create.mixins.json:client.LevelRendererMixin from mod create->@Inject::create$onDestroyBlockProgress(ILnet/minecraft/core/BlockPos;ILorg/spongepowered/asm/mixin/injection/callback/CallbackInfo;Lnet/minecraft/server/level/BlockDestructionProgress;)V has 0 override(s) in child classes
[04:00:08] [modloading-worker-0/DEBUG] [mixin/]: create.mixins.json:client.LevelRendererMixin from mod create->@Inject::create$onDestroyBlockProgress(ILnet/minecraft/core/BlockPos;ILorg/spongepowered/asm/mixin/injection/callback/CallbackInfo;Lnet/minecraft/server/level/BlockDestructionProgress;)V won't be passed a CallbackInfo as a result
[04:00:08] [modloading-worker-0/DEBUG] [mixin/]: create.mixins.json:client.LevelRendererMixin from mod create->@Inject::create$onRemoveProgress(Lnet/minecraft/server/level/BlockDestructionProgress;Lorg/spongepowered/asm/mixin/injection/callback/CallbackInfo;)V doesn't use it's CallbackInfo
[04:00:08] [modloading-worker-0/DEBUG] [mixin/]: create.mixins.json:client.LevelRendererMixin from mod create->@Inject::create$onRemoveProgress(Lnet/minecraft/server/level/BlockDestructionProgress;Lorg/spongepowered/asm/mixin/injection/callback/CallbackInfo;)V has 0 override(s) in child classes
[04:00:08] [modloading-worker-0/DEBUG] [mixin/]: create.mixins.json:client.LevelRendererMixin from mod create->@Inject::create$onRemoveProgress(Lnet/minecraft/server/level/BlockDestructionProgress;Lorg/spongepowered/asm/mixin/injection/callback/CallbackInfo;)V won't be passed a CallbackInfo as a result
[04:00:08] [modloading-worker-0/DEBUG] [mixin/]: flywheel.impl.mixins.json:LevelRendererMixin from mod flywheel->@Inject::flywheel$beginRender(Lnet/minecraft/client/DeltaTracker;ZLnet/minecraft/client/Camera;Lnet/minecraft/client/renderer/GameRenderer;Lnet/minecraft/client/renderer/LightTexture;Lorg/joml/Matrix4f;Lorg/joml/Matrix4f;Lorg/spongepowered/asm/mixin/injection/callback/CallbackInfo;)V doesn't use it's CallbackInfo
[04:00:08] [modloading-worker-0/DEBUG] [mixin/]: flywheel.impl.mixins.json:LevelRendererMixin from mod flywheel->@Inject::flywheel$beginRender(Lnet/minecraft/client/DeltaTracker;ZLnet/minecraft/client/Camera;Lnet/minecraft/client/renderer/GameRenderer;Lnet/minecraft/client/renderer/LightTexture;Lorg/joml/Matrix4f;Lorg/joml/Matrix4f;Lorg/spongepowered/asm/mixin/injection/callback/CallbackInfo;)V has 0 override(s) in child classes
[04:00:08] [modloading-worker-0/DEBUG] [mixin/]: flywheel.impl.mixins.json:LevelRendererMixin from mod flywheel->@Inject::flywheel$beginRender(Lnet/minecraft/client/DeltaTracker;ZLnet/minecraft/client/Camera;Lnet/minecraft/client/renderer/GameRenderer;Lnet/minecraft/client/renderer/LightTexture;Lorg/joml/Matrix4f;Lorg/joml/Matrix4f;Lorg/spongepowered/asm/mixin/injection/callback/CallbackInfo;)V won't be passed a CallbackInfo as a result
[04:00:08] [modloading-worker-0/DEBUG] [mixin/]: flywheel.impl.mixins.json:LevelRendererMixin from mod flywheel->@Inject::flywheel$endRender(Lorg/spongepowered/asm/mixin/injection/callback/CallbackInfo;)V doesn't use it's CallbackInfo
[04:00:08] [modloading-worker-0/DEBUG] [mixin/]: flywheel.impl.mixins.json:LevelRendererMixin from mod flywheel->@Inject::flywheel$endRender(Lorg/spongepowered/asm/mixin/injection/callback/CallbackInfo;)V has 0 override(s) in child classes
[04:00:08] [modloading-worker-0/DEBUG] [mixin/]: flywheel.impl.mixins.json:LevelRendererMixin from mod flywheel->@Inject::flywheel$endRender(Lorg/spongepowered/asm/mixin/injection/callback/CallbackInfo;)V won't be passed a CallbackInfo as a result
[04:00:08] [modloading-worker-0/DEBUG] [mixin/]: flywheel.impl.mixins.json:LevelRendererMixin from mod flywheel->@Inject::flywheel$reload(Lorg/spongepowered/asm/mixin/injection/callback/CallbackInfo;)V doesn't use it's CallbackInfo
[04:00:08] [modloading-worker-0/DEBUG] [mixin/]: flywheel.impl.mixins.json:LevelRendererMixin from mod flywheel->@Inject::flywheel$reload(Lorg/spongepowered/asm/mixin/injection/callback/CallbackInfo;)V has 0 override(s) in child classes
[04:00:08] [modloading-worker-0/DEBUG] [mixin/]: flywheel.impl.mixins.json:LevelRendererMixin from mod flywheel->@Inject::flywheel$reload(Lorg/spongepowered/asm/mixin/injection/callback/CallbackInfo;)V won't be passed a CallbackInfo as a result
[04:00:08] [modloading-worker-0/DEBUG] [mixin/]: flywheel.impl.mixins.json:LevelRendererMixin from mod flywheel->@Inject::flywheel$beforeBlockEntities(Lorg/spongepowered/asm/mixin/injection/callback/CallbackInfo;)V doesn't use it's CallbackInfo
[04:00:08] [modloading-worker-0/DEBUG] [mixin/]: flywheel.impl.mixins.json:LevelRendererMixin from mod flywheel->@Inject::flywheel$beforeBlockEntities(Lorg/spongepowered/asm/mixin/injection/callback/CallbackInfo;)V has 0 override(s) in child classes
[04:00:08] [modloading-worker-0/DEBUG] [mixin/]: flywheel.impl.mixins.json:LevelRendererMixin from mod flywheel->@Inject::flywheel$beforeBlockEntities(Lorg/spongepowered/asm/mixin/injection/callback/CallbackInfo;)V won't be passed a CallbackInfo as a result
[04:00:08] [modloading-worker-0/DEBUG] [mixin/]: flywheel.impl.mixins.json:LevelRendererMixin from mod flywheel->@Inject::flywheel$beforeRenderCrumbling(Lorg/spongepowered/asm/mixin/injection/callback/CallbackInfo;)V doesn't use it's CallbackInfo
[04:00:08] [modloading-worker-0/DEBUG] [mixin/]: flywheel.impl.mixins.json:LevelRendererMixin from mod flywheel->@Inject::flywheel$beforeRenderCrumbling(Lorg/spongepowered/asm/mixin/injection/callback/CallbackInfo;)V has 0 override(s) in child classes
[04:00:08] [modloading-worker-0/DEBUG] [mixin/]: flywheel.impl.mixins.json:LevelRendererMixin from mod flywheel->@Inject::flywheel$beforeRenderCrumbling(Lorg/spongepowered/asm/mixin/injection/callback/CallbackInfo;)V won't be passed a CallbackInfo as a result
[04:00:08] [modloading-worker-0/DEBUG] [mixin/]: flywheel.impl.mixins.json:LevelRendererMixin from mod flywheel->@Inject::flywheel$decideNotToRenderEntity(Lnet/minecraft/world/entity/Entity;DDDFLcom/mojang/blaze3d/vertex/PoseStack;Lnet/minecraft/client/renderer/MultiBufferSource;Lorg/spongepowered/asm/mixin/injection/callback/CallbackInfo;)V does use it's CallbackInfo
[04:00:08] [modloading-worker-0/DEBUG] [mixin/]: Mixing SizedIngredientMixin from kubejs.mixins.json into net.neoforged.neoforge.common.crafting.SizedIngredient
[04:00:09] [modloading-worker-0/DEBUG] [mixin/]: Mixing ClientPacketListenerMixin from poopsky.mixins.json into net.minecraft.client.multiplayer.ClientPacketListener
[04:00:09] [modloading-worker-0/DEBUG] [mixin/]: Mixing client.accessor.ClientPacketListenerAccessor from ponder-common.mixins.json into net.minecraft.client.multiplayer.ClientPacketListener
[04:00:09] [modloading-worker-0/DEBUG] [mixin/]: ponder-common.mixins.json:client.accessor.ClientPacketListenerAccessor from mod ponder: Class version 65 required is higher than the class version supported by the current version of Mixin (JAVA_17 supports class version 61)
[04:00:09] [modloading-worker-0/DEBUG] [mixin/]: Mixing client.ClientPacketListenerMixin from touhou_little_maid.mixins.json into net.minecraft.client.multiplayer.ClientPacketListener
[04:00:09] [modloading-worker-0/DEBUG] [mixin/]: touhou_little_maid.mixins.json:client.ClientPacketListenerMixin from mod touhou_little_maid: Class version 65 required is higher than the class version supported by the current version of Mixin (JAVA_17 supports class version 61)
[04:00:09] [modloading-worker-0/DEBUG] [mixin/]: Mixing ClientPacketListenerMixin from kubejs.mixins.json into net.minecraft.client.multiplayer.ClientPacketListener
[04:00:09] [modloading-worker-0/DEBUG] [mixin/]: poopsky.mixins.json:ClientPacketListenerMixin from mod poopsky->@Inject::replaceToiletPlugDismountMessage(Lnet/minecraft/network/protocol/game/ClientboundSetPassengersPacket;Lorg/spongepowered/asm/mixin/injection/callback/CallbackInfo;)V doesn't use it's CallbackInfo
[04:00:09] [modloading-worker-0/DEBUG] [mixin/]: poopsky.mixins.json:ClientPacketListenerMixin from mod poopsky->@Inject::replaceToiletPlugDismountMessage(Lnet/minecraft/network/protocol/game/ClientboundSetPassengersPacket;Lorg/spongepowered/asm/mixin/injection/callback/CallbackInfo;)V has 0 override(s) in child classes
[04:00:09] [modloading-worker-0/DEBUG] [mixin/]: poopsky.mixins.json:ClientPacketListenerMixin from mod poopsky->@Inject::replaceToiletPlugDismountMessage(Lnet/minecraft/network/protocol/game/ClientboundSetPassengersPacket;Lorg/spongepowered/asm/mixin/injection/callback/CallbackInfo;)V won't be passed a CallbackInfo as a result
[04:00:09] [modloading-worker-0/DEBUG] [mixin/]: touhou_little_maid.mixins.json:client.ClientPacketListenerMixin from mod touhou_little_maid->@Inject::tlmHandleSetEntityPassengersPacket(Lnet/minecraft/network/protocol/game/ClientboundSetPassengersPacket;Lorg/spongepowered/asm/mixin/injection/callback/CallbackInfo;)V does use it's CallbackInfo
[04:00:09] [modloading-worker-0/DEBUG] [mixin/]: Mixing client.LanguageMixin from touhou_little_maid.mixins.json into net.minecraft.client.resources.language.ClientLanguage
[04:00:09] [modloading-worker-0/DEBUG] [mixin/]: touhou_little_maid.mixins.json:client.LanguageMixin from mod touhou_little_maid: Class version 65 required is higher than the class version supported by the current version of Mixin (JAVA_17 supports class version 61)
[04:00:09] [modloading-worker-0/DEBUG] [mixin/]: touhou_little_maid.mixins.json:client.LanguageMixin from mod touhou_little_maid->@Inject::getCustomLanguage(Ljava/lang/String;Ljava/lang/String;Lorg/spongepowered/asm/mixin/injection/callback/CallbackInfoReturnable;)V does use it's CallbackInfoReturnable
[04:00:09] [modloading-worker-0/DEBUG] [mixin/]: touhou_little_maid.mixins.json:client.LanguageMixin from mod touhou_little_maid->@Inject::hasCustomLanguage(Ljava/lang/String;Lorg/spongepowered/asm/mixin/injection/callback/CallbackInfoReturnable;)V does use it's CallbackInfoReturnable
[04:00:09] [modloading-worker-0/DEBUG] [mixin/]: Mixing HideBlockBreakProgressMixin from farmersdelight.mixins.json into net.minecraft.client.renderer.block.BlockRenderDispatcher
[04:00:09] [modloading-worker-0/DEBUG] [mixin/]: farmersdelight.mixins.json:HideBlockBreakProgressMixin from mod farmersdelight->@Inject::hideBlockDamage(Lnet/minecraft/world/level/block/state/BlockState;Lnet/minecraft/core/BlockPos;Lnet/minecraft/world/level/BlockAndTintGetter;Lcom/mojang/blaze3d/vertex/PoseStack;Lcom/mojang/blaze3d/vertex/VertexConsumer;Lnet/neoforged/neoforge/client/model/data/ModelData;Lorg/spongepowered/asm/mixin/injection/callback/CallbackInfo;)V does use it's CallbackInfo
[04:00:09] [modloading-worker-0/DEBUG] [mixin/]: Mixing accessor.EntityRenderDispatcherAccessor from create.mixins.json into net.minecraft.client.renderer.entity.EntityRenderDispatcher
[04:00:09] [modloading-worker-0/DEBUG] [mixin/]: Mixing accessor.BakedModelManagerAccessor from emi.mixins.json into net.minecraft.client.resources.model.ModelManager
[04:00:09] [modloading-worker-0/DEBUG] [mixin/]: emi.mixins.json:accessor.BakedModelManagerAccessor from mod emi: Class version 65 required is higher than the class version supported by the current version of Mixin (JAVA_17 supports class version 61)
[04:00:09] [modloading-worker-0/DEBUG] [mixin/]: Mixing WorldOpenFlowsMixin from kubejs.mixins.json into net.minecraft.client.gui.screens.worldselection.WorldOpenFlows
[04:00:09] [modloading-worker-0/DEBUG] [mixin/]: kubejs.mixins.json:WorldOpenFlowsMixin from mod kubejs->@Inject::printServerLogWarning(Lorg/spongepowered/asm/mixin/injection/callback/CallbackInfo;)V doesn't use it's CallbackInfo
[04:00:09] [modloading-worker-0/DEBUG] [mixin/]: kubejs.mixins.json:WorldOpenFlowsMixin from mod kubejs->@Inject::printServerLogWarning(Lorg/spongepowered/asm/mixin/injection/callback/CallbackInfo;)V has 0 override(s) in child classes
[04:00:09] [modloading-worker-0/DEBUG] [mixin/]: kubejs.mixins.json:WorldOpenFlowsMixin from mod kubejs->@Inject::printServerLogWarning(Lorg/spongepowered/asm/mixin/injection/callback/CallbackInfo;)V won't be passed a CallbackInfo as a result
[04:00:09] [modloading-worker-0/DEBUG] [mixin/]: Mixing client.accessor.ParticleEngineAccessor from ponder.mixins.json into net.minecraft.client.particle.ParticleEngine
[04:00:09] [modloading-worker-0/DEBUG] [mixin/]: ponder.mixins.json:client.accessor.ParticleEngineAccessor from mod ponder: Class version 65 required is higher than the class version supported by the current version of Mixin (JAVA_17 supports class version 61)
[04:00:09] [modloading-worker-0/DEBUG] [mixin/]: Mixing accessor.GuiAccessor from create.mixins.json into net.minecraft.client.gui.Gui
[04:00:09] [modloading-worker-0/DEBUG] [Ponder/]: Loaded net.createmod.catnip.platform.NeoForgePlatformHelper@145023fd for service interface net.createmod.catnip.platform.services.PlatformHelper
[04:00:09] [modloading-worker-0/DEBUG] [Ponder/]: Loaded net.createmod.catnip.platform.NeoForgeFluidHelper@5106dd76 for service interface net.createmod.catnip.platform.services.ModFluidHelper
[04:00:09] [modloading-worker-0/DEBUG] [Ponder/]: Loaded net.createmod.catnip.platform.NeoForgeHooksHelper@147706be for service interface net.createmod.catnip.platform.services.ModHooksHelper
[04:00:09] [modloading-worker-0/DEBUG] [Ponder/]: Loaded net.createmod.catnip.platform.NeoForgeNetworkHelper@2df20ced for service interface net.createmod.catnip.platform.services.NetworkHelper
[04:00:09] [modloading-worker-0/INFO] [KubeJS Startup/]: startup_scripts:main.js#2: Hello, World! (Loaded startup example script)
[04:00:09] [modloading-worker-0/INFO] [KubeJS Startup/]: Loaded script startup_scripts:main.js in 0.038 s
[04:00:09] [modloading-worker-0/INFO] [KubeJS Startup/]: Loaded 1/1 KubeJS startup scripts in 0.468 s with 0 errors and 0 warnings
[04:00:09] [modloading-worker-0/INFO] [KubeJS Client/]: client_scripts:main.js#2: Hello, World! (Loaded client example script)
[04:00:09] [modloading-worker-0/INFO] [KubeJS Client/]: Loaded script client_scripts:main.js in 0.001 s
[04:00:09] [modloading-worker-0/INFO] [KubeJS Client/]: Loaded 1/1 KubeJS client scripts in 0.021 s with 0 errors and 0 warnings
[04:00:09] [modloading-worker-0/INFO] [KubeJS Startup/]: Validated 2 files in kubejs/assets/ in 3ms
[04:00:09] [modloading-worker-0/INFO] [KubeJS Startup/]: Validated 0 files in kubejs/data/ in 0ms
[04:00:09] [modloading-worker-0/DEBUG] [ne.ne.fm.ja.AutomaticEventSubscriber/LOADING]: Attempting to inject @EventBusSubscriber classes into the eventbus for kubejs
[04:00:09] [modloading-worker-0/DEBUG] [ne.ne.fm.ja.AutomaticEventSubscriber/LOADING]: Scanning class dev.latvian.mods.kubejs.server.KubeJSServerEventHandler for @SubscribeEvent-annotated methods
[04:00:09] [modloading-worker-0/DEBUG] [ne.ne.fm.ja.AutomaticEventSubscriber/]: Subscribing @EventBusSubscriber class Ldev/latvian/mods/kubejs/server/KubeJSServerEventHandler; to the game event bus
[04:00:09] [modloading-worker-0/DEBUG] [ne.ne.fm.ja.AutomaticEventSubscriber/LOADING]: Scanning class dev.latvian.mods.kubejs.registry.RegistryEventHandler for @SubscribeEvent-annotated methods
[04:00:09] [modloading-worker-0/DEBUG] [ne.ne.fm.ja.AutomaticEventSubscriber/]: Subscribing @EventBusSubscriber class Ldev/latvian/mods/kubejs/registry/RegistryEventHandler; to the mod event bus of mod kubejs
[04:00:09] [modloading-worker-0/DEBUG] [ne.ne.fm.ja.AutomaticEventSubscriber/LOADING]: Scanning class dev.latvian.mods.kubejs.player.KubeJSPlayerEventHandler for @SubscribeEvent-annotated methods
[04:00:09] [modloading-worker-0/DEBUG] [ne.ne.fm.ja.AutomaticEventSubscriber/]: Subscribing @EventBusSubscriber class Ldev/latvian/mods/kubejs/player/KubeJSPlayerEventHandler; to the game event bus
[04:00:09] [modloading-worker-0/DEBUG] [ne.ne.fm.ja.AutomaticEventSubscriber/LOADING]: Scanning class dev.latvian.mods.kubejs.net.KubeJSNet for @SubscribeEvent-annotated methods
[04:00:09] [modloading-worker-0/DEBUG] [ne.ne.fm.ja.AutomaticEventSubscriber/]: Subscribing @EventBusSubscriber class Ldev/latvian/mods/kubejs/net/KubeJSNet; to the mod event bus of mod kubejs
[04:00:09] [modloading-worker-0/DEBUG] [ne.ne.fm.ja.AutomaticEventSubscriber/LOADING]: Scanning class dev.latvian.mods.kubejs.level.KubeJSWorldEventHandler for @SubscribeEvent-annotated methods
[04:00:09] [modloading-worker-0/DEBUG] [ne.ne.fm.ja.AutomaticEventSubscriber/]: Subscribing @EventBusSubscriber class Ldev/latvian/mods/kubejs/level/KubeJSWorldEventHandler; to the game event bus
[04:00:09] [modloading-worker-0/DEBUG] [ne.ne.fm.ja.AutomaticEventSubscriber/LOADING]: Scanning class dev.latvian.mods.kubejs.item.KubeJSItemEventHandler for @SubscribeEvent-annotated methods
[04:00:09] [modloading-worker-0/DEBUG] [ne.ne.fm.ja.AutomaticEventSubscriber/]: Subscribing @EventBusSubscriber class Ldev/latvian/mods/kubejs/item/KubeJSItemEventHandler; to the game event bus
[04:00:09] [modloading-worker-0/DEBUG] [ne.ne.fm.ja.AutomaticEventSubscriber/LOADING]: Scanning class dev.latvian.mods.kubejs.entity.KubeJSEntityEventHandler for @SubscribeEvent-annotated methods
[04:00:09] [modloading-worker-0/DEBUG] [ne.ne.fm.ja.AutomaticEventSubscriber/]: Subscribing @EventBusSubscriber class Ldev/latvian/mods/kubejs/entity/KubeJSEntityEventHandler; to the game event bus
[04:00:09] [modloading-worker-0/DEBUG] [ne.ne.fm.ja.AutomaticEventSubscriber/LOADING]: Scanning class dev.latvian.mods.kubejs.client.KubeJSClientEventHandler for @SubscribeEvent-annotated methods
[04:00:09] [modloading-worker-0/DEBUG] [ne.ne.fm.ja.AutomaticEventSubscriber/LOADING]: Found mix of game bus and mod bus listeners in @EventBusSubscriber class Ldev/latvian/mods/kubejs/client/KubeJSClientEventHandler;, registering them separately
[04:00:09] [modloading-worker-0/DEBUG] [ne.ne.fm.ja.AutomaticEventSubscriber/LOADING]: Subscribing method public static void dev.latvian.mods.kubejs.client.KubeJSClientEventHandler.blockColors(net.neoforged.neoforge.client.event.RegisterColorHandlersEvent$Block) to the event bus of mod kubejs
[04:00:09] [modloading-worker-0/DEBUG] [ne.ne.fm.ja.AutomaticEventSubscriber/LOADING]: Subscribing method public static void dev.latvian.mods.kubejs.client.KubeJSClientEventHandler.registerRenderers(net.neoforged.neoforge.client.event.EntityRenderersEvent$RegisterRenderers) to the event bus of mod kubejs
[04:00:09] [modloading-worker-0/DEBUG] [ne.ne.fm.ja.AutomaticEventSubscriber/LOADING]: Subscribing method public static void dev.latvian.mods.kubejs.client.KubeJSClientEventHandler.addClientPacks(net.neoforged.neoforge.event.AddPackFindersEvent) to the event bus of mod kubejs
[04:00:09] [modloading-worker-0/DEBUG] [ne.ne.fm.ja.AutomaticEventSubscriber/LOADING]: Subscribing method public static void dev.latvian.mods.kubejs.client.KubeJSClientEventHandler.setupClient(net.neoforged.fml.event.lifecycle.FMLClientSetupEvent) to the event bus of mod kubejs
[04:00:09] [modloading-worker-0/DEBUG] [ne.ne.fm.ja.AutomaticEventSubscriber/LOADING]: Subscribing method public static void dev.latvian.mods.kubejs.client.KubeJSClientEventHandler.registerMenuScreens(net.neoforged.neoforge.client.event.RegisterMenuScreensEvent) to the event bus of mod kubejs
[04:00:09] [modloading-worker-0/DEBUG] [ne.ne.fm.ja.AutomaticEventSubscriber/LOADING]: Subscribing method public static void dev.latvian.mods.kubejs.client.KubeJSClientEventHandler.registerParticleProviders(net.neoforged.neoforge.client.event.RegisterParticleProvidersEvent) to the event bus of mod kubejs
[04:00:09] [modloading-worker-0/DEBUG] [ne.ne.fm.ja.AutomaticEventSubscriber/LOADING]: Subscribing method public static void dev.latvian.mods.kubejs.client.KubeJSClientEventHandler.registerClientExtensions(net.neoforged.neoforge.client.extensions.common.RegisterClientExtensionsEvent) to the event bus of mod kubejs
[04:00:09] [modloading-worker-0/DEBUG] [ne.ne.fm.ja.AutomaticEventSubscriber/LOADING]: Subscribing method public static void dev.latvian.mods.kubejs.client.KubeJSClientEventHandler.registerCoreShaders(net.neoforged.neoforge.client.event.RegisterShadersEvent) throws java.io.IOException to the event bus of mod kubejs
[04:00:09] [modloading-worker-0/DEBUG] [ne.ne.fm.ja.AutomaticEventSubscriber/LOADING]: Subscribing method public static void dev.latvian.mods.kubejs.client.KubeJSClientEventHandler.itemColors(net.neoforged.neoforge.client.event.RegisterColorHandlersEvent$Item) to the event bus of mod kubejs
[04:00:09] [modloading-worker-0/DEBUG] [ne.ne.fm.ja.AutomaticEventSubscriber/LOADING]: Subscribing method public static void dev.latvian.mods.kubejs.client.KubeJSClientEventHandler.registerKeyMappings(net.neoforged.neoforge.client.event.RegisterKeyMappingsEvent) to the event bus of mod kubejs
[04:00:09] [modloading-worker-0/DEBUG] [ne.ne.fm.ja.AutomaticEventSubscriber/LOADING]: Subscribing method public static void dev.latvian.mods.kubejs.client.KubeJSClientEventHandler.debugInfo(net.neoforged.neoforge.client.event.CustomizeGuiOverlayEvent$DebugText) to the game event bus
[04:00:09] [modloading-worker-0/DEBUG] [ne.ne.fm.ja.AutomaticEventSubscriber/LOADING]: Subscribing method public static void dev.latvian.mods.kubejs.client.KubeJSClientEventHandler.tagsUpdated(net.neoforged.neoforge.event.TagsUpdatedEvent) to the game event bus
[04:00:09] [modloading-worker-0/DEBUG] [ne.ne.fm.ja.AutomaticEventSubscriber/LOADING]: Subscribing method public static void dev.latvian.mods.kubejs.client.KubeJSClientEventHandler.clientTick(net.neoforged.neoforge.client.event.ClientTickEvent$Pre) to the game event bus
[04:00:09] [modloading-worker-0/DEBUG] [ne.ne.fm.ja.AutomaticEventSubscriber/LOADING]: Subscribing method public static void dev.latvian.mods.kubejs.client.KubeJSClientEventHandler.hudPostDraw(net.neoforged.neoforge.client.event.RenderGuiEvent$Post) to the game event bus
[04:00:09] [modloading-worker-0/DEBUG] [ne.ne.fm.ja.AutomaticEventSubscriber/LOADING]: Subscribing method public static void dev.latvian.mods.kubejs.client.KubeJSClientEventHandler.screenPostDraw(net.neoforged.neoforge.client.event.ScreenEvent$Render$Post) to the game event bus
[04:00:09] [modloading-worker-0/DEBUG] [ne.ne.fm.ja.AutomaticEventSubscriber/LOADING]: Subscribing method public static void dev.latvian.mods.kubejs.client.KubeJSClientEventHandler.guiPostInit(net.neoforged.neoforge.client.event.ScreenEvent$Init$Post) to the game event bus
[04:00:09] [modloading-worker-0/DEBUG] [ne.ne.fm.ja.AutomaticEventSubscriber/LOADING]: Subscribing method public static void dev.latvian.mods.kubejs.client.KubeJSClientEventHandler.worldRender(net.neoforged.neoforge.client.event.RenderLevelStageEvent) to the game event bus
[04:00:09] [modloading-worker-0/DEBUG] [ne.ne.fm.ja.AutomaticEventSubscriber/LOADING]: Subscribing method public static void dev.latvian.mods.kubejs.client.KubeJSClientEventHandler.openScreenEvent(net.neoforged.neoforge.client.event.ScreenEvent$Opening) to the game event bus
[04:00:09] [modloading-worker-0/DEBUG] [ne.ne.fm.ja.AutomaticEventSubscriber/LOADING]: Subscribing method public static void dev.latvian.mods.kubejs.client.KubeJSClientEventHandler.loggingIn(net.neoforged.neoforge.client.event.ClientPlayerNetworkEvent$LoggingIn) to the game event bus
[04:00:09] [modloading-worker-0/DEBUG] [ne.ne.fm.ja.AutomaticEventSubscriber/LOADING]: Subscribing method public static void dev.latvian.mods.kubejs.client.KubeJSClientEventHandler.loggingOut(net.neoforged.neoforge.client.event.ClientPlayerNetworkEvent$LoggingOut) to the game event bus
[04:00:09] [modloading-worker-0/DEBUG] [ne.ne.fm.ja.AutomaticEventSubscriber/LOADING]: Subscribing method public static void dev.latvian.mods.kubejs.client.KubeJSClientEventHandler.onItemTooltip(net.neoforged.neoforge.event.entity.player.ItemTooltipEvent) to the game event bus
[04:00:09] [modloading-worker-0/DEBUG] [ne.ne.fm.ja.AutomaticEventSubscriber/LOADING]: Subscribing method public static void dev.latvian.mods.kubejs.client.KubeJSClientEventHandler.onRegisterClientCommands(net.neoforged.neoforge.client.event.RegisterClientCommandsEvent) to the game event bus
[04:00:09] [modloading-worker-0/DEBUG] [ne.ne.fm.ja.AutomaticEventSubscriber/LOADING]: Scanning class dev.latvian.mods.kubejs.block.KubeJSBlockEventHandler for @SubscribeEvent-annotated methods
[04:00:09] [modloading-worker-0/DEBUG] [ne.ne.fm.ja.AutomaticEventSubscriber/]: Subscribing @EventBusSubscriber class Ldev/latvian/mods/kubejs/block/KubeJSBlockEventHandler; to the game event bus
[04:00:09] [modloading-worker-0/DEBUG] [ne.ne.fm.ja.AutomaticEventSubscriber/LOADING]: Scanning class dev.latvian.mods.kubejs.KubeJSModEventHandler for @SubscribeEvent-annotated methods
[04:00:09] [modloading-worker-0/DEBUG] [ne.ne.fm.ja.AutomaticEventSubscriber/]: Subscribing @EventBusSubscriber class Ldev/latvian/mods/kubejs/KubeJSModEventHandler; to the mod event bus of mod kubejs
[04:00:09] [modloading-worker-0/DEBUG] [ne.ne.fm.co.ConfigTracker/CONFIG]: Config file better-advanced-tooltips-client.toml for betteradvancedtooltips tracking
[04:00:09] [modloading-worker-0/DEBUG] [ne.ne.fm.ja.AutomaticEventSubscriber/LOADING]: Attempting to inject @EventBusSubscriber classes into the eventbus for betteradvancedtooltips
[04:00:09] [modloading-worker-0/DEBUG] [ne.ne.fm.ja.AutomaticEventSubscriber/LOADING]: Scanning class dev.latvian.mods.betteradvancedtooltips.BATClientEventHandler for @SubscribeEvent-annotated methods
[04:00:09] [modloading-worker-0/DEBUG] [ne.ne.fm.ja.AutomaticEventSubscriber/]: Subscribing @EventBusSubscriber class Ldev/latvian/mods/betteradvancedtooltips/BATClientEventHandler; to the game event bus
[04:00:10] [modloading-worker-0/DEBUG] [ne.ne.fm.co.ConfigTracker/CONFIG]: Config file create-common.toml for create tracking
[04:00:10] [modloading-worker-0/DEBUG] [ne.ne.fm.co.ConfigTracker/CONFIG]: Config file create-client.toml for create tracking
[04:00:10] [modloading-worker-0/DEBUG] [ne.ne.fm.co.ConfigTracker/CONFIG]: Config file create-server.toml for create tracking
[04:00:10] [modloading-worker-0/DEBUG] [ne.ne.fm.ja.AutomaticEventSubscriber/LOADING]: Attempting to inject @EventBusSubscriber classes into the eventbus for create
[04:00:10] [modloading-worker-0/DEBUG] [ne.ne.fm.ja.AutomaticEventSubscriber/LOADING]: Scanning class com.simibubi.create.foundation.blockEntity.behaviour.ValueSettingsInputHandler for @SubscribeEvent-annotated methods
[04:00:10] [modloading-worker-0/DEBUG] [ne.ne.fm.ja.AutomaticEventSubscriber/]: Subscribing @EventBusSubscriber class Lcom/simibubi/create/foundation/blockEntity/behaviour/ValueSettingsInputHandler; to the game event bus
[04:00:10] [modloading-worker-0/DEBUG] [ne.ne.fm.ja.AutomaticEventSubscriber/LOADING]: Scanning class com.simibubi.create.foundation.blockEntity.behaviour.edgeInteraction.EdgeInteractionHandler for @SubscribeEvent-annotated methods
[04:00:10] [modloading-worker-0/DEBUG] [ne.ne.fm.ja.AutomaticEventSubscriber/]: Subscribing @EventBusSubscriber class Lcom/simibubi/create/foundation/blockEntity/behaviour/edgeInteraction/EdgeInteractionHandler; to the game event bus
[04:00:10] [modloading-worker-0/DEBUG] [ne.ne.fm.ja.AutomaticEventSubscriber/LOADING]: Scanning class com.simibubi.create.foundation.block.ItemUseOverrides for @SubscribeEvent-annotated methods
[04:00:10] [modloading-worker-0/DEBUG] [ne.ne.fm.ja.AutomaticEventSubscriber/]: Subscribing @EventBusSubscriber class Lcom/simibubi/create/foundation/block/ItemUseOverrides; to the game event bus
[04:00:10] [modloading-worker-0/DEBUG] [ne.ne.fm.ja.AutomaticEventSubscriber/LOADING]: Scanning class com.simibubi.create.foundation.events.CommonEvents for @SubscribeEvent-annotated methods
[04:00:10] [modloading-worker-0/DEBUG] [ne.ne.fm.ja.AutomaticEventSubscriber/]: Subscribing @EventBusSubscriber class Lcom/simibubi/create/foundation/events/CommonEvents; to the game event bus
[04:00:10] [modloading-worker-0/DEBUG] [ne.ne.fm.ja.AutomaticEventSubscriber/LOADING]: Scanning class com.simibubi.create.foundation.events.ClientEvents$ModBusEvents for @SubscribeEvent-annotated methods
[04:00:10] [modloading-worker-0/DEBUG] [ne.ne.fm.ja.AutomaticEventSubscriber/]: Subscribing @EventBusSubscriber class Lcom/simibubi/create/foundation/events/ClientEvents$ModBusEvents; to the mod event bus of mod create
[04:00:10] [modloading-worker-0/DEBUG] [ne.ne.fm.ja.AutomaticEventSubscriber/LOADING]: Scanning class com.simibubi.create.foundation.events.ClientEvents for @SubscribeEvent-annotated methods
[04:00:10] [modloading-worker-0/DEBUG] [ne.ne.fm.ja.AutomaticEventSubscriber/]: Subscribing @EventBusSubscriber class Lcom/simibubi/create/foundation/events/ClientEvents; to the game event bus
[04:00:10] [modloading-worker-0/DEBUG] [ne.ne.fm.ja.AutomaticEventSubscriber/LOADING]: Scanning class com.simibubi.create.foundation.events.CommonEvents$ModBusEvents for @SubscribeEvent-annotated methods
[04:00:10] [modloading-worker-0/DEBUG] [ne.ne.fm.ja.AutomaticEventSubscriber/]: Subscribing @EventBusSubscriber class Lcom/simibubi/create/foundation/events/CommonEvents$ModBusEvents; to the mod event bus of mod create
[04:00:10] [modloading-worker-0/DEBUG] [ne.ne.fm.ja.AutomaticEventSubscriber/LOADING]: Scanning class com.simibubi.create.foundation.events.InputEvents for @SubscribeEvent-annotated methods
[04:00:10] [modloading-worker-0/DEBUG] [ne.ne.fm.ja.AutomaticEventSubscriber/]: Subscribing @EventBusSubscriber class Lcom/simibubi/create/foundation/events/InputEvents; to the game event bus
[04:00:10] [modloading-worker-0/DEBUG] [ne.ne.fm.ja.AutomaticEventSubscriber/LOADING]: Scanning class com.simibubi.create.foundation.render.RenderTypes$Shaders for @SubscribeEvent-annotated methods
[04:00:10] [modloading-worker-0/DEBUG] [ne.ne.fm.ja.AutomaticEventSubscriber/]: Subscribing @EventBusSubscriber class Lcom/simibubi/create/foundation/render/RenderTypes$Shaders; to the mod event bus of mod create
[04:00:10] [modloading-worker-0/DEBUG] [ne.ne.fm.ja.AutomaticEventSubscriber/LOADING]: Scanning class com.simibubi.create.content.trains.track.TrackBlockItem for @SubscribeEvent-annotated methods
[04:00:10] [modloading-worker-0/DEBUG] [ne.ne.fm.ja.AutomaticEventSubscriber/]: Subscribing @EventBusSubscriber class Lcom/simibubi/create/content/trains/track/TrackBlockItem; to the game event bus
[04:00:10] [modloading-worker-0/DEBUG] [ne.ne.fm.ja.AutomaticEventSubscriber/LOADING]: Scanning class com.simibubi.create.content.trains.track.TrackBlockOutline for @SubscribeEvent-annotated methods
[04:00:10] [modloading-worker-0/DEBUG] [ne.ne.fm.ja.AutomaticEventSubscriber/]: Subscribing @EventBusSubscriber class Lcom/simibubi/create/content/trains/track/TrackBlockOutline; to the game event bus
[04:00:10] [modloading-worker-0/DEBUG] [ne.ne.fm.ja.AutomaticEventSubscriber/LOADING]: Scanning class com.simibubi.create.content.trains.schedule.ScheduleItemEntityInteraction for @SubscribeEvent-annotated methods
[04:00:10] [modloading-worker-0/DEBUG] [ne.ne.fm.ja.AutomaticEventSubscriber/]: Subscribing @EventBusSubscriber class Lcom/simibubi/create/content/trains/schedule/ScheduleItemEntityInteraction; to the game event bus
[04:00:10] [modloading-worker-0/DEBUG] [ne.ne.fm.ja.AutomaticEventSubscriber/LOADING]: Scanning class com.simibubi.create.content.processing.burner.BlazeBurnerHandler for @SubscribeEvent-annotated methods
[04:00:10] [modloading-worker-0/DEBUG] [ne.ne.fm.ja.AutomaticEventSubscriber/]: Subscribing @EventBusSubscriber class Lcom/simibubi/create/content/processing/burner/BlazeBurnerHandler; to the game event bus
[04:00:10] [modloading-worker-0/DEBUG] [ne.ne.fm.ja.AutomaticEventSubscriber/LOADING]: Scanning class com.simibubi.create.content.equipment.wrench.WrenchEventHandler for @SubscribeEvent-annotated methods
[04:00:10] [modloading-worker-0/DEBUG] [ne.ne.fm.ja.AutomaticEventSubscriber/]: Subscribing @EventBusSubscriber class Lcom/simibubi/create/content/equipment/wrench/WrenchEventHandler; to the game event bus
[04:00:10] [modloading-worker-0/DEBUG] [ne.ne.fm.ja.AutomaticEventSubscriber/LOADING]: Scanning class com.simibubi.create.content.equipment.extendoGrip.ExtendoGripItem for @SubscribeEvent-annotated methods
[04:00:10] [modloading-worker-0/DEBUG] [ne.ne.fm.ja.AutomaticEventSubscriber/]: Subscribing @EventBusSubscriber class Lcom/simibubi/create/content/equipment/extendoGrip/ExtendoGripItem; to the game event bus
[04:00:10] [modloading-worker-0/DEBUG] [ne.ne.fm.ja.AutomaticEventSubscriber/LOADING]: Scanning class com.simibubi.create.content.equipment.extendoGrip.ExtendoGripRenderHandler for @SubscribeEvent-annotated methods
[04:00:10] [modloading-worker-0/DEBUG] [ne.ne.fm.ja.AutomaticEventSubscriber/]: Subscribing @EventBusSubscriber class Lcom/simibubi/create/content/equipment/extendoGrip/ExtendoGripRenderHandler; to the game event bus
[04:00:10] [modloading-worker-0/DEBUG] [ne.ne.fm.ja.AutomaticEventSubscriber/LOADING]: Scanning class com.simibubi.create.content.equipment.zapper.ZapperInteractionHandler for @SubscribeEvent-annotated methods
[04:00:10] [modloading-worker-0/DEBUG] [ne.ne.fm.ja.AutomaticEventSubscriber/]: Subscribing @EventBusSubscriber class Lcom/simibubi/create/content/equipment/zapper/ZapperInteractionHandler; to the game event bus
[04:00:10] [modloading-worker-0/DEBUG] [ne.ne.fm.ja.AutomaticEventSubscriber/LOADING]: Scanning class com.simibubi.create.content.equipment.symmetryWand.SymmetryHandler for @SubscribeEvent-annotated methods
[04:00:10] [modloading-worker-0/DEBUG] [ne.ne.fm.ja.AutomaticEventSubscriber/]: Subscribing @EventBusSubscriber class Lcom/simibubi/create/content/equipment/symmetryWand/SymmetryHandler; to the game event bus
[04:00:10] [modloading-worker-0/DEBUG] [ne.ne.fm.ja.AutomaticEventSubscriber/LOADING]: Scanning class com.simibubi.create.content.equipment.armor.CardboardArmorHandlerClient for @SubscribeEvent-annotated methods
[04:00:10] [modloading-worker-0/DEBUG] [ne.ne.fm.ja.AutomaticEventSubscriber/]: Subscribing @EventBusSubscriber class Lcom/simibubi/create/content/equipment/armor/CardboardArmorHandlerClient; to the game event bus
[04:00:10] [modloading-worker-0/DEBUG] [ne.ne.fm.ja.AutomaticEventSubscriber/LOADING]: Scanning class com.simibubi.create.content.equipment.armor.NetheriteBacktankFirstPersonRenderer for @SubscribeEvent-annotated methods
[04:00:10] [modloading-worker-0/DEBUG] [ne.ne.fm.ja.AutomaticEventSubscriber/]: Subscribing @EventBusSubscriber class Lcom/simibubi/create/content/equipment/armor/NetheriteBacktankFirstPersonRenderer; to the game event bus
[04:00:10] [modloading-worker-0/DEBUG] [ne.ne.fm.ja.AutomaticEventSubscriber/LOADING]: Scanning class com.simibubi.create.content.equipment.armor.NetheriteDivingHandler for @SubscribeEvent-annotated methods
[04:00:10] [modloading-worker-0/DEBUG] [ne.ne.fm.ja.AutomaticEventSubscriber/]: Subscribing @EventBusSubscriber class Lcom/simibubi/create/content/equipment/armor/NetheriteDivingHandler; to the game event bus
[04:00:10] [modloading-worker-0/DEBUG] [ne.ne.fm.ja.AutomaticEventSubscriber/LOADING]: Scanning class com.simibubi.create.content.equipment.armor.DivingHelmetItem for @SubscribeEvent-annotated methods
[04:00:10] [modloading-worker-0/DEBUG] [ne.ne.fm.ja.AutomaticEventSubscriber/]: Subscribing @EventBusSubscriber class Lcom/simibubi/create/content/equipment/armor/DivingHelmetItem; to the game event bus
[04:00:10] [modloading-worker-0/DEBUG] [ne.ne.fm.ja.AutomaticEventSubscriber/LOADING]: Scanning class com.simibubi.create.content.equipment.armor.CardboardArmorHandler for @SubscribeEvent-annotated methods
[04:00:10] [modloading-worker-0/DEBUG] [ne.ne.fm.ja.AutomaticEventSubscriber/]: Subscribing @EventBusSubscriber class Lcom/simibubi/create/content/equipment/armor/CardboardArmorHandler; to the game event bus
[04:00:10] [modloading-worker-0/DEBUG] [ne.ne.fm.ja.AutomaticEventSubscriber/LOADING]: Scanning class com.simibubi.create.content.equipment.armor.DivingBootsItem for @SubscribeEvent-annotated methods
[04:00:10] [modloading-worker-0/DEBUG] [ne.ne.fm.ja.AutomaticEventSubscriber/]: Subscribing @EventBusSubscriber class Lcom/simibubi/create/content/equipment/armor/DivingBootsItem; to the game event bus
[04:00:10] [modloading-worker-0/DEBUG] [ne.ne.fm.ja.AutomaticEventSubscriber/LOADING]: Scanning class com.simibubi.create.content.equipment.clipboard.ClipboardValueSettingsHandler for @SubscribeEvent-annotated methods
[04:00:10] [modloading-worker-0/DEBUG] [ne.ne.fm.ja.AutomaticEventSubscriber/]: Subscribing @EventBusSubscriber class Lcom/simibubi/create/content/equipment/clipboard/ClipboardValueSettingsHandler; to the game event bus
[04:00:10] [modloading-worker-0/DEBUG] [ne.ne.fm.ja.AutomaticEventSubscriber/LOADING]: Scanning class com.simibubi.create.content.equipment.tool.CardboardSwordItem for @SubscribeEvent-annotated methods
[04:00:10] [modloading-worker-0/DEBUG] [ne.ne.fm.ja.AutomaticEventSubscriber/]: Subscribing @EventBusSubscriber class Lcom/simibubi/create/content/equipment/tool/CardboardSwordItem; to the game event bus
[04:00:10] [modloading-worker-0/DEBUG] [ne.ne.fm.ja.AutomaticEventSubscriber/LOADING]: Scanning class com.simibubi.create.content.equipment.bell.HauntedBellPulser for @SubscribeEvent-annotated methods
[04:00:10] [modloading-worker-0/DEBUG] [ne.ne.fm.ja.AutomaticEventSubscriber/]: Subscribing @EventBusSubscriber class Lcom/simibubi/create/content/equipment/bell/HauntedBellPulser; to the game event bus
[04:00:10] [modloading-worker-0/DEBUG] [ne.ne.fm.ja.AutomaticEventSubscriber/LOADING]: Scanning class com.simibubi.create.content.kinetics.crusher.CrushingWheelBlockEntity for @SubscribeEvent-annotated methods
[04:00:10] [modloading-worker-0/DEBUG] [ne.ne.fm.ja.AutomaticEventSubscriber/]: Subscribing @EventBusSubscriber class Lcom/simibubi/create/content/kinetics/crusher/CrushingWheelBlockEntity; to the game event bus
[04:00:10] [modloading-worker-0/DEBUG] [ne.ne.fm.ja.AutomaticEventSubscriber/LOADING]: Scanning class com.simibubi.create.content.kinetics.crank.ValveHandleBlock for @SubscribeEvent-annotated methods
[04:00:10] [modloading-worker-0/DEBUG] [ne.ne.fm.ja.AutomaticEventSubscriber/]: Subscribing @EventBusSubscriber class Lcom/simibubi/create/content/kinetics/crank/ValveHandleBlock; to the game event bus
[04:00:10] [modloading-worker-0/DEBUG] [ne.ne.fm.ja.AutomaticEventSubscriber/LOADING]: Scanning class com.simibubi.create.content.kinetics.deployer.ManualApplicationRecipe for @SubscribeEvent-annotated methods
[04:00:10] [modloading-worker-0/DEBUG] [ne.ne.fm.ja.AutomaticEventSubscriber/]: Subscribing @EventBusSubscriber class Lcom/simibubi/create/content/kinetics/deployer/ManualApplicationRecipe; to the game event bus
[04:00:10] [modloading-worker-0/DEBUG] [ne.ne.fm.ja.AutomaticEventSubscriber/LOADING]: Scanning class com.simibubi.create.content.kinetics.deployer.DeployerFakePlayer for @SubscribeEvent-annotated methods
[04:00:10] [modloading-worker-0/DEBUG] [ne.ne.fm.ja.AutomaticEventSubscriber/]: Subscribing @EventBusSubscriber class Lcom/simibubi/create/content/kinetics/deployer/DeployerFakePlayer; to the game event bus
[04:00:10] [modloading-worker-0/DEBUG] [ne.ne.fm.ja.AutomaticEventSubscriber/LOADING]: Scanning class com.simibubi.create.content.kinetics.mechanicalArm.ArmInteractionPointHandler for @SubscribeEvent-annotated methods
[04:00:10] [modloading-worker-0/DEBUG] [ne.ne.fm.ja.AutomaticEventSubscriber/]: Subscribing @EventBusSubscriber class Lcom/simibubi/create/content/kinetics/mechanicalArm/ArmInteractionPointHandler; to the game event bus
[04:00:10] [modloading-worker-0/DEBUG] [ne.ne.fm.ja.AutomaticEventSubscriber/LOADING]: Scanning class com.simibubi.create.content.kinetics.chainConveyor.ChainConveyorInteractionHandler for @SubscribeEvent-annotated methods
[04:00:10] [modloading-worker-0/DEBUG] [ne.ne.fm.ja.AutomaticEventSubscriber/]: Subscribing @EventBusSubscriber class Lcom/simibubi/create/content/kinetics/chainConveyor/ChainConveyorInteractionHandler; to the game event bus
[04:00:10] [modloading-worker-0/DEBUG] [ne.ne.fm.ja.AutomaticEventSubscriber/LOADING]: Scanning class com.simibubi.create.content.kinetics.chainConveyor.ChainConveyorConnectionHandler for @SubscribeEvent-annotated methods
[04:00:10] [modloading-worker-0/DEBUG] [ne.ne.fm.ja.AutomaticEventSubscriber/]: Subscribing @EventBusSubscriber class Lcom/simibubi/create/content/kinetics/chainConveyor/ChainConveyorConnectionHandler; to the game event bus
[04:00:10] [modloading-worker-0/DEBUG] [ne.ne.fm.ja.AutomaticEventSubscriber/LOADING]: Scanning class com.simibubi.create.content.logistics.box.PackageClientInteractionHandler for @SubscribeEvent-annotated methods
[04:00:10] [modloading-worker-0/DEBUG] [ne.ne.fm.ja.AutomaticEventSubscriber/]: Subscribing @EventBusSubscriber class Lcom/simibubi/create/content/logistics/box/PackageClientInteractionHandler; to the game event bus
[04:00:10] [modloading-worker-0/DEBUG] [ne.ne.fm.ja.AutomaticEventSubscriber/LOADING]: Scanning class com.simibubi.create.content.logistics.funnel.FunnelItem for @SubscribeEvent-annotated methods
[04:00:10] [modloading-worker-0/DEBUG] [ne.ne.fm.ja.AutomaticEventSubscriber/]: Subscribing @EventBusSubscriber class Lcom/simibubi/create/content/logistics/funnel/FunnelItem; to the game event bus
[04:00:10] [modloading-worker-0/DEBUG] [ne.ne.fm.ja.AutomaticEventSubscriber/LOADING]: Scanning class com.simibubi.create.content.logistics.itemHatch.ItemHatchHandler for @SubscribeEvent-annotated methods
[04:00:10] [modloading-worker-0/DEBUG] [ne.ne.fm.ja.AutomaticEventSubscriber/]: Subscribing @EventBusSubscriber class Lcom/simibubi/create/content/logistics/itemHatch/ItemHatchHandler; to the game event bus
[04:00:10] [modloading-worker-0/DEBUG] [ne.ne.fm.ja.AutomaticEventSubscriber/LOADING]: Scanning class com.simibubi.create.content.logistics.depot.EjectorTargetHandler for @SubscribeEvent-annotated methods
[04:00:10] [modloading-worker-0/DEBUG] [ne.ne.fm.ja.AutomaticEventSubscriber/]: Subscribing @EventBusSubscriber class Lcom/simibubi/create/content/logistics/depot/EjectorTargetHandler; to the game event bus
[04:00:10] [modloading-worker-0/DEBUG] [ne.ne.fm.ja.AutomaticEventSubscriber/LOADING]: Scanning class com.simibubi.create.content.logistics.stockTicker.StockTickerInteractionHandler for @SubscribeEvent-annotated methods
[04:00:10] [modloading-worker-0/DEBUG] [ne.ne.fm.ja.AutomaticEventSubscriber/]: Subscribing @EventBusSubscriber class Lcom/simibubi/create/content/logistics/stockTicker/StockTickerInteractionHandler; to the game event bus
[04:00:10] [modloading-worker-0/DEBUG] [ne.ne.fm.ja.AutomaticEventSubscriber/LOADING]: Scanning class com.simibubi.create.content.contraptions.mounted.MinecartContraptionItem for @SubscribeEvent-annotated methods
[04:00:10] [modloading-worker-0/DEBUG] [ne.ne.fm.ja.AutomaticEventSubscriber/]: Subscribing @EventBusSubscriber class Lcom/simibubi/create/content/contraptions/mounted/MinecartContraptionItem; to the game event bus
[04:00:10] [modloading-worker-0/DEBUG] [ne.ne.fm.ja.AutomaticEventSubscriber/LOADING]: Scanning class com.simibubi.create.content.contraptions.ContraptionHandlerClient for @SubscribeEvent-annotated methods
[04:00:10] [modloading-worker-0/DEBUG] [ne.ne.fm.ja.AutomaticEventSubscriber/]: Subscribing @EventBusSubscriber class Lcom/simibubi/create/content/contraptions/ContraptionHandlerClient; to the game event bus
[04:00:10] [modloading-worker-0/DEBUG] [ne.ne.fm.ja.AutomaticEventSubscriber/LOADING]: Scanning class com.simibubi.create.content.contraptions.minecart.MinecartCouplingItem for @SubscribeEvent-annotated methods
[04:00:10] [modloading-worker-0/DEBUG] [ne.ne.fm.ja.AutomaticEventSubscriber/]: Subscribing @EventBusSubscriber class Lcom/simibubi/create/content/contraptions/minecart/MinecartCouplingItem; to the game event bus
[04:00:10] [modloading-worker-0/DEBUG] [ne.ne.fm.ja.AutomaticEventSubscriber/LOADING]: Scanning class com.simibubi.create.content.contraptions.minecart.CouplingHandler for @SubscribeEvent-annotated methods
[04:00:10] [modloading-worker-0/DEBUG] [ne.ne.fm.ja.AutomaticEventSubscriber/]: Subscribing @EventBusSubscriber class Lcom/simibubi/create/content/contraptions/minecart/CouplingHandler; to the game event bus
[04:00:10] [modloading-worker-0/DEBUG] [ne.ne.fm.ja.AutomaticEventSubscriber/LOADING]: Scanning class com.simibubi.create.content.contraptions.glue.SuperGlueHandler for @SubscribeEvent-annotated methods
[04:00:10] [modloading-worker-0/DEBUG] [ne.ne.fm.ja.AutomaticEventSubscriber/]: Subscribing @EventBusSubscriber class Lcom/simibubi/create/content/contraptions/glue/SuperGlueHandler; to the game event bus
[04:00:10] [modloading-worker-0/DEBUG] [ne.ne.fm.ja.AutomaticEventSubscriber/LOADING]: Scanning class com.simibubi.create.content.contraptions.glue.SuperGlueItem for @SubscribeEvent-annotated methods
[04:00:10] [modloading-worker-0/DEBUG] [ne.ne.fm.ja.AutomaticEventSubscriber/]: Subscribing @EventBusSubscriber class Lcom/simibubi/create/content/contraptions/glue/SuperGlueItem; to the game event bus
[04:00:10] [modloading-worker-0/DEBUG] [ne.ne.fm.ja.AutomaticEventSubscriber/LOADING]: Scanning class com.simibubi.create.content.redstone.displayLink.ClickToLinkBlockItem for @SubscribeEvent-annotated methods
[04:00:10] [modloading-worker-0/DEBUG] [ne.ne.fm.ja.AutomaticEventSubscriber/]: Subscribing @EventBusSubscriber class Lcom/simibubi/create/content/redstone/displayLink/ClickToLinkBlockItem; to the game event bus
[04:00:10] [modloading-worker-0/DEBUG] [ne.ne.fm.ja.AutomaticEventSubscriber/LOADING]: Scanning class com.simibubi.create.content.redstone.link.LinkHandler for @SubscribeEvent-annotated methods
[04:00:10] [modloading-worker-0/DEBUG] [ne.ne.fm.ja.AutomaticEventSubscriber/]: Subscribing @EventBusSubscriber class Lcom/simibubi/create/content/redstone/link/LinkHandler; to the game event bus
[04:00:10] [modloading-worker-0/DEBUG] [ne.ne.fm.ja.AutomaticEventSubscriber/LOADING]: Scanning class com.simibubi.create.content.fluids.FluidBottleItemHook for @SubscribeEvent-annotated methods
[04:00:10] [modloading-worker-0/DEBUG] [ne.ne.fm.ja.AutomaticEventSubscriber/]: Subscribing @EventBusSubscriber class Lcom/simibubi/create/content/fluids/FluidBottleItemHook; to the game event bus
[04:00:10] [modloading-worker-0/DEBUG] [ne.ne.fm.ja.AutomaticEventSubscriber/LOADING]: Scanning class com.simibubi.create.content.fluids.FluidReactions for @SubscribeEvent-annotated methods
[04:00:10] [modloading-worker-0/DEBUG] [ne.ne.fm.ja.AutomaticEventSubscriber/]: Subscribing @EventBusSubscriber class Lcom/simibubi/create/content/fluids/FluidReactions; to the game event bus
[04:00:10] [modloading-worker-0/DEBUG] [ne.ne.fm.ja.AutomaticEventSubscriber/LOADING]: Scanning class com.simibubi.create.AllKeys for @SubscribeEvent-annotated methods
[04:00:10] [modloading-worker-0/DEBUG] [ne.ne.fm.ja.AutomaticEventSubscriber/]: Subscribing @EventBusSubscriber class Lcom/simibubi/create/AllKeys; to the mod event bus of mod create
[04:00:10] [modloading-worker-0/DEBUG] [ne.ne.fm.ja.AutomaticEventSubscriber/LOADING]: Scanning class com.simibubi.create.compat.trainmap.TrainMapEvents for @SubscribeEvent-annotated methods
[04:00:10] [modloading-worker-0/DEBUG] [ne.ne.fm.ja.AutomaticEventSubscriber/]: Subscribing @EventBusSubscriber class Lcom/simibubi/create/compat/trainmap/TrainMapEvents; to the game event bus
[04:00:10] [modloading-worker-0/DEBUG] [ne.ne.fm.ja.AutomaticEventSubscriber/LOADING]: Scanning class com.simibubi.create.impl.registry.CreateDataMapsImpl for @SubscribeEvent-annotated methods
[04:00:10] [modloading-worker-0/DEBUG] [ne.ne.fm.ja.AutomaticEventSubscriber/]: Subscribing @EventBusSubscriber class Lcom/simibubi/create/impl/registry/CreateDataMapsImpl; to the mod event bus of mod create
[04:00:10] [modloading-worker-0/DEBUG] [ne.ne.fm.ja.AutomaticEventSubscriber/LOADING]: Scanning class com.simibubi.create.impl.registry.CreateRegistriesImpl for @SubscribeEvent-annotated methods
[04:00:10] [modloading-worker-0/DEBUG] [ne.ne.fm.ja.AutomaticEventSubscriber/]: Subscribing @EventBusSubscriber class Lcom/simibubi/create/impl/registry/CreateRegistriesImpl; to the mod event bus of mod create
[04:00:10] [modloading-worker-0/DEBUG] [ne.ne.fm.ja.AutomaticEventSubscriber/LOADING]: Scanning class com.simibubi.create.infrastructure.RemapHelper for @SubscribeEvent-annotated methods
[04:00:10] [modloading-worker-0/DEBUG] [ne.ne.fm.ja.AutomaticEventSubscriber/]: Subscribing @EventBusSubscriber class Lcom/simibubi/create/infrastructure/RemapHelper; to the mod event bus of mod create
[04:00:10] [modloading-worker-0/DEBUG] [ne.ne.fm.ja.AutomaticEventSubscriber/LOADING]: Scanning class com.simibubi.create.infrastructure.gametest.CreateGameTests for @SubscribeEvent-annotated methods
[04:00:10] [modloading-worker-0/DEBUG] [ne.ne.fm.ja.AutomaticEventSubscriber/]: Subscribing @EventBusSubscriber class Lcom/simibubi/create/infrastructure/gametest/CreateGameTests; to the mod event bus of mod create
[04:00:10] [modloading-worker-0/DEBUG] [ne.ne.fm.ja.AutomaticEventSubscriber/LOADING]: Scanning class com.simibubi.create.infrastructure.gui.OpenCreateMenuButton$OpenConfigButtonHandler for @SubscribeEvent-annotated methods
[04:00:10] [modloading-worker-0/DEBUG] [ne.ne.fm.ja.AutomaticEventSubscriber/]: Subscribing @EventBusSubscriber class Lcom/simibubi/create/infrastructure/gui/OpenCreateMenuButton$OpenConfigButtonHandler; to the game event bus
[04:00:10] [modloading-worker-0/DEBUG] [ne.ne.fm.ja.AutomaticEventSubscriber/LOADING]: Scanning class com.simibubi.create.infrastructure.config.AllConfigs for @SubscribeEvent-annotated methods
[04:00:10] [modloading-worker-0/DEBUG] [ne.ne.fm.ja.AutomaticEventSubscriber/]: Subscribing @EventBusSubscriber class Lcom/simibubi/create/infrastructure/config/AllConfigs; to the mod event bus of mod create
[04:00:10] [modloading-worker-0/INFO] [touhou_little_maid/]: common default pack init finished, cost time: 1772.294 ms
[04:00:10] [modloading-worker-0/DEBUG] [ne.ne.fm.ja.AutomaticEventSubscriber/LOADING]: Attempting to inject @EventBusSubscriber classes into the eventbus for touhou_little_maid
[04:00:10] [modloading-worker-0/DEBUG] [ne.ne.fm.ja.AutomaticEventSubscriber/LOADING]: Scanning class com.github.tartaricacid.touhoulittlemaid.util.EntityCacheUtil for @SubscribeEvent-annotated methods
[04:00:10] [modloading-worker-0/DEBUG] [ne.ne.fm.ja.AutomaticEventSubscriber/]: Subscribing @EventBusSubscriber class Lcom/github/tartaricacid/touhoulittlemaid/util/EntityCacheUtil; to the game event bus
[04:00:10] [modloading-worker-0/DEBUG] [ne.ne.fm.ja.AutomaticEventSubscriber/LOADING]: Scanning class com.github.tartaricacid.touhoulittlemaid.item.ItemSubstituteJizo for @SubscribeEvent-annotated methods
[04:00:10] [modloading-worker-0/DEBUG] [ne.ne.fm.ja.AutomaticEventSubscriber/]: Subscribing @EventBusSubscriber class Lcom/github/tartaricacid/touhoulittlemaid/item/ItemSubstituteJizo; to the game event bus
[04:00:10] [modloading-worker-0/DEBUG] [ne.ne.fm.ja.AutomaticEventSubscriber/LOADING]: Scanning class com.github.tartaricacid.touhoulittlemaid.init.registry.MobSpawnInfoRegistry for @SubscribeEvent-annotated methods
[04:00:10] [modloading-worker-0/DEBUG] [ne.ne.fm.ja.AutomaticEventSubscriber/]: Subscribing @EventBusSubscriber class Lcom/github/tartaricacid/touhoulittlemaid/init/registry/MobSpawnInfoRegistry; to the game event bus
[04:00:10] [modloading-worker-0/DEBUG] [ne.ne.fm.ja.AutomaticEventSubscriber/LOADING]: Scanning class com.github.tartaricacid.touhoulittlemaid.init.registry.DatapackRegistry for @SubscribeEvent-annotated methods
[04:00:10] [modloading-worker-0/DEBUG] [ne.ne.fm.ja.AutomaticEventSubscriber/]: Subscribing @EventBusSubscriber class Lcom/github/tartaricacid/touhoulittlemaid/init/registry/DatapackRegistry; to the game event bus
[04:00:10] [modloading-worker-0/DEBUG] [ne.ne.fm.ja.AutomaticEventSubscriber/LOADING]: Scanning class com.github.tartaricacid.touhoulittlemaid.init.registry.CompatRegistry for @SubscribeEvent-annotated methods
[04:00:10] [modloading-worker-0/DEBUG] [ne.ne.fm.ja.AutomaticEventSubscriber/]: Subscribing @EventBusSubscriber class Lcom/github/tartaricacid/touhoulittlemaid/init/registry/CompatRegistry; to the mod event bus of mod touhou_little_maid
[04:00:10] [modloading-worker-0/DEBUG] [ne.ne.fm.ja.AutomaticEventSubscriber/LOADING]: Scanning class com.github.tartaricacid.touhoulittlemaid.init.registry.CommonRegistry for @SubscribeEvent-annotated methods
[04:00:10] [modloading-worker-0/DEBUG] [ne.ne.fm.ja.AutomaticEventSubscriber/]: Subscribing @EventBusSubscriber class Lcom/github/tartaricacid/touhoulittlemaid/init/registry/CommonRegistry; to the mod event bus of mod touhou_little_maid
[04:00:10] [modloading-worker-0/DEBUG] [ne.ne.fm.ja.AutomaticEventSubscriber/LOADING]: Scanning class com.github.tartaricacid.touhoulittlemaid.init.InitEntities for @SubscribeEvent-annotated methods
[04:00:10] [modloading-worker-0/DEBUG] [ne.ne.fm.ja.AutomaticEventSubscriber/]: Subscribing @EventBusSubscriber class Lcom/github/tartaricacid/touhoulittlemaid/init/InitEntities; to the mod event bus of mod touhou_little_maid
[04:00:10] [modloading-worker-0/DEBUG] [ne.ne.fm.ja.AutomaticEventSubscriber/LOADING]: Scanning class com.github.tartaricacid.touhoulittlemaid.event.MaidTrackEvent for @SubscribeEvent-annotated methods
[04:00:10] [modloading-worker-0/DEBUG] [ne.ne.fm.ja.AutomaticEventSubscriber/]: Subscribing @EventBusSubscriber class Lcom/github/tartaricacid/touhoulittlemaid/event/MaidTrackEvent; to the game event bus
[04:00:10] [modloading-worker-0/DEBUG] [ne.ne.fm.ja.AutomaticEventSubscriber/LOADING]: Scanning class com.github.tartaricacid.touhoulittlemaid.event.MaidMealRegConfigEvent for @SubscribeEvent-annotated methods
[04:00:10] [modloading-worker-0/DEBUG] [ne.ne.fm.ja.AutomaticEventSubscriber/]: Subscribing @EventBusSubscriber class Lcom/github/tartaricacid/touhoulittlemaid/event/MaidMealRegConfigEvent; to the mod event bus of mod touhou_little_maid
[04:00:10] [modloading-worker-0/DEBUG] [ne.ne.fm.ja.AutomaticEventSubscriber/LOADING]: Scanning class com.github.tartaricacid.touhoulittlemaid.event.maid.UseNameTagEvent for @SubscribeEvent-annotated methods
[04:00:10] [modloading-worker-0/DEBUG] [ne.ne.fm.ja.AutomaticEventSubscriber/]: Subscribing @EventBusSubscriber class Lcom/github/tartaricacid/touhoulittlemaid/event/maid/UseNameTagEvent; to the game event bus
[04:00:10] [modloading-worker-0/DEBUG] [ne.ne.fm.ja.AutomaticEventSubscriber/LOADING]: Scanning class com.github.tartaricacid.touhoulittlemaid.event.maid.UseFavorabilityToolEvent for @SubscribeEvent-annotated methods
[04:00:10] [modloading-worker-0/DEBUG] [ne.ne.fm.ja.AutomaticEventSubscriber/]: Subscribing @EventBusSubscriber class Lcom/github/tartaricacid/touhoulittlemaid/event/maid/UseFavorabilityToolEvent; to the game event bus
[04:00:10] [modloading-worker-0/DEBUG] [ne.ne.fm.ja.AutomaticEventSubscriber/LOADING]: Scanning class com.github.tartaricacid.touhoulittlemaid.event.maid.SwitchSittingEvent for @SubscribeEvent-annotated methods
[04:00:10] [modloading-worker-0/DEBUG] [ne.ne.fm.ja.AutomaticEventSubscriber/]: Subscribing @EventBusSubscriber class Lcom/github/tartaricacid/touhoulittlemaid/event/maid/SwitchSittingEvent; to the game event bus
[04:00:10] [modloading-worker-0/DEBUG] [ne.ne.fm.ja.AutomaticEventSubscriber/LOADING]: Scanning class com.github.tartaricacid.touhoulittlemaid.event.maid.SlabClickEvent for @SubscribeEvent-annotated methods
[04:00:10] [modloading-worker-0/DEBUG] [ne.ne.fm.ja.AutomaticEventSubscriber/]: Subscribing @EventBusSubscriber class Lcom/github/tartaricacid/touhoulittlemaid/event/maid/SlabClickEvent; to the game event bus
[04:00:10] [modloading-worker-0/DEBUG] [ne.ne.fm.ja.AutomaticEventSubscriber/LOADING]: Scanning class com.github.tartaricacid.touhoulittlemaid.event.maid.SaddleMaidEvent for @SubscribeEvent-annotated methods
[04:00:10] [modloading-worker-0/DEBUG] [ne.ne.fm.ja.AutomaticEventSubscriber/]: Subscribing @EventBusSubscriber class Lcom/github/tartaricacid/touhoulittlemaid/event/maid/SaddleMaidEvent; to the game event bus
[04:00:10] [modloading-worker-0/DEBUG] [ne.ne.fm.ja.AutomaticEventSubscriber/LOADING]: Scanning class com.github.tartaricacid.touhoulittlemaid.event.maid.PotionItemUse for @SubscribeEvent-annotated methods
[04:00:10] [modloading-worker-0/DEBUG] [ne.ne.fm.ja.AutomaticEventSubscriber/]: Subscribing @EventBusSubscriber class Lcom/github/tartaricacid/touhoulittlemaid/event/maid/PotionItemUse; to the game event bus
[04:00:10] [modloading-worker-0/DEBUG] [ne.ne.fm.ja.AutomaticEventSubscriber/LOADING]: Scanning class com.github.tartaricacid.touhoulittlemaid.event.maid.MaidMountEvent for @SubscribeEvent-annotated methods
[04:00:10] [modloading-worker-0/DEBUG] [ne.ne.fm.ja.AutomaticEventSubscriber/]: Subscribing @EventBusSubscriber class Lcom/github/tartaricacid/touhoulittlemaid/event/maid/MaidMountEvent; to the game event bus
[04:00:10] [modloading-worker-0/DEBUG] [ne.ne.fm.ja.AutomaticEventSubscriber/LOADING]: Scanning class com.github.tartaricacid.touhoulittlemaid.event.maid.MaidFarmlandTrample for @SubscribeEvent-annotated methods
[04:00:10] [modloading-worker-0/DEBUG] [ne.ne.fm.ja.AutomaticEventSubscriber/]: Subscribing @EventBusSubscriber class Lcom/github/tartaricacid/touhoulittlemaid/event/maid/MaidFarmlandTrample; to the game event bus
[04:00:10] [modloading-worker-0/DEBUG] [ne.ne.fm.ja.AutomaticEventSubscriber/LOADING]: Scanning class com.github.tartaricacid.touhoulittlemaid.event.maid.MaidDropBaubleEvent for @SubscribeEvent-annotated methods
[04:00:10] [modloading-worker-0/DEBUG] [ne.ne.fm.ja.AutomaticEventSubscriber/]: Subscribing @EventBusSubscriber class Lcom/github/tartaricacid/touhoulittlemaid/event/maid/MaidDropBaubleEvent; to the game event bus
[04:00:10] [modloading-worker-0/DEBUG] [ne.ne.fm.ja.AutomaticEventSubscriber/LOADING]: Scanning class com.github.tartaricacid.touhoulittlemaid.event.maid.MaidDeathFavorability for @SubscribeEvent-annotated methods
[04:00:10] [modloading-worker-0/DEBUG] [ne.ne.fm.ja.AutomaticEventSubscriber/]: Subscribing @EventBusSubscriber class Lcom/github/tartaricacid/touhoulittlemaid/event/maid/MaidDeathFavorability; to the game event bus
[04:00:10] [modloading-worker-0/DEBUG] [ne.ne.fm.ja.AutomaticEventSubscriber/LOADING]: Scanning class com.github.tartaricacid.touhoulittlemaid.event.maid.MaidAreaClickEvent for @SubscribeEvent-annotated methods
[04:00:10] [modloading-worker-0/DEBUG] [ne.ne.fm.ja.AutomaticEventSubscriber/]: Subscribing @EventBusSubscriber class Lcom/github/tartaricacid/touhoulittlemaid/event/maid/MaidAreaClickEvent; to the game event bus
[04:00:10] [modloading-worker-0/DEBUG] [ne.ne.fm.ja.AutomaticEventSubscriber/LOADING]: Scanning class com.github.tartaricacid.touhoulittlemaid.event.maid.HandleBackpackEvent for @SubscribeEvent-annotated methods
[04:00:10] [modloading-worker-0/DEBUG] [ne.ne.fm.ja.AutomaticEventSubscriber/]: Subscribing @EventBusSubscriber class Lcom/github/tartaricacid/touhoulittlemaid/event/maid/HandleBackpackEvent; to the game event bus
[04:00:10] [modloading-worker-0/DEBUG] [ne.ne.fm.ja.AutomaticEventSubscriber/LOADING]: Scanning class com.github.tartaricacid.touhoulittlemaid.event.maid.GetExpBottleEvent for @SubscribeEvent-annotated methods
[04:00:10] [modloading-worker-0/DEBUG] [ne.ne.fm.ja.AutomaticEventSubscriber/]: Subscribing @EventBusSubscriber class Lcom/github/tartaricacid/touhoulittlemaid/event/maid/GetExpBottleEvent; to the game event bus
[04:00:10] [modloading-worker-0/DEBUG] [ne.ne.fm.ja.AutomaticEventSubscriber/LOADING]: Scanning class com.github.tartaricacid.touhoulittlemaid.event.maid.DismountMaidEvent for @SubscribeEvent-annotated methods
[04:00:10] [modloading-worker-0/DEBUG] [ne.ne.fm.ja.AutomaticEventSubscriber/]: Subscribing @EventBusSubscriber class Lcom/github/tartaricacid/touhoulittlemaid/event/maid/DismountMaidEvent; to the game event bus
[04:00:10] [modloading-worker-0/DEBUG] [ne.ne.fm.ja.AutomaticEventSubscriber/LOADING]: Scanning class com.github.tartaricacid.touhoulittlemaid.event.maid.ApplyPotionEffectEvent for @SubscribeEvent-annotated methods
[04:00:10] [modloading-worker-0/DEBUG] [ne.ne.fm.ja.AutomaticEventSubscriber/]: Subscribing @EventBusSubscriber class Lcom/github/tartaricacid/touhoulittlemaid/event/maid/ApplyPotionEffectEvent; to the game event bus
[04:00:10] [modloading-worker-0/DEBUG] [ne.ne.fm.ja.AutomaticEventSubscriber/LOADING]: Scanning class com.github.tartaricacid.touhoulittlemaid.event.maid.ApplyGoldenAppleEvent for @SubscribeEvent-annotated methods
[04:00:10] [modloading-worker-0/DEBUG] [ne.ne.fm.ja.AutomaticEventSubscriber/]: Subscribing @EventBusSubscriber class Lcom/github/tartaricacid/touhoulittlemaid/event/maid/ApplyGoldenAppleEvent; to the game event bus
[04:00:10] [modloading-worker-0/DEBUG] [ne.ne.fm.ja.AutomaticEventSubscriber/LOADING]: Scanning class com.github.tartaricacid.touhoulittlemaid.event.InstallChairEvent for @SubscribeEvent-annotated methods
[04:00:10] [modloading-worker-0/DEBUG] [ne.ne.fm.ja.AutomaticEventSubscriber/]: Subscribing @EventBusSubscriber class Lcom/github/tartaricacid/touhoulittlemaid/event/InstallChairEvent; to the game event bus
[04:00:10] [modloading-worker-0/DEBUG] [ne.ne.fm.ja.AutomaticEventSubscriber/LOADING]: Scanning class com.github.tartaricacid.touhoulittlemaid.event.food.RemainFoodEatenEvent for @SubscribeEvent-annotated methods
[04:00:10] [modloading-worker-0/DEBUG] [ne.ne.fm.ja.AutomaticEventSubscriber/]: Subscribing @EventBusSubscriber class Lcom/github/tartaricacid/touhoulittlemaid/event/food/RemainFoodEatenEvent; to the game event bus
[04:00:10] [modloading-worker-0/DEBUG] [ne.ne.fm.ja.AutomaticEventSubscriber/LOADING]: Scanning class com.github.tartaricacid.touhoulittlemaid.event.food.ConvertFoodEatenEvent for @SubscribeEvent-annotated methods
[04:00:10] [modloading-worker-0/DEBUG] [ne.ne.fm.ja.AutomaticEventSubscriber/]: Subscribing @EventBusSubscriber class Lcom/github/tartaricacid/touhoulittlemaid/event/food/ConvertFoodEatenEvent; to the game event bus
[04:00:10] [modloading-worker-0/DEBUG] [ne.ne.fm.ja.AutomaticEventSubscriber/LOADING]: Scanning class com.github.tartaricacid.touhoulittlemaid.event.EntityJoinWorldEvent for @SubscribeEvent-annotated methods
[04:00:10] [modloading-worker-0/DEBUG] [ne.ne.fm.ja.AutomaticEventSubscriber/]: Subscribing @EventBusSubscriber class Lcom/github/tartaricacid/touhoulittlemaid/event/EntityJoinWorldEvent; to the game event bus
[04:00:10] [modloading-worker-0/DEBUG] [ne.ne.fm.ja.AutomaticEventSubscriber/LOADING]: Scanning class com.github.tartaricacid.touhoulittlemaid.event.EntityHurtEvent for @SubscribeEvent-annotated methods
[04:00:10] [modloading-worker-0/DEBUG] [ne.ne.fm.ja.AutomaticEventSubscriber/]: Subscribing @EventBusSubscriber class Lcom/github/tartaricacid/touhoulittlemaid/event/EntityHurtEvent; to the game event bus
[04:00:10] [modloading-worker-0/DEBUG] [ne.ne.fm.ja.AutomaticEventSubscriber/LOADING]: Scanning class com.github.tartaricacid.touhoulittlemaid.event.EntityDeathEvent for @SubscribeEvent-annotated methods
[04:00:10] [modloading-worker-0/DEBUG] [ne.ne.fm.ja.AutomaticEventSubscriber/]: Subscribing @EventBusSubscriber class Lcom/github/tartaricacid/touhoulittlemaid/event/EntityDeathEvent; to the game event bus
[04:00:10] [modloading-worker-0/DEBUG] [ne.ne.fm.ja.AutomaticEventSubscriber/LOADING]: Scanning class com.github.tartaricacid.touhoulittlemaid.event.EnterServerEvent for @SubscribeEvent-annotated methods
[04:00:10] [modloading-worker-0/DEBUG] [ne.ne.fm.ja.AutomaticEventSubscriber/]: Subscribing @EventBusSubscriber class Lcom/github/tartaricacid/touhoulittlemaid/event/EnterServerEvent; to the game event bus
[04:00:10] [modloading-worker-0/DEBUG] [ne.ne.fm.ja.AutomaticEventSubscriber/LOADING]: Scanning class com.github.tartaricacid.touhoulittlemaid.event.CopyEntityIdEvent for @SubscribeEvent-annotated methods
[04:00:10] [modloading-worker-0/DEBUG] [ne.ne.fm.ja.AutomaticEventSubscriber/]: Subscribing @EventBusSubscriber class Lcom/github/tartaricacid/touhoulittlemaid/event/CopyEntityIdEvent; to the game event bus
[04:00:10] [modloading-worker-0/DEBUG] [ne.ne.fm.ja.AutomaticEventSubscriber/LOADING]: Scanning class com.github.tartaricacid.touhoulittlemaid.event.ClientExtensionsEvent for @SubscribeEvent-annotated methods
[04:00:10] [modloading-worker-0/DEBUG] [ne.ne.fm.ja.AutomaticEventSubscriber/]: Subscribing @EventBusSubscriber class Lcom/github/tartaricacid/touhoulittlemaid/event/ClientExtensionsEvent; to the mod event bus of mod touhou_little_maid
[04:00:10] [modloading-worker-0/DEBUG] [ne.ne.fm.ja.AutomaticEventSubscriber/LOADING]: Scanning class com.github.tartaricacid.touhoulittlemaid.event.CancelSaddleMaidEvent for @SubscribeEvent-annotated methods
[04:00:10] [modloading-worker-0/DEBUG] [ne.ne.fm.ja.AutomaticEventSubscriber/]: Subscribing @EventBusSubscriber class Lcom/github/tartaricacid/touhoulittlemaid/event/CancelSaddleMaidEvent; to the game event bus
[04:00:10] [modloading-worker-0/DEBUG] [ne.ne.fm.ja.AutomaticEventSubscriber/LOADING]: Scanning class com.github.tartaricacid.touhoulittlemaid.entity.chatbubble.RandomEmoji for @SubscribeEvent-annotated methods
[04:00:10] [modloading-worker-0/DEBUG] [ne.ne.fm.ja.AutomaticEventSubscriber/]: Subscribing @EventBusSubscriber class Lcom/github/tartaricacid/touhoulittlemaid/entity/chatbubble/RandomEmoji; to the game event bus
[04:00:10] [modloading-worker-0/DEBUG] [ne.ne.fm.ja.AutomaticEventSubscriber/LOADING]: Scanning class com.github.tartaricacid.touhoulittlemaid.debug.target.SendMaidDebugDataEvent for @SubscribeEvent-annotated methods
[04:00:10] [modloading-worker-0/DEBUG] [ne.ne.fm.ja.AutomaticEventSubscriber/]: Subscribing @EventBusSubscriber class Lcom/github/tartaricacid/touhoulittlemaid/debug/target/SendMaidDebugDataEvent; to the game event bus
[04:00:10] [modloading-worker-0/DEBUG] [ne.ne.fm.ja.AutomaticEventSubscriber/LOADING]: Scanning class com.github.tartaricacid.touhoulittlemaid.debug.target.DebugClientRenderEvent for @SubscribeEvent-annotated methods
[04:00:10] [modloading-worker-0/DEBUG] [ne.ne.fm.ja.AutomaticEventSubscriber/]: Subscribing @EventBusSubscriber class Lcom/github/tartaricacid/touhoulittlemaid/debug/target/DebugClientRenderEvent; to the game event bus
[04:00:10] [modloading-worker-0/DEBUG] [ne.ne.fm.ja.AutomaticEventSubscriber/LOADING]: Scanning class com.github.tartaricacid.touhoulittlemaid.debug.event.DebugStickClickEvent for @SubscribeEvent-annotated methods
[04:00:10] [modloading-worker-0/DEBUG] [ne.ne.fm.ja.AutomaticEventSubscriber/]: Subscribing @EventBusSubscriber class Lcom/github/tartaricacid/touhoulittlemaid/debug/event/DebugStickClickEvent; to the game event bus
[04:00:10] [modloading-worker-0/DEBUG] [ne.ne.fm.ja.AutomaticEventSubscriber/LOADING]: Scanning class com.github.tartaricacid.touhoulittlemaid.datagen.DataGenerator for @SubscribeEvent-annotated methods
[04:00:10] [modloading-worker-0/DEBUG] [ne.ne.fm.ja.AutomaticEventSubscriber/]: Subscribing @EventBusSubscriber class Lcom/github/tartaricacid/touhoulittlemaid/datagen/DataGenerator; to the mod event bus of mod touhou_little_maid
[04:00:10] [modloading-worker-0/DEBUG] [ne.ne.fm.ja.AutomaticEventSubscriber/LOADING]: Scanning class com.github.tartaricacid.touhoulittlemaid.client.resource.BedrockModelLoader for @SubscribeEvent-annotated methods
[04:00:10] [modloading-worker-0/DEBUG] [ne.ne.fm.ja.AutomaticEventSubscriber/]: Subscribing @EventBusSubscriber class Lcom/github/tartaricacid/touhoulittlemaid/client/resource/BedrockModelLoader; to the mod event bus of mod touhou_little_maid
[04:00:10] [modloading-worker-0/DEBUG] [ne.ne.fm.ja.AutomaticEventSubscriber/LOADING]: Scanning class com.github.tartaricacid.touhoulittlemaid.client.input.STTChatKey for @SubscribeEvent-annotated methods
[04:00:10] [modloading-worker-0/DEBUG] [ne.ne.fm.ja.AutomaticEventSubscriber/]: Subscribing @EventBusSubscriber class Lcom/github/tartaricacid/touhoulittlemaid/client/input/STTChatKey; to the game event bus
[04:00:10] [modloading-worker-0/DEBUG] [ne.ne.fm.ja.AutomaticEventSubscriber/LOADING]: Scanning class com.github.tartaricacid.touhoulittlemaid.client.input.DismountBroomKey for @SubscribeEvent-annotated methods
[04:00:10] [modloading-worker-0/DEBUG] [ne.ne.fm.ja.AutomaticEventSubscriber/]: Subscribing @EventBusSubscriber class Lcom/github/tartaricacid/touhoulittlemaid/client/input/DismountBroomKey; to the game event bus
[04:00:10] [modloading-worker-0/DEBUG] [ne.ne.fm.ja.AutomaticEventSubscriber/LOADING]: Scanning class com.github.tartaricacid.touhoulittlemaid.client.init.InitSpecialItemRender for @SubscribeEvent-annotated methods
[04:00:10] [modloading-worker-0/DEBUG] [ne.ne.fm.ja.AutomaticEventSubscriber/]: Subscribing @EventBusSubscriber class Lcom/github/tartaricacid/touhoulittlemaid/client/init/InitSpecialItemRender; to the mod event bus of mod touhou_little_maid
[04:00:10] [modloading-worker-0/DEBUG] [ne.ne.fm.ja.AutomaticEventSubscriber/LOADING]: Scanning class com.github.tartaricacid.touhoulittlemaid.client.init.InitEntitiesRender for @SubscribeEvent-annotated methods
[04:00:10] [modloading-worker-0/DEBUG] [ne.ne.fm.ja.AutomaticEventSubscriber/]: Subscribing @EventBusSubscriber class Lcom/github/tartaricacid/touhoulittlemaid/client/init/InitEntitiesRender; to the mod event bus of mod touhou_little_maid
[04:00:10] [modloading-worker-0/DEBUG] [ne.ne.fm.ja.AutomaticEventSubscriber/LOADING]: Scanning class com.github.tartaricacid.touhoulittlemaid.client.init.InitContainerGui for @SubscribeEvent-annotated methods
[04:00:10] [modloading-worker-0/DEBUG] [ne.ne.fm.ja.AutomaticEventSubscriber/]: Subscribing @EventBusSubscriber class Lcom/github/tartaricacid/touhoulittlemaid/client/init/InitContainerGui; to the mod event bus of mod touhou_little_maid
[04:00:10] [modloading-worker-0/DEBUG] [ne.ne.fm.ja.AutomaticEventSubscriber/LOADING]: Scanning class com.github.tartaricacid.touhoulittlemaid.client.init.InitClientTooltip for @SubscribeEvent-annotated methods
[04:00:10] [modloading-worker-0/DEBUG] [ne.ne.fm.ja.AutomaticEventSubscriber/]: Subscribing @EventBusSubscriber class Lcom/github/tartaricacid/touhoulittlemaid/client/init/InitClientTooltip; to the mod event bus of mod touhou_little_maid
[04:00:10] [modloading-worker-0/DEBUG] [ne.ne.fm.ja.AutomaticEventSubscriber/LOADING]: Scanning class com.github.tartaricacid.touhoulittlemaid.client.init.ClientSetupEvent for @SubscribeEvent-annotated methods
[04:00:10] [modloading-worker-0/DEBUG] [ne.ne.fm.ja.AutomaticEventSubscriber/]: Subscribing @EventBusSubscriber class Lcom/github/tartaricacid/touhoulittlemaid/client/init/ClientSetupEvent; to the mod event bus of mod touhou_little_maid
[04:00:10] [modloading-worker-0/DEBUG] [ne.ne.fm.ja.AutomaticEventSubscriber/LOADING]: Scanning class com.github.tartaricacid.touhoulittlemaid.client.event.WirelessIORenderEvent for @SubscribeEvent-annotated methods
[04:00:10] [modloading-worker-0/DEBUG] [ne.ne.fm.ja.AutomaticEventSubscriber/]: Subscribing @EventBusSubscriber class Lcom/github/tartaricacid/touhoulittlemaid/client/event/WirelessIORenderEvent; to the game event bus
[04:00:10] [modloading-worker-0/DEBUG] [ne.ne.fm.ja.AutomaticEventSubscriber/LOADING]: Scanning class com.github.tartaricacid.touhoulittlemaid.client.event.SpecialMaidRenderEvent for @SubscribeEvent-annotated methods
[04:00:10] [modloading-worker-0/DEBUG] [ne.ne.fm.ja.AutomaticEventSubscriber/]: Subscribing @EventBusSubscriber class Lcom/github/tartaricacid/touhoulittlemaid/client/event/SpecialMaidRenderEvent; to the game event bus
[04:00:10] [modloading-worker-0/DEBUG] [ne.ne.fm.ja.AutomaticEventSubscriber/LOADING]: Scanning class com.github.tartaricacid.touhoulittlemaid.client.event.ShowOptifineScreen for @SubscribeEvent-annotated methods
[04:00:10] [modloading-worker-0/DEBUG] [ne.ne.fm.ja.AutomaticEventSubscriber/]: Subscribing @EventBusSubscriber class Lcom/github/tartaricacid/touhoulittlemaid/client/event/ShowOptifineScreen; to the game event bus
[04:00:10] [modloading-worker-0/DEBUG] [ne.ne.fm.ja.AutomaticEventSubscriber/LOADING]: Scanning class com.github.tartaricacid.touhoulittlemaid.client.event.ScrollRenderEvent for @SubscribeEvent-annotated methods
[04:00:10] [modloading-worker-0/DEBUG] [ne.ne.fm.ja.AutomaticEventSubscriber/]: Subscribing @EventBusSubscriber class Lcom/github/tartaricacid/touhoulittlemaid/client/event/ScrollRenderEvent; to the game event bus
[04:00:10] [modloading-worker-0/DEBUG] [ne.ne.fm.ja.AutomaticEventSubscriber/LOADING]: Scanning class com.github.tartaricacid.touhoulittlemaid.client.event.ReloadResourceEvent for @SubscribeEvent-annotated methods
[04:00:10] [modloading-worker-0/DEBUG] [ne.ne.fm.ja.AutomaticEventSubscriber/]: Subscribing @EventBusSubscriber class Lcom/github/tartaricacid/touhoulittlemaid/client/event/ReloadResourceEvent; to the mod event bus of mod touhou_little_maid
[04:00:10] [modloading-worker-0/DEBUG] [ne.ne.fm.ja.AutomaticEventSubscriber/LOADING]: Scanning class com.github.tartaricacid.touhoulittlemaid.client.event.PressAIChatKeyEvent for @SubscribeEvent-annotated methods
[04:00:10] [modloading-worker-0/DEBUG] [ne.ne.fm.ja.AutomaticEventSubscriber/]: Subscribing @EventBusSubscriber class Lcom/github/tartaricacid/touhoulittlemaid/client/event/PressAIChatKeyEvent; to the game event bus
[04:00:10] [modloading-worker-0/DEBUG] [ne.ne.fm.ja.AutomaticEventSubscriber/LOADING]: Scanning class com.github.tartaricacid.touhoulittlemaid.client.event.PlayMaidSoundEvent for @SubscribeEvent-annotated methods
[04:00:10] [modloading-worker-0/DEBUG] [ne.ne.fm.ja.AutomaticEventSubscriber/]: Subscribing @EventBusSubscriber class Lcom/github/tartaricacid/touhoulittlemaid/client/event/PlayMaidSoundEvent; to the game event bus
[04:00:10] [modloading-worker-0/DEBUG] [ne.ne.fm.ja.AutomaticEventSubscriber/LOADING]: Scanning class com.github.tartaricacid.touhoulittlemaid.client.event.PlayerLoggedInNotice for @SubscribeEvent-annotated methods
[04:00:10] [modloading-worker-0/DEBUG] [ne.ne.fm.ja.AutomaticEventSubscriber/]: Subscribing @EventBusSubscriber class Lcom/github/tartaricacid/touhoulittlemaid/client/event/PlayerLoggedInNotice; to the game event bus
[04:00:10] [modloading-worker-0/DEBUG] [ne.ne.fm.ja.AutomaticEventSubscriber/LOADING]: Scanning class com.github.tartaricacid.touhoulittlemaid.client.event.MaidSoundFreqEvent for @SubscribeEvent-annotated methods
[04:00:10] [modloading-worker-0/DEBUG] [ne.ne.fm.ja.AutomaticEventSubscriber/]: Subscribing @EventBusSubscriber class Lcom/github/tartaricacid/touhoulittlemaid/client/event/MaidSoundFreqEvent; to the game event bus
[04:00:10] [modloading-worker-0/DEBUG] [ne.ne.fm.ja.AutomaticEventSubscriber/LOADING]: Scanning class com.github.tartaricacid.touhoulittlemaid.client.event.MaidAreaRenderEvent for @SubscribeEvent-annotated methods
[04:00:10] [modloading-worker-0/DEBUG] [ne.ne.fm.ja.AutomaticEventSubscriber/]: Subscribing @EventBusSubscriber class Lcom/github/tartaricacid/touhoulittlemaid/client/event/MaidAreaRenderEvent; to the game event bus
[04:00:10] [modloading-worker-0/DEBUG] [ne.ne.fm.ja.AutomaticEventSubscriber/LOADING]: Scanning class com.github.tartaricacid.touhoulittlemaid.client.event.CompassRenderEvent for @SubscribeEvent-annotated methods
[04:00:10] [modloading-worker-0/DEBUG] [ne.ne.fm.ja.AutomaticEventSubscriber/]: Subscribing @EventBusSubscriber class Lcom/github/tartaricacid/touhoulittlemaid/client/event/CompassRenderEvent; to the game event bus
[04:00:10] [modloading-worker-0/DEBUG] [ne.ne.fm.ja.AutomaticEventSubscriber/LOADING]: Scanning class com.github.tartaricacid.touhoulittlemaid.client.event.ClientPackDownloadEvent for @SubscribeEvent-annotated methods
[04:00:10] [modloading-worker-0/DEBUG] [ne.ne.fm.ja.AutomaticEventSubscriber/]: Subscribing @EventBusSubscriber class Lcom/github/tartaricacid/touhoulittlemaid/client/event/ClientPackDownloadEvent; to the mod event bus of mod touhou_little_maid
[04:00:10] [modloading-worker-0/DEBUG] [ne.ne.fm.ja.AutomaticEventSubscriber/LOADING]: Scanning class com.github.tartaricacid.touhoulittlemaid.client.event.CarryMaidHideArmEvent for @SubscribeEvent-annotated methods
[04:00:10] [modloading-worker-0/DEBUG] [ne.ne.fm.ja.AutomaticEventSubscriber/]: Subscribing @EventBusSubscriber class Lcom/github/tartaricacid/touhoulittlemaid/client/event/CarryMaidHideArmEvent; to the game event bus
[04:00:10] [modloading-worker-0/DEBUG] [ne.ne.fm.ja.AutomaticEventSubscriber/LOADING]: Scanning class com.github.tartaricacid.touhoulittlemaid.client.event.AddInformationEvent for @SubscribeEvent-annotated methods
[04:00:10] [modloading-worker-0/DEBUG] [ne.ne.fm.ja.AutomaticEventSubscriber/]: Subscribing @EventBusSubscriber class Lcom/github/tartaricacid/touhoulittlemaid/client/event/AddInformationEvent; to the game event bus
[04:00:10] [modloading-worker-0/DEBUG] [ne.ne.fm.ja.AutomaticEventSubscriber/LOADING]: Scanning class com.github.tartaricacid.touhoulittlemaid.client.download.InfoGetManager for @SubscribeEvent-annotated methods
[04:00:10] [modloading-worker-0/DEBUG] [ne.ne.fm.ja.AutomaticEventSubscriber/]: Subscribing @EventBusSubscriber class Lcom/github/tartaricacid/touhoulittlemaid/client/download/InfoGetManager; to the mod event bus of mod touhou_little_maid
[04:00:10] [modloading-worker-0/DEBUG] [ne.ne.fm.ja.AutomaticEventSubscriber/LOADING]: Scanning class com.github.tartaricacid.simplebedrockmodel.client.manager.BedrockEntityModelRegister for @SubscribeEvent-annotated methods
[04:00:10] [modloading-worker-0/DEBUG] [ne.ne.fm.ja.AutomaticEventSubscriber/]: Subscribing @EventBusSubscriber class Lcom/github/tartaricacid/simplebedrockmodel/client/manager/BedrockEntityModelRegister; to the mod event bus of mod touhou_little_maid
[04:00:10] [modloading-worker-0/DEBUG] [ne.ne.fm.ja.AutomaticEventSubscriber/LOADING]: Scanning class com.github.tartaricacid.simplebedrockmodel.client.ClientSetupEvent for @SubscribeEvent-annotated methods
[04:00:10] [modloading-worker-0/DEBUG] [ne.ne.fm.ja.AutomaticEventSubscriber/]: Subscribing @EventBusSubscriber class Lcom/github/tartaricacid/simplebedrockmodel/client/ClientSetupEvent; to the mod event bus of mod touhou_little_maid
[04:00:11] [modloading-sync-worker/DEBUG] [mixin/]: Mixing client.HumanoidModelMixin from touhou_little_maid.mixins.json into net.minecraft.client.model.HumanoidModel
[04:00:11] [modloading-sync-worker/DEBUG] [mixin/]: touhou_little_maid.mixins.json:client.HumanoidModelMixin from mod touhou_little_maid: Class version 65 required is higher than the class version supported by the current version of Mixin (JAVA_17 supports class version 61)
[04:00:11] [modloading-sync-worker/DEBUG] [mixin/]: Mixing client.HumanoidModelMixin from create.mixins.json into net.minecraft.client.model.HumanoidModel
[04:00:11] [modloading-sync-worker/DEBUG] [mixin/]: touhou_little_maid.mixins.json:client.HumanoidModelMixin from mod touhou_little_maid->@Inject::setRotationAnglesHead(Lnet/minecraft/world/entity/LivingEntity;FFFFFLorg/spongepowered/asm/mixin/injection/callback/CallbackInfo;)V doesn't use it's CallbackInfo
[04:00:11] [modloading-sync-worker/DEBUG] [mixin/]: touhou_little_maid.mixins.json:client.HumanoidModelMixin from mod touhou_little_maid->@Inject::setRotationAnglesHead(Lnet/minecraft/world/entity/LivingEntity;FFFFFLorg/spongepowered/asm/mixin/injection/callback/CallbackInfo;)V has 0 override(s) in child classes
[04:00:11] [modloading-sync-worker/DEBUG] [mixin/]: touhou_little_maid.mixins.json:client.HumanoidModelMixin from mod touhou_little_maid->@Inject::setRotationAnglesHead(Lnet/minecraft/world/entity/LivingEntity;FFFFFLorg/spongepowered/asm/mixin/injection/callback/CallbackInfo;)V won't be passed a CallbackInfo as a result
[04:00:11] [modloading-sync-worker/DEBUG] [mixin/]: create.mixins.json:client.HumanoidModelMixin from mod create->@Inject::create$afterSetupAnim(Lnet/minecraft/world/entity/LivingEntity;FFFFFLorg/spongepowered/asm/mixin/injection/callback/CallbackInfo;)V doesn't use it's CallbackInfo
[04:00:11] [modloading-sync-worker/DEBUG] [mixin/]: create.mixins.json:client.HumanoidModelMixin from mod create->@Inject::create$afterSetupAnim(Lnet/minecraft/world/entity/LivingEntity;FFFFFLorg/spongepowered/asm/mixin/injection/callback/CallbackInfo;)V has 0 override(s) in child classes
[04:00:11] [modloading-sync-worker/DEBUG] [mixin/]: create.mixins.json:client.HumanoidModelMixin from mod create->@Inject::create$afterSetupAnim(Lnet/minecraft/world/entity/LivingEntity;FFFFFLorg/spongepowered/asm/mixin/injection/callback/CallbackInfo;)V won't be passed a CallbackInfo as a result
[04:00:11] [modloading-sync-worker/DEBUG] [mixin/]: create.mixins.json:client.HumanoidModelMixin from mod create->@Inject::create$afterSetupAnim(Lnet/minecraft/world/entity/LivingEntity;FFFFFLorg/spongepowered/asm/mixin/injection/callback/CallbackInfo;)V doesn't use it's CallbackInfo
[04:00:11] [modloading-sync-worker/DEBUG] [mixin/]: create.mixins.json:client.HumanoidModelMixin from mod create->@Inject::create$afterSetupAnim(Lnet/minecraft/world/entity/LivingEntity;FFFFFLorg/spongepowered/asm/mixin/injection/callback/CallbackInfo;)V has 0 override(s) in child classes
[04:00:11] [modloading-sync-worker/DEBUG] [mixin/]: create.mixins.json:client.HumanoidModelMixin from mod create->@Inject::create$afterSetupAnim(Lnet/minecraft/world/entity/LivingEntity;FFFFFLorg/spongepowered/asm/mixin/injection/callback/CallbackInfo;)V won't be passed a CallbackInfo as a result
[04:00:11] [modloading-sync-worker/DEBUG] [mixin/]: create.mixins.json:client.HumanoidModelMixin from mod create->@Inject::create$beforeSetupAnim(Lnet/minecraft/world/entity/LivingEntity;FFFFFLorg/spongepowered/asm/mixin/injection/callback/CallbackInfo;)V doesn't use it's CallbackInfo
[04:00:11] [modloading-sync-worker/DEBUG] [mixin/]: create.mixins.json:client.HumanoidModelMixin from mod create->@Inject::create$beforeSetupAnim(Lnet/minecraft/world/entity/LivingEntity;FFFFFLorg/spongepowered/asm/mixin/injection/callback/CallbackInfo;)V has 0 override(s) in child classes
[04:00:11] [modloading-sync-worker/DEBUG] [mixin/]: create.mixins.json:client.HumanoidModelMixin from mod create->@Inject::create$beforeSetupAnim(Lnet/minecraft/world/entity/LivingEntity;FFFFFLorg/spongepowered/asm/mixin/injection/callback/CallbackInfo;)V won't be passed a CallbackInfo as a result
[04:00:11] [modloading-sync-worker/DEBUG] [mixin/]: create.mixins.json:client.HumanoidModelMixin from mod create->@Inject::create$beforeSetupAnim(Lnet/minecraft/world/entity/LivingEntity;FFFFFLorg/spongepowered/asm/mixin/injection/callback/CallbackInfo;)V doesn't use it's CallbackInfo
[04:00:11] [modloading-sync-worker/DEBUG] [mixin/]: create.mixins.json:client.HumanoidModelMixin from mod create->@Inject::create$beforeSetupAnim(Lnet/minecraft/world/entity/LivingEntity;FFFFFLorg/spongepowered/asm/mixin/injection/callback/CallbackInfo;)V has 0 override(s) in child classes
[04:00:11] [modloading-sync-worker/DEBUG] [mixin/]: create.mixins.json:client.HumanoidModelMixin from mod create->@Inject::create$beforeSetupAnim(Lnet/minecraft/world/entity/LivingEntity;FFFFFLorg/spongepowered/asm/mixin/injection/callback/CallbackInfo;)V won't be passed a CallbackInfo as a result
[04:00:11] [modloading-sync-worker/DEBUG] [mixin/]: Mixing accessor.AgeableListModelAccessor from create.mixins.json into net.minecraft.client.model.AgeableListModel
[04:00:11] [modloading-sync-worker/DEBUG] [mixin/]: Mixing NumericTagMixin from kubejs.mixins.json into net.minecraft.nbt.NumericTag
[04:00:11] [modloading-sync-worker/DEBUG] [mixin/]: Mixing client.ItemPropertiesMixin from touhou_little_maid.mixins.json into net.minecraft.client.renderer.item.ItemProperties
[04:00:11] [modloading-sync-worker/DEBUG] [mixin/]: touhou_little_maid.mixins.json:client.ItemPropertiesMixin from mod touhou_little_maid: Class version 65 required is higher than the class version supported by the current version of Mixin (JAVA_17 supports class version 61)
[04:00:11] [modloading-sync-worker/DEBUG] [mixin/]: touhou_little_maid.mixins.json:client.ItemPropertiesMixin from mod touhou_little_maid->@Inject::onItemRender(Lnet/minecraft/world/item/ItemStack;Lnet/minecraft/client/multiplayer/ClientLevel;Lnet/minecraft/world/entity/LivingEntity;ILorg/spongepowered/asm/mixin/injection/callback/CallbackInfoReturnable;)V does use it's CallbackInfoReturnable
[04:00:11] [modloading-sync-worker/DEBUG] [mixin/]: Mixing accessor.ItemModelGeneratorsAccessor from create.mixins.json into net.minecraft.data.models.ItemModelGenerators
[04:00:11] [modloading-sync-worker/DEBUG] [mixin/]: Renaming @Accessor method create$getGENERATED_TRIM_MODELS()Ljava/util/List; to getGENERATED_TRIM_MODELS$create_$md$4eef09$0 in create.mixins.json:accessor.ItemModelGeneratorsAccessor from mod create
[04:00:11] [modloading-sync-worker/DEBUG] [mixin/]: Mixing CanItemPerformAbilityAccess from jade.mixins.json into net.neoforged.neoforge.common.loot.CanItemPerformAbility
[04:00:11] [modloading-sync-worker/DEBUG] [mixin/]: jade.mixins.json:CanItemPerformAbilityAccess from mod jade: Class version 65 required is higher than the class version supported by the current version of Mixin (JAVA_16 supports class version 60)
[04:00:11] [modloading-sync-worker/DEBUG] [mixin/]: Mixing TagEmptyConditionMixin from kubejs.mixins.json into net.neoforged.neoforge.common.conditions.TagEmptyCondition
[04:00:11] [modloading-sync-worker/DEBUG] [mixin/]: kubejs.mixins.json:TagEmptyConditionMixin from mod kubejs->@Inject::kjs$test(Lnet/neoforged/neoforge/common/conditions/ICondition$IContext;Lorg/spongepowered/asm/mixin/injection/callback/CallbackInfoReturnable;)V does use it's CallbackInfoReturnable
[04:00:11] [modloading-sync-worker/DEBUG] [mixin/]: Mixing CompoundIngredientMixin from kubejs.mixins.json into net.neoforged.neoforge.common.crafting.CompoundIngredient
[04:00:11] [modloading-sync-worker/DEBUG] [mixin/]: Mixing DifferenceIngredientMixin from kubejs.mixins.json into net.neoforged.neoforge.common.crafting.DifferenceIngredient
[04:00:11] [modloading-sync-worker/DEBUG] [mixin/]: Mixing IntersectionIngredientMixin from kubejs.mixins.json into net.neoforged.neoforge.common.crafting.IntersectionIngredient
[04:00:12] [modloading-sync-worker/DEBUG] [ne.ne.fm.co.ConfigTracker/CONFIG]: Loading configs type CLIENT
[04:00:12] [modloading-sync-worker/DEBUG] [ne.ne.fm.co.ConfigTracker/CONFIG]: Loaded TOML config file F:\Minecraft\ModDev\PoopSkyMod\run\config\appleskin-client.toml
[04:00:12] [modloading-sync-worker/DEBUG] [ne.ne.fm.co.ConfigTracker/CONFIG]: Watching TOML config file F:\Minecraft\ModDev\PoopSkyMod\run\config\appleskin-client.toml for changes
[04:00:12] [modloading-sync-worker/DEBUG] [betteradvancements/]: Loaded betteradvancements config file betteradvancements-client.toml
[04:00:12] [modloading-sync-worker/DEBUG] [ne.ne.fm.co.ConfigTracker/CONFIG]: Loaded TOML config file F:\Minecraft\ModDev\PoopSkyMod\run\config\betteradvancements-client.toml
[04:00:12] [modloading-sync-worker/DEBUG] [ne.ne.fm.co.ConfigTracker/CONFIG]: Watching TOML config file F:\Minecraft\ModDev\PoopSkyMod\run\config\betteradvancements-client.toml for changes
[04:00:12] [modloading-sync-worker/DEBUG] [ne.ne.fm.co.ConfigTracker/CONFIG]: Loaded TOML config file F:\Minecraft\ModDev\PoopSkyMod\run\config\farmersdelight-client.toml
[04:00:12] [modloading-sync-worker/DEBUG] [ne.ne.fm.co.ConfigTracker/CONFIG]: Watching TOML config file F:\Minecraft\ModDev\PoopSkyMod\run\config\farmersdelight-client.toml for changes
[04:00:12] [modloading-sync-worker/DEBUG] [ne.ne.fm.co.ConfigTracker/CONFIG]: Loaded TOML config file F:\Minecraft\ModDev\PoopSkyMod\run\config\flywheel-client.toml
[04:00:12] [modloading-sync-worker/DEBUG] [ne.ne.fm.co.ConfigTracker/CONFIG]: Watching TOML config file F:\Minecraft\ModDev\PoopSkyMod\run\config\flywheel-client.toml for changes
[04:00:12] [modloading-sync-worker/DEBUG] [ne.ne.ne.co.NeoForgeConfig/FORGEMOD]: Loaded NeoForge config file neoforge-client.toml
[04:00:12] [modloading-sync-worker/DEBUG] [ne.ne.fm.co.ConfigTracker/CONFIG]: Loaded TOML config file F:\Minecraft\ModDev\PoopSkyMod\run\config\neoforge-client.toml
[04:00:12] [modloading-sync-worker/DEBUG] [ne.ne.fm.co.ConfigTracker/CONFIG]: Watching TOML config file F:\Minecraft\ModDev\PoopSkyMod\run\config\neoforge-client.toml for changes
[04:00:12] [modloading-sync-worker/DEBUG] [ne.ne.fm.co.ConfigTracker/CONFIG]: Loaded TOML config file F:\Minecraft\ModDev\PoopSkyMod\run\config\ponder-client.toml
[04:00:12] [modloading-sync-worker/DEBUG] [ne.ne.fm.co.ConfigTracker/CONFIG]: Watching TOML config file F:\Minecraft\ModDev\PoopSkyMod\run\config\ponder-client.toml for changes
[04:00:12] [modloading-sync-worker/DEBUG] [ne.ne.fm.co.ConfigTracker/CONFIG]: Loaded TOML config file F:\Minecraft\ModDev\PoopSkyMod\run\config\better-advanced-tooltips-client.toml
[04:00:12] [modloading-sync-worker/DEBUG] [ne.ne.fm.co.ConfigTracker/CONFIG]: Watching TOML config file F:\Minecraft\ModDev\PoopSkyMod\run\config\better-advanced-tooltips-client.toml for changes
[04:00:12] [modloading-sync-worker/DEBUG] [ne.ne.fm.co.ConfigTracker/CONFIG]: Loaded TOML config file F:\Minecraft\ModDev\PoopSkyMod\run\config\create-client.toml
[04:00:12] [modloading-sync-worker/DEBUG] [ne.ne.fm.co.ConfigTracker/CONFIG]: Watching TOML config file F:\Minecraft\ModDev\PoopSkyMod\run\config\create-client.toml for changes
[04:00:12] [modloading-sync-worker/DEBUG] [ne.ne.fm.co.ConfigTracker/CONFIG]: Loading configs type COMMON
[04:00:12] [modloading-sync-worker/DEBUG] [ne.ne.fm.co.ConfigTracker/CONFIG]: Loaded TOML config file F:\Minecraft\ModDev\PoopSkyMod\run\config\farmersdelight-common.toml
[04:00:12] [modloading-sync-worker/DEBUG] [ne.ne.fm.co.ConfigTracker/CONFIG]: Watching TOML config file F:\Minecraft\ModDev\PoopSkyMod\run\config\farmersdelight-common.toml for changes
[04:00:12] [modloading-sync-worker/DEBUG] [ne.ne.fm.co.ConfigTracker/CONFIG]: Loaded TOML config file F:\Minecraft\ModDev\PoopSkyMod\run\config\powerful_dummy-common.toml
[04:00:12] [modloading-sync-worker/DEBUG] [ne.ne.fm.co.ConfigTracker/CONFIG]: Watching TOML config file F:\Minecraft\ModDev\PoopSkyMod\run\config\powerful_dummy-common.toml for changes
[04:00:12] [modloading-sync-worker/DEBUG] [ne.ne.ne.co.NeoForgeConfig/FORGEMOD]: Loaded NeoForge config file neoforge-common.toml
[04:00:12] [modloading-sync-worker/DEBUG] [ne.ne.fm.co.ConfigTracker/CONFIG]: Loaded TOML config file F:\Minecraft\ModDev\PoopSkyMod\run\config\neoforge-common.toml
[04:00:12] [modloading-sync-worker/DEBUG] [ne.ne.fm.co.ConfigTracker/CONFIG]: Watching TOML config file F:\Minecraft\ModDev\PoopSkyMod\run\config\neoforge-common.toml for changes
[04:00:12] [modloading-sync-worker/DEBUG] [ne.ne.fm.co.ConfigTracker/CONFIG]: Loaded TOML config file F:\Minecraft\ModDev\PoopSkyMod\run\config\poopsky-common.toml
[04:00:12] [modloading-sync-worker/DEBUG] [ne.ne.fm.co.ConfigTracker/CONFIG]: Watching TOML config file F:\Minecraft\ModDev\PoopSkyMod\run\config\poopsky-common.toml for changes
[04:00:12] [modloading-sync-worker/DEBUG] [ne.ne.fm.co.ConfigTracker/CONFIG]: Loaded TOML config file F:\Minecraft\ModDev\PoopSkyMod\run\config\touhou_little_maid-common.toml
[04:00:12] [modloading-sync-worker/DEBUG] [ne.ne.fm.co.ConfigTracker/CONFIG]: Watching TOML config file F:\Minecraft\ModDev\PoopSkyMod\run\config\touhou_little_maid-common.toml for changes
[04:00:12] [modloading-sync-worker/DEBUG] [ne.ne.fm.co.ConfigTracker/CONFIG]: Loaded TOML config file F:\Minecraft\ModDev\PoopSkyMod\run\config\create-common.toml
[04:00:12] [modloading-sync-worker/DEBUG] [ne.ne.fm.co.ConfigTracker/CONFIG]: Watching TOML config file F:\Minecraft\ModDev\PoopSkyMod\run\config\create-common.toml for changes
[04:00:12] [Render thread/DEBUG] [mixin/]: Mixing client.CameraMixin from create.mixins.json into net.minecraft.client.Camera
[04:00:12] [Render thread/DEBUG] [mixin/]: Mixing client.accessor.BufferBuilderAccessor from ponder-common.mixins.json into com.mojang.blaze3d.vertex.BufferBuilder
[04:00:12] [Render thread/DEBUG] [mixin/]: ponder-common.mixins.json:client.accessor.BufferBuilderAccessor from mod ponder: Class version 65 required is higher than the class version supported by the current version of Mixin (JAVA_17 supports class version 61)
[04:00:12] [Render thread/INFO] [ne.ne.ne.ga.GameTestHooks/]: Enabled Gametest Namespaces: [poopsky]
[04:00:12] [Render thread/DEBUG] [mixin/]: Mixing accessor.GameTestHelperAccessor from create.mixins.json into net.minecraft.gametest.framework.GameTestHelper
[04:00:13] [Render thread/DEBUG] [mixin/]: Mixing RecipeBookWidgetMixin from emi.mixins.json into net.minecraft.client.gui.screens.recipebook.RecipeBookComponent
[04:00:13] [Render thread/DEBUG] [mixin/]: emi.mixins.json:RecipeBookWidgetMixin from mod emi: Class version 65 required is higher than the class version supported by the current version of Mixin (JAVA_17 supports class version 61)
[04:00:13] [Render thread/DEBUG] [mixin/]: emi.mixins.json:RecipeBookWidgetMixin from mod emi->@Inject::toggleOpen(Lorg/spongepowered/asm/mixin/injection/callback/CallbackInfo;)V does use it's CallbackInfo
[04:00:13] [Render thread/DEBUG] [mixin/]: Mixing client.PlayerRendererMixin from create.mixins.json into net.minecraft.client.renderer.entity.player.PlayerRenderer
[04:00:13] [Render thread/DEBUG] [mixin/]: create.mixins.json:client.PlayerRendererMixin from mod create->@Inject::create$onGetArmPose(Lnet/minecraft/client/player/AbstractClientPlayer;Lnet/minecraft/world/InteractionHand;Lorg/spongepowered/asm/mixin/injection/callback/CallbackInfoReturnable;)V does use it's CallbackInfoReturnable
[04:00:13] [Render thread/DEBUG] [mixin/]: Mixing client.LivingEntityRendererMixin from touhou_little_maid.mixins.json into net.minecraft.client.renderer.entity.LivingEntityRenderer
[04:00:13] [Render thread/DEBUG] [mixin/]: touhou_little_maid.mixins.json:client.LivingEntityRendererMixin from mod touhou_little_maid: Class version 65 required is higher than the class version supported by the current version of Mixin (JAVA_17 supports class version 61)
[04:00:13] [Render thread/DEBUG] [mixin/]: Mixing accessor.HumanoidArmorLayerAccessor from create.mixins.json into net.minecraft.client.renderer.entity.layers.HumanoidArmorLayer
[04:00:13] [Render thread/DEBUG] [mixin/]: Renaming @Accessor method create$getArmorLocationCache()Ljava/util/Map; to getArmorLocationCache$create_$md$4eef09$0 in create.mixins.json:accessor.HumanoidArmorLayerAccessor from mod create
[04:00:13] [Render thread/DEBUG] [mixin/]: Mixing client.HumanoidArmorLayerMixin from create.mixins.json into net.minecraft.client.renderer.entity.layers.HumanoidArmorLayer
[04:00:13] [Render thread/DEBUG] [mixin/]: create.mixins.json:client.HumanoidArmorLayerMixin from mod create->@Inject::create$onRenderArmorPiece(Lcom/mojang/blaze3d/vertex/PoseStack;Lnet/minecraft/client/renderer/MultiBufferSource;Lnet/minecraft/world/entity/LivingEntity;Lnet/minecraft/world/entity/EquipmentSlot;ILnet/minecraft/client/model/HumanoidModel;FFFFFFLorg/spongepowered/asm/mixin/injection/callback/CallbackInfo;)V does use it's CallbackInfo
[04:00:13] [Render thread/DEBUG] [mixin/]: Mixing ModelPartAccessor from flywheel.impl.mixins.json into net.minecraft.client.model.geom.ModelPart
[04:00:13] [Render thread/INFO] [KubeJS/]: Loaded 25 asset packs: vanilla, KubeJS Virtual Resource Pack [Before Mods, assets], mod_resources, mod/farmersdelight, mod/emi, mod/rhino, mod/jade, mod/appleskin, mod/jei, mod/poopsky, mod/flywheel, mod/ponder, mod/touhou_little_maid, mod/sablecompanion, mod/create, mod/frog_variant_mod_1782245873, mod/powerful_dummy, mod/neoforge, mod/kubejs, mod/betteradvancedtooltips, KubeJS Virtual Resource Pack [Internal, assets], KubeJS Virtual Resource Pack [After Mods, assets], KubeJS File Resource Pack [assets], mod/betteradvancements, KubeJS Virtual Resource Pack [Last, assets]
[04:00:13] [Render thread/INFO] [minecraft/ReloadableResourceManager]: Reloading ResourceManager: vanilla, KubeJS Virtual Resource Pack [Before Mods, assets], mod_resources, mod/farmersdelight, mod/emi, mod/rhino, mod/jade, mod/appleskin, mod/jei, mod/poopsky, mod/flywheel, mod/ponder, mod/touhou_little_maid, mod/sablecompanion, mod/create, mod/frog_variant_mod_1782245873, mod/powerful_dummy, mod/neoforge, mod/kubejs, mod/betteradvancedtooltips, KubeJS Virtual Resource Pack [Internal, assets], KubeJS Virtual Resource Pack [After Mods, assets], KubeJS File Resource Pack [assets], mod/betteradvancements, KubeJS Virtual Resource Pack [Last, assets]
[04:00:13] [Worker-Main-1/INFO] [simplebedrockmodel/]: Loading bedrock model file: touhou_little_maid:models/bedrock/block/shrine.json
[04:00:13] [Worker-Main-4/DEBUG] [mixin/]: Mixing accessor.FluidInteractionRegistryAccessor from create.mixins.json into net.neoforged.neoforge.fluids.FluidInteractionRegistry
[04:00:13] [Worker-Main-4/DEBUG] [mixin/]: Renaming @Accessor method getInteractions()Ljava/util/Map; to getInteractions$create_$md$4eef09$0 in create.mixins.json:accessor.FluidInteractionRegistryAccessor from mod create
[04:00:13] [Worker-Main-1/INFO] [simplebedrockmodel/]: Loading bedrock model file: touhou_little_maid:models/bedrock/block/altar.json
[04:00:13] [Worker-Main-1/INFO] [simplebedrockmodel/]: Loading bedrock model file: touhou_little_maid:models/bedrock/entity/backpack/tank_backpack.json
[04:00:13] [Worker-Main-1/INFO] [simplebedrockmodel/]: Loading bedrock model file: touhou_little_maid:models/bedrock/entity/maid_fairy.json
[04:00:13] [Worker-Main-1/INFO] [simplebedrockmodel/]: Loading bedrock model file: touhou_little_maid:models/bedrock/entity/backpack/small_backpack.json
[04:00:13] [Worker-Main-1/INFO] [simplebedrockmodel/]: Loading bedrock model file: touhou_little_maid:models/bedrock/entity/broom.json
[04:00:13] [Worker-Main-1/INFO] [simplebedrockmodel/]: Loading bedrock model file: touhou_little_maid:models/bedrock/block/maid_bed/black.json
[04:00:13] [Worker-Main-1/INFO] [simplebedrockmodel/]: Loading bedrock model file: touhou_little_maid:models/bedrock/block/cchess.json
[04:00:13] [Worker-Main-1/INFO] [simplebedrockmodel/]: Loading bedrock model file: touhou_little_maid:models/bedrock/block/gomoku.json
[04:00:13] [Worker-Main-1/INFO] [simplebedrockmodel/]: Loading bedrock model file: touhou_little_maid:models/bedrock/block/maid_bed/yellow.json
[04:00:13] [Worker-Main-1/INFO] [simplebedrockmodel/]: Loading bedrock model file: touhou_little_maid:models/bedrock/block/computer.json
[04:00:13] [Worker-Main-1/INFO] [simplebedrockmodel/]: Loading bedrock model file: touhou_little_maid:models/bedrock/block/gomoku_piece.json
[04:00:13] [Worker-Main-1/INFO] [simplebedrockmodel/]: Loading bedrock model file: touhou_little_maid:models/bedrock/block/bookshelf.json
[04:00:13] [Render thread/INFO] [KubeJS Client/]: Client resource reload complete!
[04:00:13] [Render thread/DEBUG] [ne.ne.fm.DeferredWorkQueue/LOADING]: Dispatching synchronous work for work queue Common setup: 8 jobs
[04:00:13] [Worker-Main-1/INFO] [simplebedrockmodel/]: Loading bedrock model file: touhou_little_maid:models/bedrock/block/maid_bed/blue.json
[04:00:13] [Worker-Main-1/INFO] [simplebedrockmodel/]: Loading bedrock model file: touhou_little_maid:models/bedrock/entity/backpack/end_chest_backpack.json
[04:00:13] [Render thread/DEBUG] [touhou_little_maid/ServerCustomPackLoader]: Touhou little maid mod's model is loading...
[04:00:13] [Worker-Main-10/INFO] [minecraft/UnihexProvider]: Found unifont_all_no_pua-15.1.05.hex, loading
[04:00:13] [Worker-Main-1/INFO] [simplebedrockmodel/]: Loading bedrock model file: touhou_little_maid:models/bedrock/block/keyboard.json
[04:00:13] [Worker-Main-1/INFO] [simplebedrockmodel/]: Loading bedrock model file: touhou_little_maid:models/bedrock/entity/backpack/crafting_table_backpack.json
[04:00:13] [Worker-Main-1/INFO] [simplebedrockmodel/]: Loading bedrock model file: touhou_little_maid:models/bedrock/block/picnic_mat.json
[04:00:13] [Render thread/DEBUG] [touhou_little_maid/ServerCustomPackLoader]: Loaded model info: authors_and_credits:wine_fox_maid
[04:00:13] [Render thread/DEBUG] [touhou_little_maid/ServerCustomPackLoader]: Loaded model info: authors_and_credits:sazuki
[04:00:13] [Render thread/DEBUG] [touhou_little_maid/ServerCustomPackLoader]: Loaded model info: authors_and_credits:pajinyi
[04:00:13] [Render thread/DEBUG] [touhou_little_maid/ServerCustomPackLoader]: Loaded model info: authors_and_credits:fledge
[04:00:13] [Render thread/DEBUG] [touhou_little_maid/ServerCustomPackLoader]: Loaded model info: authors_and_credits:clocklalier
[04:00:13] [Render thread/DEBUG] [touhou_little_maid/ServerCustomPackLoader]: Loaded model info: authors_and_credits:cyra
[04:00:13] [Render thread/DEBUG] [touhou_little_maid/ServerCustomPackLoader]: Loaded model info: authors_and_credits:cyra_b2eb6fe570df68d353aa9d07b127b902
[04:00:13] [Render thread/DEBUG] [touhou_little_maid/ServerCustomPackLoader]: Loaded model info: authors_and_credits:mory_chan
[04:00:13] [Render thread/DEBUG] [touhou_little_maid/ServerCustomPackLoader]: Loaded model info: authors_and_credits:flower_candy
[04:00:13] [Render thread/DEBUG] [touhou_little_maid/ServerCustomPackLoader]: Touhou little maid mod's model is loaded
[04:00:13] [Render thread/DEBUG] [touhou_little_maid/ServerCustomPackLoader]: Touhou little maid mod's model is loading...
[04:00:13] [Render thread/DEBUG] [touhou_little_maid/ServerCustomPackLoader]: Touhou little maid mod's model is loading...
[04:00:13] [Render thread/DEBUG] [touhou_little_maid/ServerCustomPackLoader]: Loaded model info: geckolib:winefox
[04:00:13] [Render thread/DEBUG] [touhou_little_maid/ServerCustomPackLoader]: Loaded model info: geckolib:winefox_blue
[04:00:13] [Render thread/DEBUG] [touhou_little_maid/ServerCustomPackLoader]: Loaded model info: geckolib:winefox_hanfu
[04:00:13] [Render thread/DEBUG] [touhou_little_maid/ServerCustomPackLoader]: Loaded model info: geckolib:winefox_new_year
[04:00:13] [Render thread/DEBUG] [touhou_little_maid/ServerCustomPackLoader]: Loaded model info: geckolib:winefox_jk
[04:00:13] [Render thread/DEBUG] [touhou_little_maid/ServerCustomPackLoader]: Loaded model info: geckolib:winefox_astronaut
[04:00:13] [Render thread/DEBUG] [touhou_little_maid/ServerCustomPackLoader]: Loaded model info: geckolib:winefox_kongfu
[04:00:13] [Render thread/DEBUG] [touhou_little_maid/ServerCustomPackLoader]: Loaded model info: geckolib:winefox_kongfu_163d46bab6d00d2e2910d32b83c7de53
[04:00:13] [Render thread/DEBUG] [touhou_little_maid/ServerCustomPackLoader]: Loaded model info: geckolib:winefox_kongfu_9dcb55de5689ffa419d9009d3eb82cac
[04:00:13] [Render thread/DEBUG] [touhou_little_maid/ServerCustomPackLoader]: Loaded model info: geckolib:winefox_kongfu_a4dbe4e83a24193e1005a40204c415ac
[04:00:13] [Render thread/DEBUG] [touhou_little_maid/ServerCustomPackLoader]: Loaded model info: geckolib:winefox_kongfu_538780bcc09da2d92795797b65aefe87
[04:00:13] [Render thread/DEBUG] [touhou_little_maid/ServerCustomPackLoader]: Loaded model info: geckolib:winefox_kongfu_15030e12f688c8163573af95dc4c6728
[04:00:13] [Render thread/DEBUG] [touhou_little_maid/ServerCustomPackLoader]: Loaded model info: geckolib:winefox_magical
[04:00:13] [Render thread/DEBUG] [touhou_little_maid/ServerCustomPackLoader]: Loaded model info: geckolib:winefox_magical_a12dc19190c076d8d24aff8714515c8e
[04:00:13] [Render thread/DEBUG] [touhou_little_maid/ServerCustomPackLoader]: Loaded model info: geckolib:winefox_magical_b073380075f0d30ea8bbcde8566f825e
[04:00:13] [Render thread/DEBUG] [touhou_little_maid/ServerCustomPackLoader]: Loaded model info: geckolib:winefox_magical_3b7aba412b5ededbab0780e258207bf0
[04:00:13] [Render thread/DEBUG] [touhou_little_maid/ServerCustomPackLoader]: Loaded model info: geckolib:winefox_magical_38ffa7d8d6f062b86c6bf88ac47a4c73
[04:00:13] [Render thread/DEBUG] [touhou_little_maid/ServerCustomPackLoader]: Loaded model info: geckolib:winefox_magical_7952f4718991f317b2f11926a90cbd10
[04:00:13] [Render thread/DEBUG] [touhou_little_maid/ServerCustomPackLoader]: Loaded model info: geckolib:winefox_salesperson
[04:00:13] [Render thread/DEBUG] [touhou_little_maid/ServerCustomPackLoader]: Loaded model info: geckolib:winefox_salesperson_84961723c2751ef4c6b9a0f8596f95cc
[04:00:13] [Render thread/DEBUG] [touhou_little_maid/ServerCustomPackLoader]: Loaded model info: geckolib:winefox_little
[04:00:13] [Render thread/DEBUG] [touhou_little_maid/ServerCustomPackLoader]: Loaded model info: geckolib:sta
[04:00:13] [Render thread/DEBUG] [touhou_little_maid/ServerCustomPackLoader]: Loaded model info: geckolib:zhiban
[04:00:13] [Render thread/DEBUG] [touhou_little_maid/ServerCustomPackLoader]: Loaded model info: geckolib:zhiban_hanfu
[04:00:13] [Render thread/DEBUG] [touhou_little_maid/ServerCustomPackLoader]: Loaded model info: geckolib:zhiban_new_year
[04:00:13] [Render thread/DEBUG] [touhou_little_maid/ServerCustomPackLoader]: Loaded model info: geckolib:hailuo_new_year
[04:00:13] [Render thread/DEBUG] [touhou_little_maid/ServerCustomPackLoader]: Loaded model info: geckolib:kluonoa
[04:00:13] [Render thread/DEBUG] [touhou_little_maid/ServerCustomPackLoader]: Loaded model info: geckolib:foxmaid
[04:00:13] [Render thread/DEBUG] [touhou_little_maid/ServerCustomPackLoader]: Touhou little maid mod's model is loaded
[04:00:13] [Worker-Main-1/INFO] [simplebedrockmodel/]: Loading bedrock model file: touhou_little_maid:models/bedrock/block/statue_base.json
[04:00:13] [Worker-Main-1/INFO] [simplebedrockmodel/]: Loading bedrock model file: touhou_little_maid:models/bedrock/block/wchess.json
[04:00:13] [Worker-Main-1/INFO] [simplebedrockmodel/]: Loading bedrock model file: touhou_little_maid:models/bedrock/block/picnic_basket.json
[04:00:13] [Worker-Main-1/INFO] [simplebedrockmodel/]: Loading bedrock model file: touhou_little_maid:models/bedrock/entity/maid_banner.json
[04:00:13] [Worker-Main-4/INFO] [minecraft/UnihexProvider]: Found unifont_jp_patch-15.1.05.hex, loading
[04:00:13] [Worker-Main-1/INFO] [simplebedrockmodel/]: Loading bedrock model file: touhou_little_maid:models/bedrock/block/cchess_pieces.json
[04:00:13] [Worker-Main-1/INFO] [simplebedrockmodel/]: Loading bedrock model file: touhou_little_maid:models/bedrock/block/maid_bed/purple.json
[04:00:13] [Worker-Main-1/INFO] [simplebedrockmodel/]: Loading bedrock model file: touhou_little_maid:models/bedrock/entity/tombstone.json
[04:00:13] [Worker-Main-1/INFO] [simplebedrockmodel/]: Loading bedrock model file: touhou_little_maid:models/bedrock/entity/cake_box.json
[04:00:13] [Worker-Main-1/INFO] [simplebedrockmodel/]: Loading bedrock model file: touhou_little_maid:models/bedrock/entity/backpack/middle_backpack.json
[04:00:13] [Worker-Main-1/INFO] [simplebedrockmodel/]: Loading bedrock model file: touhou_little_maid:models/bedrock/entity/new_maid_fairy.json
[04:00:13] [Worker-Main-1/INFO] [simplebedrockmodel/]: Loading bedrock model file: touhou_little_maid:models/bedrock/entity/backpack/big_backpack.json
[04:00:13] [Worker-Main-1/INFO] [simplebedrockmodel/]: Loading bedrock model file: touhou_little_maid:models/bedrock/block/maid_bed/pink.json
[04:00:13] [Worker-Main-1/INFO] [simplebedrockmodel/]: Loading bedrock model file: touhou_little_maid:models/bedrock/block/maid_bed/green.json
[04:00:13] [Worker-Main-1/INFO] [simplebedrockmodel/]: Loading bedrock model file: touhou_little_maid:models/bedrock/entity/marisa_yukkuri.json
[04:00:13] [Worker-Main-1/INFO] [simplebedrockmodel/]: Loading bedrock model file: touhou_little_maid:models/bedrock/block/wchess_pieces.json
[04:00:13] [Worker-Main-1/INFO] [simplebedrockmodel/]: Loading bedrock model file: touhou_little_maid:models/bedrock/entity/backpack/furnace_backpack.json
[04:00:13] [Worker-Main-1/INFO] [simplebedrockmodel/]: Loading bedrock model file: touhou_little_maid:models/bedrock/entity/reimu_yukkuri.json
[04:00:13] [Worker-Main-1/INFO] [simplebedrockmodel/]: Loading bedrock model file: touhou_little_maid:models/bedrock/block/maid_bed/white.json
[04:00:13] [Render thread/DEBUG] [touhou_little_maid/ServerCustomPackLoader]: Touhou little maid mod's model is loading...
[04:00:13] [Render thread/DEBUG] [touhou_little_maid/ServerCustomPackLoader]: Loaded model info: geckolib:qingluka
[04:00:13] [Render thread/DEBUG] [touhou_little_maid/ServerCustomPackLoader]: Touhou little maid mod's model is loaded
[04:00:13] [Render thread/DEBUG] [touhou_little_maid/ServerCustomPackLoader]: Touhou little maid mod's model is loading...
[04:00:13] [Render thread/DEBUG] [touhou_little_maid/ServerCustomPackLoader]: Touhou little maid mod's model is loading...
[04:00:13] [Render thread/DEBUG] [touhou_little_maid/ServerCustomPackLoader]: Touhou little maid mod's model is loading...
[04:00:13] [Render thread/DEBUG] [touhou_little_maid/ServerCustomPackLoader]: Loaded model info: minecraft_15th:alex
[04:00:13] [Render thread/DEBUG] [touhou_little_maid/ServerCustomPackLoader]: Loaded model info: minecraft_15th:rana
[04:00:13] [Render thread/DEBUG] [touhou_little_maid/ServerCustomPackLoader]: Loaded model info: minecraft_15th:natalie
[04:00:13] [Render thread/DEBUG] [touhou_little_maid/ServerCustomPackLoader]: Loaded model info: minecraft_15th:dawn
[04:00:13] [Render thread/DEBUG] [touhou_little_maid/ServerCustomPackLoader]: Touhou little maid mod's model is loaded
[04:00:13] [Render thread/DEBUG] [touhou_little_maid/ServerCustomPackLoader]: Touhou little maid mod's model is loading...
[04:00:13] [Render thread/DEBUG] [touhou_little_maid/ServerCustomPackLoader]: Touhou little maid mod's model is loading...
[04:00:13] [Render thread/DEBUG] [touhou_little_maid/ServerCustomPackLoader]: Touhou little maid mod's model is loading...
[04:00:13] [Render thread/DEBUG] [touhou_little_maid/ServerCustomPackLoader]: Loaded model info: next_update_model:stage
[04:00:13] [Render thread/DEBUG] [touhou_little_maid/ServerCustomPackLoader]: Loaded model info: next_update_model:japanese_lottery_machine
[04:00:13] [Render thread/DEBUG] [touhou_little_maid/ServerCustomPackLoader]: Loaded model info: next_update_model:fishpond
[04:00:13] [Render thread/DEBUG] [touhou_little_maid/ServerCustomPackLoader]: Loaded model info: next_update_model:mine
[04:00:13] [Render thread/DEBUG] [touhou_little_maid/ServerCustomPackLoader]: Loaded model info: next_update_model:logging_hut
[04:00:13] [Render thread/DEBUG] [touhou_little_maid/ServerCustomPackLoader]: Loaded model info: next_update_model:kitchen
[04:00:13] [Render thread/DEBUG] [touhou_little_maid/ServerCustomPackLoader]: Loaded model info: next_update_model:dining_table_default
[04:00:13] [Render thread/DEBUG] [touhou_little_maid/ServerCustomPackLoader]: Loaded model info: next_update_model:dining_table_spring
[04:00:13] [Render thread/DEBUG] [touhou_little_maid/ServerCustomPackLoader]: Loaded model info: next_update_model:dining_table_summer
[04:00:13] [Render thread/DEBUG] [touhou_little_maid/ServerCustomPackLoader]: Loaded model info: next_update_model:dining_table_autumn
[04:00:13] [Render thread/DEBUG] [touhou_little_maid/ServerCustomPackLoader]: Loaded model info: next_update_model:dining_table_winter
[04:00:13] [Render thread/DEBUG] [touhou_little_maid/ServerCustomPackLoader]: Loaded model info: next_update_model:cumin_lamb_chop
[04:00:13] [Render thread/DEBUG] [touhou_little_maid/ServerCustomPackLoader]: Loaded model info: next_update_model:hot_spring
[04:00:13] [Render thread/DEBUG] [touhou_little_maid/ServerCustomPackLoader]: Loaded model info: next_update_model:picnic_cloth
[04:00:13] [Render thread/DEBUG] [touhou_little_maid/ServerCustomPackLoader]: Loaded model info: next_update_model:elite_slime
[04:00:13] [Render thread/DEBUG] [touhou_little_maid/ServerCustomPackLoader]: Loaded model info: next_update_model:slime
[04:00:13] [Render thread/DEBUG] [touhou_little_maid/ServerCustomPackLoader]: Loaded model info: next_update_model:flip_phone
[04:00:13] [Render thread/DEBUG] [touhou_little_maid/ServerCustomPackLoader]: Loaded model info: next_update_model:fox_demon_statue
[04:00:13] [Render thread/DEBUG] [touhou_little_maid/ServerCustomPackLoader]: Loaded model info: next_update_model:fox_demon_statue_1
[04:00:13] [Render thread/DEBUG] [touhou_little_maid/ServerCustomPackLoader]: Loaded model info: next_update_model:bathroom
[04:00:13] [Render thread/DEBUG] [touhou_little_maid/ServerCustomPackLoader]: Loaded model info: next_update_model:backpack
[04:00:13] [Render thread/DEBUG] [touhou_little_maid/ServerCustomPackLoader]: Loaded model info: next_update_model:cabinet
[04:00:13] [Render thread/DEBUG] [touhou_little_maid/ServerCustomPackLoader]: Loaded model info: next_update_model:single_bed
[04:00:13] [Render thread/DEBUG] [touhou_little_maid/ServerCustomPackLoader]: Loaded model info: next_update_model:double_bed
[04:00:13] [Render thread/DEBUG] [touhou_little_maid/ServerCustomPackLoader]: Loaded model info: next_update_model:shrine
[04:00:13] [Render thread/DEBUG] [touhou_little_maid/ServerCustomPackLoader]: Loaded model info: next_update_model:3d_printer
[04:00:13] [Render thread/DEBUG] [touhou_little_maid/ServerCustomPackLoader]: Loaded model info: next_update_model:doorbell_ground
[04:00:13] [Render thread/DEBUG] [touhou_little_maid/ServerCustomPackLoader]: Loaded model info: next_update_model:doorbell_wall
[04:00:13] [Render thread/DEBUG] [touhou_little_maid/ServerCustomPackLoader]: Loaded model info: next_update_model:exchange_machine
[04:00:13] [Render thread/DEBUG] [touhou_little_maid/ServerCustomPackLoader]: Touhou little maid mod's model is loaded
[04:00:13] [Render thread/DEBUG] [touhou_little_maid/ServerCustomPackLoader]: Touhou little maid mod's model is loading...
[04:00:13] [Render thread/DEBUG] [touhou_little_maid/ServerCustomPackLoader]: Loaded model info: touhou_little_maid:hakurei_reimu
[04:00:13] [Render thread/DEBUG] [touhou_little_maid/ServerCustomPackLoader]: Loaded model info: touhou_little_maid:hakurei_reimu_2
[04:00:13] [Render thread/DEBUG] [touhou_little_maid/ServerCustomPackLoader]: Loaded model info: touhou_little_maid:hakurei_reimu_type_b
[04:00:13] [Render thread/DEBUG] [touhou_little_maid/ServerCustomPackLoader]: Loaded model info: touhou_little_maid:hakurei_reimu_type_b_716c27087f2716348835e7775121532f
[04:00:13] [Render thread/DEBUG] [touhou_little_maid/ServerCustomPackLoader]: Loaded model info: touhou_little_maid:hakurei_reimu_type_b_1720614ea46709023787aae005df1134
[04:00:13] [Render thread/DEBUG] [touhou_little_maid/ServerCustomPackLoader]: Loaded model info: touhou_little_maid:kirisame_marisa
[04:00:13] [Render thread/DEBUG] [touhou_little_maid/ServerCustomPackLoader]: Loaded model info: touhou_little_maid:kirisame_marisa_2
[04:00:13] [Render thread/DEBUG] [touhou_little_maid/ServerCustomPackLoader]: Loaded model info: touhou_little_maid:rumia
[04:00:13] [Render thread/DEBUG] [touhou_little_maid/ServerCustomPackLoader]: Loaded model info: touhou_little_maid:daiyousei
[04:00:13] [Render thread/DEBUG] [touhou_little_maid/ServerCustomPackLoader]: Loaded model info: touhou_little_maid:cirno
[04:00:13] [Render thread/DEBUG] [touhou_little_maid/ServerCustomPackLoader]: Loaded model info: touhou_little_maid:cirno_maid
[04:00:13] [Render thread/DEBUG] [touhou_little_maid/ServerCustomPackLoader]: Loaded model info: touhou_little_maid:cirno_tan
[04:00:13] [Render thread/DEBUG] [touhou_little_maid/ServerCustomPackLoader]: Loaded model info: touhou_little_maid:cirno_slim
[04:00:13] [Render thread/DEBUG] [touhou_little_maid/ServerCustomPackLoader]: Loaded model info: touhou_little_maid:cirno_slim_43e8d943f0564065031ec0efc405edbb
[04:00:13] [Render thread/DEBUG] [touhou_little_maid/ServerCustomPackLoader]: Loaded model info: touhou_little_maid:cirno_slim_af6bc1a4e6e95433d0d72fe108ec09b7
[04:00:13] [Render thread/DEBUG] [touhou_little_maid/ServerCustomPackLoader]: Loaded model info: touhou_little_maid:hong_meiling
[04:00:13] [Render thread/DEBUG] [touhou_little_maid/ServerCustomPackLoader]: Loaded model info: touhou_little_maid:koakuma
[04:00:13] [Render thread/DEBUG] [touhou_little_maid/ServerCustomPackLoader]: Loaded model info: touhou_little_maid:patchouli_knowledge
[04:00:13] [Render thread/DEBUG] [touhou_little_maid/ServerCustomPackLoader]: Loaded model info: touhou_little_maid:patchouli_knowledge_2
[04:00:13] [Render thread/DEBUG] [touhou_little_maid/ServerCustomPackLoader]: Loaded model info: touhou_little_maid:izayoi_sakuya
[04:00:13] [Render thread/DEBUG] [touhou_little_maid/ServerCustomPackLoader]: Loaded model info: touhou_little_maid:remilia_scarlet
[04:00:13] [Render thread/DEBUG] [touhou_little_maid/ServerCustomPackLoader]: Loaded model info: touhou_little_maid:remilia_scarlet_2
[04:00:13] [Render thread/DEBUG] [touhou_little_maid/ServerCustomPackLoader]: Loaded model info: touhou_little_maid:flandre_scarlet
[04:00:13] [Render thread/DEBUG] [touhou_little_maid/ServerCustomPackLoader]: Loaded model info: touhou_little_maid:letty_whiterock
[04:00:13] [Render thread/DEBUG] [touhou_little_maid/ServerCustomPackLoader]: Loaded model info: touhou_little_maid:chen
[04:00:13] [Render thread/DEBUG] [touhou_little_maid/ServerCustomPackLoader]: Loaded model info: touhou_little_maid:alice_margatroid
[04:00:13] [Render thread/DEBUG] [touhou_little_maid/ServerCustomPackLoader]: Loaded model info: touhou_little_maid:shanghai_doll
[04:00:13] [Render thread/DEBUG] [touhou_little_maid/ServerCustomPackLoader]: Loaded model info: touhou_little_maid:hourai_doll
[04:00:13] [Render thread/DEBUG] [touhou_little_maid/ServerCustomPackLoader]: Loaded model info: touhou_little_maid:goliath_doll
[04:00:13] [Render thread/DEBUG] [touhou_little_maid/ServerCustomPackLoader]: Loaded model info: touhou_little_maid:lily_white
[04:00:13] [Render thread/DEBUG] [touhou_little_maid/ServerCustomPackLoader]: Loaded model info: touhou_little_maid:lily_black
[04:00:13] [Render thread/DEBUG] [touhou_little_maid/ServerCustomPackLoader]: Loaded model info: touhou_little_maid:lunasa_prismriver
[04:00:13] [Render thread/DEBUG] [touhou_little_maid/ServerCustomPackLoader]: Loaded model info: touhou_little_maid:merlin_prismriver
[04:00:13] [Render thread/DEBUG] [touhou_little_maid/ServerCustomPackLoader]: Loaded model info: touhou_little_maid:lyrica_prismriver
[04:00:13] [Render thread/DEBUG] [touhou_little_maid/ServerCustomPackLoader]: Loaded model info: touhou_little_maid:konpaku_youmu
[04:00:13] [Render thread/DEBUG] [touhou_little_maid/ServerCustomPackLoader]: Loaded model info: touhou_little_maid:saigyouji_yuyuko
[04:00:13] [Render thread/DEBUG] [touhou_little_maid/ServerCustomPackLoader]: Loaded model info: touhou_little_maid:yakumo_ran
[04:00:13] [Render thread/DEBUG] [touhou_little_maid/ServerCustomPackLoader]: Loaded model info: touhou_little_maid:yukari_yakumo
[04:00:13] [Render thread/DEBUG] [touhou_little_maid/ServerCustomPackLoader]: Loaded model info: touhou_little_maid:ibuki_suika
[04:00:13] [Render thread/DEBUG] [touhou_little_maid/ServerCustomPackLoader]: Loaded model info: touhou_little_maid:wriggle_nightbug
[04:00:13] [Render thread/DEBUG] [touhou_little_maid/ServerCustomPackLoader]: Loaded model info: touhou_little_maid:mystia_lorelei
[04:00:13] [Render thread/DEBUG] [touhou_little_maid/ServerCustomPackLoader]: Loaded model info: touhou_little_maid:keine_kamishirasawa
[04:00:13] [Render thread/DEBUG] [touhou_little_maid/ServerCustomPackLoader]: Loaded model info: touhou_little_maid:keine_kamishirasawa_2
[04:00:13] [Render thread/DEBUG] [touhou_little_maid/ServerCustomPackLoader]: Loaded model info: touhou_little_maid:tewi_inaba
[04:00:13] [Render thread/DEBUG] [touhou_little_maid/ServerCustomPackLoader]: Loaded model info: touhou_little_maid:reisen_udongein_inaba
[04:00:13] [Render thread/DEBUG] [touhou_little_maid/ServerCustomPackLoader]: Loaded model info: touhou_little_maid:yagokoro_eirin
[04:00:13] [Render thread/DEBUG] [touhou_little_maid/ServerCustomPackLoader]: Loaded model info: touhou_little_maid:houraisan_kaguya
[04:00:13] [Render thread/DEBUG] [touhou_little_maid/ServerCustomPackLoader]: Loaded model info: touhou_little_maid:fujiwara_no_mokou
[04:00:13] [Render thread/DEBUG] [touhou_little_maid/ServerCustomPackLoader]: Loaded model info: touhou_little_maid:syameimaru_aya
[04:00:13] [Render thread/DEBUG] [touhou_little_maid/ServerCustomPackLoader]: Loaded model info: touhou_little_maid:medicine_melancholy
[04:00:13] [Render thread/DEBUG] [touhou_little_maid/ServerCustomPackLoader]: Loaded model info: touhou_little_maid:kazami_yuka
[04:00:13] [Render thread/DEBUG] [touhou_little_maid/ServerCustomPackLoader]: Loaded model info: touhou_little_maid:onozuka_komachi
[04:00:13] [Render thread/DEBUG] [touhou_little_maid/ServerCustomPackLoader]: Loaded model info: touhou_little_maid:shikieiki_yamaxanadu
[04:00:13] [Render thread/DEBUG] [touhou_little_maid/ServerCustomPackLoader]: Loaded model info: touhou_little_maid:aki_sizuha
[04:00:13] [Render thread/DEBUG] [touhou_little_maid/ServerCustomPackLoader]: Loaded model info: touhou_little_maid:minoriko_aki
[04:00:13] [Render thread/DEBUG] [touhou_little_maid/ServerCustomPackLoader]: Loaded model info: touhou_little_maid:kagiyama_hina
[04:00:13] [Render thread/DEBUG] [touhou_little_maid/ServerCustomPackLoader]: Loaded model info: touhou_little_maid:kawasiro_nitori
[04:00:13] [Render thread/DEBUG] [touhou_little_maid/ServerCustomPackLoader]: Loaded model info: touhou_little_maid:inubashiri_momizi
[04:00:13] [Render thread/DEBUG] [touhou_little_maid/ServerCustomPackLoader]: Loaded model info: touhou_little_maid:kochiya_sanae
[04:00:13] [Render thread/DEBUG] [touhou_little_maid/ServerCustomPackLoader]: Loaded model info: touhou_little_maid:yasaka_kanako
[04:00:13] [Render thread/DEBUG] [touhou_little_maid/ServerCustomPackLoader]: Loaded model info: touhou_little_maid:moriya_suwako
[04:00:13] [Render thread/DEBUG] [touhou_little_maid/ServerCustomPackLoader]: Loaded model info: touhou_little_maid:nagae_iku
[04:00:13] [Render thread/DEBUG] [touhou_little_maid/ServerCustomPackLoader]: Loaded model info: touhou_little_maid:hinanawi_tenshi
[04:00:13] [Render thread/DEBUG] [touhou_little_maid/ServerCustomPackLoader]: Loaded model info: touhou_little_maid:kisume
[04:00:13] [Render thread/DEBUG] [touhou_little_maid/ServerCustomPackLoader]: Loaded model info: touhou_little_maid:kurodani_yamame
[04:00:13] [Render thread/DEBUG] [touhou_little_maid/ServerCustomPackLoader]: Loaded model info: touhou_little_maid:mizuhashi_parsee
[04:00:13] [Render thread/DEBUG] [touhou_little_maid/ServerCustomPackLoader]: Loaded model info: touhou_little_maid:hoshiguma_yugi
[04:00:13] [Render thread/DEBUG] [touhou_little_maid/ServerCustomPackLoader]: Loaded model info: touhou_little_maid:komeiji_satori
[04:00:13] [Render thread/DEBUG] [touhou_little_maid/ServerCustomPackLoader]: Loaded model info: touhou_little_maid:kaenbyou_rin
[04:00:13] [Render thread/DEBUG] [touhou_little_maid/ServerCustomPackLoader]: Loaded model info: touhou_little_maid:reiuji_utsuho
[04:00:13] [Render thread/DEBUG] [touhou_little_maid/ServerCustomPackLoader]: Loaded model info: touhou_little_maid:komeiji_koishi
[04:00:13] [Render thread/DEBUG] [touhou_little_maid/ServerCustomPackLoader]: Loaded model info: touhou_little_maid:komeiji_koishi_2
[04:00:13] [Render thread/DEBUG] [touhou_little_maid/ServerCustomPackLoader]: Loaded model info: touhou_little_maid:nazrin
[04:00:13] [Render thread/DEBUG] [touhou_little_maid/ServerCustomPackLoader]: Loaded model info: touhou_little_maid:tatara_kogasa
[04:00:13] [Render thread/DEBUG] [touhou_little_maid/ServerCustomPackLoader]: Loaded model info: touhou_little_maid:kumoi_ichirin
[04:00:13] [Render thread/DEBUG] [touhou_little_maid/ServerCustomPackLoader]: Loaded model info: touhou_little_maid:murasa_minamitsu
[04:00:13] [Render thread/DEBUG] [touhou_little_maid/ServerCustomPackLoader]: Loaded model info: touhou_little_maid:toramaru_shou
[04:00:13] [Render thread/DEBUG] [touhou_little_maid/ServerCustomPackLoader]: Loaded model info: touhou_little_maid:hijiri_byakuren
[04:00:13] [Render thread/DEBUG] [touhou_little_maid/ServerCustomPackLoader]: Loaded model info: touhou_little_maid:houjuu_nue
[04:00:13] [Render thread/DEBUG] [touhou_little_maid/ServerCustomPackLoader]: Loaded model info: touhou_little_maid:himekaidou_hatate
[04:00:13] [Render thread/DEBUG] [touhou_little_maid/ServerCustomPackLoader]: Loaded model info: touhou_little_maid:kasodani_kyouko
[04:00:13] [Render thread/DEBUG] [touhou_little_maid/ServerCustomPackLoader]: Loaded model info: touhou_little_maid:miyako_yoshika
[04:00:13] [Render thread/DEBUG] [touhou_little_maid/ServerCustomPackLoader]: Loaded model info: touhou_little_maid:kaku_seiga
[04:00:13] [Render thread/DEBUG] [touhou_little_maid/ServerCustomPackLoader]: Loaded model info: touhou_little_maid:mononobe_no_futo
[04:00:13] [Render thread/DEBUG] [touhou_little_maid/ServerCustomPackLoader]: Loaded model info: touhou_little_maid:toyosatomimi_no_miko
[04:00:13] [Render thread/DEBUG] [touhou_little_maid/ServerCustomPackLoader]: Loaded model info: touhou_little_maid:soga_no_toziko
[04:00:13] [Render thread/DEBUG] [touhou_little_maid/ServerCustomPackLoader]: Loaded model info: touhou_little_maid:hata_no_kokoro
[04:00:13] [Render thread/DEBUG] [touhou_little_maid/ServerCustomPackLoader]: Loaded model info: touhou_little_maid:hutatsuiwa_mamizou
[04:00:13] [Render thread/DEBUG] [touhou_little_maid/ServerCustomPackLoader]: Loaded model info: touhou_little_maid:wakasagihime
[04:00:13] [Render thread/DEBUG] [touhou_little_maid/ServerCustomPackLoader]: Loaded model info: touhou_little_maid:sekibanki
[04:00:13] [Render thread/DEBUG] [touhou_little_maid/ServerCustomPackLoader]: Loaded model info: touhou_little_maid:imaizumi_kagerou
[04:00:13] [Render thread/DEBUG] [touhou_little_maid/ServerCustomPackLoader]: Loaded model info: touhou_little_maid:tsukumo_yatsuhashi
[04:00:13] [Render thread/DEBUG] [touhou_little_maid/ServerCustomPackLoader]: Loaded model info: touhou_little_maid:tsukumo_benben
[04:00:13] [Render thread/DEBUG] [touhou_little_maid/ServerCustomPackLoader]: Loaded model info: touhou_little_maid:kijin_seija
[04:00:13] [Render thread/DEBUG] [touhou_little_maid/ServerCustomPackLoader]: Loaded model info: touhou_little_maid:sukuna_shinmyoumaru
[04:00:13] [Render thread/DEBUG] [touhou_little_maid/ServerCustomPackLoader]: Loaded model info: touhou_little_maid:horikawa_raiko
[04:00:13] [Render thread/DEBUG] [touhou_little_maid/ServerCustomPackLoader]: Loaded model info: touhou_little_maid:usami_sumireko
[04:00:13] [Render thread/DEBUG] [touhou_little_maid/ServerCustomPackLoader]: Loaded model info: touhou_little_maid:seiran
[04:00:13] [Render thread/DEBUG] [touhou_little_maid/ServerCustomPackLoader]: Loaded model info: touhou_little_maid:ringo
[04:00:13] [Render thread/DEBUG] [touhou_little_maid/ServerCustomPackLoader]: Loaded model info: touhou_little_maid:doremy_sweet
[04:00:13] [Render thread/DEBUG] [touhou_little_maid/ServerCustomPackLoader]: Loaded model info: touhou_little_maid:kisin_sagume
[04:00:13] [Render thread/DEBUG] [touhou_little_maid/ServerCustomPackLoader]: Loaded model info: touhou_little_maid:clownpiece
[04:00:13] [Render thread/DEBUG] [touhou_little_maid/ServerCustomPackLoader]: Loaded model info: touhou_little_maid:junko
[04:00:13] [Render thread/DEBUG] [touhou_little_maid/ServerCustomPackLoader]: Loaded model info: touhou_little_maid:hecatia_lapislazuli
[04:00:13] [Render thread/DEBUG] [touhou_little_maid/ServerCustomPackLoader]: Loaded model info: touhou_little_maid:yorigami_jyoon
[04:00:13] [Render thread/DEBUG] [touhou_little_maid/ServerCustomPackLoader]: Loaded model info: touhou_little_maid:yorigami_shion
[04:00:13] [Render thread/DEBUG] [touhou_little_maid/ServerCustomPackLoader]: Loaded model info: touhou_little_maid:eternity_larva
[04:00:13] [Render thread/DEBUG] [touhou_little_maid/ServerCustomPackLoader]: Loaded model info: touhou_little_maid:sakata_nemuno
[04:00:13] [Render thread/DEBUG] [touhou_little_maid/ServerCustomPackLoader]: Loaded model info: touhou_little_maid:komano_aunn
[04:00:13] [Render thread/DEBUG] [touhou_little_maid/ServerCustomPackLoader]: Loaded model info: touhou_little_maid:yatadera_narumi
[04:00:13] [Render thread/DEBUG] [touhou_little_maid/ServerCustomPackLoader]: Loaded model info: touhou_little_maid:nishida_satono
[04:00:13] [Render thread/DEBUG] [touhou_little_maid/ServerCustomPackLoader]: Loaded model info: touhou_little_maid:teireid_mai
[04:00:13] [Render thread/DEBUG] [touhou_little_maid/ServerCustomPackLoader]: Loaded model info: touhou_little_maid:matara_okina
[04:00:13] [Render thread/DEBUG] [touhou_little_maid/ServerCustomPackLoader]: Loaded model info: touhou_little_maid:ebisu_eika
[04:00:13] [Render thread/DEBUG] [touhou_little_maid/ServerCustomPackLoader]: Loaded model info: touhou_little_maid:ushizaki_urumi
[04:00:13] [Render thread/DEBUG] [touhou_little_maid/ServerCustomPackLoader]: Loaded model info: touhou_little_maid:niwatari_kutaka
[04:00:13] [Render thread/DEBUG] [touhou_little_maid/ServerCustomPackLoader]: Loaded model info: touhou_little_maid:kitcho_yachie
[04:00:13] [Render thread/DEBUG] [touhou_little_maid/ServerCustomPackLoader]: Loaded model info: touhou_little_maid:joutougu_mayumi
[04:00:13] [Render thread/DEBUG] [touhou_little_maid/ServerCustomPackLoader]: Loaded model info: touhou_little_maid:haniyasushin_keiki
[04:00:13] [Render thread/DEBUG] [touhou_little_maid/ServerCustomPackLoader]: Loaded model info: touhou_little_maid:kurokoma_saki
[04:00:13] [Render thread/DEBUG] [touhou_little_maid/ServerCustomPackLoader]: Loaded model info: touhou_little_maid:toutetsu_yuma
[04:00:13] [Render thread/DEBUG] [touhou_little_maid/ServerCustomPackLoader]: Loaded model info: touhou_little_maid:goutokuzi_mike
[04:00:13] [Render thread/DEBUG] [touhou_little_maid/ServerCustomPackLoader]: Loaded model info: touhou_little_maid:yamashiro_takane
[04:00:13] [Render thread/DEBUG] [touhou_little_maid/ServerCustomPackLoader]: Loaded model info: touhou_little_maid:komakusa_sannyo
[04:00:13] [Render thread/DEBUG] [touhou_little_maid/ServerCustomPackLoader]: Loaded model info: touhou_little_maid:tamatsukuri_misumaru
[04:00:13] [Render thread/DEBUG] [touhou_little_maid/ServerCustomPackLoader]: Loaded model info: touhou_little_maid:kudamaki_tsukasa
[04:00:13] [Render thread/DEBUG] [touhou_little_maid/ServerCustomPackLoader]: Loaded model info: touhou_little_maid:iizunamaru_megumu
[04:00:13] [Render thread/DEBUG] [touhou_little_maid/ServerCustomPackLoader]: Loaded model info: touhou_little_maid:tenkyu_chimata
[04:00:13] [Render thread/DEBUG] [touhou_little_maid/ServerCustomPackLoader]: Loaded model info: touhou_little_maid:himemushi_momoyo
[04:00:13] [Render thread/DEBUG] [touhou_little_maid/ServerCustomPackLoader]: Loaded model info: touhou_little_maid:son_biten
[04:00:13] [Render thread/DEBUG] [touhou_little_maid/ServerCustomPackLoader]: Loaded model info: touhou_little_maid:mitsugashira_enoko
[04:00:13] [Render thread/DEBUG] [touhou_little_maid/ServerCustomPackLoader]: Loaded model info: touhou_little_maid:tenkajin_chiyari
[04:00:13] [Render thread/DEBUG] [touhou_little_maid/ServerCustomPackLoader]: Loaded model info: touhou_little_maid:yomotsu_hisami
[04:00:13] [Render thread/DEBUG] [touhou_little_maid/ServerCustomPackLoader]: Loaded model info: touhou_little_maid:nippaku_zanmu
[04:00:13] [Render thread/DEBUG] [touhou_little_maid/ServerCustomPackLoader]: Loaded model info: touhou_little_maid:ubame_chirizuka
[04:00:13] [Render thread/DEBUG] [touhou_little_maid/ServerCustomPackLoader]: Loaded model info: touhou_little_maid:chimi_houjuu
[04:00:13] [Render thread/DEBUG] [touhou_little_maid/ServerCustomPackLoader]: Loaded model info: touhou_little_maid:nareko_michigami
[04:00:13] [Render thread/DEBUG] [touhou_little_maid/ServerCustomPackLoader]: Loaded model info: touhou_little_maid:morichika_rinnosuke
[04:00:13] [Render thread/DEBUG] [touhou_little_maid/ServerCustomPackLoader]: Loaded model info: touhou_little_maid:tokiko
[04:00:13] [Render thread/DEBUG] [touhou_little_maid/ServerCustomPackLoader]: Loaded model info: touhou_little_maid:sunny_milk
[04:00:13] [Render thread/DEBUG] [touhou_little_maid/ServerCustomPackLoader]: Loaded model info: touhou_little_maid:luna_child
[04:00:13] [Render thread/DEBUG] [touhou_little_maid/ServerCustomPackLoader]: Loaded model info: touhou_little_maid:star_sapphire
[04:00:13] [Render thread/DEBUG] [touhou_little_maid/ServerCustomPackLoader]: Loaded model info: touhou_little_maid:watatsuki_no_toyohime
[04:00:13] [Render thread/DEBUG] [touhou_little_maid/ServerCustomPackLoader]: Loaded model info: touhou_little_maid:watatsuki_no_yorihime
[04:00:13] [Render thread/DEBUG] [touhou_little_maid/ServerCustomPackLoader]: Loaded model info: touhou_little_maid:reisen
[04:00:13] [Render thread/DEBUG] [touhou_little_maid/ServerCustomPackLoader]: Loaded model info: touhou_little_maid:hieda_no_akyuu
[04:00:13] [Render thread/DEBUG] [touhou_little_maid/ServerCustomPackLoader]: Loaded model info: touhou_little_maid:ibaraki_kasen
[04:00:13] [Render thread/DEBUG] [touhou_little_maid/ServerCustomPackLoader]: Loaded model info: touhou_little_maid:ibaraki_kasen_2
[04:00:13] [Render thread/DEBUG] [touhou_little_maid/ServerCustomPackLoader]: Loaded model info: touhou_little_maid:motoori_kosuzu
[04:00:13] [Render thread/DEBUG] [touhou_little_maid/ServerCustomPackLoader]: Loaded model info: touhou_little_maid:miyadeguchi_mizuchi
[04:00:13] [Render thread/DEBUG] [touhou_little_maid/ServerCustomPackLoader]: Loaded model info: touhou_little_maid:miyoi_okunoda
[04:00:13] [Render thread/DEBUG] [touhou_little_maid/ServerCustomPackLoader]: Loaded model info: touhou_little_maid:usami_renko
[04:00:13] [Render thread/DEBUG] [touhou_little_maid/ServerCustomPackLoader]: Loaded model info: touhou_little_maid:maribel_hearn
[04:00:13] [Render thread/DEBUG] [touhou_little_maid/ServerCustomPackLoader]: Loaded model info: touhou_little_maid:satsuki_rin
[04:00:13] [Render thread/DEBUG] [touhou_little_maid/ServerCustomPackLoader]: Touhou little maid mod's model is loaded
[04:00:13] [Render thread/DEBUG] [touhou_little_maid/ServerCustomPackLoader]: Touhou little maid mod's model is loading...
[04:00:13] [Render thread/DEBUG] [touhou_little_maid/ServerCustomPackLoader]: Loaded model info: touhou_little_maid:cushion
[04:00:13] [Render thread/DEBUG] [touhou_little_maid/ServerCustomPackLoader]: Loaded model info: touhou_little_maid:class_desk
[04:00:13] [Render thread/DEBUG] [touhou_little_maid/ServerCustomPackLoader]: Loaded model info: touhou_little_maid:class_chair
[04:00:13] [Render thread/DEBUG] [touhou_little_maid/ServerCustomPackLoader]: Loaded model info: touhou_little_maid:kotatsu
[04:00:13] [Render thread/DEBUG] [touhou_little_maid/ServerCustomPackLoader]: Loaded model info: touhou_little_maid:play_station
[04:00:13] [Render thread/DEBUG] [touhou_little_maid/ServerCustomPackLoader]: Loaded model info: touhou_little_maid:tall_stool
[04:00:13] [Render thread/DEBUG] [touhou_little_maid/ServerCustomPackLoader]: Loaded model info: touhou_little_maid:low_stool
[04:00:13] [Render thread/DEBUG] [touhou_little_maid/ServerCustomPackLoader]: Loaded model info: touhou_little_maid:barbecue_booth
[04:00:13] [Render thread/DEBUG] [touhou_little_maid/ServerCustomPackLoader]: Loaded model info: touhou_little_maid:barbecue_booth_2
[04:00:13] [Render thread/DEBUG] [touhou_little_maid/ServerCustomPackLoader]: Loaded model info: touhou_little_maid:long_stool
[04:00:13] [Render thread/DEBUG] [touhou_little_maid/ServerCustomPackLoader]: Loaded model info: touhou_little_maid:square_table
[04:00:13] [Render thread/DEBUG] [touhou_little_maid/ServerCustomPackLoader]: Loaded model info: touhou_little_maid:mahjong_table
[04:00:13] [Render thread/DEBUG] [touhou_little_maid/ServerCustomPackLoader]: Loaded model info: touhou_little_maid:beach_chair
[04:00:13] [Render thread/DEBUG] [touhou_little_maid/ServerCustomPackLoader]: Loaded model info: touhou_little_maid:parasol
[04:00:13] [Render thread/DEBUG] [touhou_little_maid/ServerCustomPackLoader]: Loaded model info: touhou_little_maid:water_wheel
[04:00:13] [Render thread/DEBUG] [touhou_little_maid/ServerCustomPackLoader]: Loaded model info: touhou_little_maid:saisen_bako
[04:00:13] [Render thread/DEBUG] [touhou_little_maid/ServerCustomPackLoader]: Loaded model info: touhou_little_maid:well
[04:00:13] [Render thread/DEBUG] [touhou_little_maid/ServerCustomPackLoader]: Loaded model info: touhou_little_maid:torii
[04:00:13] [Render thread/DEBUG] [touhou_little_maid/ServerCustomPackLoader]: Loaded model info: touhou_little_maid:torii_2
[04:00:13] [Render thread/DEBUG] [touhou_little_maid/ServerCustomPackLoader]: Loaded model info: touhou_little_maid:torii_3
[04:00:13] [Render thread/DEBUG] [touhou_little_maid/ServerCustomPackLoader]: Loaded model info: touhou_little_maid:ema
[04:00:13] [Render thread/DEBUG] [touhou_little_maid/ServerCustomPackLoader]: Loaded model info: touhou_little_maid:anti_collision_bucket
[04:00:13] [Render thread/DEBUG] [touhou_little_maid/ServerCustomPackLoader]: Loaded model info: touhou_little_maid:park_bench
[04:00:13] [Render thread/DEBUG] [touhou_little_maid/ServerCustomPackLoader]: Loaded model info: touhou_little_maid:rinnosuke_children_toys
[04:00:13] [Render thread/DEBUG] [touhou_little_maid/ServerCustomPackLoader]: Loaded model info: touhou_little_maid:moto
[04:00:13] [Render thread/DEBUG] [touhou_little_maid/ServerCustomPackLoader]: Loaded model info: touhou_little_maid:bowl
[04:00:13] [Render thread/DEBUG] [touhou_little_maid/ServerCustomPackLoader]: Loaded model info: touhou_little_maid:lucky_cat_2m
[04:00:13] [Render thread/DEBUG] [touhou_little_maid/ServerCustomPackLoader]: Loaded model info: touhou_little_maid:yumemi_strawberry_milk
[04:00:13] [Render thread/DEBUG] [touhou_little_maid/ServerCustomPackLoader]: Loaded model info: touhou_little_maid:legendary_pig_man
[04:00:13] [Render thread/DEBUG] [touhou_little_maid/ServerCustomPackLoader]: Loaded model info: touhou_little_maid:head_of_academycraft
[04:00:13] [Render thread/DEBUG] [touhou_little_maid/ServerCustomPackLoader]: Touhou little maid mod's model is loaded
[04:00:13] [Render thread/DEBUG] [touhou_little_maid/ServerCustomPackLoader]: Touhou little maid mod's model is loading...
[04:00:13] [Render thread/DEBUG] [touhou_little_maid/ServerCustomPackLoader]: Loaded model info: touhou_little_maid_old:reimu_hakurei
[04:00:13] [Render thread/DEBUG] [touhou_little_maid/ServerCustomPackLoader]: Loaded model info: touhou_little_maid_old:singyoku2
[04:00:13] [Render thread/DEBUG] [touhou_little_maid/ServerCustomPackLoader]: Loaded model info: touhou_little_maid_old:singyoku3
[04:00:13] [Render thread/DEBUG] [touhou_little_maid/ServerCustomPackLoader]: Loaded model info: touhou_little_maid_old:mima
[04:00:13] [Render thread/DEBUG] [touhou_little_maid/ServerCustomPackLoader]: Loaded model info: touhou_little_maid_old:kikuri
[04:00:13] [Render thread/DEBUG] [touhou_little_maid/ServerCustomPackLoader]: Loaded model info: touhou_little_maid_old:konngara
[04:00:13] [Render thread/DEBUG] [touhou_little_maid/ServerCustomPackLoader]: Loaded model info: touhou_little_maid_old:yuugen_magan
[04:00:13] [Render thread/DEBUG] [touhou_little_maid/ServerCustomPackLoader]: Loaded model info: touhou_little_maid_old:elis
[04:00:13] [Render thread/DEBUG] [touhou_little_maid/ServerCustomPackLoader]: Loaded model info: touhou_little_maid_old:sariel
[04:00:13] [Render thread/DEBUG] [touhou_little_maid/ServerCustomPackLoader]: Loaded model info: touhou_little_maid_old:genjii
[04:00:13] [Render thread/DEBUG] [touhou_little_maid/ServerCustomPackLoader]: Loaded model info: touhou_little_maid_old:rika
[04:00:13] [Render thread/DEBUG] [touhou_little_maid/ServerCustomPackLoader]: Loaded model info: touhou_little_maid_old:meira
[04:00:13] [Render thread/DEBUG] [touhou_little_maid/ServerCustomPackLoader]: Loaded model info: touhou_little_maid_old:kirisame_marisa
[04:00:13] [Render thread/DEBUG] [touhou_little_maid/ServerCustomPackLoader]: Loaded model info: touhou_little_maid_old:ellen
[04:00:13] [Render thread/DEBUG] [touhou_little_maid/ServerCustomPackLoader]: Loaded model info: touhou_little_maid_old:kotohime
[04:00:13] [Render thread/DEBUG] [touhou_little_maid/ServerCustomPackLoader]: Loaded model info: touhou_little_maid_old:kana_anaberal
[04:00:13] [Render thread/DEBUG] [touhou_little_maid/ServerCustomPackLoader]: Loaded model info: touhou_little_maid_old:rikako_asakura
[04:00:13] [Render thread/DEBUG] [touhou_little_maid/ServerCustomPackLoader]: Loaded model info: touhou_little_maid_old:chiyuri_kitashirakawa
[04:00:13] [Render thread/DEBUG] [touhou_little_maid/ServerCustomPackLoader]: Loaded model info: touhou_little_maid_old:yumemi_okazaki
[04:00:13] [Render thread/DEBUG] [touhou_little_maid/ServerCustomPackLoader]: Loaded model info: touhou_little_maid_old:orange
[04:00:13] [Render thread/DEBUG] [touhou_little_maid/ServerCustomPackLoader]: Loaded model info: touhou_little_maid_old:kurumi
[04:00:13] [Render thread/DEBUG] [touhou_little_maid/ServerCustomPackLoader]: Loaded model info: touhou_little_maid_old:elly
[04:00:13] [Render thread/DEBUG] [touhou_little_maid/ServerCustomPackLoader]: Loaded model info: touhou_little_maid_old:yuuka_old
[04:00:13] [Render thread/DEBUG] [touhou_little_maid/ServerCustomPackLoader]: Loaded model info: touhou_little_maid_old:mugetsu
[04:00:13] [Render thread/DEBUG] [touhou_little_maid/ServerCustomPackLoader]: Loaded model info: touhou_little_maid_old:gengetsu
[04:00:13] [Render thread/DEBUG] [touhou_little_maid/ServerCustomPackLoader]: Loaded model info: touhou_little_maid_old:sara
[04:00:13] [Render thread/DEBUG] [touhou_little_maid/ServerCustomPackLoader]: Loaded model info: touhou_little_maid_old:louise
[04:00:13] [Render thread/DEBUG] [touhou_little_maid/ServerCustomPackLoader]: Loaded model info: touhou_little_maid_old:alice
[04:00:13] [Render thread/DEBUG] [touhou_little_maid/ServerCustomPackLoader]: Loaded model info: touhou_little_maid_old:yuki
[04:00:13] [Render thread/DEBUG] [touhou_little_maid/ServerCustomPackLoader]: Loaded model info: touhou_little_maid_old:mai
[04:00:13] [Render thread/DEBUG] [touhou_little_maid/ServerCustomPackLoader]: Loaded model info: touhou_little_maid_old:yumeko
[04:00:13] [Render thread/DEBUG] [touhou_little_maid/ServerCustomPackLoader]: Loaded model info: touhou_little_maid_old:shinki
[04:00:13] [Render thread/DEBUG] [touhou_little_maid/ServerCustomPackLoader]: Loaded model info: touhou_little_maid_old:ruukoto
[04:00:13] [Render thread/DEBUG] [touhou_little_maid/ServerCustomPackLoader]: Loaded model info: touhou_little_maid_old:trump_king
[04:00:13] [Render thread/DEBUG] [touhou_little_maid/ServerCustomPackLoader]: Touhou little maid mod's model is loaded
[04:00:13] [Render thread/DEBUG] [touhou_little_maid/ServerCustomPackLoader]: Touhou little maid mod's model is loading...
[04:00:13] [Render thread/DEBUG] [touhou_little_maid/ServerCustomPackLoader]: Touhou little maid mod's model is loading...
[04:00:13] [Render thread/DEBUG] [touhou_little_maid/ServerCustomPackLoader]: Loaded model info: touhou_little_maid_seihou:vivit
[04:00:13] [Render thread/DEBUG] [touhou_little_maid/ServerCustomPackLoader]: Loaded model info: touhou_little_maid_seihou:vivit_2
[04:00:13] [Render thread/DEBUG] [touhou_little_maid/ServerCustomPackLoader]: Loaded model info: touhou_little_maid_seihou:milia
[04:00:13] [Render thread/DEBUG] [touhou_little_maid/ServerCustomPackLoader]: Loaded model info: touhou_little_maid_seihou:mei
[04:00:13] [Render thread/DEBUG] [touhou_little_maid/ServerCustomPackLoader]: Loaded model info: touhou_little_maid_seihou:mai
[04:00:13] [Render thread/DEBUG] [touhou_little_maid/ServerCustomPackLoader]: Touhou little maid mod's model is loaded
[04:00:13] [Render thread/DEBUG] [touhou_little_maid/ServerCustomPackLoader]: Touhou little maid mod's model is loading...
[04:00:14] [Render thread/DEBUG] [ne.ne.fm.DeferredWorkQueue/LOADING]: Synchronous work queue completed in 1.104 s
[04:00:14] [Render thread/DEBUG] [Ponder/]: Loaded net.createmod.catnip.platform.NeoForgeClientHooksHelper@5fb392e for service interface net.createmod.catnip.platform.services.ModClientHooksHelper
[04:00:14] [Render thread/DEBUG] [ne.ne.fm.DeferredWorkQueue/LOADING]: Dispatching synchronous work for work queue Sided setup: 9 jobs
[04:00:14] [Render thread/INFO] [KubeJS/]: Started the local web server at http://localhost:61423
[04:00:14] [Render thread/DEBUG] [ne.ne.fm.DeferredWorkQueue/LOADING]: Synchronous work queue completed in 71.86 ms
[04:00:15] [Worker-Main-13/WARN] [minecraft/ModelBakery]: Unable to load model: 'frog_variant_mod_1782245873:item/curse_frog_spawn_egg' referenced from: frog_variant_mod_1782245873:item/curse_frog_spawn_egg: java.io.FileNotFoundException: frog_variant_mod_1782245873:models/item/curse_frog_spawn_egg.json
[04:00:15] [TLM Downloader 0/INFO] [touhou_little_maid/]: The download info file was successfully updated and loaded
[04:00:16] [Render thread/DEBUG] [ne.ne.fm.DeferredWorkQueue/LOADING]: Dispatching synchronous work for work queue Enqueue IMC: 3 jobs
[04:00:16] [Render thread/DEBUG] [ne.ne.fm.DeferredWorkQueue/LOADING]: Synchronous work queue completed in 1.083 ms
[04:00:16] [Worker-Main-14/INFO] [sn.ja.Jade/]: Start loading plugin from snownee.jade.addon.vanilla.VanillaPlugin
[04:00:16] [Worker-Main-14/INFO] [sn.ja.Jade/]: Bootstrapped plugin from snownee.jade.addon.vanilla.VanillaPlugin in 40.81 ms
[04:00:16] [Worker-Main-7/INFO] [PonderIndex/]: Registering Ponder Scenes took 90.05 ms
[04:00:16] [Worker-Main-7/INFO] [PonderIndex/]: Registering Ponder Tags took 4.679 ms
[04:00:16] [Worker-Main-14/INFO] [sn.ja.Jade/]: Loaded plugin from snownee.jade.addon.vanilla.VanillaPlugin in 48.59 ms
[04:00:16] [Worker-Main-14/INFO] [sn.ja.Jade/]: Start loading plugin from snownee.jade.addon.universal.UniversalPlugin
[04:00:16] [Worker-Main-14/INFO] [sn.ja.Jade/]: Bootstrapped plugin from snownee.jade.addon.universal.UniversalPlugin in 3.715 ms
[04:00:16] [Worker-Main-14/INFO] [sn.ja.Jade/]: Loaded plugin from snownee.jade.addon.universal.UniversalPlugin in 3.918 ms
[04:00:16] [Worker-Main-14/INFO] [sn.ja.Jade/]: Start loading plugin from snownee.jade.addon.debug.DebugPlugin
[04:00:16] [Worker-Main-14/INFO] [sn.ja.Jade/]: Bootstrapped plugin from snownee.jade.addon.debug.DebugPlugin in 1.432 ms
[04:00:16] [Worker-Main-14/INFO] [sn.ja.Jade/]: Loaded plugin from snownee.jade.addon.debug.DebugPlugin in 1.573 ms
[04:00:16] [Worker-Main-14/INFO] [sn.ja.Jade/]: Start loading plugin from snownee.jade.addon.core.CorePlugin
[04:00:16] [Worker-Main-14/INFO] [sn.ja.Jade/]: Bootstrapped plugin from snownee.jade.addon.core.CorePlugin in 2.844 ms
[04:00:16] [Worker-Main-14/INFO] [sn.ja.Jade/]: Loaded plugin from snownee.jade.addon.core.CorePlugin in 3.005 ms
[04:00:16] [Worker-Main-14/INFO] [sn.ja.Jade/]: Start loading plugin from snownee.jade.addon.access.AccessibilityPlugin
[04:00:16] [Worker-Main-14/INFO] [sn.ja.Jade/]: Bootstrapped plugin from snownee.jade.addon.access.AccessibilityPlugin in 2.037 ms
[04:00:16] [Worker-Main-14/INFO] [sn.ja.Jade/]: Loaded plugin from snownee.jade.addon.access.AccessibilityPlugin in 2.226 ms
[04:00:16] [Worker-Main-14/INFO] [sn.ja.Jade/]: Start loading plugin from com.github.tartaricacid.touhoulittlemaid.compat.jade.JadePlugin
[04:00:16] [Worker-Main-14/INFO] [sn.ja.Jade/]: Bootstrapped plugin from com.github.tartaricacid.touhoulittlemaid.compat.jade.JadePlugin in 1.955 ms
[04:00:16] [Worker-Main-14/INFO] [sn.ja.Jade/]: Loaded plugin from com.github.tartaricacid.touhoulittlemaid.compat.jade.JadePlugin in 2.107 ms
[04:00:16] [Render thread/DEBUG] [ne.ne.fm.DeferredWorkQueue/LOADING]: Dispatching synchronous work for work queue Complete loading of 19 mods: 2 jobs
[04:00:16] [Render thread/INFO] [KubeJS Startup/]: Capturing errors for startup scripts disabled
[04:00:16] [Render thread/INFO] [KubeJS Client/]: Capturing errors for client scripts disabled
[04:00:16] [Render thread/DEBUG] [ne.ne.fm.DeferredWorkQueue/LOADING]: Synchronous work queue completed in 16.37 ms
[04:00:16] [Render thread/WARN] [minecraft/SoundEngine]: Missing sound for event: minecraft:item.goat_horn.play
[04:00:16] [Render thread/WARN] [minecraft/SoundEngine]: Missing sound for event: minecraft:entity.goat.screaming.horn_break
[04:00:16] [Render thread/INFO] [mojang/Library]: OpenAL initialized on device OpenAL Soft on 鎵０鍣?(High Definition Audio Device)
[04:00:16] [Render thread/INFO] [minecraft/SoundEngine]: Sound engine started
[04:00:16] [Render thread/INFO] [minecraft/TextureAtlas]: Created: 2048x1024x4 minecraft:textures/atlas/blocks.png-atlas
[04:00:16] [Render thread/INFO] [minecraft/TextureAtlas]: Created: 512x256x4 minecraft:textures/atlas/signs.png-atlas
[04:00:16] [Render thread/INFO] [minecraft/TextureAtlas]: Created: 512x512x4 minecraft:textures/atlas/shield_patterns.png-atlas
[04:00:16] [Render thread/INFO] [minecraft/TextureAtlas]: Created: 512x512x4 minecraft:textures/atlas/banner_patterns.png-atlas
[04:00:16] [Render thread/INFO] [minecraft/TextureAtlas]: Created: 2048x1024x4 minecraft:textures/atlas/armor_trims.png-atlas
[04:00:16] [Render thread/INFO] [minecraft/TextureAtlas]: Created: 128x64x4 minecraft:textures/atlas/decorated_pot.png-atlas
[04:00:16] [Render thread/INFO] [minecraft/TextureAtlas]: Created: 256x256x4 minecraft:textures/atlas/chest.png-atlas
[04:00:16] [Render thread/INFO] [minecraft/TextureAtlas]: Created: 512x256x4 minecraft:textures/atlas/shulker_boxes.png-atlas
[04:00:16] [Render thread/INFO] [minecraft/TextureAtlas]: Created: 512x256x4 minecraft:textures/atlas/beds.png-atlas
[04:00:16] [Render thread/INFO] [minecraft/TextureAtlas]: Created: 512x256x0 minecraft:textures/atlas/particles.png-atlas
[04:00:16] [Render thread/INFO] [minecraft/TextureAtlas]: Created: 512x256x0 minecraft:textures/atlas/paintings.png-atlas
[04:00:16] [Render thread/INFO] [minecraft/TextureAtlas]: Created: 256x128x0 minecraft:textures/atlas/mob_effects.png-atlas
[04:00:16] [Render thread/INFO] [minecraft/TextureAtlas]: Created: 64x64x0 minecraft:textures/atlas/map_decorations.png-atlas
[04:00:16] [Render thread/INFO] [minecraft/TextureAtlas]: Created: 1024x512x0 minecraft:textures/atlas/gui.png-atlas
[04:00:16] [Render thread/WARN] [minecraft/ShaderInstance]: Shader rendertype_entity_translucent_emissive could not find sampler named Sampler2 in the specified shader program.
[04:00:16] [Render thread/INFO] [minecraft/TextureAtlas]: Created: 256x256x0 jei:textures/atlas/gui.png-atlas
[04:00:16] [Render thread/INFO] [flywheel/backend/shaders/]: Loaded 77 shader sources in 16.538 ms
[04:00:17] [Render thread/DEBUG] [touhou_little_maid/CustomPackLoader]: Touhou little maid mod's model is loading...
[04:00:17] [Render thread/DEBUG] [touhou_little_maid/CustomPackLoader]: Loaded model: authors_and_credits:models/entity/wine_fox_maid.json
[04:00:17] [Render thread/DEBUG] [touhou_little_maid/CustomPackLoader]: Loaded model: authors_and_credits:models/entity/sazuki.json
[04:00:17] [Render thread/DEBUG] [touhou_little_maid/CustomPackLoader]: Loaded model: authors_and_credits:models/entity/pajinyi.json
[04:00:17] [Render thread/DEBUG] [touhou_little_maid/CustomPackLoader]: Loaded model: authors_and_credits:models/entity/fledge.json
[04:00:17] [Render thread/DEBUG] [touhou_little_maid/CustomPackLoader]: Loaded model: authors_and_credits:models/entity/clocklalier.json
[04:00:17] [Render thread/DEBUG] [touhou_little_maid/CustomPackLoader]: Loaded model: authors_and_credits:models/entity/cyra.json
[04:00:17] [Render thread/DEBUG] [touhou_little_maid/CustomPackLoader]: Loaded model: authors_and_credits:models/entity/cyra.json
[04:00:17] [Render thread/DEBUG] [touhou_little_maid/CustomPackLoader]: Loaded model: authors_and_credits:models/entity/mory_chan.json
[04:00:17] [Render thread/DEBUG] [touhou_little_maid/CustomPackLoader]: Loaded model: authors_and_credits:models/entity/flower_candy.json
[04:00:17] [Render thread/DEBUG] [touhou_little_maid/CustomPackLoader]: Touhou little maid mod's model is loaded
[04:00:17] [Render thread/DEBUG] [touhou_little_maid/CustomPackLoader]: Touhou little maid mod's model is loading...
[04:00:17] [Render thread/DEBUG] [touhou_little_maid/CustomPackLoader]: Touhou little maid mod's model is loading...
[04:00:17] [Render thread/DEBUG] [touhou_little_maid/CustomPackLoader]: Loaded model: geckolib:models/entity/winefox.json
[04:00:17] [Render thread/DEBUG] [touhou_little_maid/CustomPackLoader]: Loaded model: geckolib:models/entity/winefox.json
[04:00:17] [Render thread/DEBUG] [touhou_little_maid/CustomPackLoader]: Loaded model: geckolib:models/entity/winefox_hanfu.json
[04:00:17] [Render thread/DEBUG] [touhou_little_maid/CustomPackLoader]: Loaded model: geckolib:models/entity/winefox_new_year.json
[04:00:17] [Render thread/DEBUG] [touhou_little_maid/CustomPackLoader]: Loaded model: geckolib:models/entity/winefox_jk.json
[04:00:17] [Render thread/DEBUG] [touhou_little_maid/CustomPackLoader]: Loaded model: geckolib:models/entity/winefox_astronaut.json
[04:00:17] [Render thread/DEBUG] [touhou_little_maid/CustomPackLoader]: Loaded model: geckolib:models/entity/winefox_kongfu.json
[04:00:17] [Render thread/DEBUG] [touhou_little_maid/CustomPackLoader]: Loaded model: geckolib:models/entity/winefox_kongfu.json
[04:00:17] [Render thread/DEBUG] [touhou_little_maid/CustomPackLoader]: Loaded model: geckolib:models/entity/winefox_kongfu.json
[04:00:17] [Render thread/DEBUG] [touhou_little_maid/CustomPackLoader]: Loaded model: geckolib:models/entity/winefox_kongfu.json
[04:00:17] [Render thread/DEBUG] [touhou_little_maid/CustomPackLoader]: Loaded model: geckolib:models/entity/winefox_kongfu.json
[04:00:17] [Render thread/DEBUG] [touhou_little_maid/CustomPackLoader]: Loaded model: geckolib:models/entity/winefox_kongfu.json
[04:00:17] [Render thread/DEBUG] [touhou_little_maid/CustomPackLoader]: Loaded model: geckolib:models/entity/winefox_magical.json
[04:00:17] [Render thread/DEBUG] [touhou_little_maid/CustomPackLoader]: Loaded model: geckolib:models/entity/winefox_magical.json
[04:00:17] [Render thread/DEBUG] [touhou_little_maid/CustomPackLoader]: Loaded model: geckolib:models/entity/winefox_magical.json
[04:00:17] [Render thread/DEBUG] [touhou_little_maid/CustomPackLoader]: Loaded model: geckolib:models/entity/winefox_magical.json
[04:00:17] [Render thread/DEBUG] [touhou_little_maid/CustomPackLoader]: Loaded model: geckolib:models/entity/winefox_magical.json
[04:00:17] [Render thread/DEBUG] [touhou_little_maid/CustomPackLoader]: Loaded model: geckolib:models/entity/winefox_magical.json
[04:00:17] [Render thread/DEBUG] [touhou_little_maid/CustomPackLoader]: Loaded model: geckolib:models/entity/winefox_salesperson.json
[04:00:17] [Render thread/DEBUG] [touhou_little_maid/CustomPackLoader]: Loaded model: geckolib:models/entity/winefox_salesperson.json
[04:00:17] [Render thread/DEBUG] [touhou_little_maid/CustomPackLoader]: Loaded model: geckolib:models/entity/winefox_little.json
[04:00:17] [Render thread/DEBUG] [touhou_little_maid/CustomPackLoader]: Loaded model: geckolib:models/entity/sta.json
[04:00:17] [Render thread/DEBUG] [touhou_little_maid/CustomPackLoader]: Loaded model: geckolib:models/entity/zhiban.json
[04:00:17] [Render thread/DEBUG] [touhou_little_maid/CustomPackLoader]: Loaded model: geckolib:models/entity/zhiban_hanfu.json
[04:00:17] [Render thread/DEBUG] [touhou_little_maid/CustomPackLoader]: Loaded model: geckolib:models/entity/zhiban_new_year.json
[04:00:17] [Render thread/DEBUG] [touhou_little_maid/CustomPackLoader]: Loaded model: geckolib:models/entity/hailuo_new_year.json
[04:00:17] [Render thread/DEBUG] [touhou_little_maid/CustomPackLoader]: Loaded model: geckolib:models/entity/kluonoa.json
[04:00:17] [Render thread/DEBUG] [touhou_little_maid/CustomPackLoader]: Loaded model: geckolib:models/entity/foxmaid.json
[04:00:17] [Render thread/DEBUG] [touhou_little_maid/CustomPackLoader]: Touhou little maid mod's model is loaded
[04:00:17] [Render thread/DEBUG] [touhou_little_maid/CustomPackLoader]: Touhou little maid mod's model is loading...
[04:00:17] [Render thread/DEBUG] [touhou_little_maid/CustomPackLoader]: Loaded model: geckolib:models/entity/qingluka.json
[04:00:17] [Render thread/DEBUG] [touhou_little_maid/CustomPackLoader]: Touhou little maid mod's model is loaded
[04:00:17] [Render thread/DEBUG] [touhou_little_maid/CustomPackLoader]: Touhou little maid mod's model is loading...
[04:00:17] [Render thread/DEBUG] [touhou_little_maid/CustomPackLoader]: Touhou little maid mod's model is loading...
[04:00:17] [Render thread/DEBUG] [touhou_little_maid/CustomSoundLoader]: Loading littlemaid_peco sound pack: 
[04:00:17] [Render thread/DEBUG] [touhou_little_maid/CustomSoundLoader]: sound: idle1.ogg
[04:00:18] [Render thread/DEBUG] [touhou_little_maid/CustomSoundLoader]: sound: idle10.ogg
[04:00:18] [Render thread/DEBUG] [touhou_little_maid/CustomSoundLoader]: sound: idle11.ogg
[04:00:18] [Render thread/DEBUG] [touhou_little_maid/CustomSoundLoader]: sound: idle12.ogg
[04:00:18] [Render thread/DEBUG] [touhou_little_maid/CustomSoundLoader]: sound: idle13.ogg
[04:00:18] [Render thread/DEBUG] [touhou_little_maid/CustomSoundLoader]: sound: idle14.ogg
[04:00:18] [Render thread/DEBUG] [touhou_little_maid/CustomSoundLoader]: sound: idle15.ogg
[04:00:18] [Render thread/DEBUG] [touhou_little_maid/CustomSoundLoader]: sound: idle16.ogg
[04:00:18] [Render thread/DEBUG] [touhou_little_maid/CustomSoundLoader]: sound: idle17.ogg
[04:00:18] [Render thread/DEBUG] [touhou_little_maid/CustomSoundLoader]: sound: idle18.ogg
[04:00:18] [Render thread/DEBUG] [touhou_little_maid/CustomSoundLoader]: sound: idle19.ogg
[04:00:18] [Render thread/DEBUG] [touhou_little_maid/CustomSoundLoader]: sound: idle2.ogg
[04:00:18] [Render thread/DEBUG] [touhou_little_maid/CustomSoundLoader]: sound: idle20.ogg
[04:00:18] [Render thread/DEBUG] [touhou_little_maid/CustomSoundLoader]: sound: idle21.ogg
[04:00:18] [Render thread/DEBUG] [touhou_little_maid/CustomSoundLoader]: sound: idle22.ogg
[04:00:18] [Render thread/DEBUG] [touhou_little_maid/CustomSoundLoader]: sound: idle23.ogg
[04:00:18] [Render thread/DEBUG] [touhou_little_maid/CustomSoundLoader]: sound: idle24.ogg
[04:00:18] [Render thread/DEBUG] [touhou_little_maid/CustomSoundLoader]: sound: idle25.ogg
[04:00:18] [Render thread/DEBUG] [touhou_little_maid/CustomSoundLoader]: sound: idle26.ogg
[04:00:18] [Render thread/DEBUG] [touhou_little_maid/CustomSoundLoader]: sound: idle27.ogg
[04:00:18] [Render thread/DEBUG] [touhou_little_maid/CustomSoundLoader]: sound: idle28.ogg
[04:00:18] [Render thread/DEBUG] [touhou_little_maid/CustomSoundLoader]: sound: idle29.ogg
[04:00:18] [Render thread/DEBUG] [touhou_little_maid/CustomSoundLoader]: sound: idle3.ogg
[04:00:18] [Render thread/DEBUG] [touhou_little_maid/CustomSoundLoader]: sound: idle30.ogg
[04:00:18] [Render thread/DEBUG] [touhou_little_maid/CustomSoundLoader]: sound: idle31.ogg
[04:00:18] [Render thread/DEBUG] [touhou_little_maid/CustomSoundLoader]: sound: idle32.ogg
[04:00:18] [Render thread/DEBUG] [touhou_little_maid/CustomSoundLoader]: sound: idle33.ogg
[04:00:18] [Render thread/DEBUG] [touhou_little_maid/CustomSoundLoader]: sound: idle34.ogg
[04:00:18] [Render thread/DEBUG] [touhou_little_maid/CustomSoundLoader]: sound: idle35.ogg
[04:00:18] [Render thread/DEBUG] [touhou_little_maid/CustomSoundLoader]: sound: idle36.ogg
[04:00:18] [Render thread/DEBUG] [touhou_little_maid/CustomSoundLoader]: sound: idle37.ogg
[04:00:18] [Render thread/DEBUG] [touhou_little_maid/CustomSoundLoader]: sound: idle38.ogg
[04:00:18] [Render thread/DEBUG] [touhou_little_maid/CustomSoundLoader]: sound: idle39.ogg
[04:00:18] [Render thread/DEBUG] [touhou_little_maid/CustomSoundLoader]: sound: idle4.ogg
[04:00:18] [Render thread/DEBUG] [touhou_little_maid/CustomSoundLoader]: sound: idle40.ogg
[04:00:18] [Render thread/DEBUG] [touhou_little_maid/CustomSoundLoader]: sound: idle41.ogg
[04:00:18] [Render thread/DEBUG] [touhou_little_maid/CustomSoundLoader]: sound: idle42.ogg
[04:00:18] [Render thread/DEBUG] [touhou_little_maid/CustomSoundLoader]: sound: idle43.ogg
[04:00:18] [Render thread/DEBUG] [touhou_little_maid/CustomSoundLoader]: sound: idle44.ogg
[04:00:18] [Render thread/DEBUG] [touhou_little_maid/CustomSoundLoader]: sound: idle45.ogg
[04:00:18] [Render thread/DEBUG] [touhou_little_maid/CustomSoundLoader]: sound: idle46.ogg
[04:00:18] [Render thread/DEBUG] [touhou_little_maid/CustomSoundLoader]: sound: idle47.ogg
[04:00:18] [Render thread/DEBUG] [touhou_little_maid/CustomSoundLoader]: sound: idle48.ogg
[04:00:18] [Render thread/DEBUG] [touhou_little_maid/CustomSoundLoader]: sound: idle49.ogg
[04:00:18] [Render thread/DEBUG] [touhou_little_maid/CustomSoundLoader]: sound: idle5.ogg
[04:00:18] [Render thread/DEBUG] [touhou_little_maid/CustomSoundLoader]: sound: idle50.ogg
[04:00:18] [Render thread/DEBUG] [touhou_little_maid/CustomSoundLoader]: sound: idle51.ogg
[04:00:18] [Render thread/DEBUG] [touhou_little_maid/CustomSoundLoader]: sound: idle52.ogg
[04:00:18] [Render thread/DEBUG] [touhou_little_maid/CustomSoundLoader]: sound: idle53.ogg
[04:00:18] [Render thread/DEBUG] [touhou_little_maid/CustomSoundLoader]: sound: idle54.ogg
[04:00:18] [Render thread/DEBUG] [touhou_little_maid/CustomSoundLoader]: sound: idle55.ogg
[04:00:18] [Render thread/DEBUG] [touhou_little_maid/CustomSoundLoader]: sound: idle56.ogg
[04:00:18] [Render thread/DEBUG] [touhou_little_maid/CustomSoundLoader]: sound: idle57.ogg
[04:00:18] [Render thread/DEBUG] [touhou_little_maid/CustomSoundLoader]: sound: idle58.ogg
[04:00:18] [Render thread/DEBUG] [touhou_little_maid/CustomSoundLoader]: sound: idle59.ogg
[04:00:18] [Render thread/DEBUG] [touhou_little_maid/CustomSoundLoader]: sound: idle6.ogg
[04:00:18] [Render thread/DEBUG] [touhou_little_maid/CustomSoundLoader]: sound: idle60.ogg
[04:00:18] [Render thread/DEBUG] [touhou_little_maid/CustomSoundLoader]: sound: idle61.ogg
[04:00:18] [Render thread/DEBUG] [touhou_little_maid/CustomSoundLoader]: sound: idle62.ogg
[04:00:18] [Render thread/DEBUG] [touhou_little_maid/CustomSoundLoader]: sound: idle63.ogg
[04:00:18] [Render thread/DEBUG] [touhou_little_maid/CustomSoundLoader]: sound: idle64.ogg
[04:00:18] [Render thread/DEBUG] [touhou_little_maid/CustomSoundLoader]: sound: idle65.ogg
[04:00:18] [Render thread/DEBUG] [touhou_little_maid/CustomSoundLoader]: sound: idle66.ogg
[04:00:18] [Render thread/DEBUG] [touhou_little_maid/CustomSoundLoader]: sound: idle67.ogg
[04:00:18] [Render thread/DEBUG] [touhou_little_maid/CustomSoundLoader]: sound: idle68.ogg
[04:00:18] [Render thread/DEBUG] [touhou_little_maid/CustomSoundLoader]: sound: idle69.ogg
[04:00:18] [Render thread/DEBUG] [touhou_little_maid/CustomSoundLoader]: sound: idle7.ogg
[04:00:18] [Render thread/DEBUG] [touhou_little_maid/CustomSoundLoader]: sound: idle70.ogg
[04:00:18] [Render thread/DEBUG] [touhou_little_maid/CustomSoundLoader]: sound: idle71.ogg
[04:00:18] [Render thread/DEBUG] [touhou_little_maid/CustomSoundLoader]: sound: idle72.ogg
[04:00:18] [Render thread/DEBUG] [touhou_little_maid/CustomSoundLoader]: sound: idle73.ogg
[04:00:18] [Render thread/DEBUG] [touhou_little_maid/CustomSoundLoader]: sound: idle74.ogg
[04:00:18] [Render thread/DEBUG] [touhou_little_maid/CustomSoundLoader]: sound: idle75.ogg
[04:00:18] [Render thread/DEBUG] [touhou_little_maid/CustomSoundLoader]: sound: idle76.ogg
[04:00:18] [Render thread/DEBUG] [touhou_little_maid/CustomSoundLoader]: sound: idle77.ogg
[04:00:18] [Render thread/DEBUG] [touhou_little_maid/CustomSoundLoader]: sound: idle78.ogg
[04:00:18] [Render thread/DEBUG] [touhou_little_maid/CustomSoundLoader]: sound: idle8.ogg
[04:00:18] [Render thread/DEBUG] [touhou_little_maid/CustomSoundLoader]: sound: idle9.ogg
[04:00:18] [Render thread/DEBUG] [touhou_little_maid/CustomSoundLoader]: sound: attack1.ogg
[04:00:18] [Render thread/DEBUG] [touhou_little_maid/CustomSoundLoader]: sound: attack10.ogg
[04:00:18] [Render thread/DEBUG] [touhou_little_maid/CustomSoundLoader]: sound: attack11.ogg
[04:00:18] [Render thread/DEBUG] [touhou_little_maid/CustomSoundLoader]: sound: attack12.ogg
[04:00:18] [Render thread/DEBUG] [touhou_little_maid/CustomSoundLoader]: sound: attack13.ogg
[04:00:18] [Render thread/DEBUG] [touhou_little_maid/CustomSoundLoader]: sound: attack14.ogg
[04:00:18] [Render thread/DEBUG] [touhou_little_maid/CustomSoundLoader]: sound: attack2.ogg
[04:00:18] [Render thread/DEBUG] [touhou_little_maid/CustomSoundLoader]: sound: attack3.ogg
[04:00:18] [Render thread/DEBUG] [touhou_little_maid/CustomSoundLoader]: sound: attack4.ogg
[04:00:18] [Render thread/DEBUG] [touhou_little_maid/CustomSoundLoader]: sound: attack5.ogg
[04:00:18] [Render thread/DEBUG] [touhou_little_maid/CustomSoundLoader]: sound: attack6.ogg
[04:00:18] [Render thread/DEBUG] [touhou_little_maid/CustomSoundLoader]: sound: attack7.ogg
[04:00:18] [Render thread/DEBUG] [touhou_little_maid/CustomSoundLoader]: sound: attack8.ogg
[04:00:18] [Render thread/DEBUG] [touhou_little_maid/CustomSoundLoader]: sound: attack9.ogg
[04:00:18] [Render thread/DEBUG] [touhou_little_maid/CustomSoundLoader]: sound: range_attack1.ogg
[04:00:18] [Render thread/DEBUG] [touhou_little_maid/CustomSoundLoader]: sound: range_attack10.ogg
[04:00:18] [Render thread/DEBUG] [touhou_little_maid/CustomSoundLoader]: sound: range_attack11.ogg
[04:00:18] [Render thread/DEBUG] [touhou_little_maid/CustomSoundLoader]: sound: range_attack12.ogg
[04:00:18] [Render thread/DEBUG] [touhou_little_maid/CustomSoundLoader]: sound: range_attack13.ogg
[04:00:18] [Render thread/DEBUG] [touhou_little_maid/CustomSoundLoader]: sound: range_attack14.ogg
[04:00:18] [Render thread/DEBUG] [touhou_little_maid/CustomSoundLoader]: sound: range_attack15.ogg
[04:00:18] [Render thread/DEBUG] [touhou_little_maid/CustomSoundLoader]: sound: range_attack16.ogg
[04:00:18] [Render thread/DEBUG] [touhou_little_maid/CustomSoundLoader]: sound: range_attack17.ogg
[04:00:18] [Render thread/DEBUG] [touhou_little_maid/CustomSoundLoader]: sound: range_attack18.ogg
[04:00:18] [Render thread/DEBUG] [touhou_little_maid/CustomSoundLoader]: sound: range_attack19.ogg
[04:00:18] [Render thread/DEBUG] [touhou_little_maid/CustomSoundLoader]: sound: range_attack2.ogg
[04:00:18] [Render thread/DEBUG] [touhou_little_maid/CustomSoundLoader]: sound: range_attack20.ogg
[04:00:18] [Render thread/DEBUG] [touhou_little_maid/CustomSoundLoader]: sound: range_attack21.ogg
[04:00:18] [Render thread/DEBUG] [touhou_little_maid/CustomSoundLoader]: sound: range_attack22.ogg
[04:00:18] [Render thread/DEBUG] [touhou_little_maid/CustomSoundLoader]: sound: range_attack23.ogg
[04:00:18] [Render thread/DEBUG] [touhou_little_maid/CustomSoundLoader]: sound: range_attack24.ogg
[04:00:18] [Render thread/DEBUG] [touhou_little_maid/CustomSoundLoader]: sound: range_attack25.ogg
[04:00:18] [Render thread/DEBUG] [touhou_little_maid/CustomSoundLoader]: sound: range_attack26.ogg
[04:00:18] [Render thread/DEBUG] [touhou_little_maid/CustomSoundLoader]: sound: range_attack27.ogg
[04:00:18] [Render thread/DEBUG] [touhou_little_maid/CustomSoundLoader]: sound: range_attack28.ogg
[04:00:18] [Render thread/DEBUG] [touhou_little_maid/CustomSoundLoader]: sound: range_attack29.ogg
[04:00:18] [Render thread/DEBUG] [touhou_little_maid/CustomSoundLoader]: sound: range_attack3.ogg
[04:00:18] [Render thread/DEBUG] [touhou_little_maid/CustomSoundLoader]: sound: range_attack4.ogg
[04:00:18] [Render thread/DEBUG] [touhou_little_maid/CustomSoundLoader]: sound: range_attack5.ogg
[04:00:18] [Render thread/DEBUG] [touhou_little_maid/CustomSoundLoader]: sound: range_attack6.ogg
[04:00:18] [Render thread/DEBUG] [touhou_little_maid/CustomSoundLoader]: sound: range_attack7.ogg
[04:00:18] [Render thread/DEBUG] [touhou_little_maid/CustomSoundLoader]: sound: range_attack8.ogg
[04:00:18] [Render thread/DEBUG] [touhou_little_maid/CustomSoundLoader]: sound: range_attack9.ogg
[04:00:18] [Render thread/DEBUG] [touhou_little_maid/CustomSoundLoader]: sound: farm1.ogg
[04:00:18] [Render thread/DEBUG] [touhou_little_maid/CustomSoundLoader]: sound: farm2.ogg
[04:00:18] [Render thread/DEBUG] [touhou_little_maid/CustomSoundLoader]: sound: farm3.ogg
[04:00:18] [Render thread/DEBUG] [touhou_little_maid/CustomSoundLoader]: sound: farm4.ogg
[04:00:18] [Render thread/DEBUG] [touhou_little_maid/CustomSoundLoader]: sound: farm5.ogg
[04:00:18] [Render thread/DEBUG] [touhou_little_maid/CustomSoundLoader]: sound: farm6.ogg
[04:00:18] [Render thread/DEBUG] [touhou_little_maid/CustomSoundLoader]: sound: feed1.ogg
[04:00:18] [Render thread/DEBUG] [touhou_little_maid/CustomSoundLoader]: sound: feed10.ogg
[04:00:18] [Render thread/DEBUG] [touhou_little_maid/CustomSoundLoader]: sound: feed11.ogg
[04:00:18] [Render thread/DEBUG] [touhou_little_maid/CustomSoundLoader]: sound: feed12.ogg
[04:00:18] [Render thread/DEBUG] [touhou_little_maid/CustomSoundLoader]: sound: feed13.ogg
[04:00:18] [Render thread/DEBUG] [touhou_little_maid/CustomSoundLoader]: sound: feed14.ogg
[04:00:18] [Render thread/DEBUG] [touhou_little_maid/CustomSoundLoader]: sound: feed15.ogg
[04:00:18] [Render thread/DEBUG] [touhou_little_maid/CustomSoundLoader]: sound: feed2.ogg
[04:00:18] [Render thread/DEBUG] [touhou_little_maid/CustomSoundLoader]: sound: feed3.ogg
[04:00:18] [Render thread/DEBUG] [touhou_little_maid/CustomSoundLoader]: sound: feed4.ogg
[04:00:18] [Render thread/DEBUG] [touhou_little_maid/CustomSoundLoader]: sound: feed5.ogg
[04:00:18] [Render thread/DEBUG] [touhou_little_maid/CustomSoundLoader]: sound: feed6.ogg
[04:00:18] [Render thread/DEBUG] [touhou_little_maid/CustomSoundLoader]: sound: feed7.ogg
[04:00:18] [Render thread/DEBUG] [touhou_little_maid/CustomSoundLoader]: sound: feed8.ogg
[04:00:18] [Render thread/DEBUG] [touhou_little_maid/CustomSoundLoader]: sound: feed9.ogg
[04:00:18] [Render thread/DEBUG] [touhou_little_maid/CustomSoundLoader]: sound: torch1.ogg
[04:00:18] [Render thread/DEBUG] [touhou_little_maid/CustomSoundLoader]: sound: torch10.ogg
[04:00:18] [Render thread/DEBUG] [touhou_little_maid/CustomSoundLoader]: sound: torch11.ogg
[04:00:18] [Render thread/DEBUG] [touhou_little_maid/CustomSoundLoader]: sound: torch12.ogg
[04:00:18] [Render thread/DEBUG] [touhou_little_maid/CustomSoundLoader]: sound: torch13.ogg
[04:00:18] [Render thread/DEBUG] [touhou_little_maid/CustomSoundLoader]: sound: torch14.ogg
[04:00:18] [Render thread/DEBUG] [touhou_little_maid/CustomSoundLoader]: sound: torch15.ogg
[04:00:18] [Render thread/DEBUG] [touhou_little_maid/CustomSoundLoader]: sound: torch17.ogg
[04:00:18] [Render thread/DEBUG] [touhou_little_maid/CustomSoundLoader]: sound: torch18.ogg
[04:00:18] [Render thread/DEBUG] [touhou_little_maid/CustomSoundLoader]: sound: torch19.ogg
[04:00:18] [Render thread/DEBUG] [touhou_little_maid/CustomSoundLoader]: sound: torch2.ogg
[04:00:18] [Render thread/DEBUG] [touhou_little_maid/CustomSoundLoader]: sound: torch20.ogg
[04:00:18] [Render thread/DEBUG] [touhou_little_maid/CustomSoundLoader]: sound: torch21.ogg
[04:00:18] [Render thread/DEBUG] [touhou_little_maid/CustomSoundLoader]: sound: torch22.ogg
[04:00:18] [Render thread/DEBUG] [touhou_little_maid/CustomSoundLoader]: sound: torch23.ogg
[04:00:18] [Render thread/DEBUG] [touhou_little_maid/CustomSoundLoader]: sound: torch24.ogg
[04:00:18] [Render thread/DEBUG] [touhou_little_maid/CustomSoundLoader]: sound: torch25.ogg
[04:00:18] [Render thread/DEBUG] [touhou_little_maid/CustomSoundLoader]: sound: torch26.ogg
[04:00:18] [Render thread/DEBUG] [touhou_little_maid/CustomSoundLoader]: sound: torch27.ogg
[04:00:18] [Render thread/DEBUG] [touhou_little_maid/CustomSoundLoader]: sound: torch28.ogg
[04:00:18] [Render thread/DEBUG] [touhou_little_maid/CustomSoundLoader]: sound: torch29.ogg
[04:00:18] [Render thread/DEBUG] [touhou_little_maid/CustomSoundLoader]: sound: torch3.ogg
[04:00:18] [Render thread/DEBUG] [touhou_little_maid/CustomSoundLoader]: sound: torch4.ogg
[04:00:18] [Render thread/DEBUG] [touhou_little_maid/CustomSoundLoader]: sound: torch5.ogg
[04:00:18] [Render thread/DEBUG] [touhou_little_maid/CustomSoundLoader]: sound: torch6.ogg
[04:00:18] [Render thread/DEBUG] [touhou_little_maid/CustomSoundLoader]: sound: torch7.ogg
[04:00:18] [Render thread/DEBUG] [touhou_little_maid/CustomSoundLoader]: sound: torch8.ogg
[04:00:18] [Render thread/DEBUG] [touhou_little_maid/CustomSoundLoader]: sound: torch9.ogg
[04:00:18] [Render thread/DEBUG] [touhou_little_maid/CustomSoundLoader]: sound: furnace1.ogg
[04:00:18] [Render thread/DEBUG] [touhou_little_maid/CustomSoundLoader]: sound: furnace10.ogg
[04:00:18] [Render thread/DEBUG] [touhou_little_maid/CustomSoundLoader]: sound: furnace11.ogg
[04:00:18] [Render thread/DEBUG] [touhou_little_maid/CustomSoundLoader]: sound: furnace12.ogg
[04:00:18] [Render thread/DEBUG] [touhou_little_maid/CustomSoundLoader]: sound: furnace13.ogg
[04:00:18] [Render thread/DEBUG] [touhou_little_maid/CustomSoundLoader]: sound: furnace14.ogg
[04:00:18] [Render thread/DEBUG] [touhou_little_maid/CustomSoundLoader]: sound: furnace15.ogg
[04:00:18] [Render thread/DEBUG] [touhou_little_maid/CustomSoundLoader]: sound: furnace16.ogg
[04:00:18] [Render thread/DEBUG] [touhou_little_maid/CustomSoundLoader]: sound: furnace17.ogg
[04:00:18] [Render thread/DEBUG] [touhou_little_maid/CustomSoundLoader]: sound: furnace18.ogg
[04:00:18] [Render thread/DEBUG] [touhou_little_maid/CustomSoundLoader]: sound: furnace19.ogg
[04:00:18] [Render thread/DEBUG] [touhou_little_maid/CustomSoundLoader]: sound: furnace2.ogg
[04:00:18] [Render thread/DEBUG] [touhou_little_maid/CustomSoundLoader]: sound: furnace20.ogg
[04:00:18] [Render thread/DEBUG] [touhou_little_maid/CustomSoundLoader]: sound: furnace21.ogg
[04:00:18] [Render thread/DEBUG] [touhou_little_maid/CustomSoundLoader]: sound: furnace22.ogg
[04:00:18] [Render thread/DEBUG] [touhou_little_maid/CustomSoundLoader]: sound: furnace23.ogg
[04:00:18] [Render thread/DEBUG] [touhou_little_maid/CustomSoundLoader]: sound: furnace3.ogg
[04:00:18] [Render thread/DEBUG] [touhou_little_maid/CustomSoundLoader]: sound: furnace4.ogg
[04:00:18] [Render thread/DEBUG] [touhou_little_maid/CustomSoundLoader]: sound: furnace5.ogg
[04:00:18] [Render thread/DEBUG] [touhou_little_maid/CustomSoundLoader]: sound: furnace6.ogg
[04:00:18] [Render thread/DEBUG] [touhou_little_maid/CustomSoundLoader]: sound: furnace7.ogg
[04:00:18] [Render thread/DEBUG] [touhou_little_maid/CustomSoundLoader]: sound: furnace8.ogg
[04:00:18] [Render thread/DEBUG] [touhou_little_maid/CustomSoundLoader]: sound: furnace9.ogg
[04:00:18] [Render thread/DEBUG] [touhou_little_maid/CustomSoundLoader]: sound: find_target1.ogg
[04:00:18] [Render thread/DEBUG] [touhou_little_maid/CustomSoundLoader]: sound: find_target10.ogg
[04:00:18] [Render thread/DEBUG] [touhou_little_maid/CustomSoundLoader]: sound: find_target11.ogg
[04:00:18] [Render thread/DEBUG] [touhou_little_maid/CustomSoundLoader]: sound: find_target12.ogg
[04:00:18] [Render thread/DEBUG] [touhou_little_maid/CustomSoundLoader]: sound: find_target13.ogg
[04:00:18] [Render thread/DEBUG] [touhou_little_maid/CustomSoundLoader]: sound: find_target14.ogg
[04:00:18] [Render thread/DEBUG] [touhou_little_maid/CustomSoundLoader]: sound: find_target15.ogg
[04:00:18] [Render thread/DEBUG] [touhou_little_maid/CustomSoundLoader]: sound: find_target16.ogg
[04:00:18] [Render thread/DEBUG] [touhou_little_maid/CustomSoundLoader]: sound: find_target17.ogg
[04:00:18] [Render thread/DEBUG] [touhou_little_maid/CustomSoundLoader]: sound: find_target18.ogg
[04:00:18] [Render thread/DEBUG] [touhou_little_maid/CustomSoundLoader]: sound: find_target2.ogg
[04:00:18] [Render thread/DEBUG] [touhou_little_maid/CustomSoundLoader]: sound: find_target3.ogg
[04:00:18] [Render thread/DEBUG] [touhou_little_maid/CustomSoundLoader]: sound: find_target4.ogg
[04:00:18] [Render thread/DEBUG] [touhou_little_maid/CustomSoundLoader]: sound: find_target5.ogg
[04:00:18] [Render thread/DEBUG] [touhou_little_maid/CustomSoundLoader]: sound: find_target6.ogg
[04:00:18] [Render thread/DEBUG] [touhou_little_maid/CustomSoundLoader]: sound: find_target7.ogg
[04:00:18] [Render thread/DEBUG] [touhou_little_maid/CustomSoundLoader]: sound: find_target8.ogg
[04:00:18] [Render thread/DEBUG] [touhou_little_maid/CustomSoundLoader]: sound: find_target9.ogg
[04:00:18] [Render thread/DEBUG] [touhou_little_maid/CustomSoundLoader]: sound: hurt1.ogg
[04:00:18] [Render thread/DEBUG] [touhou_little_maid/CustomSoundLoader]: sound: hurt10.ogg
[04:00:18] [Render thread/DEBUG] [touhou_little_maid/CustomSoundLoader]: sound: hurt11.ogg
[04:00:18] [Render thread/DEBUG] [touhou_little_maid/CustomSoundLoader]: sound: hurt12.ogg
[04:00:18] [Render thread/DEBUG] [touhou_little_maid/CustomSoundLoader]: sound: hurt13.ogg
[04:00:18] [Render thread/DEBUG] [touhou_little_maid/CustomSoundLoader]: sound: hurt2.ogg
[04:00:18] [Render thread/DEBUG] [touhou_little_maid/CustomSoundLoader]: sound: hurt3.ogg
[04:00:18] [Render thread/DEBUG] [touhou_little_maid/CustomSoundLoader]: sound: hurt4.ogg
[04:00:18] [Render thread/DEBUG] [touhou_little_maid/CustomSoundLoader]: sound: hurt5.ogg
[04:00:18] [Render thread/DEBUG] [touhou_little_maid/CustomSoundLoader]: sound: hurt6.ogg
[04:00:18] [Render thread/DEBUG] [touhou_little_maid/CustomSoundLoader]: sound: hurt7.ogg
[04:00:18] [Render thread/DEBUG] [touhou_little_maid/CustomSoundLoader]: sound: hurt8.ogg
[04:00:18] [Render thread/DEBUG] [touhou_little_maid/CustomSoundLoader]: sound: hurt9.ogg
[04:00:18] [Render thread/DEBUG] [touhou_little_maid/CustomSoundLoader]: sound: hurt_fire1.ogg
[04:00:18] [Render thread/DEBUG] [touhou_little_maid/CustomSoundLoader]: sound: hurt_fire10.ogg
[04:00:18] [Render thread/DEBUG] [touhou_little_maid/CustomSoundLoader]: sound: hurt_fire11.ogg
[04:00:18] [Render thread/DEBUG] [touhou_little_maid/CustomSoundLoader]: sound: hurt_fire12.ogg
[04:00:18] [Render thread/DEBUG] [touhou_little_maid/CustomSoundLoader]: sound: hurt_fire2.ogg
[04:00:18] [Render thread/DEBUG] [touhou_little_maid/CustomSoundLoader]: sound: hurt_fire3.ogg
[04:00:18] [Render thread/DEBUG] [touhou_little_maid/CustomSoundLoader]: sound: hurt_fire4.ogg
[04:00:18] [Render thread/DEBUG] [touhou_little_maid/CustomSoundLoader]: sound: hurt_fire5.ogg
[04:00:18] [Render thread/DEBUG] [touhou_little_maid/CustomSoundLoader]: sound: hurt_fire6.ogg
[04:00:18] [Render thread/DEBUG] [touhou_little_maid/CustomSoundLoader]: sound: hurt_fire7.ogg
[04:00:18] [Render thread/DEBUG] [touhou_little_maid/CustomSoundLoader]: sound: hurt_fire8.ogg
[04:00:18] [Render thread/DEBUG] [touhou_little_maid/CustomSoundLoader]: sound: hurt_fire9.ogg
[04:00:18] [Render thread/DEBUG] [touhou_little_maid/CustomSoundLoader]: sound: tamed1.ogg
[04:00:18] [Render thread/DEBUG] [touhou_little_maid/CustomSoundLoader]: sound: tamed10.ogg
[04:00:18] [Render thread/DEBUG] [touhou_little_maid/CustomSoundLoader]: sound: tamed11.ogg
[04:00:18] [Render thread/DEBUG] [touhou_little_maid/CustomSoundLoader]: sound: tamed12.ogg
[04:00:18] [Render thread/DEBUG] [touhou_little_maid/CustomSoundLoader]: sound: tamed13.ogg
[04:00:18] [Render thread/DEBUG] [touhou_little_maid/CustomSoundLoader]: sound: tamed14.ogg
[04:00:18] [Render thread/DEBUG] [touhou_little_maid/CustomSoundLoader]: sound: tamed15.ogg
[04:00:18] [Render thread/DEBUG] [touhou_little_maid/CustomSoundLoader]: sound: tamed2.ogg
[04:00:18] [Render thread/DEBUG] [touhou_little_maid/CustomSoundLoader]: sound: tamed3.ogg
[04:00:18] [Render thread/DEBUG] [touhou_little_maid/CustomSoundLoader]: sound: tamed4.ogg
[04:00:18] [Render thread/DEBUG] [touhou_little_maid/CustomSoundLoader]: sound: tamed5.ogg
[04:00:18] [Render thread/DEBUG] [touhou_little_maid/CustomSoundLoader]: sound: tamed6.ogg
[04:00:18] [Render thread/DEBUG] [touhou_little_maid/CustomSoundLoader]: sound: tamed7.ogg
[04:00:18] [Render thread/DEBUG] [touhou_little_maid/CustomSoundLoader]: sound: tamed8.ogg
[04:00:18] [Render thread/DEBUG] [touhou_little_maid/CustomSoundLoader]: sound: tamed9.ogg
[04:00:18] [Render thread/DEBUG] [touhou_little_maid/CustomSoundLoader]: sound: item_get1.ogg
[04:00:18] [Render thread/DEBUG] [touhou_little_maid/CustomSoundLoader]: sound: item_get10.ogg
[04:00:18] [Render thread/DEBUG] [touhou_little_maid/CustomSoundLoader]: sound: item_get11.ogg
[04:00:18] [Render thread/DEBUG] [touhou_little_maid/CustomSoundLoader]: sound: item_get12.ogg
[04:00:18] [Render thread/DEBUG] [touhou_little_maid/CustomSoundLoader]: sound: item_get13.ogg
[04:00:18] [Render thread/DEBUG] [touhou_little_maid/CustomSoundLoader]: sound: item_get14.ogg
[04:00:18] [Render thread/DEBUG] [touhou_little_maid/CustomSoundLoader]: sound: item_get15.ogg
[04:00:18] [Render thread/DEBUG] [touhou_little_maid/CustomSoundLoader]: sound: item_get2.ogg
[04:00:18] [Render thread/DEBUG] [touhou_little_maid/CustomSoundLoader]: sound: item_get3.ogg
[04:00:18] [Render thread/DEBUG] [touhou_little_maid/CustomSoundLoader]: sound: item_get4.ogg
[04:00:18] [Render thread/DEBUG] [touhou_little_maid/CustomSoundLoader]: sound: item_get5.ogg
[04:00:18] [Render thread/DEBUG] [touhou_little_maid/CustomSoundLoader]: sound: item_get6.ogg
[04:00:18] [Render thread/DEBUG] [touhou_little_maid/CustomSoundLoader]: sound: item_get7.ogg
[04:00:18] [Render thread/DEBUG] [touhou_little_maid/CustomSoundLoader]: sound: item_get8.ogg
[04:00:18] [Render thread/DEBUG] [touhou_little_maid/CustomSoundLoader]: sound: item_get9.ogg
[04:00:18] [Render thread/DEBUG] [touhou_little_maid/CustomSoundLoader]: sound: death1.ogg
[04:00:18] [Render thread/DEBUG] [touhou_little_maid/CustomSoundLoader]: sound: death10.ogg
[04:00:18] [Render thread/DEBUG] [touhou_little_maid/CustomSoundLoader]: sound: death11.ogg
[04:00:18] [Render thread/DEBUG] [touhou_little_maid/CustomSoundLoader]: sound: death12.ogg
[04:00:18] [Render thread/DEBUG] [touhou_little_maid/CustomSoundLoader]: sound: death13.ogg
[04:00:18] [Render thread/DEBUG] [touhou_little_maid/CustomSoundLoader]: sound: death14.ogg
[04:00:18] [Render thread/DEBUG] [touhou_little_maid/CustomSoundLoader]: sound: death15.ogg
[04:00:18] [Render thread/DEBUG] [touhou_little_maid/CustomSoundLoader]: sound: death16.ogg
[04:00:18] [Render thread/DEBUG] [touhou_little_maid/CustomSoundLoader]: sound: death17.ogg
[04:00:18] [Render thread/DEBUG] [touhou_little_maid/CustomSoundLoader]: sound: death18.ogg
[04:00:18] [Render thread/DEBUG] [touhou_little_maid/CustomSoundLoader]: sound: death19.ogg
[04:00:18] [Render thread/DEBUG] [touhou_little_maid/CustomSoundLoader]: sound: death2.ogg
[04:00:18] [Render thread/DEBUG] [touhou_little_maid/CustomSoundLoader]: sound: death20.ogg
[04:00:18] [Render thread/DEBUG] [touhou_little_maid/CustomSoundLoader]: sound: death21.ogg
[04:00:18] [Render thread/DEBUG] [touhou_little_maid/CustomSoundLoader]: sound: death22.ogg
[04:00:18] [Render thread/DEBUG] [touhou_little_maid/CustomSoundLoader]: sound: death23.ogg
[04:00:18] [Render thread/DEBUG] [touhou_little_maid/CustomSoundLoader]: sound: death24.ogg
[04:00:18] [Render thread/DEBUG] [touhou_little_maid/CustomSoundLoader]: sound: death25.ogg
[04:00:18] [Render thread/DEBUG] [touhou_little_maid/CustomSoundLoader]: sound: death3.ogg
[04:00:18] [Render thread/DEBUG] [touhou_little_maid/CustomSoundLoader]: sound: death4.ogg
[04:00:18] [Render thread/DEBUG] [touhou_little_maid/CustomSoundLoader]: sound: death5.ogg
[04:00:18] [Render thread/DEBUG] [touhou_little_maid/CustomSoundLoader]: sound: death6.ogg
[04:00:18] [Render thread/DEBUG] [touhou_little_maid/CustomSoundLoader]: sound: death7.ogg
[04:00:18] [Render thread/DEBUG] [touhou_little_maid/CustomSoundLoader]: sound: death8.ogg
[04:00:18] [Render thread/DEBUG] [touhou_little_maid/CustomSoundLoader]: sound: death9.ogg
[04:00:18] [Render thread/DEBUG] [touhou_little_maid/CustomSoundLoader]: sound: morning1.ogg
[04:00:18] [Render thread/DEBUG] [touhou_little_maid/CustomSoundLoader]: sound: morning10.ogg
[04:00:18] [Render thread/DEBUG] [touhou_little_maid/CustomSoundLoader]: sound: morning11.ogg
[04:00:18] [Render thread/DEBUG] [touhou_little_maid/CustomSoundLoader]: sound: morning12.ogg
[04:00:18] [Render thread/DEBUG] [touhou_little_maid/CustomSoundLoader]: sound: morning13.ogg
[04:00:19] [Render thread/DEBUG] [touhou_little_maid/CustomSoundLoader]: sound: morning14.ogg
[04:00:19] [Render thread/DEBUG] [touhou_little_maid/CustomSoundLoader]: sound: morning15.ogg
[04:00:19] [Render thread/DEBUG] [touhou_little_maid/CustomSoundLoader]: sound: morning16.ogg
[04:00:19] [Render thread/DEBUG] [touhou_little_maid/CustomSoundLoader]: sound: morning17.ogg
[04:00:19] [Render thread/DEBUG] [touhou_little_maid/CustomSoundLoader]: sound: morning18.ogg
[04:00:19] [Render thread/DEBUG] [touhou_little_maid/CustomSoundLoader]: sound: morning19.ogg
[04:00:19] [Render thread/DEBUG] [touhou_little_maid/CustomSoundLoader]: sound: morning2.ogg
[04:00:19] [Render thread/DEBUG] [touhou_little_maid/CustomSoundLoader]: sound: morning20.ogg
[04:00:19] [Render thread/DEBUG] [touhou_little_maid/CustomSoundLoader]: sound: morning21.ogg
[04:00:19] [Render thread/DEBUG] [touhou_little_maid/CustomSoundLoader]: sound: morning22.ogg
[04:00:19] [Render thread/DEBUG] [touhou_little_maid/CustomSoundLoader]: sound: morning23.ogg
[04:00:19] [Render thread/DEBUG] [touhou_little_maid/CustomSoundLoader]: sound: morning3.ogg
[04:00:19] [Render thread/DEBUG] [touhou_little_maid/CustomSoundLoader]: sound: morning4.ogg
[04:00:19] [Render thread/DEBUG] [touhou_little_maid/CustomSoundLoader]: sound: morning5.ogg
[04:00:19] [Render thread/DEBUG] [touhou_little_maid/CustomSoundLoader]: sound: morning6.ogg
[04:00:19] [Render thread/DEBUG] [touhou_little_maid/CustomSoundLoader]: sound: morning7.ogg
[04:00:19] [Render thread/DEBUG] [touhou_little_maid/CustomSoundLoader]: sound: morning8.ogg
[04:00:19] [Render thread/DEBUG] [touhou_little_maid/CustomSoundLoader]: sound: morning9.ogg
[04:00:19] [Render thread/DEBUG] [touhou_little_maid/CustomSoundLoader]: sound: night1.ogg
[04:00:19] [Render thread/DEBUG] [touhou_little_maid/CustomSoundLoader]: sound: night10.ogg
[04:00:19] [Render thread/DEBUG] [touhou_little_maid/CustomSoundLoader]: sound: night11.ogg
[04:00:19] [Render thread/DEBUG] [touhou_little_maid/CustomSoundLoader]: sound: night12.ogg
[04:00:19] [Render thread/DEBUG] [touhou_little_maid/CustomSoundLoader]: sound: night13.ogg
[04:00:19] [Render thread/DEBUG] [touhou_little_maid/CustomSoundLoader]: sound: night14.ogg
[04:00:19] [Render thread/DEBUG] [touhou_little_maid/CustomSoundLoader]: sound: night15.ogg
[04:00:19] [Render thread/DEBUG] [touhou_little_maid/CustomSoundLoader]: sound: night16.ogg
[04:00:19] [Render thread/DEBUG] [touhou_little_maid/CustomSoundLoader]: sound: night17.ogg
[04:00:19] [Render thread/DEBUG] [touhou_little_maid/CustomSoundLoader]: sound: night18.ogg
[04:00:19] [Render thread/DEBUG] [touhou_little_maid/CustomSoundLoader]: sound: night2.ogg
[04:00:19] [Render thread/DEBUG] [touhou_little_maid/CustomSoundLoader]: sound: night3.ogg
[04:00:19] [Render thread/DEBUG] [touhou_little_maid/CustomSoundLoader]: sound: night4.ogg
[04:00:19] [Render thread/DEBUG] [touhou_little_maid/CustomSoundLoader]: sound: night5.ogg
[04:00:19] [Render thread/DEBUG] [touhou_little_maid/CustomSoundLoader]: sound: night6.ogg
[04:00:19] [Render thread/DEBUG] [touhou_little_maid/CustomSoundLoader]: sound: night7.ogg
[04:00:19] [Render thread/DEBUG] [touhou_little_maid/CustomSoundLoader]: sound: night8.ogg
[04:00:19] [Render thread/DEBUG] [touhou_little_maid/CustomSoundLoader]: sound: night9.ogg
[04:00:19] [Render thread/DEBUG] [touhou_little_maid/CustomSoundLoader]: Loaded littlemaid_peco sound pack.
[04:00:19] [Render thread/DEBUG] [touhou_little_maid/CustomPackLoader]: Touhou little maid mod's model is loading...
[04:00:19] [Render thread/DEBUG] [touhou_little_maid/CustomPackLoader]: Loaded model: minecraft_15th:models/entity/alex.json
[04:00:19] [Render thread/DEBUG] [touhou_little_maid/CustomPackLoader]: Loaded model: minecraft_15th:models/entity/rana.json
[04:00:19] [Render thread/DEBUG] [touhou_little_maid/CustomPackLoader]: Loaded model: minecraft_15th:models/entity/natalie.json
[04:00:19] [Render thread/DEBUG] [touhou_little_maid/CustomPackLoader]: Loaded model: minecraft_15th:models/entity/dawn.json
[04:00:19] [Render thread/DEBUG] [touhou_little_maid/CustomPackLoader]: Touhou little maid mod's model is loaded
[04:00:19] [Render thread/DEBUG] [touhou_little_maid/CustomPackLoader]: Touhou little maid mod's model is loading...
[04:00:19] [Render thread/DEBUG] [touhou_little_maid/CustomPackLoader]: Touhou little maid mod's model is loading...
[04:00:19] [Render thread/DEBUG] [touhou_little_maid/CustomPackLoader]: Touhou little maid mod's model is loading...
[04:00:19] [Render thread/DEBUG] [touhou_little_maid/CustomPackLoader]: Loaded model: next_update_model:models/entity/stage.json
[04:00:19] [Render thread/DEBUG] [touhou_little_maid/CustomPackLoader]: Loaded model: next_update_model:models/entity/japanese_lottery_machine.json
[04:00:19] [Render thread/DEBUG] [touhou_little_maid/CustomPackLoader]: Loaded model: next_update_model:models/entity/fishpond.json
[04:00:19] [Render thread/DEBUG] [touhou_little_maid/CustomPackLoader]: Loaded model: next_update_model:models/entity/mine.json
[04:00:19] [Render thread/DEBUG] [touhou_little_maid/CustomPackLoader]: Loaded model: next_update_model:models/entity/logging_hut.json
[04:00:19] [Render thread/DEBUG] [touhou_little_maid/CustomPackLoader]: Loaded model: next_update_model:models/entity/kitchen.json
[04:00:19] [Render thread/DEBUG] [touhou_little_maid/CustomPackLoader]: Loaded model: next_update_model:models/entity/dining_table_default.json
[04:00:19] [Render thread/DEBUG] [touhou_little_maid/CustomPackLoader]: Loaded model: next_update_model:models/entity/dining_table_default.json
[04:00:19] [Render thread/DEBUG] [touhou_little_maid/CustomPackLoader]: Loaded model: next_update_model:models/entity/dining_table_default.json
[04:00:19] [Render thread/DEBUG] [touhou_little_maid/CustomPackLoader]: Loaded model: next_update_model:models/entity/dining_table_default.json
[04:00:19] [Render thread/DEBUG] [touhou_little_maid/CustomPackLoader]: Loaded model: next_update_model:models/entity/dining_table_default.json
[04:00:19] [Render thread/DEBUG] [touhou_little_maid/CustomPackLoader]: Loaded model: next_update_model:models/entity/cumin_lamb_chop.json
[04:00:19] [Render thread/DEBUG] [touhou_little_maid/CustomPackLoader]: Loaded model: next_update_model:models/entity/hot_spring.json
[04:00:19] [Render thread/DEBUG] [touhou_little_maid/CustomPackLoader]: Loaded model: next_update_model:models/entity/picnic_cloth.json
[04:00:19] [Render thread/DEBUG] [touhou_little_maid/CustomPackLoader]: Loaded model: next_update_model:models/entity/elite_slime.json
[04:00:19] [Render thread/DEBUG] [touhou_little_maid/CustomPackLoader]: Loaded model: next_update_model:models/entity/slime.json
[04:00:19] [Render thread/DEBUG] [touhou_little_maid/CustomPackLoader]: Loaded model: next_update_model:models/entity/flip_phone.json
[04:00:19] [Render thread/DEBUG] [touhou_little_maid/CustomPackLoader]: Loaded model: next_update_model:models/entity/fox_demon_statue.json
[04:00:19] [Render thread/DEBUG] [touhou_little_maid/CustomPackLoader]: Loaded model: next_update_model:models/entity/fox_demon_statue.json
[04:00:19] [Render thread/DEBUG] [touhou_little_maid/CustomPackLoader]: Loaded model: next_update_model:models/entity/bathroom.json
[04:00:19] [Render thread/DEBUG] [touhou_little_maid/CustomPackLoader]: Loaded model: next_update_model:models/entity/backpack.json
[04:00:19] [Render thread/DEBUG] [touhou_little_maid/CustomPackLoader]: Loaded model: next_update_model:models/entity/cabinet.json
[04:00:19] [Render thread/DEBUG] [touhou_little_maid/CustomPackLoader]: Loaded model: next_update_model:models/entity/single_bed.json
[04:00:19] [Render thread/DEBUG] [touhou_little_maid/CustomPackLoader]: Loaded model: next_update_model:models/entity/double_bed.json
[04:00:19] [Render thread/DEBUG] [touhou_little_maid/CustomPackLoader]: Loaded model: next_update_model:models/entity/shrine.json
[04:00:19] [Render thread/DEBUG] [touhou_little_maid/CustomPackLoader]: Loaded model: next_update_model:models/entity/3d_printer.json
[04:00:19] [Render thread/DEBUG] [touhou_little_maid/CustomPackLoader]: Loaded model: next_update_model:models/entity/doorbell_ground.json
[04:00:19] [Render thread/DEBUG] [touhou_little_maid/CustomPackLoader]: Loaded model: next_update_model:models/entity/doorbell_wall.json
[04:00:19] [Render thread/DEBUG] [touhou_little_maid/CustomPackLoader]: Loaded model: next_update_model:models/entity/exchange_machine.json
[04:00:19] [Render thread/DEBUG] [touhou_little_maid/CustomPackLoader]: Touhou little maid mod's model is loaded
[04:00:19] [Render thread/DEBUG] [touhou_little_maid/CustomPackLoader]: Touhou little maid mod's model is loading...
[04:00:19] [Render thread/DEBUG] [touhou_little_maid/CustomPackLoader]: Loaded model: touhou_little_maid:models/entity/hakurei_reimu.json
[04:00:19] [Render thread/DEBUG] [touhou_little_maid/CustomPackLoader]: Loaded model: touhou_little_maid:models/entity/hakurei_reimu.json
[04:00:19] [Render thread/DEBUG] [touhou_little_maid/CustomPackLoader]: Loaded model: touhou_little_maid:models/entity/hakurei_reimu_type_b.json
[04:00:19] [Render thread/DEBUG] [touhou_little_maid/CustomPackLoader]: Loaded model: touhou_little_maid:models/entity/hakurei_reimu_type_b.json
[04:00:19] [Render thread/DEBUG] [touhou_little_maid/CustomPackLoader]: Loaded model: touhou_little_maid:models/entity/hakurei_reimu_type_b.json
[04:00:19] [Render thread/DEBUG] [touhou_little_maid/CustomPackLoader]: Loaded model: touhou_little_maid:models/entity/kirisame_marisa.json
[04:00:19] [Render thread/DEBUG] [touhou_little_maid/CustomPackLoader]: Loaded model: touhou_little_maid:models/entity/kirisame_marisa_2.json
[04:00:19] [Render thread/DEBUG] [touhou_little_maid/CustomPackLoader]: Loaded model: touhou_little_maid:models/entity/rumia.json
[04:00:19] [Render thread/DEBUG] [touhou_little_maid/CustomPackLoader]: Loaded model: touhou_little_maid:models/entity/daiyousei.json
[04:00:19] [Render thread/DEBUG] [touhou_little_maid/CustomPackLoader]: Loaded model: touhou_little_maid:models/entity/cirno.json
[04:00:19] [Render thread/DEBUG] [touhou_little_maid/CustomPackLoader]: Loaded model: touhou_little_maid:models/entity/cirno_maid.json
[04:00:19] [Render thread/DEBUG] [touhou_little_maid/CustomPackLoader]: Loaded model: touhou_little_maid:models/entity/cirno_tan.json
[04:00:19] [Render thread/DEBUG] [touhou_little_maid/CustomPackLoader]: Loaded model: touhou_little_maid:models/entity/cirno_slim.json
[04:00:19] [Render thread/DEBUG] [touhou_little_maid/CustomPackLoader]: Loaded model: touhou_little_maid:models/entity/cirno_slim.json
[04:00:19] [Render thread/DEBUG] [touhou_little_maid/CustomPackLoader]: Loaded model: touhou_little_maid:models/entity/cirno_slim.json
[04:00:19] [Render thread/DEBUG] [touhou_little_maid/CustomPackLoader]: Loaded model: touhou_little_maid:models/entity/hong_meiling.json
[04:00:19] [Render thread/DEBUG] [touhou_little_maid/CustomPackLoader]: Loaded model: touhou_little_maid:models/entity/koakuma.json
[04:00:19] [Render thread/DEBUG] [touhou_little_maid/CustomPackLoader]: Loaded model: touhou_little_maid:models/entity/patchouli_knowledge.json
[04:00:19] [Render thread/DEBUG] [touhou_little_maid/CustomPackLoader]: Loaded model: touhou_little_maid:models/entity/patchouli_knowledge_2.json
[04:00:19] [Render thread/DEBUG] [touhou_little_maid/CustomPackLoader]: Loaded model: touhou_little_maid:models/entity/izayoi_sakuya.json
[04:00:19] [Render thread/DEBUG] [touhou_little_maid/CustomPackLoader]: Loaded model: touhou_little_maid:models/entity/remilia_scarlet.json
[04:00:19] [Render thread/DEBUG] [touhou_little_maid/CustomPackLoader]: Loaded model: touhou_little_maid:models/entity/remilia_scarlet_2.json
[04:00:19] [Render thread/DEBUG] [touhou_little_maid/CustomPackLoader]: Loaded model: touhou_little_maid:models/entity/flandre_scarlet.json
[04:00:19] [Render thread/DEBUG] [touhou_little_maid/CustomPackLoader]: Loaded model: touhou_little_maid:models/entity/letty_whiterock.json
[04:00:19] [Render thread/DEBUG] [touhou_little_maid/CustomPackLoader]: Loaded model: touhou_little_maid:models/entity/chen.json
[04:00:19] [Render thread/DEBUG] [touhou_little_maid/CustomPackLoader]: Loaded model: touhou_little_maid:models/entity/alice_margatroid.json
[04:00:19] [Render thread/DEBUG] [touhou_little_maid/CustomPackLoader]: Loaded model: touhou_little_maid:models/entity/shanghai_doll.json
[04:00:19] [Render thread/DEBUG] [touhou_little_maid/CustomPackLoader]: Loaded model: touhou_little_maid:models/entity/hourai_doll.json
[04:00:19] [Render thread/DEBUG] [touhou_little_maid/CustomPackLoader]: Loaded model: touhou_little_maid:models/entity/goliath_doll.json
[04:00:19] [Render thread/DEBUG] [touhou_little_maid/CustomPackLoader]: Loaded model: touhou_little_maid:models/entity/lily_white.json
[04:00:19] [Render thread/DEBUG] [touhou_little_maid/CustomPackLoader]: Loaded model: touhou_little_maid:models/entity/lily_black.json
[04:00:19] [Render thread/DEBUG] [touhou_little_maid/CustomPackLoader]: Loaded model: touhou_little_maid:models/entity/lunasa_prismriver.json
[04:00:19] [Render thread/DEBUG] [touhou_little_maid/CustomPackLoader]: Loaded model: touhou_little_maid:models/entity/merlin_prismriver.json
[04:00:19] [Render thread/DEBUG] [touhou_little_maid/CustomPackLoader]: Loaded model: touhou_little_maid:models/entity/lyrica_prismriver.json
[04:00:19] [Render thread/DEBUG] [touhou_little_maid/CustomPackLoader]: Loaded model: touhou_little_maid:models/entity/konpaku_youmu.json
[04:00:19] [Render thread/DEBUG] [touhou_little_maid/CustomPackLoader]: Loaded model: touhou_little_maid:models/entity/saigyouji_yuyuko.json
[04:00:19] [Render thread/DEBUG] [touhou_little_maid/CustomPackLoader]: Loaded model: touhou_little_maid:models/entity/yakumo_ran.json
[04:00:19] [Render thread/DEBUG] [touhou_little_maid/CustomPackLoader]: Loaded model: touhou_little_maid:models/entity/yukari_yakumo.json
[04:00:19] [Render thread/DEBUG] [touhou_little_maid/CustomPackLoader]: Loaded model: touhou_little_maid:models/entity/ibuki_suika.json
[04:00:19] [Render thread/DEBUG] [touhou_little_maid/CustomPackLoader]: Loaded model: touhou_little_maid:models/entity/wriggle_nightbug.json
[04:00:19] [Render thread/DEBUG] [touhou_little_maid/CustomPackLoader]: Loaded model: touhou_little_maid:models/entity/mystia_lorelei.json
[04:00:19] [Render thread/DEBUG] [touhou_little_maid/CustomPackLoader]: Loaded model: touhou_little_maid:models/entity/keine_kamishirasawa.json
[04:00:19] [Render thread/DEBUG] [touhou_little_maid/CustomPackLoader]: Loaded model: touhou_little_maid:models/entity/keine_kamishirasawa_2.json
[04:00:19] [Render thread/DEBUG] [touhou_little_maid/CustomPackLoader]: Loaded model: touhou_little_maid:models/entity/tewi_inaba.json
[04:00:19] [Render thread/DEBUG] [touhou_little_maid/CustomPackLoader]: Loaded model: touhou_little_maid:models/entity/reisen_udongein_inaba.json
[04:00:19] [Render thread/DEBUG] [touhou_little_maid/CustomPackLoader]: Loaded model: touhou_little_maid:models/entity/yagokoro_eirin.json
[04:00:19] [Render thread/DEBUG] [touhou_little_maid/CustomPackLoader]: Loaded model: touhou_little_maid:models/entity/houraisan_kaguya.json
[04:00:19] [Render thread/DEBUG] [touhou_little_maid/CustomPackLoader]: Loaded model: touhou_little_maid:models/entity/fujiwara_no_mokou.json
[04:00:19] [Render thread/DEBUG] [touhou_little_maid/CustomPackLoader]: Loaded model: touhou_little_maid:models/entity/syameimaru_aya.json
[04:00:19] [Render thread/DEBUG] [touhou_little_maid/CustomPackLoader]: Loaded model: touhou_little_maid:models/entity/medicine_melancholy.json
[04:00:19] [Render thread/DEBUG] [touhou_little_maid/CustomPackLoader]: Loaded model: touhou_little_maid:models/entity/kazami_yuka.json
[04:00:19] [Render thread/DEBUG] [touhou_little_maid/CustomPackLoader]: Loaded model: touhou_little_maid:models/entity/onozuka_komachi.json
[04:00:19] [Render thread/DEBUG] [touhou_little_maid/CustomPackLoader]: Loaded model: touhou_little_maid:models/entity/shikieiki_yamaxanadu.json
[04:00:19] [Render thread/DEBUG] [touhou_little_maid/CustomPackLoader]: Loaded model: touhou_little_maid:models/entity/aki_sizuha.json
[04:00:19] [Render thread/DEBUG] [touhou_little_maid/CustomPackLoader]: Loaded model: touhou_little_maid:models/entity/minoriko_aki.json
[04:00:19] [Render thread/DEBUG] [touhou_little_maid/CustomPackLoader]: Loaded model: touhou_little_maid:models/entity/kagiyama_hina.json
[04:00:19] [Render thread/DEBUG] [touhou_little_maid/CustomPackLoader]: Loaded model: touhou_little_maid:models/entity/kawasiro_nitori.json
[04:00:19] [Render thread/DEBUG] [touhou_little_maid/CustomPackLoader]: Loaded model: touhou_little_maid:models/entity/inubashiri_momizi.json
[04:00:19] [Render thread/DEBUG] [touhou_little_maid/CustomPackLoader]: Loaded model: touhou_little_maid:models/entity/kochiya_sanae.json
[04:00:19] [Render thread/DEBUG] [touhou_little_maid/CustomPackLoader]: Loaded model: touhou_little_maid:models/entity/yasaka_kanako.json
[04:00:19] [Render thread/DEBUG] [touhou_little_maid/CustomPackLoader]: Loaded model: touhou_little_maid:models/entity/moriya_suwako.json
[04:00:19] [Render thread/DEBUG] [touhou_little_maid/CustomPackLoader]: Loaded model: touhou_little_maid:models/entity/nagae_iku.json
[04:00:19] [Render thread/DEBUG] [touhou_little_maid/CustomPackLoader]: Loaded model: touhou_little_maid:models/entity/hinanawi_tenshi.json
[04:00:19] [Render thread/DEBUG] [touhou_little_maid/CustomPackLoader]: Loaded model: touhou_little_maid:models/entity/kisume.json
[04:00:19] [Render thread/DEBUG] [touhou_little_maid/CustomPackLoader]: Loaded model: touhou_little_maid:models/entity/kurodani_yamame.json
[04:00:19] [Render thread/DEBUG] [touhou_little_maid/CustomPackLoader]: Loaded model: touhou_little_maid:models/entity/mizuhashi_parsee.json
[04:00:19] [Render thread/DEBUG] [touhou_little_maid/CustomPackLoader]: Loaded model: touhou_little_maid:models/entity/hoshiguma_yugi.json
[04:00:19] [Render thread/DEBUG] [touhou_little_maid/CustomPackLoader]: Loaded model: touhou_little_maid:models/entity/komeiji_satori.json
[04:00:19] [Render thread/DEBUG] [touhou_little_maid/CustomPackLoader]: Loaded model: touhou_little_maid:models/entity/kaenbyou_rin.json
[04:00:19] [Render thread/DEBUG] [touhou_little_maid/CustomPackLoader]: Loaded model: touhou_little_maid:models/entity/reiuji_utsuho.json
[04:00:19] [Render thread/DEBUG] [touhou_little_maid/CustomPackLoader]: Loaded model: touhou_little_maid:models/entity/komeiji_koishi.json
[04:00:19] [Render thread/DEBUG] [touhou_little_maid/CustomPackLoader]: Loaded model: touhou_little_maid:models/entity/komeiji_koishi_2.json
[04:00:19] [Render thread/DEBUG] [touhou_little_maid/CustomPackLoader]: Loaded model: touhou_little_maid:models/entity/nazrin.json
[04:00:19] [Render thread/DEBUG] [touhou_little_maid/CustomPackLoader]: Loaded model: touhou_little_maid:models/entity/tatara_kogasa.json
[04:00:19] [Render thread/DEBUG] [touhou_little_maid/CustomPackLoader]: Loaded model: touhou_little_maid:models/entity/kumoi_ichirin.json
[04:00:19] [Render thread/DEBUG] [touhou_little_maid/CustomPackLoader]: Loaded model: touhou_little_maid:models/entity/murasa_minamitsu.json
[04:00:19] [Render thread/DEBUG] [touhou_little_maid/CustomPackLoader]: Loaded model: touhou_little_maid:models/entity/toramaru_shou.json
[04:00:19] [Render thread/DEBUG] [touhou_little_maid/CustomPackLoader]: Loaded model: touhou_little_maid:models/entity/hijiri_byakuren.json
[04:00:19] [Render thread/DEBUG] [touhou_little_maid/CustomPackLoader]: Loaded model: touhou_little_maid:models/entity/houjuu_nue.json
[04:00:19] [Render thread/DEBUG] [touhou_little_maid/CustomPackLoader]: Loaded model: touhou_little_maid:models/entity/himekaidou_hatate.json
[04:00:19] [Render thread/DEBUG] [touhou_little_maid/CustomPackLoader]: Loaded model: touhou_little_maid:models/entity/kasodani_kyouko.json
[04:00:19] [Render thread/DEBUG] [touhou_little_maid/CustomPackLoader]: Loaded model: touhou_little_maid:models/entity/miyako_yoshika.json
[04:00:19] [Render thread/DEBUG] [touhou_little_maid/CustomPackLoader]: Loaded model: touhou_little_maid:models/entity/kaku_seiga.json
[04:00:19] [Render thread/DEBUG] [touhou_little_maid/CustomPackLoader]: Loaded model: touhou_little_maid:models/entity/mononobe_no_futo.json
[04:00:19] [Render thread/DEBUG] [touhou_little_maid/CustomPackLoader]: Loaded model: touhou_little_maid:models/entity/toyosatomimi_no_miko.json
[04:00:19] [Render thread/DEBUG] [touhou_little_maid/CustomPackLoader]: Loaded model: touhou_little_maid:models/entity/soga_no_toziko.json
[04:00:19] [Render thread/DEBUG] [touhou_little_maid/CustomPackLoader]: Loaded model: touhou_little_maid:models/entity/hata_no_kokoro.json
[04:00:19] [Render thread/DEBUG] [touhou_little_maid/CustomPackLoader]: Loaded model: touhou_little_maid:models/entity/hutatsuiwa_mamizou.json
[04:00:19] [Render thread/DEBUG] [touhou_little_maid/CustomPackLoader]: Loaded model: touhou_little_maid:models/entity/wakasagihime.json
[04:00:19] [Render thread/DEBUG] [touhou_little_maid/CustomPackLoader]: Loaded model: touhou_little_maid:models/entity/sekibanki.json
[04:00:19] [Render thread/DEBUG] [touhou_little_maid/CustomPackLoader]: Loaded model: touhou_little_maid:models/entity/imaizumi_kagerou.json
[04:00:19] [Render thread/DEBUG] [touhou_little_maid/CustomPackLoader]: Loaded model: touhou_little_maid:models/entity/tsukumo_yatsuhashi.json
[04:00:19] [Render thread/DEBUG] [touhou_little_maid/CustomPackLoader]: Loaded model: touhou_little_maid:models/entity/tsukumo_benben.json
[04:00:19] [Render thread/DEBUG] [touhou_little_maid/CustomPackLoader]: Loaded model: touhou_little_maid:models/entity/kijin_seija.json
[04:00:19] [Render thread/DEBUG] [touhou_little_maid/CustomPackLoader]: Loaded model: touhou_little_maid:models/entity/sukuna_shinmyoumaru.json
[04:00:19] [Render thread/DEBUG] [touhou_little_maid/CustomPackLoader]: Loaded model: touhou_little_maid:models/entity/horikawa_raiko.json
[04:00:19] [Render thread/DEBUG] [touhou_little_maid/CustomPackLoader]: Loaded model: touhou_little_maid:models/entity/usami_sumireko.json
[04:00:19] [Render thread/DEBUG] [touhou_little_maid/CustomPackLoader]: Loaded model: touhou_little_maid:models/entity/seiran.json
[04:00:19] [Render thread/DEBUG] [touhou_little_maid/CustomPackLoader]: Loaded model: touhou_little_maid:models/entity/ringo.json
[04:00:19] [Render thread/DEBUG] [touhou_little_maid/CustomPackLoader]: Loaded model: touhou_little_maid:models/entity/doremy_sweet.json
[04:00:19] [Render thread/DEBUG] [touhou_little_maid/CustomPackLoader]: Loaded model: touhou_little_maid:models/entity/kisin_sagume.json
[04:00:19] [Render thread/DEBUG] [touhou_little_maid/CustomPackLoader]: Loaded model: touhou_little_maid:models/entity/clownpiece.json
[04:00:19] [Render thread/DEBUG] [touhou_little_maid/CustomPackLoader]: Loaded model: touhou_little_maid:models/entity/junko.json
[04:00:19] [Render thread/DEBUG] [touhou_little_maid/CustomPackLoader]: Loaded model: touhou_little_maid:models/entity/hecatia_lapislazuli.json
[04:00:19] [Render thread/DEBUG] [touhou_little_maid/CustomPackLoader]: Loaded model: touhou_little_maid:models/entity/yorigami_jyoon.json
[04:00:19] [Render thread/DEBUG] [touhou_little_maid/CustomPackLoader]: Loaded model: touhou_little_maid:models/entity/yorigami_shion.json
[04:00:19] [Render thread/DEBUG] [touhou_little_maid/CustomPackLoader]: Loaded model: touhou_little_maid:models/entity/eternity_larva.json
[04:00:19] [Render thread/DEBUG] [touhou_little_maid/CustomPackLoader]: Loaded model: touhou_little_maid:models/entity/sakata_nemuno.json
[04:00:19] [Render thread/DEBUG] [touhou_little_maid/CustomPackLoader]: Loaded model: touhou_little_maid:models/entity/komano_aunn.json
[04:00:19] [Render thread/DEBUG] [touhou_little_maid/CustomPackLoader]: Loaded model: touhou_little_maid:models/entity/yatadera_narumi.json
[04:00:19] [Render thread/DEBUG] [touhou_little_maid/CustomPackLoader]: Loaded model: touhou_little_maid:models/entity/nishida_satono.json
[04:00:19] [Render thread/DEBUG] [touhou_little_maid/CustomPackLoader]: Loaded model: touhou_little_maid:models/entity/teireid_mai.json
[04:00:19] [Render thread/DEBUG] [touhou_little_maid/CustomPackLoader]: Loaded model: touhou_little_maid:models/entity/matara_okina.json
[04:00:19] [Render thread/DEBUG] [touhou_little_maid/CustomPackLoader]: Loaded model: touhou_little_maid:models/entity/ebisu_eika.json
[04:00:19] [Render thread/DEBUG] [touhou_little_maid/CustomPackLoader]: Loaded model: touhou_little_maid:models/entity/ushizaki_urumi.json
[04:00:19] [Render thread/DEBUG] [touhou_little_maid/CustomPackLoader]: Loaded model: touhou_little_maid:models/entity/niwatari_kutaka.json
[04:00:19] [Render thread/DEBUG] [touhou_little_maid/CustomPackLoader]: Loaded model: touhou_little_maid:models/entity/kitcho_yachie.json
[04:00:19] [Render thread/DEBUG] [touhou_little_maid/CustomPackLoader]: Loaded model: touhou_little_maid:models/entity/joutougu_mayumi.json
[04:00:19] [Render thread/DEBUG] [touhou_little_maid/CustomPackLoader]: Loaded model: touhou_little_maid:models/entity/haniyasushin_keiki.json
[04:00:19] [Render thread/DEBUG] [touhou_little_maid/CustomPackLoader]: Loaded model: touhou_little_maid:models/entity/kurokoma_saki.json
[04:00:19] [Render thread/DEBUG] [touhou_little_maid/CustomPackLoader]: Loaded model: touhou_little_maid:models/entity/toutetsu_yuma.json
[04:00:19] [Render thread/DEBUG] [touhou_little_maid/CustomPackLoader]: Loaded model: touhou_little_maid:models/entity/goutokuzi_mike.json
[04:00:19] [Render thread/DEBUG] [touhou_little_maid/CustomPackLoader]: Loaded model: touhou_little_maid:models/entity/yamashiro_takane.json
[04:00:19] [Render thread/DEBUG] [touhou_little_maid/CustomPackLoader]: Loaded model: touhou_little_maid:models/entity/komakusa_sannyo.json
[04:00:19] [Render thread/DEBUG] [touhou_little_maid/CustomPackLoader]: Loaded model: touhou_little_maid:models/entity/tamatsukuri_misumaru.json
[04:00:19] [Render thread/DEBUG] [touhou_little_maid/CustomPackLoader]: Loaded model: touhou_little_maid:models/entity/kudamaki_tsukasa.json
[04:00:19] [Render thread/DEBUG] [touhou_little_maid/CustomPackLoader]: Loaded model: touhou_little_maid:models/entity/iizunamaru_megumu.json
[04:00:19] [Render thread/DEBUG] [touhou_little_maid/CustomPackLoader]: Loaded model: touhou_little_maid:models/entity/tenkyu_chimata.json
[04:00:19] [Render thread/DEBUG] [touhou_little_maid/CustomPackLoader]: Loaded model: touhou_little_maid:models/entity/himemushi_momoyo.json
[04:00:19] [Render thread/DEBUG] [touhou_little_maid/CustomPackLoader]: Loaded model: touhou_little_maid:models/entity/son_biten.json
[04:00:19] [Render thread/DEBUG] [touhou_little_maid/CustomPackLoader]: Loaded model: touhou_little_maid:models/entity/mitsugashira_enoko.json
[04:00:19] [Render thread/DEBUG] [touhou_little_maid/CustomPackLoader]: Loaded model: touhou_little_maid:models/entity/tenkajin_chiyari.json
[04:00:19] [Render thread/DEBUG] [touhou_little_maid/CustomPackLoader]: Loaded model: touhou_little_maid:models/entity/yomotsu_hisami.json
[04:00:19] [Render thread/DEBUG] [touhou_little_maid/CustomPackLoader]: Loaded model: touhou_little_maid:models/entity/nippaku_zanmu.json
[04:00:19] [Render thread/DEBUG] [touhou_little_maid/CustomPackLoader]: Loaded model: touhou_little_maid:models/entity/ubame_chirizuka.json
[04:00:19] [Render thread/DEBUG] [touhou_little_maid/CustomPackLoader]: Loaded model: touhou_little_maid:models/entity/chimi_houjuu.json
[04:00:19] [Render thread/DEBUG] [touhou_little_maid/CustomPackLoader]: Loaded model: touhou_little_maid:models/entity/nareko_michigami.json
[04:00:19] [Render thread/DEBUG] [touhou_little_maid/CustomPackLoader]: Loaded model: touhou_little_maid:models/entity/morichika_rinnosuke.json
[04:00:19] [Render thread/DEBUG] [touhou_little_maid/CustomPackLoader]: Loaded model: touhou_little_maid:models/entity/tokiko.json
[04:00:19] [Render thread/DEBUG] [touhou_little_maid/CustomPackLoader]: Loaded model: touhou_little_maid:models/entity/sunny_milk.json
[04:00:19] [Render thread/DEBUG] [touhou_little_maid/CustomPackLoader]: Loaded model: touhou_little_maid:models/entity/luna_child.json
[04:00:19] [Render thread/DEBUG] [touhou_little_maid/CustomPackLoader]: Loaded model: touhou_little_maid:models/entity/star_sapphire.json
[04:00:19] [Render thread/DEBUG] [touhou_little_maid/CustomPackLoader]: Loaded model: touhou_little_maid:models/entity/watatsuki_no_toyohime.json
[04:00:19] [Render thread/DEBUG] [touhou_little_maid/CustomPackLoader]: Loaded model: touhou_little_maid:models/entity/watatsuki_no_yorihime.json
[04:00:19] [Render thread/DEBUG] [touhou_little_maid/CustomPackLoader]: Loaded model: touhou_little_maid:models/entity/reisen.json
[04:00:19] [Render thread/DEBUG] [touhou_little_maid/CustomPackLoader]: Loaded model: touhou_little_maid:models/entity/hieda_no_akyuu.json
[04:00:19] [Render thread/DEBUG] [touhou_little_maid/CustomPackLoader]: Loaded model: touhou_little_maid:models/entity/ibaraki_kasen.json
[04:00:19] [Render thread/DEBUG] [touhou_little_maid/CustomPackLoader]: Loaded model: touhou_little_maid:models/entity/ibaraki_kasen_2.json
[04:00:19] [Render thread/DEBUG] [touhou_little_maid/CustomPackLoader]: Loaded model: touhou_little_maid:models/entity/motoori_kosuzu.json
[04:00:19] [Render thread/DEBUG] [touhou_little_maid/CustomPackLoader]: Loaded model: touhou_little_maid:models/entity/miyadeguchi_mizuchi.json
[04:00:19] [Render thread/DEBUG] [touhou_little_maid/CustomPackLoader]: Loaded model: touhou_little_maid:models/entity/miyoi_okunoda.json
[04:00:19] [Render thread/DEBUG] [touhou_little_maid/CustomPackLoader]: Loaded model: touhou_little_maid:models/entity/usami_renko.json
[04:00:19] [Render thread/DEBUG] [touhou_little_maid/CustomPackLoader]: Loaded model: touhou_little_maid:models/entity/maribel_hearn.json
[04:00:19] [Render thread/DEBUG] [touhou_little_maid/CustomPackLoader]: Loaded model: touhou_little_maid:models/entity/satsuki_rin.json
[04:00:19] [Render thread/DEBUG] [touhou_little_maid/CustomPackLoader]: Loaded model: touhou_little_maid:models/entity/moesumika.json
[04:00:19] [Render thread/DEBUG] [touhou_little_maid/CustomPackLoader]: Touhou little maid mod's model is loaded
[04:00:19] [Render thread/DEBUG] [touhou_little_maid/CustomPackLoader]: Touhou little maid mod's model is loading...
[04:00:19] [Render thread/DEBUG] [touhou_little_maid/CustomPackLoader]: Loaded model: touhou_little_maid:models/entity/cushion.json
[04:00:19] [Render thread/DEBUG] [touhou_little_maid/CustomPackLoader]: Loaded model: touhou_little_maid:models/entity/class_desk.json
[04:00:19] [Render thread/DEBUG] [touhou_little_maid/CustomPackLoader]: Loaded model: touhou_little_maid:models/entity/class_chair.json
[04:00:19] [Render thread/DEBUG] [touhou_little_maid/CustomPackLoader]: Loaded model: touhou_little_maid:models/entity/kotatsu.json
[04:00:19] [Render thread/DEBUG] [touhou_little_maid/CustomPackLoader]: Loaded model: touhou_little_maid:models/entity/play_station.json
[04:00:19] [Render thread/DEBUG] [touhou_little_maid/CustomPackLoader]: Loaded model: touhou_little_maid:models/entity/tall_stool.json
[04:00:19] [Render thread/DEBUG] [touhou_little_maid/CustomPackLoader]: Loaded model: touhou_little_maid:models/entity/low_stool.json
[04:00:19] [Render thread/DEBUG] [touhou_little_maid/CustomPackLoader]: Loaded model: touhou_little_maid:models/entity/barbecue_booth.json
[04:00:19] [Render thread/DEBUG] [touhou_little_maid/CustomPackLoader]: Loaded model: touhou_little_maid:models/entity/barbecue_booth_2.json
[04:00:19] [Render thread/DEBUG] [touhou_little_maid/CustomPackLoader]: Loaded model: touhou_little_maid:models/entity/long_stool.json
[04:00:19] [Render thread/DEBUG] [touhou_little_maid/CustomPackLoader]: Loaded model: touhou_little_maid:models/entity/square_table.json
[04:00:19] [Render thread/DEBUG] [touhou_little_maid/CustomPackLoader]: Loaded model: touhou_little_maid:models/entity/mahjong_table.json
[04:00:19] [Render thread/DEBUG] [touhou_little_maid/CustomPackLoader]: Loaded model: touhou_little_maid:models/entity/beach_chair.json
[04:00:19] [Render thread/DEBUG] [touhou_little_maid/CustomPackLoader]: Loaded model: touhou_little_maid:models/entity/parasol.json
[04:00:19] [Render thread/DEBUG] [touhou_little_maid/CustomPackLoader]: Loaded model: touhou_little_maid:models/entity/water_wheel.json
[04:00:19] [Render thread/DEBUG] [touhou_little_maid/CustomPackLoader]: Loaded model: touhou_little_maid:models/entity/saisen_bako.json
[04:00:19] [Render thread/DEBUG] [touhou_little_maid/CustomPackLoader]: Loaded model: touhou_little_maid:models/entity/well.json
[04:00:19] [Render thread/DEBUG] [touhou_little_maid/CustomPackLoader]: Loaded model: touhou_little_maid:models/entity/torii.json
[04:00:19] [Render thread/DEBUG] [touhou_little_maid/CustomPackLoader]: Loaded model: touhou_little_maid:models/entity/torii_2.json
[04:00:19] [Render thread/DEBUG] [touhou_little_maid/CustomPackLoader]: Loaded model: touhou_little_maid:models/entity/torii_3.json
[04:00:19] [Render thread/DEBUG] [touhou_little_maid/CustomPackLoader]: Loaded model: touhou_little_maid:models/entity/ema.json
[04:00:19] [Render thread/DEBUG] [touhou_little_maid/CustomPackLoader]: Loaded model: touhou_little_maid:models/entity/anti_collision_bucket.json
[04:00:19] [Render thread/DEBUG] [touhou_little_maid/CustomPackLoader]: Loaded model: touhou_little_maid:models/entity/park_bench.json
[04:00:19] [Render thread/DEBUG] [touhou_little_maid/CustomPackLoader]: Loaded model: touhou_little_maid:models/entity/rinnosuke_children_toys.json
[04:00:19] [Render thread/DEBUG] [touhou_little_maid/CustomPackLoader]: Loaded model: touhou_little_maid:models/entity/moto.json
[04:00:19] [Render thread/DEBUG] [touhou_little_maid/CustomPackLoader]: Loaded model: touhou_little_maid:models/entity/bowl.json
[04:00:19] [Render thread/DEBUG] [touhou_little_maid/CustomPackLoader]: Loaded model: touhou_little_maid:models/entity/lucky_cat_2m.json
[04:00:19] [Render thread/DEBUG] [touhou_little_maid/CustomPackLoader]: Loaded model: touhou_little_maid:models/entity/yumemi_strawberry_milk.json
[04:00:19] [Render thread/DEBUG] [touhou_little_maid/CustomPackLoader]: Loaded model: touhou_little_maid:models/entity/legendary_pig_man.json
[04:00:19] [Render thread/DEBUG] [touhou_little_maid/CustomPackLoader]: Loaded model: touhou_little_maid:models/entity/head_of_academycraft.json
[04:00:19] [Render thread/DEBUG] [touhou_little_maid/CustomPackLoader]: Touhou little maid mod's model is loaded
[04:00:19] [Render thread/DEBUG] [touhou_little_maid/CustomSoundLoader]: Loading touhou_little_maid sound pack: 
[04:00:19] [Render thread/DEBUG] [touhou_little_maid/CustomSoundLoader]: sound: idle1.ogg
[04:00:19] [Render thread/DEBUG] [touhou_little_maid/CustomSoundLoader]: sound: idle10.ogg
[04:00:19] [Render thread/DEBUG] [touhou_little_maid/CustomSoundLoader]: sound: idle11.ogg
[04:00:19] [Render thread/DEBUG] [touhou_little_maid/CustomSoundLoader]: sound: idle12.ogg
[04:00:19] [Render thread/DEBUG] [touhou_little_maid/CustomSoundLoader]: sound: idle13.ogg
[04:00:19] [Render thread/DEBUG] [touhou_little_maid/CustomSoundLoader]: sound: idle14.ogg
[04:00:19] [Render thread/DEBUG] [touhou_little_maid/CustomSoundLoader]: sound: idle15.ogg
[04:00:19] [Render thread/DEBUG] [touhou_little_maid/CustomSoundLoader]: sound: idle16.ogg
[04:00:19] [Render thread/DEBUG] [touhou_little_maid/CustomSoundLoader]: sound: idle17.ogg
[04:00:19] [Render thread/DEBUG] [touhou_little_maid/CustomSoundLoader]: sound: idle18.ogg
[04:00:19] [Render thread/DEBUG] [touhou_little_maid/CustomSoundLoader]: sound: idle19.ogg
[04:00:19] [Render thread/DEBUG] [touhou_little_maid/CustomSoundLoader]: sound: idle2.ogg
[04:00:19] [Render thread/DEBUG] [touhou_little_maid/CustomSoundLoader]: sound: idle20.ogg
[04:00:19] [Render thread/DEBUG] [touhou_little_maid/CustomSoundLoader]: sound: idle21.ogg
[04:00:19] [Render thread/DEBUG] [touhou_little_maid/CustomSoundLoader]: sound: idle22.ogg
[04:00:19] [Render thread/DEBUG] [touhou_little_maid/CustomSoundLoader]: sound: idle23.ogg
[04:00:19] [Render thread/DEBUG] [touhou_little_maid/CustomSoundLoader]: sound: idle24.ogg
[04:00:19] [Render thread/DEBUG] [touhou_little_maid/CustomSoundLoader]: sound: idle25.ogg
[04:00:19] [Render thread/DEBUG] [touhou_little_maid/CustomSoundLoader]: sound: idle26.ogg
[04:00:19] [Render thread/DEBUG] [touhou_little_maid/CustomSoundLoader]: sound: idle27.ogg
[04:00:19] [Render thread/DEBUG] [touhou_little_maid/CustomSoundLoader]: sound: idle28.ogg
[04:00:19] [Render thread/DEBUG] [touhou_little_maid/CustomSoundLoader]: sound: idle29.ogg
[04:00:19] [Render thread/DEBUG] [touhou_little_maid/CustomSoundLoader]: sound: idle3.ogg
[04:00:19] [Render thread/DEBUG] [touhou_little_maid/CustomSoundLoader]: sound: idle30.ogg
[04:00:19] [Render thread/DEBUG] [touhou_little_maid/CustomSoundLoader]: sound: idle31.ogg
[04:00:19] [Render thread/DEBUG] [touhou_little_maid/CustomSoundLoader]: sound: idle32.ogg
[04:00:19] [Render thread/DEBUG] [touhou_little_maid/CustomSoundLoader]: sound: idle33.ogg
[04:00:19] [Render thread/DEBUG] [touhou_little_maid/CustomSoundLoader]: sound: idle34.ogg
[04:00:19] [Render thread/DEBUG] [touhou_little_maid/CustomSoundLoader]: sound: idle35.ogg
[04:00:19] [Render thread/DEBUG] [touhou_little_maid/CustomSoundLoader]: sound: idle36.ogg
[04:00:19] [Render thread/DEBUG] [touhou_little_maid/CustomSoundLoader]: sound: idle37.ogg
[04:00:19] [Render thread/DEBUG] [touhou_little_maid/CustomSoundLoader]: sound: idle38.ogg
[04:00:19] [Render thread/DEBUG] [touhou_little_maid/CustomSoundLoader]: sound: idle39.ogg
[04:00:19] [Render thread/DEBUG] [touhou_little_maid/CustomSoundLoader]: sound: idle4.ogg
[04:00:19] [Render thread/DEBUG] [touhou_little_maid/CustomSoundLoader]: sound: idle5.ogg
[04:00:19] [Render thread/DEBUG] [touhou_little_maid/CustomSoundLoader]: sound: idle6.ogg
[04:00:19] [Render thread/DEBUG] [touhou_little_maid/CustomSoundLoader]: sound: idle7.ogg
[04:00:19] [Render thread/DEBUG] [touhou_little_maid/CustomSoundLoader]: sound: idle8.ogg
[04:00:19] [Render thread/DEBUG] [touhou_little_maid/CustomSoundLoader]: sound: idle9.ogg
[04:00:19] [Render thread/DEBUG] [touhou_little_maid/CustomSoundLoader]: sound: attack1.ogg
[04:00:19] [Render thread/DEBUG] [touhou_little_maid/CustomSoundLoader]: sound: attack2.ogg
[04:00:19] [Render thread/DEBUG] [touhou_little_maid/CustomSoundLoader]: sound: attack3.ogg
[04:00:19] [Render thread/DEBUG] [touhou_little_maid/CustomSoundLoader]: sound: attack4.ogg
[04:00:19] [Render thread/DEBUG] [touhou_little_maid/CustomSoundLoader]: sound: attack5.ogg
[04:00:19] [Render thread/DEBUG] [touhou_little_maid/CustomSoundLoader]: sound: attack6.ogg
[04:00:19] [Render thread/DEBUG] [touhou_little_maid/CustomSoundLoader]: sound: attack7.ogg
[04:00:19] [Render thread/DEBUG] [touhou_little_maid/CustomSoundLoader]: sound: feed1.ogg
[04:00:19] [Render thread/DEBUG] [touhou_little_maid/CustomSoundLoader]: sound: feed2.ogg
[04:00:19] [Render thread/DEBUG] [touhou_little_maid/CustomSoundLoader]: sound: feed3.ogg
[04:00:19] [Render thread/DEBUG] [touhou_little_maid/CustomSoundLoader]: sound: feed4.ogg
[04:00:19] [Render thread/DEBUG] [touhou_little_maid/CustomSoundLoader]: sound: feed5.ogg
[04:00:19] [Render thread/DEBUG] [touhou_little_maid/CustomSoundLoader]: sound: feed6.ogg
[04:00:19] [Render thread/DEBUG] [touhou_little_maid/CustomSoundLoader]: sound: feed7.ogg
[04:00:19] [Render thread/DEBUG] [touhou_little_maid/CustomSoundLoader]: sound: find_target1.ogg
[04:00:19] [Render thread/DEBUG] [touhou_little_maid/CustomSoundLoader]: sound: find_target2.ogg
[04:00:19] [Render thread/DEBUG] [touhou_little_maid/CustomSoundLoader]: sound: find_target3.ogg
[04:00:19] [Render thread/DEBUG] [touhou_little_maid/CustomSoundLoader]: sound: hurt1.ogg
[04:00:19] [Render thread/DEBUG] [touhou_little_maid/CustomSoundLoader]: sound: hurt2.ogg
[04:00:19] [Render thread/DEBUG] [touhou_little_maid/CustomSoundLoader]: sound: hurt3.ogg
[04:00:19] [Render thread/DEBUG] [touhou_little_maid/CustomSoundLoader]: sound: hurt4.ogg
[04:00:19] [Render thread/DEBUG] [touhou_little_maid/CustomSoundLoader]: sound: hurt5.ogg
[04:00:19] [Render thread/DEBUG] [touhou_little_maid/CustomSoundLoader]: sound: hurt6.ogg
[04:00:19] [Render thread/DEBUG] [touhou_little_maid/CustomSoundLoader]: sound: hurt7.ogg
[04:00:19] [Render thread/DEBUG] [touhou_little_maid/CustomSoundLoader]: sound: hurt8.ogg
[04:00:19] [Render thread/DEBUG] [touhou_little_maid/CustomSoundLoader]: sound: hurt9.ogg
[04:00:19] [Render thread/DEBUG] [touhou_little_maid/CustomSoundLoader]: sound: hurt_player1.ogg
[04:00:19] [Render thread/DEBUG] [touhou_little_maid/CustomSoundLoader]: sound: hurt_player2.ogg
[04:00:19] [Render thread/DEBUG] [touhou_little_maid/CustomSoundLoader]: sound: hurt_player3.ogg
[04:00:19] [Render thread/DEBUG] [touhou_little_maid/CustomSoundLoader]: sound: hurt_player4.ogg
[04:00:19] [Render thread/DEBUG] [touhou_little_maid/CustomSoundLoader]: sound: hurt_player5.ogg
[04:00:19] [Render thread/DEBUG] [touhou_little_maid/CustomSoundLoader]: sound: hurt_player6.ogg
[04:00:19] [Render thread/DEBUG] [touhou_little_maid/CustomSoundLoader]: sound: hurt_player7.ogg
[04:00:19] [Render thread/DEBUG] [touhou_little_maid/CustomSoundLoader]: sound: tamed1.ogg
[04:00:19] [Render thread/DEBUG] [touhou_little_maid/CustomSoundLoader]: sound: tamed2.ogg
[04:00:19] [Render thread/DEBUG] [touhou_little_maid/CustomSoundLoader]: sound: tamed3.ogg
[04:00:19] [Render thread/DEBUG] [touhou_little_maid/CustomSoundLoader]: sound: tamed4.ogg
[04:00:19] [Render thread/DEBUG] [touhou_little_maid/CustomSoundLoader]: sound: tamed5.ogg
[04:00:19] [Render thread/DEBUG] [touhou_little_maid/CustomSoundLoader]: sound: item_get1.ogg
[04:00:19] [Render thread/DEBUG] [touhou_little_maid/CustomSoundLoader]: sound: death1.ogg
[04:00:19] [Render thread/DEBUG] [touhou_little_maid/CustomSoundLoader]: sound: death2.ogg
[04:00:19] [Render thread/DEBUG] [touhou_little_maid/CustomSoundLoader]: sound: cold1.ogg
[04:00:19] [Render thread/DEBUG] [touhou_little_maid/CustomSoundLoader]: sound: cold2.ogg
[04:00:19] [Render thread/DEBUG] [touhou_little_maid/CustomSoundLoader]: sound: cold3.ogg
[04:00:19] [Render thread/DEBUG] [touhou_little_maid/CustomSoundLoader]: sound: cold4.ogg
[04:00:19] [Render thread/DEBUG] [touhou_little_maid/CustomSoundLoader]: sound: hot1.ogg
[04:00:19] [Render thread/DEBUG] [touhou_little_maid/CustomSoundLoader]: sound: hot2.ogg
[04:00:19] [Render thread/DEBUG] [touhou_little_maid/CustomSoundLoader]: sound: hot3.ogg
[04:00:19] [Render thread/DEBUG] [touhou_little_maid/CustomSoundLoader]: sound: rain1.ogg
[04:00:19] [Render thread/DEBUG] [touhou_little_maid/CustomSoundLoader]: sound: rain2.ogg
[04:00:19] [Render thread/DEBUG] [touhou_little_maid/CustomSoundLoader]: sound: rain3.ogg
[04:00:19] [Render thread/DEBUG] [touhou_little_maid/CustomSoundLoader]: sound: snow1.ogg
[04:00:19] [Render thread/DEBUG] [touhou_little_maid/CustomSoundLoader]: sound: snow2.ogg
[04:00:19] [Render thread/DEBUG] [touhou_little_maid/CustomSoundLoader]: sound: morning1.ogg
[04:00:19] [Render thread/DEBUG] [touhou_little_maid/CustomSoundLoader]: sound: morning2.ogg
[04:00:19] [Render thread/DEBUG] [touhou_little_maid/CustomSoundLoader]: sound: morning3.ogg
[04:00:19] [Render thread/DEBUG] [touhou_little_maid/CustomSoundLoader]: sound: morning4.ogg
[04:00:19] [Render thread/DEBUG] [touhou_little_maid/CustomSoundLoader]: sound: morning5.ogg
[04:00:19] [Render thread/DEBUG] [touhou_little_maid/CustomSoundLoader]: sound: morning6.ogg
[04:00:19] [Render thread/DEBUG] [touhou_little_maid/CustomSoundLoader]: sound: morning7.ogg
[04:00:19] [Render thread/DEBUG] [touhou_little_maid/CustomSoundLoader]: sound: morning8.ogg
[04:00:19] [Render thread/DEBUG] [touhou_little_maid/CustomSoundLoader]: sound: night1.ogg
[04:00:19] [Render thread/DEBUG] [touhou_little_maid/CustomSoundLoader]: sound: night2.ogg
[04:00:19] [Render thread/DEBUG] [touhou_little_maid/CustomSoundLoader]: sound: credit.ogg
[04:00:19] [Render thread/DEBUG] [touhou_little_maid/CustomSoundLoader]: Loaded touhou_little_maid sound pack.
[04:00:19] [Render thread/DEBUG] [touhou_little_maid/CustomPackLoader]: Touhou little maid mod's model is loading...
[04:00:19] [Render thread/DEBUG] [touhou_little_maid/CustomPackLoader]: Loaded model: touhou_little_maid_old:models/entity/reimu_hakurei.json
[04:00:19] [Render thread/DEBUG] [touhou_little_maid/CustomPackLoader]: Loaded model: touhou_little_maid_old:models/entity/singyoku2.json
[04:00:19] [Render thread/DEBUG] [touhou_little_maid/CustomPackLoader]: Loaded model: touhou_little_maid_old:models/entity/singyoku3.json
[04:00:19] [Render thread/DEBUG] [touhou_little_maid/CustomPackLoader]: Loaded model: touhou_little_maid_old:models/entity/mima.json
[04:00:19] [Render thread/DEBUG] [touhou_little_maid/CustomPackLoader]: Loaded model: touhou_little_maid_old:models/entity/kikuri.json
[04:00:19] [Render thread/DEBUG] [touhou_little_maid/CustomPackLoader]: Loaded model: touhou_little_maid_old:models/entity/konngara.json
[04:00:19] [Render thread/DEBUG] [touhou_little_maid/CustomPackLoader]: Loaded model: touhou_little_maid_old:models/entity/yuugen_magan.json
[04:00:19] [Render thread/DEBUG] [touhou_little_maid/CustomPackLoader]: Loaded model: touhou_little_maid_old:models/entity/elis.json
[04:00:19] [Render thread/DEBUG] [touhou_little_maid/CustomPackLoader]: Loaded model: touhou_little_maid_old:models/entity/sariel.json
[04:00:19] [Render thread/DEBUG] [touhou_little_maid/CustomPackLoader]: Loaded model: touhou_little_maid_old:models/entity/genjii.json
[04:00:19] [Render thread/DEBUG] [touhou_little_maid/CustomPackLoader]: Loaded model: touhou_little_maid_old:models/entity/rika.json
[04:00:19] [Render thread/DEBUG] [touhou_little_maid/CustomPackLoader]: Loaded model: touhou_little_maid_old:models/entity/meira.json
[04:00:19] [Render thread/DEBUG] [touhou_little_maid/CustomPackLoader]: Loaded model: touhou_little_maid_old:models/entity/kirisame_marisa.json
[04:00:19] [Render thread/DEBUG] [touhou_little_maid/CustomPackLoader]: Loaded model: touhou_little_maid_old:models/entity/ellen.json
[04:00:19] [Render thread/DEBUG] [touhou_little_maid/CustomPackLoader]: Loaded model: touhou_little_maid_old:models/entity/kotohime.json
[04:00:19] [Render thread/DEBUG] [touhou_little_maid/CustomPackLoader]: Loaded model: touhou_little_maid_old:models/entity/kana_anaberal.json
[04:00:19] [Render thread/DEBUG] [touhou_little_maid/CustomPackLoader]: Loaded model: touhou_little_maid_old:models/entity/rikako_asakura.json
[04:00:19] [Render thread/DEBUG] [touhou_little_maid/CustomPackLoader]: Loaded model: touhou_little_maid_old:models/entity/chiyuri_kitashirakawa.json
[04:00:19] [Render thread/DEBUG] [touhou_little_maid/CustomPackLoader]: Loaded model: touhou_little_maid_old:models/entity/yumemi_okazaki.json
[04:00:19] [Render thread/DEBUG] [touhou_little_maid/CustomPackLoader]: Loaded model: touhou_little_maid_old:models/entity/orange.json
[04:00:19] [Render thread/DEBUG] [touhou_little_maid/CustomPackLoader]: Loaded model: touhou_little_maid_old:models/entity/kurumi.json
[04:00:19] [Render thread/DEBUG] [touhou_little_maid/CustomPackLoader]: Loaded model: touhou_little_maid_old:models/entity/elly.json
[04:00:19] [Render thread/DEBUG] [touhou_little_maid/CustomPackLoader]: Loaded model: touhou_little_maid_old:models/entity/yuuka_old.json
[04:00:19] [Render thread/DEBUG] [touhou_little_maid/CustomPackLoader]: Loaded model: touhou_little_maid_old:models/entity/mugetsu.json
[04:00:19] [Render thread/DEBUG] [touhou_little_maid/CustomPackLoader]: Loaded model: touhou_little_maid_old:models/entity/gengetsu.json
[04:00:19] [Render thread/DEBUG] [touhou_little_maid/CustomPackLoader]: Loaded model: touhou_little_maid_old:models/entity/sara.json
[04:00:19] [Render thread/DEBUG] [touhou_little_maid/CustomPackLoader]: Loaded model: touhou_little_maid_old:models/entity/louise.json
[04:00:19] [Render thread/DEBUG] [touhou_little_maid/CustomPackLoader]: Loaded model: touhou_little_maid_old:models/entity/alice.json
[04:00:19] [Render thread/DEBUG] [touhou_little_maid/CustomPackLoader]: Loaded model: touhou_little_maid_old:models/entity/yuki.json
[04:00:19] [Render thread/DEBUG] [touhou_little_maid/CustomPackLoader]: Loaded model: touhou_little_maid_old:models/entity/mai.json
[04:00:19] [Render thread/DEBUG] [touhou_little_maid/CustomPackLoader]: Loaded model: touhou_little_maid_old:models/entity/yumeko.json
[04:00:19] [Render thread/DEBUG] [touhou_little_maid/CustomPackLoader]: Loaded model: touhou_little_maid_old:models/entity/shinki.json
[04:00:19] [Render thread/DEBUG] [touhou_little_maid/CustomPackLoader]: Loaded model: touhou_little_maid_old:models/entity/ruukoto.json
[04:00:19] [Render thread/DEBUG] [touhou_little_maid/CustomPackLoader]: Loaded model: touhou_little_maid_old:models/entity/trump_king.json
[04:00:19] [Render thread/DEBUG] [touhou_little_maid/CustomPackLoader]: Touhou little maid mod's model is loaded
[04:00:19] [Render thread/DEBUG] [touhou_little_maid/CustomPackLoader]: Touhou little maid mod's model is loading...
[04:00:19] [Render thread/DEBUG] [touhou_little_maid/CustomPackLoader]: Touhou little maid mod's model is loading...
[04:00:19] [Render thread/DEBUG] [touhou_little_maid/CustomPackLoader]: Loaded model: touhou_little_maid_seihou:models/entity/vivit.json
[04:00:19] [Render thread/DEBUG] [touhou_little_maid/CustomPackLoader]: Loaded model: touhou_little_maid_seihou:models/entity/vivit.json
[04:00:19] [Render thread/DEBUG] [touhou_little_maid/CustomPackLoader]: Loaded model: touhou_little_maid_seihou:models/entity/milia.json
[04:00:19] [Render thread/DEBUG] [touhou_little_maid/CustomPackLoader]: Loaded model: touhou_little_maid_seihou:models/entity/mei.json
[04:00:19] [Render thread/DEBUG] [touhou_little_maid/CustomPackLoader]: Loaded model: touhou_little_maid_seihou:models/entity/mai.json
[04:00:19] [Render thread/DEBUG] [touhou_little_maid/CustomPackLoader]: Touhou little maid mod's model is loaded
[04:00:19] [Render thread/DEBUG] [touhou_little_maid/CustomPackLoader]: Touhou little maid mod's model is loading...
[04:00:19] [Render thread/INFO] [touhou_little_maid/]: Model loading time: 3025.22 ms
[04:00:19] [Render thread/INFO] [co.si.cr.Create/]: Loaded 58 train hat configurations.
[04:00:19] [Render thread/INFO] [ne.ne.ne.cl.en.an.js.AnimationLoader/]: Loaded 0 entity animations
[04:00:21] [Render thread/DEBUG] [mixin/]: Mixing StringRenderOutputMixin from jade.mixins.json into net.minecraft.client.gui.Font$StringRenderOutput
[04:00:21] [Render thread/DEBUG] [mixin/]: jade.mixins.json:StringRenderOutputMixin from mod jade: Class version 65 required is higher than the class version supported by the current version of Mixin (JAVA_16 supports class version 60)
[04:00:21] [Render thread/DEBUG] [mixin/]: jade.mixins.json:StringRenderOutputMixin from mod jade->@Inject::jade$init(Lnet/minecraft/client/gui/Font;Lnet/minecraft/client/renderer/MultiBufferSource;FFIZLorg/joml/Matrix4f;Lnet/minecraft/client/gui/Font$DisplayMode;ILorg/spongepowered/asm/mixin/injection/callback/CallbackInfo;)V doesn't use it's CallbackInfo
[04:00:21] [Render thread/DEBUG] [mixin/]: jade.mixins.json:StringRenderOutputMixin from mod jade->@Inject::jade$init(Lnet/minecraft/client/gui/Font;Lnet/minecraft/client/renderer/MultiBufferSource;FFIZLorg/joml/Matrix4f;Lnet/minecraft/client/gui/Font$DisplayMode;ILorg/spongepowered/asm/mixin/injection/callback/CallbackInfo;)V has 0 override(s) in child classes
[04:00:21] [Render thread/DEBUG] [mixin/]: jade.mixins.json:StringRenderOutputMixin from mod jade->@Inject::jade$init(Lnet/minecraft/client/gui/Font;Lnet/minecraft/client/renderer/MultiBufferSource;FFIZLorg/joml/Matrix4f;Lnet/minecraft/client/gui/Font$DisplayMode;ILorg/spongepowered/asm/mixin/injection/callback/CallbackInfo;)V won't be passed a CallbackInfo as a result
[04:00:21] [Render thread/DEBUG] [mixin/]: jade.mixins.json:StringRenderOutputMixin from mod jade->@Inject::jade$accept(ILnet/minecraft/network/chat/Style;ILorg/spongepowered/asm/mixin/injection/callback/CallbackInfoReturnable;)V does use it's CallbackInfoReturnable
[04:00:42] [Render thread/DEBUG] [mixin/]: Mixing AbstractSelectionListMixin from kubejs.mixins.json into net.minecraft.client.gui.components.AbstractSelectionList
[04:00:43] [Render thread/INFO] [co.si.cr.Create/]: Created 159 recipes which will be injected into the game
[04:00:43] [Render thread/INFO] [co.si.cr.Create/]: Created 0 tags which will be injected into the game
[04:00:43] [Render thread/DEBUG] [mixin/]: Mixing WorldLoaderPackConfigMixin from kubejs.mixins.json into net.minecraft.server.WorldLoader$PackConfig
[04:00:43] [Render thread/DEBUG] [mixin/]: Mixing ReloadableServerResourcesMixin from kubejs.mixins.json into net.minecraft.server.ReloadableServerResources
[04:00:43] [Render thread/DEBUG] [mixin/]: kubejs.mixins.json:ReloadableServerResourcesMixin from mod kubejs->@Inject::init(Lnet/minecraft/core/RegistryAccess$Frozen;Lnet/minecraft/world/flag/FeatureFlagSet;Lnet/minecraft/commands/Commands$CommandSelection;ILorg/spongepowered/asm/mixin/injection/callback/CallbackInfo;)V doesn't use it's CallbackInfo
[04:00:43] [Render thread/DEBUG] [mixin/]: kubejs.mixins.json:ReloadableServerResourcesMixin from mod kubejs->@Inject::init(Lnet/minecraft/core/RegistryAccess$Frozen;Lnet/minecraft/world/flag/FeatureFlagSet;Lnet/minecraft/commands/Commands$CommandSelection;ILorg/spongepowered/asm/mixin/injection/callback/CallbackInfo;)V has 0 override(s) in child classes
[04:00:43] [Render thread/DEBUG] [mixin/]: kubejs.mixins.json:ReloadableServerResourcesMixin from mod kubejs->@Inject::init(Lnet/minecraft/core/RegistryAccess$Frozen;Lnet/minecraft/world/flag/FeatureFlagSet;Lnet/minecraft/commands/Commands$CommandSelection;ILorg/spongepowered/asm/mixin/injection/callback/CallbackInfo;)V won't be passed a CallbackInfo as a result
[04:00:43] [Render thread/DEBUG] [mixin/]: kubejs.mixins.json:ReloadableServerResourcesMixin from mod kubejs->@Inject::injectKubeJSPacks(Lnet/minecraft/server/packs/resources/ResourceManager;Lnet/minecraft/core/LayeredRegistryAccess;Lnet/minecraft/world/flag/FeatureFlagSet;Lnet/minecraft/commands/Commands$CommandSelection;ILjava/util/concurrent/Executor;Ljava/util/concurrent/Executor;Lorg/spongepowered/asm/mixin/injection/callback/CallbackInfoReturnable;)V doesn't use it's CallbackInfoReturnable
[04:00:43] [Render thread/DEBUG] [mixin/]: Mixing WorldLoaderMixin from kubejs.mixins.json into net.minecraft.server.WorldLoader
[04:00:43] [Render thread/DEBUG] [mixin/]: kubejs.mixins.json:WorldLoaderMixin from mod kubejs->@Inject::kjs$load(Lnet/minecraft/server/WorldLoader$InitConfig;Lnet/minecraft/server/WorldLoader$WorldDataSupplier;Lnet/minecraft/server/WorldLoader$ResultFactory;Ljava/util/concurrent/Executor;Ljava/util/concurrent/Executor;Lorg/spongepowered/asm/mixin/injection/callback/CallbackInfoReturnable;)V doesn't use it's CallbackInfoReturnable
[04:00:43] [Render thread/DEBUG] [mixin/]: kubejs.mixins.json:WorldLoaderMixin from mod kubejs->@Inject::kjs$load2(Lnet/minecraft/server/WorldLoader$InitConfig;Lnet/minecraft/server/WorldLoader$WorldDataSupplier;Lnet/minecraft/server/WorldLoader$ResultFactory;Ljava/util/concurrent/Executor;Ljava/util/concurrent/Executor;Lorg/spongepowered/asm/mixin/injection/callback/CallbackInfoReturnable;)V doesn't use it's CallbackInfoReturnable
[04:00:43] [Render thread/INFO] [KubeJS Server/]: Capturing errors for server scripts enabled
[04:00:43] [Render thread/INFO] [KubeJS Server/]: server_scripts:main.js#2: Hello, World! (Loaded server example script)
[04:00:43] [Render thread/INFO] [KubeJS Server/]: Loaded script server_scripts:main.js in 0.001 s
[04:00:43] [Render thread/INFO] [KubeJS Server/]: Loaded 1/1 KubeJS server scripts in 0.019 s with 0 errors and 0 warnings
[04:00:43] [Render thread/INFO] [KubeJS/]: Loaded 27 data packs: create:dynamic_data, vanilla, KubeJS Virtual Resource Pack [Before Mods, data], mod_data, mod/farmersdelight, mod/emi, mod/rhino, mod/jade, mod/appleskin, mod/jei, mod/poopsky, mod/flywheel, mod/ponder, mod/touhou_little_maid, mod/sablecompanion, mod/create, mod/frog_variant_mod_1782245873, mod/powerful_dummy, mod/neoforge, mod/kubejs, mod/betteradvancedtooltips, KubeJS Virtual Resource Pack [Internal, data], KubeJS Virtual Resource Pack [Registries, data], KubeJS Virtual Resource Pack [After Mods, data], KubeJS File Resource Pack [data], mod/betteradvancements, KubeJS Virtual Resource Pack [Last, data]
[04:00:43] [Render thread/DEBUG] [mixin/]: Mixing LootDataTypeMixin from kubejs.mixins.json into net.minecraft.world.level.storage.loot.LootDataType
[04:00:43] [Render thread/DEBUG] [mixin/]: kubejs.mixins.json:LootDataTypeMixin from mod kubejs->@Inject::kjs$exportLootTable(Lnet/minecraft/resources/ResourceLocation;Lcom/mojang/serialization/DynamicOps;Ljava/lang/Object;Lorg/spongepowered/asm/mixin/injection/callback/CallbackInfoReturnable;)V doesn't use it's CallbackInfoReturnable
[04:00:44] [Worker-Main-3/DEBUG] [mixin/]: Mixing RecipeManagerMixin from kubejs.mixins.json into net.minecraft.world.item.crafting.RecipeManager
[04:00:44] [Worker-Main-3/DEBUG] [mixin/]: kubejs.mixins.json:RecipeManagerMixin from mod kubejs->@Inject::customRecipesHead(Ljava/util/Map;Lnet/minecraft/server/packs/resources/ResourceManager;Lnet/minecraft/util/profiling/ProfilerFiller;Lorg/spongepowered/asm/mixin/injection/callback/CallbackInfo;)V doesn't use it's CallbackInfo
[04:00:44] [Worker-Main-3/DEBUG] [mixin/]: kubejs.mixins.json:RecipeManagerMixin from mod kubejs->@Inject::customRecipesHead(Ljava/util/Map;Lnet/minecraft/server/packs/resources/ResourceManager;Lnet/minecraft/util/profiling/ProfilerFiller;Lorg/spongepowered/asm/mixin/injection/callback/CallbackInfo;)V has 0 override(s) in child classes
[04:00:44] [Worker-Main-3/DEBUG] [mixin/]: kubejs.mixins.json:RecipeManagerMixin from mod kubejs->@Inject::customRecipesHead(Ljava/util/Map;Lnet/minecraft/server/packs/resources/ResourceManager;Lnet/minecraft/util/profiling/ProfilerFiller;Lorg/spongepowered/asm/mixin/injection/callback/CallbackInfo;)V won't be passed a CallbackInfo as a result
[04:00:44] [Worker-Main-3/DEBUG] [mixin/]: kubejs.mixins.json:RecipeManagerMixin from mod kubejs->@Inject::catchFailingRecipes(Lorg/spongepowered/asm/mixin/injection/callback/CallbackInfo;)V doesn't use it's CallbackInfo
[04:00:44] [Worker-Main-3/DEBUG] [mixin/]: kubejs.mixins.json:RecipeManagerMixin from mod kubejs->@Inject::catchFailingRecipes(Lorg/spongepowered/asm/mixin/injection/callback/CallbackInfo;)V has 0 override(s) in child classes
[04:00:44] [Worker-Main-3/DEBUG] [mixin/]: kubejs.mixins.json:RecipeManagerMixin from mod kubejs->@Inject::catchFailingRecipes(Lorg/spongepowered/asm/mixin/injection/callback/CallbackInfo;)V won't be passed a CallbackInfo as a result
[04:00:44] [Worker-Main-3/DEBUG] [mixin/]: kubejs.mixins.json:RecipeManagerMixin from mod kubejs->@Inject::addServerData(Lorg/spongepowered/asm/mixin/injection/callback/CallbackInfo;)V doesn't use it's CallbackInfo
[04:00:44] [Worker-Main-3/DEBUG] [mixin/]: kubejs.mixins.json:RecipeManagerMixin from mod kubejs->@Inject::addServerData(Lorg/spongepowered/asm/mixin/injection/callback/CallbackInfo;)V has 0 override(s) in child classes
[04:00:44] [Worker-Main-3/DEBUG] [mixin/]: kubejs.mixins.json:RecipeManagerMixin from mod kubejs->@Inject::addServerData(Lorg/spongepowered/asm/mixin/injection/callback/CallbackInfo;)V won't be passed a CallbackInfo as a result
[04:00:44] [Worker-Main-3/DEBUG] [mixin/]: Mixing TagManagerMixin from kubejs.mixins.json into net.minecraft.tags.TagManager
[04:00:44] [Worker-Main-3/DEBUG] [mixin/]: kubejs.mixins.json:TagManagerMixin from mod kubejs->@Inject::kjs$saveRegistryToTagLoader(Lnet/minecraft/server/packs/resources/ResourceManager;Ljava/util/concurrent/Executor;Lnet/minecraft/core/RegistryAccess$RegistryEntry;Lorg/spongepowered/asm/mixin/injection/callback/CallbackInfoReturnable;)V doesn't use it's CallbackInfoReturnable
[04:00:44] [Worker-Main-3/DEBUG] [mixin/]: kubejs.mixins.json:TagManagerMixin from mod kubejs->@Inject::kjs$saveRegistryToTagLoader(Lnet/minecraft/server/packs/resources/ResourceManager;Ljava/util/concurrent/Executor;Lnet/minecraft/core/RegistryAccess$RegistryEntry;Lorg/spongepowered/asm/mixin/injection/callback/CallbackInfoReturnable;)V has 0 override(s) in child classes
[04:00:44] [Worker-Main-3/DEBUG] [mixin/]: kubejs.mixins.json:TagManagerMixin from mod kubejs->@Inject::kjs$saveRegistryToTagLoader(Lnet/minecraft/server/packs/resources/ResourceManager;Ljava/util/concurrent/Executor;Lnet/minecraft/core/RegistryAccess$RegistryEntry;Lorg/spongepowered/asm/mixin/injection/callback/CallbackInfoReturnable;)V won't be passed a CallbackInfoReturnable as a result
[04:00:44] [Worker-Main-3/DEBUG] [mixin/]: kubejs.mixins.json:TagManagerMixin from mod kubejs->@Inject::kjs$reload(Lnet/minecraft/server/packs/resources/PreparableReloadListener$PreparationBarrier;Lnet/minecraft/server/packs/resources/ResourceManager;Lnet/minecraft/util/profiling/ProfilerFiller;Lnet/minecraft/util/profiling/ProfilerFiller;Ljava/util/concurrent/Executor;Ljava/util/concurrent/Executor;Lorg/spongepowered/asm/mixin/injection/callback/CallbackInfoReturnable;)V doesn't use it's CallbackInfoReturnable
[04:00:44] [Worker-Main-3/DEBUG] [mixin/]: kubejs.mixins.json:TagManagerMixin from mod kubejs->@Inject::kjs$reload(Lnet/minecraft/server/packs/resources/PreparableReloadListener$PreparationBarrier;Lnet/minecraft/server/packs/resources/ResourceManager;Lnet/minecraft/util/profiling/ProfilerFiller;Lnet/minecraft/util/profiling/ProfilerFiller;Ljava/util/concurrent/Executor;Ljava/util/concurrent/Executor;Lorg/spongepowered/asm/mixin/injection/callback/CallbackInfoReturnable;)V has 0 override(s) in child classes
[04:00:44] [Worker-Main-3/DEBUG] [mixin/]: kubejs.mixins.json:TagManagerMixin from mod kubejs->@Inject::kjs$reload(Lnet/minecraft/server/packs/resources/PreparableReloadListener$PreparationBarrier;Lnet/minecraft/server/packs/resources/ResourceManager;Lnet/minecraft/util/profiling/ProfilerFiller;Lnet/minecraft/util/profiling/ProfilerFiller;Ljava/util/concurrent/Executor;Ljava/util/concurrent/Executor;Lorg/spongepowered/asm/mixin/injection/callback/CallbackInfoReturnable;)V won't be passed a CallbackInfoReturnable as a result
[04:00:44] [Worker-Main-3/DEBUG] [mixin/]: Mixing TagLoaderMixin from kubejs.mixins.json into net.minecraft.tags.TagLoader
[04:00:44] [Worker-Main-3/DEBUG] [mixin/]: kubejs.mixins.json:TagLoaderMixin from mod kubejs->@Inject::customTags(Lnet/minecraft/server/packs/resources/ResourceManager;Lorg/spongepowered/asm/mixin/injection/callback/CallbackInfoReturnable;)V does use it's CallbackInfoReturnable
[04:00:44] [Render thread/DEBUG] [KubeJS/]: Took 1 ms to discover registry classes.
[04:00:44] [Render thread/INFO] [minecraft/RecipeManager]: Loaded 3442 recipes
[04:00:44] [Render thread/INFO] [minecraft/AdvancementTree]: Loaded 3024 advancements
Loading attributes
{powerful_dummy:attribute_display=com.whisent.powerful_dummy.data.AttributeData@14075727}
Loading tags
{powerful_dummy:damage_colors=com.whisent.powerful_dummy.data.tag.DamageTagData@26426de8}
[04:00:45] [Render thread/DEBUG] [me.je.ne.st.StartEventObserver/]: JEI StartEventObserver received class net.neoforged.neoforge.event.TagsUpdatedEvent too early, ignoring
[04:00:45] [Render thread/INFO] [EMI/]: [EMI] Recipes synchronized, waiting for tags to reload EMI...
[04:00:45] [Render thread/INFO] [sn.ja.Jade/]: LootTableMineableCollector took 4.418 ms
[04:00:45] [Render thread/DEBUG] [ne.ne.ne.co.CommonHooks/WP]: Gathered mod list to write to world save 鏂扮殑涓栫晫
[04:00:46] [Render thread/DEBUG] [mixin/]: Mixing PlayerListMixin from kubejs.mixins.json into net.minecraft.server.players.PlayerList
[04:00:46] [Render thread/DEBUG] [mixin/]: Mixing accessor.BrewingRecipeRegistryAccessor from emi.mixins.json into net.minecraft.world.item.alchemy.PotionBrewing
[04:00:46] [Render thread/DEBUG] [mixin/]: emi.mixins.json:accessor.BrewingRecipeRegistryAccessor from mod emi: Class version 65 required is higher than the class version supported by the current version of Mixin (JAVA_17 supports class version 61)
[04:00:46] [Render thread/DEBUG] [mixin/]: Mixing accessor.PotionBrewingAccessor from create.mixins.json into net.minecraft.world.item.alchemy.PotionBrewing
[04:00:46] [Server thread/INFO] [minecraft/IntegratedServer]: Starting integrated minecraft server version 1.21.1
[04:00:46] [Server thread/INFO] [minecraft/MinecraftServer]: Generating keypair
[04:00:46] [Server thread/DEBUG] [ne.ne.fm.co.ConfigTracker/CONFIG]: Loading configs type SERVER
[04:00:46] [Server thread/DEBUG] [ne.ne.fm.co.ConfigTracker/CONFIG]: Loaded TOML config file F:\Minecraft\ModDev\PoopSkyMod\run\config\jei-server.toml
[04:00:46] [Server thread/DEBUG] [ne.ne.fm.co.ConfigTracker/CONFIG]: Watching TOML config file F:\Minecraft\ModDev\PoopSkyMod\run\config\jei-server.toml for changes
[04:00:46] [Server thread/DEBUG] [ne.ne.ne.co.NeoForgeConfig/FORGEMOD]: Loaded NeoForge config file neoforge-server.toml
[04:00:46] [Server thread/DEBUG] [ne.ne.fm.co.ConfigTracker/CONFIG]: Loaded TOML config file F:\Minecraft\ModDev\PoopSkyMod\run\config\neoforge-server.toml
[04:00:46] [Server thread/DEBUG] [ne.ne.fm.co.ConfigTracker/CONFIG]: Watching TOML config file F:\Minecraft\ModDev\PoopSkyMod\run\config\neoforge-server.toml for changes
[04:00:46] [Server thread/DEBUG] [ne.ne.fm.co.ConfigTracker/CONFIG]: Loaded TOML config file F:\Minecraft\ModDev\PoopSkyMod\run\config\touhou_little_maid-server.toml
[04:00:46] [Server thread/DEBUG] [ne.ne.fm.co.ConfigTracker/CONFIG]: Watching TOML config file F:\Minecraft\ModDev\PoopSkyMod\run\config\touhou_little_maid-server.toml for changes
[04:00:46] [Server thread/DEBUG] [ne.ne.fm.co.ConfigTracker/CONFIG]: Loaded TOML config file F:\Minecraft\ModDev\PoopSkyMod\run\config\create-server.toml
[04:00:46] [Server thread/DEBUG] [ne.ne.fm.co.ConfigTracker/CONFIG]: Watching TOML config file F:\Minecraft\ModDev\PoopSkyMod\run\config\create-server.toml for changes
[04:00:46] [Server thread/DEBUG] [mixin/]: Mixing accessor.BiomeManagerAccessor from ponder-common.mixins.json into net.minecraft.world.level.biome.BiomeManager
[04:00:46] [Server thread/DEBUG] [mixin/]: ponder-common.mixins.json:accessor.BiomeManagerAccessor from mod ponder: Class version 65 required is higher than the class version supported by the current version of Mixin (JAVA_17 supports class version 61)
[04:00:46] [Server thread/DEBUG] [mixin/]: Mixing PersistentEntitySectionManagerMixin from touhou_little_maid.mixins.json into net.minecraft.world.level.entity.PersistentEntitySectionManager
[04:00:46] [Server thread/DEBUG] [mixin/]: touhou_little_maid.mixins.json:PersistentEntitySectionManagerMixin from mod touhou_little_maid: Class version 65 required is higher than the class version supported by the current version of Mixin (JAVA_17 supports class version 61)
[04:00:46] [Server thread/DEBUG] [mixin/]: Renaming synthetic method lambda$companionTick$0(J)V to md4eef09$touhou_little_maid$lambda$companionTick$0$0 in touhou_little_maid.mixins.json:PersistentEntitySectionManagerMixin from mod touhou_little_maid
[04:00:46] [Server thread/DEBUG] [mixin/]: touhou_little_maid.mixins.json:PersistentEntitySectionManagerMixin from mod touhou_little_maid->@Inject::companionTick(Lorg/spongepowered/asm/mixin/injection/callback/CallbackInfo;)V doesn't use it's CallbackInfo
[04:00:46] [Server thread/DEBUG] [mixin/]: touhou_little_maid.mixins.json:PersistentEntitySectionManagerMixin from mod touhou_little_maid->@Inject::companionTick(Lorg/spongepowered/asm/mixin/injection/callback/CallbackInfo;)V has 0 override(s) in child classes
[04:00:46] [Server thread/DEBUG] [mixin/]: touhou_little_maid.mixins.json:PersistentEntitySectionManagerMixin from mod touhou_little_maid->@Inject::companionTick(Lorg/spongepowered/asm/mixin/injection/callback/CallbackInfo;)V won't be passed a CallbackInfo as a result
[04:00:46] [Server thread/DEBUG] [mixin/]: Mixing light.LightEngineAccessor from flywheel.backend.mixins.json into net.minecraft.world.level.lighting.LightEngine
[04:00:46] [Server thread/DEBUG] [mixin/]: Mixing light.SkyLightSectionStorageMixin from flywheel.backend.mixins.json into net.minecraft.world.level.lighting.SkyLightSectionStorage
[04:00:46] [Server thread/DEBUG] [mixin/]: Mixing light.SkyDataLayerStorageMapAccessor from flywheel.backend.mixins.json into net.minecraft.world.level.lighting.SkyLightSectionStorage$SkyDataLayerStorageMap
[04:00:46] [Server thread/DEBUG] [co.si.cr.Create/]: Prepared Redstone Network Space for minecraft:overworld
[04:00:46] [Server thread/DEBUG] [co.si.cr.Create/]: Prepared Kinetic Network Space for minecraft:overworld
[04:00:46] [Server thread/DEBUG] [co.si.cr.Create/]: Prepared Redstone Network Space for minecraft:the_nether
[04:00:46] [Server thread/DEBUG] [co.si.cr.Create/]: Prepared Kinetic Network Space for minecraft:the_nether
[04:00:46] [Server thread/DEBUG] [co.si.cr.Create/]: Prepared Redstone Network Space for minecraft:the_end
[04:00:46] [Server thread/DEBUG] [co.si.cr.Create/]: Prepared Kinetic Network Space for minecraft:the_end
[04:00:46] [Server thread/INFO] [minecraft/MinecraftServer]: Preparing start region for dimension minecraft:overworld
[04:00:46] [Server thread/INFO] [KubeJS Server/]: Capturing errors for server scripts disabled
[04:00:46] [Server thread/INFO] [KubeJS Server/]: Server resource reload complete!
[04:00:47] [Server thread/ERROR] [minecraft/ChunkSerializer]: Recoverable errors when loading section [-3, 4, 1]: (Unknown registry key in ResourceKey[minecraft:root / minecraft:block]: poopsky:oak_toilet -> using default)
[04:00:47] [Server thread/ERROR] [minecraft/ChunkSerializer]: Recoverable errors when loading section [-4, 5, -1]: (Unknown registry key in ResourceKey[minecraft:root / minecraft:block]: poopsky:crimson_toilet -> using default); (Unknown registry key in ResourceKey[minecraft:root / minecraft:block]: poopsky:crimson_toilet -> using default)
[04:00:47] [Server thread/ERROR] [minecraft/ChunkSerializer]: Recoverable errors when loading section [-1, 4, -2]: (Unknown registry key in ResourceKey[minecraft:root / minecraft:block]: poopsky:oak_toilet -> using default); (Unknown registry key in ResourceKey[minecraft:root / minecraft:block]: poopsky:oak_toilet -> using default); (Unknown registry key in ResourceKey[minecraft:root / minecraft:block]: poopsky:oak_toilet -> using default)
[04:00:47] [Server thread/ERROR] [minecraft/ChunkSerializer]: Recoverable errors when loading section [-5, 5, -1]: (Unknown registry key in ResourceKey[minecraft:root / minecraft:block]: poopsky:crimson_toilet -> using default)
[04:00:47] [Server thread/ERROR] [minecraft/ChunkSerializer]: Recoverable errors when loading section [-6, 4, -2]: (Unknown registry key in ResourceKey[minecraft:root / minecraft:block]: poopsky:mossy_cobblestone_toilet -> using default); (Unknown registry key in ResourceKey[minecraft:root / minecraft:block]: poopsky:mossy_cobblestone_toilet -> using default); (Unknown registry key in ResourceKey[minecraft:root / minecraft:block]: poopsky:mossy_cobblestone_toilet -> using default); (Unknown registry key in ResourceKey[minecraft:root / minecraft:block]: poopsky:mossy_cobblestone_toilet -> using default)
[04:00:47] [progressListener/INFO] [minecraft/LoggerChunkProgressListener]: 鍑嗗鐢熸垚鍖哄煙涓細0%
[04:00:47] [Server thread/ERROR] [minecraft/BlockEntity]: Failed to create block entity poopsky:toilet_block_entity
java.lang.IllegalStateException: Invalid block entity poopsky:toilet_block_entity // com.altnoir.poopsky.block.entity.ToiletBlockEntity state at BlockPos{x=-42, y=74, z=19}, got Block{minecraft:air}
	at TRANSFORMER/minecraft@1.21.1/net.minecraft.world.level.block.entity.BlockEntity.validateBlockState(BlockEntity.java:52) ~[neoforge-21.1.219.jar%23199!/:?] {re:mixin,re:computing_frames,re:classloading,pl:mixin:APP:flywheel.impl.mixins.json:visualmanage.BlockEntityMixin from mod flywheel,pl:mixin:A}
	at TRANSFORMER/minecraft@1.21.1/net.minecraft.world.level.block.entity.BlockEntity.<init>(BlockEntity.java:46) ~[neoforge-21.1.219.jar%23199!/:?] {re:mixin,re:computing_frames,re:classloading,pl:mixin:APP:flywheel.impl.mixins.json:visualmanage.BlockEntityMixin from mod flywheel,pl:mixin:A}
	at TRANSFORMER/poopsky@1.21.1-1.5-dev/com.altnoir.poopsky.block.entity.ToiletBlockEntity.<init>(ToiletBlockEntity.java:41) ~[%23211!/:?] {re:classloading}
	at TRANSFORMER/minecraft@1.21.1/net.minecraft.world.level.block.entity.BlockEntityType.create(BlockEntityType.java:298) ~[neoforge-21.1.219.jar%23199!/:?] {re:mixin,pl:accesstransformer:B,re:classloading,pl:accesstransformer:B,pl:mixin:APP:flywheel.impl.mixins.json:BlockEntityTypeMixin from mod flywheel,pl:mixin:APP:neoforge.mixins.json:BlockEntityTypeAccessor from mod neoforge,pl:mixin:A}
	at TRANSFORMER/minecraft@1.21.1/net.minecraft.world.level.block.entity.BlockEntity.lambda$loadStatic$4(BlockEntity.java:171) ~[neoforge-21.1.219.jar%23199!/:?] {re:mixin,re:computing_frames,re:classloading,pl:mixin:APP:flywheel.impl.mixins.json:visualmanage.BlockEntityMixin from mod flywheel,pl:mixin:A}
	at java.base/java.util.Optional.map(Optional.java:260) ~[?:?] {re:computing_frames,re:mixin}
	at TRANSFORMER/minecraft@1.21.1/net.minecraft.world.level.block.entity.BlockEntity.loadStatic(BlockEntity.java:169) ~[neoforge-21.1.219.jar%23199!/:?] {re:mixin,re:computing_frames,re:classloading,pl:mixin:APP:flywheel.impl.mixins.json:visualmanage.BlockEntityMixin from mod flywheel,pl:mixin:A}
	at TRANSFORMER/minecraft@1.21.1/net.minecraft.world.level.chunk.storage.ChunkSerializer.lambda$postLoadChunk$10(ChunkSerializer.java:440) ~[neoforge-21.1.219.jar%23199!/:?] {re:classloading}
	at TRANSFORMER/minecraft@1.21.1/net.minecraft.world.level.chunk.LevelChunk.runPostLoad(LevelChunk.java:480) ~[neoforge-21.1.219.jar%23199!/:?] {re:mixin,re:classloading,pl:mixin:APP:flywheel.impl.mixins.json:visualmanage.LevelChunkMixin from mod flywheel,pl:mixin:A}
	at TRANSFORMER/minecraft@1.21.1/net.minecraft.world.level.chunk.status.ChunkStatusTasks.lambda$full$2(ChunkStatusTasks.java:206) ~[neoforge-21.1.219.jar%23199!/:?] {re:classloading}
	at java.base/java.util.concurrent.CompletableFuture$AsyncSupply.run(CompletableFuture.java:1768) ~[?:?] {}
	at TRANSFORMER/minecraft@1.21.1/net.minecraft.server.level.ChunkTaskPriorityQueueSorter.lambda$message$1(ChunkTaskPriorityQueueSorter.java:50) ~[neoforge-21.1.219.jar%23199!/:?] {re:classloading}
	at TRANSFORMER/minecraft@1.21.1/net.minecraft.util.thread.BlockableEventLoop.doRunTask(BlockableEventLoop.java:151) ~[neoforge-21.1.219.jar%23199!/:?] {re:mixin,pl:accesstransformer:B,re:computing_frames,pl:accesstransformer:B,re:classloading,pl:accesstransformer:B}
	at TRANSFORMER/minecraft@1.21.1/net.minecraft.server.level.ServerChunkCache$MainThreadExecutor.doRunTask(ServerChunkCache.java:565) ~[neoforge-21.1.219.jar%23199!/:?] {re:classloading}
	at TRANSFORMER/minecraft@1.21.1/net.minecraft.util.thread.BlockableEventLoop.pollTask(BlockableEventLoop.java:122) ~[neoforge-21.1.219.jar%23199!/:?] {re:mixin,pl:accesstransformer:B,re:computing_frames,pl:accesstransformer:B,re:classloading,pl:accesstransformer:B}
	at TRANSFORMER/minecraft@1.21.1/net.minecraft.server.level.ServerChunkCache$MainThreadExecutor.pollTask(ServerChunkCache.java:574) ~[neoforge-21.1.219.jar%23199!/:?] {re:classloading}
	at TRANSFORMER/minecraft@1.21.1/net.minecraft.server.level.ServerChunkCache.pollTask(ServerChunkCache.java:278) ~[neoforge-21.1.219.jar%23199!/:?] {re:classloading,pl:accesstransformer:B}
	at TRANSFORMER/minecraft@1.21.1/net.minecraft.server.MinecraftServer.pollTaskInternal(MinecraftServer.java:869) ~[neoforge-21.1.219.jar%23199!/:?] {re:mixin,pl:accesstransformer:B,re:classloading,pl:accesstransformer:B,pl:mixin:APP:ponder-common.mixins.json:accessor.MinecraftServerAccessor from mod ponder,pl:mixin:APP:kubejs.mixins.json:MinecraftServerMixin from mod kubejs,pl:mixin:A}
	at TRANSFORMER/minecraft@1.21.1/net.minecraft.server.MinecraftServer.pollTask(MinecraftServer.java:858) ~[neoforge-21.1.219.jar%23199!/:?] {re:mixin,pl:accesstransformer:B,re:classloading,pl:accesstransformer:B,pl:mixin:APP:ponder-common.mixins.json:accessor.MinecraftServerAccessor from mod ponder,pl:mixin:APP:kubejs.mixins.json:MinecraftServerMixin from mod kubejs,pl:mixin:A}
	at TRANSFORMER/minecraft@1.21.1/net.minecraft.util.thread.BlockableEventLoop.managedBlock(BlockableEventLoop.java:135) ~[neoforge-21.1.219.jar%23199!/:?] {re:mixin,pl:accesstransformer:B,re:computing_frames,pl:accesstransformer:B,re:classloading,pl:accesstransformer:B}
	at TRANSFORMER/minecraft@1.21.1/net.minecraft.server.MinecraftServer.managedBlock(MinecraftServer.java:830) ~[neoforge-21.1.219.jar%23199!/:?] {re:mixin,pl:accesstransformer:B,re:classloading,pl:accesstransformer:B,pl:mixin:APP:ponder-common.mixins.json:accessor.MinecraftServerAccessor from mod ponder,pl:mixin:APP:kubejs.mixins.json:MinecraftServerMixin from mod kubejs,pl:mixin:A}
	at TRANSFORMER/minecraft@1.21.1/net.minecraft.server.MinecraftServer.waitUntilNextTick(MinecraftServer.java:835) ~[neoforge-21.1.219.jar%23199!/:?] {re:mixin,pl:accesstransformer:B,re:classloading,pl:accesstransformer:B,pl:mixin:APP:ponder-common.mixins.json:accessor.MinecraftServerAccessor from mod ponder,pl:mixin:APP:kubejs.mixins.json:MinecraftServerMixin from mod kubejs,pl:mixin:A}
	at TRANSFORMER/minecraft@1.21.1/net.minecraft.server.MinecraftServer.prepareLevels(MinecraftServer.java:506) ~[neoforge-21.1.219.jar%23199!/:?] {re:mixin,pl:accesstransformer:B,re:classloading,pl:accesstransformer:B,pl:mixin:APP:ponder-common.mixins.json:accessor.MinecraftServerAccessor from mod ponder,pl:mixin:APP:kubejs.mixins.json:MinecraftServerMixin from mod kubejs,pl:mixin:A}
	at TRANSFORMER/minecraft@1.21.1/net.minecraft.server.MinecraftServer.loadLevel(MinecraftServer.java:339) ~[neoforge-21.1.219.jar%23199!/:?] {re:mixin,pl:accesstransformer:B,re:classloading,pl:accesstransformer:B,pl:mixin:APP:ponder-common.mixins.json:accessor.MinecraftServerAccessor from mod ponder,pl:mixin:APP:kubejs.mixins.json:MinecraftServerMixin from mod kubejs,pl:mixin:A}
	at TRANSFORMER/minecraft@1.21.1/net.minecraft.client.server.IntegratedServer.initServer(IntegratedServer.java:77) ~[neoforge-21.1.219.jar%23199!/:?] {re:classloading,pl:runtimedistcleaner:A}
	at TRANSFORMER/minecraft@1.21.1/net.minecraft.server.MinecraftServer.runServer(MinecraftServer.java:676) ~[neoforge-21.1.219.jar%23199!/:?] {re:mixin,pl:accesstransformer:B,re:classloading,pl:accesstransformer:B,pl:mixin:APP:ponder-common.mixins.json:accessor.MinecraftServerAccessor from mod ponder,pl:mixin:APP:kubejs.mixins.json:MinecraftServerMixin from mod kubejs,pl:mixin:A}
	at TRANSFORMER/minecraft@1.21.1/net.minecraft.server.MinecraftServer.lambda$spin$2(MinecraftServer.java:267) ~[neoforge-21.1.219.jar%23199!/:?] {re:mixin,pl:accesstransformer:B,re:classloading,pl:accesstransformer:B,pl:mixin:APP:ponder-common.mixins.json:accessor.MinecraftServerAccessor from mod ponder,pl:mixin:APP:kubejs.mixins.json:MinecraftServerMixin from mod kubejs,pl:mixin:A}
	at java.base/java.lang.Thread.run(Thread.java:1583) [?:?] {re:mixin}
[04:00:47] [Server thread/WARN] [minecraft/BlockEntity]: Skipping BlockEntity with id poopsky:toilet_block_entity
[04:00:47] [Server thread/ERROR] [minecraft/BlockEntity]: Failed to create block entity poopsky:toilet_block_entity
java.lang.IllegalStateException: Invalid block entity poopsky:toilet_block_entity // com.altnoir.poopsky.block.entity.ToiletBlockEntity state at BlockPos{x=-63, y=80, z=-3}, got Block{minecraft:air}
	at TRANSFORMER/minecraft@1.21.1/net.minecraft.world.level.block.entity.BlockEntity.validateBlockState(BlockEntity.java:52) ~[neoforge-21.1.219.jar%23199!/:?] {re:mixin,re:computing_frames,re:classloading,pl:mixin:APP:flywheel.impl.mixins.json:visualmanage.BlockEntityMixin from mod flywheel,pl:mixin:A}
	at TRANSFORMER/minecraft@1.21.1/net.minecraft.world.level.block.entity.BlockEntity.<init>(BlockEntity.java:46) ~[neoforge-21.1.219.jar%23199!/:?] {re:mixin,re:computing_frames,re:classloading,pl:mixin:APP:flywheel.impl.mixins.json:visualmanage.BlockEntityMixin from mod flywheel,pl:mixin:A}
	at TRANSFORMER/poopsky@1.21.1-1.5-dev/com.altnoir.poopsky.block.entity.ToiletBlockEntity.<init>(ToiletBlockEntity.java:41) ~[%23211!/:?] {re:classloading}
	at TRANSFORMER/minecraft@1.21.1/net.minecraft.world.level.block.entity.BlockEntityType.create(BlockEntityType.java:298) ~[neoforge-21.1.219.jar%23199!/:?] {re:mixin,pl:accesstransformer:B,re:classloading,pl:accesstransformer:B,pl:mixin:APP:flywheel.impl.mixins.json:BlockEntityTypeMixin from mod flywheel,pl:mixin:APP:neoforge.mixins.json:BlockEntityTypeAccessor from mod neoforge,pl:mixin:A}
	at TRANSFORMER/minecraft@1.21.1/net.minecraft.world.level.block.entity.BlockEntity.lambda$loadStatic$4(BlockEntity.java:171) ~[neoforge-21.1.219.jar%23199!/:?] {re:mixin,re:computing_frames,re:classloading,pl:mixin:APP:flywheel.impl.mixins.json:visualmanage.BlockEntityMixin from mod flywheel,pl:mixin:A}
	at java.base/java.util.Optional.map(Optional.java:260) ~[?:?] {re:computing_frames,re:mixin}
	at TRANSFORMER/minecraft@1.21.1/net.minecraft.world.level.block.entity.BlockEntity.loadStatic(BlockEntity.java:169) ~[neoforge-21.1.219.jar%23199!/:?] {re:mixin,re:computing_frames,re:classloading,pl:mixin:APP:flywheel.impl.mixins.json:visualmanage.BlockEntityMixin from mod flywheel,pl:mixin:A}
	at TRANSFORMER/minecraft@1.21.1/net.minecraft.world.level.chunk.storage.ChunkSerializer.lambda$postLoadChunk$10(ChunkSerializer.java:440) ~[neoforge-21.1.219.jar%23199!/:?] {re:classloading}
	at TRANSFORMER/minecraft@1.21.1/net.minecraft.world.level.chunk.LevelChunk.runPostLoad(LevelChunk.java:480) ~[neoforge-21.1.219.jar%23199!/:?] {re:mixin,re:classloading,pl:mixin:APP:flywheel.impl.mixins.json:visualmanage.LevelChunkMixin from mod flywheel,pl:mixin:A}
	at TRANSFORMER/minecraft@1.21.1/net.minecraft.world.level.chunk.status.ChunkStatusTasks.lambda$full$2(ChunkStatusTasks.java:206) ~[neoforge-21.1.219.jar%23199!/:?] {re:classloading}
	at java.base/java.util.concurrent.CompletableFuture$AsyncSupply.run(CompletableFuture.java:1768) ~[?:?] {}
	at TRANSFORMER/minecraft@1.21.1/net.minecraft.server.level.ChunkTaskPriorityQueueSorter.lambda$message$1(ChunkTaskPriorityQueueSorter.java:50) ~[neoforge-21.1.219.jar%23199!/:?] {re:classloading}
	at TRANSFORMER/minecraft@1.21.1/net.minecraft.util.thread.BlockableEventLoop.doRunTask(BlockableEventLoop.java:151) ~[neoforge-21.1.219.jar%23199!/:?] {re:mixin,pl:accesstransformer:B,re:computing_frames,pl:accesstransformer:B,re:classloading,pl:accesstransformer:B}
	at TRANSFORMER/minecraft@1.21.1/net.minecraft.server.level.ServerChunkCache$MainThreadExecutor.doRunTask(ServerChunkCache.java:565) ~[neoforge-21.1.219.jar%23199!/:?] {re:classloading}
	at TRANSFORMER/minecraft@1.21.1/net.minecraft.util.thread.BlockableEventLoop.pollTask(BlockableEventLoop.java:122) ~[neoforge-21.1.219.jar%23199!/:?] {re:mixin,pl:accesstransformer:B,re:computing_frames,pl:accesstransformer:B,re:classloading,pl:accesstransformer:B}
	at TRANSFORMER/minecraft@1.21.1/net.minecraft.server.level.ServerChunkCache$MainThreadExecutor.pollTask(ServerChunkCache.java:574) ~[neoforge-21.1.219.jar%23199!/:?] {re:classloading}
	at TRANSFORMER/minecraft@1.21.1/net.minecraft.server.level.ServerChunkCache.pollTask(ServerChunkCache.java:278) ~[neoforge-21.1.219.jar%23199!/:?] {re:classloading,pl:accesstransformer:B}
	at TRANSFORMER/minecraft@1.21.1/net.minecraft.server.MinecraftServer.pollTaskInternal(MinecraftServer.java:869) ~[neoforge-21.1.219.jar%23199!/:?] {re:mixin,pl:accesstransformer:B,re:classloading,pl:accesstransformer:B,pl:mixin:APP:ponder-common.mixins.json:accessor.MinecraftServerAccessor from mod ponder,pl:mixin:APP:kubejs.mixins.json:MinecraftServerMixin from mod kubejs,pl:mixin:A}
	at TRANSFORMER/minecraft@1.21.1/net.minecraft.server.MinecraftServer.pollTask(MinecraftServer.java:858) ~[neoforge-21.1.219.jar%23199!/:?] {re:mixin,pl:accesstransformer:B,re:classloading,pl:accesstransformer:B,pl:mixin:APP:ponder-common.mixins.json:accessor.MinecraftServerAccessor from mod ponder,pl:mixin:APP:kubejs.mixins.json:MinecraftServerMixin from mod kubejs,pl:mixin:A}
	at TRANSFORMER/minecraft@1.21.1/net.minecraft.util.thread.BlockableEventLoop.managedBlock(BlockableEventLoop.java:135) ~[neoforge-21.1.219.jar%23199!/:?] {re:mixin,pl:accesstransformer:B,re:computing_frames,pl:accesstransformer:B,re:classloading,pl:accesstransformer:B}
	at TRANSFORMER/minecraft@1.21.1/net.minecraft.server.MinecraftServer.managedBlock(MinecraftServer.java:830) ~[neoforge-21.1.219.jar%23199!/:?] {re:mixin,pl:accesstransformer:B,re:classloading,pl:accesstransformer:B,pl:mixin:APP:ponder-common.mixins.json:accessor.MinecraftServerAccessor from mod ponder,pl:mixin:APP:kubejs.mixins.json:MinecraftServerMixin from mod kubejs,pl:mixin:A}
	at TRANSFORMER/minecraft@1.21.1/net.minecraft.server.MinecraftServer.waitUntilNextTick(MinecraftServer.java:835) ~[neoforge-21.1.219.jar%23199!/:?] {re:mixin,pl:accesstransformer:B,re:classloading,pl:accesstransformer:B,pl:mixin:APP:ponder-common.mixins.json:accessor.MinecraftServerAccessor from mod ponder,pl:mixin:APP:kubejs.mixins.json:MinecraftServerMixin from mod kubejs,pl:mixin:A}
	at TRANSFORMER/minecraft@1.21.1/net.minecraft.server.MinecraftServer.prepareLevels(MinecraftServer.java:506) ~[neoforge-21.1.219.jar%23199!/:?] {re:mixin,pl:accesstransformer:B,re:classloading,pl:accesstransformer:B,pl:mixin:APP:ponder-common.mixins.json:accessor.MinecraftServerAccessor from mod ponder,pl:mixin:APP:kubejs.mixins.json:MinecraftServerMixin from mod kubejs,pl:mixin:A}
	at TRANSFORMER/minecraft@1.21.1/net.minecraft.server.MinecraftServer.loadLevel(MinecraftServer.java:339) ~[neoforge-21.1.219.jar%23199!/:?] {re:mixin,pl:accesstransformer:B,re:classloading,pl:accesstransformer:B,pl:mixin:APP:ponder-common.mixins.json:accessor.MinecraftServerAccessor from mod ponder,pl:mixin:APP:kubejs.mixins.json:MinecraftServerMixin from mod kubejs,pl:mixin:A}
	at TRANSFORMER/minecraft@1.21.1/net.minecraft.client.server.IntegratedServer.initServer(IntegratedServer.java:77) ~[neoforge-21.1.219.jar%23199!/:?] {re:classloading,pl:runtimedistcleaner:A}
	at TRANSFORMER/minecraft@1.21.1/net.minecraft.server.MinecraftServer.runServer(MinecraftServer.java:676) ~[neoforge-21.1.219.jar%23199!/:?] {re:mixin,pl:accesstransformer:B,re:classloading,pl:accesstransformer:B,pl:mixin:APP:ponder-common.mixins.json:accessor.MinecraftServerAccessor from mod ponder,pl:mixin:APP:kubejs.mixins.json:MinecraftServerMixin from mod kubejs,pl:mixin:A}
	at TRANSFORMER/minecraft@1.21.1/net.minecraft.server.MinecraftServer.lambda$spin$2(MinecraftServer.java:267) ~[neoforge-21.1.219.jar%23199!/:?] {re:mixin,pl:accesstransformer:B,re:classloading,pl:accesstransformer:B,pl:mixin:APP:ponder-common.mixins.json:accessor.MinecraftServerAccessor from mod ponder,pl:mixin:APP:kubejs.mixins.json:MinecraftServerMixin from mod kubejs,pl:mixin:A}
	at java.base/java.lang.Thread.run(Thread.java:1583) [?:?] {re:mixin}
[04:00:47] [Server thread/WARN] [minecraft/BlockEntity]: Skipping BlockEntity with id poopsky:toilet_block_entity
[04:00:47] [Server thread/ERROR] [minecraft/BlockEntity]: Failed to create block entity poopsky:toilet_block_entity
java.lang.IllegalStateException: Invalid block entity poopsky:toilet_block_entity // com.altnoir.poopsky.block.entity.ToiletBlockEntity state at BlockPos{x=-64, y=80, z=-3}, got Block{minecraft:air}
	at TRANSFORMER/minecraft@1.21.1/net.minecraft.world.level.block.entity.BlockEntity.validateBlockState(BlockEntity.java:52) ~[neoforge-21.1.219.jar%23199!/:?] {re:mixin,re:computing_frames,re:classloading,pl:mixin:APP:flywheel.impl.mixins.json:visualmanage.BlockEntityMixin from mod flywheel,pl:mixin:A}
	at TRANSFORMER/minecraft@1.21.1/net.minecraft.world.level.block.entity.BlockEntity.<init>(BlockEntity.java:46) ~[neoforge-21.1.219.jar%23199!/:?] {re:mixin,re:computing_frames,re:classloading,pl:mixin:APP:flywheel.impl.mixins.json:visualmanage.BlockEntityMixin from mod flywheel,pl:mixin:A}
	at TRANSFORMER/poopsky@1.21.1-1.5-dev/com.altnoir.poopsky.block.entity.ToiletBlockEntity.<init>(ToiletBlockEntity.java:41) ~[%23211!/:?] {re:classloading}
	at TRANSFORMER/minecraft@1.21.1/net.minecraft.world.level.block.entity.BlockEntityType.create(BlockEntityType.java:298) ~[neoforge-21.1.219.jar%23199!/:?] {re:mixin,pl:accesstransformer:B,re:classloading,pl:accesstransformer:B,pl:mixin:APP:flywheel.impl.mixins.json:BlockEntityTypeMixin from mod flywheel,pl:mixin:APP:neoforge.mixins.json:BlockEntityTypeAccessor from mod neoforge,pl:mixin:A}
	at TRANSFORMER/minecraft@1.21.1/net.minecraft.world.level.block.entity.BlockEntity.lambda$loadStatic$4(BlockEntity.java:171) ~[neoforge-21.1.219.jar%23199!/:?] {re:mixin,re:computing_frames,re:classloading,pl:mixin:APP:flywheel.impl.mixins.json:visualmanage.BlockEntityMixin from mod flywheel,pl:mixin:A}
	at java.base/java.util.Optional.map(Optional.java:260) ~[?:?] {re:computing_frames,re:mixin}
	at TRANSFORMER/minecraft@1.21.1/net.minecraft.world.level.block.entity.BlockEntity.loadStatic(BlockEntity.java:169) ~[neoforge-21.1.219.jar%23199!/:?] {re:mixin,re:computing_frames,re:classloading,pl:mixin:APP:flywheel.impl.mixins.json:visualmanage.BlockEntityMixin from mod flywheel,pl:mixin:A}
	at TRANSFORMER/minecraft@1.21.1/net.minecraft.world.level.chunk.storage.ChunkSerializer.lambda$postLoadChunk$10(ChunkSerializer.java:440) ~[neoforge-21.1.219.jar%23199!/:?] {re:classloading}
	at TRANSFORMER/minecraft@1.21.1/net.minecraft.world.level.chunk.LevelChunk.runPostLoad(LevelChunk.java:480) ~[neoforge-21.1.219.jar%23199!/:?] {re:mixin,re:classloading,pl:mixin:APP:flywheel.impl.mixins.json:visualmanage.LevelChunkMixin from mod flywheel,pl:mixin:A}
	at TRANSFORMER/minecraft@1.21.1/net.minecraft.world.level.chunk.status.ChunkStatusTasks.lambda$full$2(ChunkStatusTasks.java:206) ~[neoforge-21.1.219.jar%23199!/:?] {re:classloading}
	at java.base/java.util.concurrent.CompletableFuture$AsyncSupply.run(CompletableFuture.java:1768) ~[?:?] {}
	at TRANSFORMER/minecraft@1.21.1/net.minecraft.server.level.ChunkTaskPriorityQueueSorter.lambda$message$1(ChunkTaskPriorityQueueSorter.java:50) ~[neoforge-21.1.219.jar%23199!/:?] {re:classloading}
	at TRANSFORMER/minecraft@1.21.1/net.minecraft.util.thread.BlockableEventLoop.doRunTask(BlockableEventLoop.java:151) ~[neoforge-21.1.219.jar%23199!/:?] {re:mixin,pl:accesstransformer:B,re:computing_frames,pl:accesstransformer:B,re:classloading,pl:accesstransformer:B}
	at TRANSFORMER/minecraft@1.21.1/net.minecraft.server.level.ServerChunkCache$MainThreadExecutor.doRunTask(ServerChunkCache.java:565) ~[neoforge-21.1.219.jar%23199!/:?] {re:classloading}
	at TRANSFORMER/minecraft@1.21.1/net.minecraft.util.thread.BlockableEventLoop.pollTask(BlockableEventLoop.java:122) ~[neoforge-21.1.219.jar%23199!/:?] {re:mixin,pl:accesstransformer:B,re:computing_frames,pl:accesstransformer:B,re:classloading,pl:accesstransformer:B}
	at TRANSFORMER/minecraft@1.21.1/net.minecraft.server.level.ServerChunkCache$MainThreadExecutor.pollTask(ServerChunkCache.java:574) ~[neoforge-21.1.219.jar%23199!/:?] {re:classloading}
	at TRANSFORMER/minecraft@1.21.1/net.minecraft.server.level.ServerChunkCache.pollTask(ServerChunkCache.java:278) ~[neoforge-21.1.219.jar%23199!/:?] {re:classloading,pl:accesstransformer:B}
	at TRANSFORMER/minecraft@1.21.1/net.minecraft.server.MinecraftServer.pollTaskInternal(MinecraftServer.java:869) ~[neoforge-21.1.219.jar%23199!/:?] {re:mixin,pl:accesstransformer:B,re:classloading,pl:accesstransformer:B,pl:mixin:APP:ponder-common.mixins.json:accessor.MinecraftServerAccessor from mod ponder,pl:mixin:APP:kubejs.mixins.json:MinecraftServerMixin from mod kubejs,pl:mixin:A}
	at TRANSFORMER/minecraft@1.21.1/net.minecraft.server.MinecraftServer.pollTask(MinecraftServer.java:858) ~[neoforge-21.1.219.jar%23199!/:?] {re:mixin,pl:accesstransformer:B,re:classloading,pl:accesstransformer:B,pl:mixin:APP:ponder-common.mixins.json:accessor.MinecraftServerAccessor from mod ponder,pl:mixin:APP:kubejs.mixins.json:MinecraftServerMixin from mod kubejs,pl:mixin:A}
	at TRANSFORMER/minecraft@1.21.1/net.minecraft.util.thread.BlockableEventLoop.managedBlock(BlockableEventLoop.java:135) ~[neoforge-21.1.219.jar%23199!/:?] {re:mixin,pl:accesstransformer:B,re:computing_frames,pl:accesstransformer:B,re:classloading,pl:accesstransformer:B}
	at TRANSFORMER/minecraft@1.21.1/net.minecraft.server.MinecraftServer.managedBlock(MinecraftServer.java:830) ~[neoforge-21.1.219.jar%23199!/:?] {re:mixin,pl:accesstransformer:B,re:classloading,pl:accesstransformer:B,pl:mixin:APP:ponder-common.mixins.json:accessor.MinecraftServerAccessor from mod ponder,pl:mixin:APP:kubejs.mixins.json:MinecraftServerMixin from mod kubejs,pl:mixin:A}
	at TRANSFORMER/minecraft@1.21.1/net.minecraft.server.MinecraftServer.waitUntilNextTick(MinecraftServer.java:835) ~[neoforge-21.1.219.jar%23199!/:?] {re:mixin,pl:accesstransformer:B,re:classloading,pl:accesstransformer:B,pl:mixin:APP:ponder-common.mixins.json:accessor.MinecraftServerAccessor from mod ponder,pl:mixin:APP:kubejs.mixins.json:MinecraftServerMixin from mod kubejs,pl:mixin:A}
	at TRANSFORMER/minecraft@1.21.1/net.minecraft.server.MinecraftServer.prepareLevels(MinecraftServer.java:506) ~[neoforge-21.1.219.jar%23199!/:?] {re:mixin,pl:accesstransformer:B,re:classloading,pl:accesstransformer:B,pl:mixin:APP:ponder-common.mixins.json:accessor.MinecraftServerAccessor from mod ponder,pl:mixin:APP:kubejs.mixins.json:MinecraftServerMixin from mod kubejs,pl:mixin:A}
	at TRANSFORMER/minecraft@1.21.1/net.minecraft.server.MinecraftServer.loadLevel(MinecraftServer.java:339) ~[neoforge-21.1.219.jar%23199!/:?] {re:mixin,pl:accesstransformer:B,re:classloading,pl:accesstransformer:B,pl:mixin:APP:ponder-common.mixins.json:accessor.MinecraftServerAccessor from mod ponder,pl:mixin:APP:kubejs.mixins.json:MinecraftServerMixin from mod kubejs,pl:mixin:A}
	at TRANSFORMER/minecraft@1.21.1/net.minecraft.client.server.IntegratedServer.initServer(IntegratedServer.java:77) ~[neoforge-21.1.219.jar%23199!/:?] {re:classloading,pl:runtimedistcleaner:A}
	at TRANSFORMER/minecraft@1.21.1/net.minecraft.server.MinecraftServer.runServer(MinecraftServer.java:676) ~[neoforge-21.1.219.jar%23199!/:?] {re:mixin,pl:accesstransformer:B,re:classloading,pl:accesstransformer:B,pl:mixin:APP:ponder-common.mixins.json:accessor.MinecraftServerAccessor from mod ponder,pl:mixin:APP:kubejs.mixins.json:MinecraftServerMixin from mod kubejs,pl:mixin:A}
	at TRANSFORMER/minecraft@1.21.1/net.minecraft.server.MinecraftServer.lambda$spin$2(MinecraftServer.java:267) ~[neoforge-21.1.219.jar%23199!/:?] {re:mixin,pl:accesstransformer:B,re:classloading,pl:accesstransformer:B,pl:mixin:APP:ponder-common.mixins.json:accessor.MinecraftServerAccessor from mod ponder,pl:mixin:APP:kubejs.mixins.json:MinecraftServerMixin from mod kubejs,pl:mixin:A}
	at java.base/java.lang.Thread.run(Thread.java:1583) [?:?] {re:mixin}
[04:00:47] [Server thread/WARN] [minecraft/BlockEntity]: Skipping BlockEntity with id poopsky:toilet_block_entity
[04:00:47] [Server thread/ERROR] [minecraft/BlockEntity]: Failed to create block entity poopsky:toilet_block_entity
java.lang.IllegalStateException: Invalid block entity poopsky:toilet_block_entity // com.altnoir.poopsky.block.entity.ToiletBlockEntity state at BlockPos{x=-13, y=66, z=-31}, got Block{minecraft:air}
	at TRANSFORMER/minecraft@1.21.1/net.minecraft.world.level.block.entity.BlockEntity.validateBlockState(BlockEntity.java:52) ~[neoforge-21.1.219.jar%23199!/:?] {re:mixin,re:computing_frames,re:classloading,pl:mixin:APP:flywheel.impl.mixins.json:visualmanage.BlockEntityMixin from mod flywheel,pl:mixin:A}
	at TRANSFORMER/minecraft@1.21.1/net.minecraft.world.level.block.entity.BlockEntity.<init>(BlockEntity.java:46) ~[neoforge-21.1.219.jar%23199!/:?] {re:mixin,re:computing_frames,re:classloading,pl:mixin:APP:flywheel.impl.mixins.json:visualmanage.BlockEntityMixin from mod flywheel,pl:mixin:A}
	at TRANSFORMER/poopsky@1.21.1-1.5-dev/com.altnoir.poopsky.block.entity.ToiletBlockEntity.<init>(ToiletBlockEntity.java:41) ~[%23211!/:?] {re:classloading}
	at TRANSFORMER/minecraft@1.21.1/net.minecraft.world.level.block.entity.BlockEntityType.create(BlockEntityType.java:298) ~[neoforge-21.1.219.jar%23199!/:?] {re:mixin,pl:accesstransformer:B,re:classloading,pl:accesstransformer:B,pl:mixin:APP:flywheel.impl.mixins.json:BlockEntityTypeMixin from mod flywheel,pl:mixin:APP:neoforge.mixins.json:BlockEntityTypeAccessor from mod neoforge,pl:mixin:A}
	at TRANSFORMER/minecraft@1.21.1/net.minecraft.world.level.block.entity.BlockEntity.lambda$loadStatic$4(BlockEntity.java:171) ~[neoforge-21.1.219.jar%23199!/:?] {re:mixin,re:computing_frames,re:classloading,pl:mixin:APP:flywheel.impl.mixins.json:visualmanage.BlockEntityMixin from mod flywheel,pl:mixin:A}
	at java.base/java.util.Optional.map(Optional.java:260) ~[?:?] {re:computing_frames,re:mixin}
	at TRANSFORMER/minecraft@1.21.1/net.minecraft.world.level.block.entity.BlockEntity.loadStatic(BlockEntity.java:169) ~[neoforge-21.1.219.jar%23199!/:?] {re:mixin,re:computing_frames,re:classloading,pl:mixin:APP:flywheel.impl.mixins.json:visualmanage.BlockEntityMixin from mod flywheel,pl:mixin:A}
	at TRANSFORMER/minecraft@1.21.1/net.minecraft.world.level.chunk.storage.ChunkSerializer.lambda$postLoadChunk$10(ChunkSerializer.java:440) ~[neoforge-21.1.219.jar%23199!/:?] {re:classloading}
	at TRANSFORMER/minecraft@1.21.1/net.minecraft.world.level.chunk.LevelChunk.runPostLoad(LevelChunk.java:480) ~[neoforge-21.1.219.jar%23199!/:?] {re:mixin,re:classloading,pl:mixin:APP:flywheel.impl.mixins.json:visualmanage.LevelChunkMixin from mod flywheel,pl:mixin:A}
	at TRANSFORMER/minecraft@1.21.1/net.minecraft.world.level.chunk.status.ChunkStatusTasks.lambda$full$2(ChunkStatusTasks.java:206) ~[neoforge-21.1.219.jar%23199!/:?] {re:classloading}
	at java.base/java.util.concurrent.CompletableFuture$AsyncSupply.run(CompletableFuture.java:1768) ~[?:?] {}
	at TRANSFORMER/minecraft@1.21.1/net.minecraft.server.level.ChunkTaskPriorityQueueSorter.lambda$message$1(ChunkTaskPriorityQueueSorter.java:50) ~[neoforge-21.1.219.jar%23199!/:?] {re:classloading}
	at TRANSFORMER/minecraft@1.21.1/net.minecraft.util.thread.BlockableEventLoop.doRunTask(BlockableEventLoop.java:151) ~[neoforge-21.1.219.jar%23199!/:?] {re:mixin,pl:accesstransformer:B,re:computing_frames,pl:accesstransformer:B,re:classloading,pl:accesstransformer:B}
	at TRANSFORMER/minecraft@1.21.1/net.minecraft.server.level.ServerChunkCache$MainThreadExecutor.doRunTask(ServerChunkCache.java:565) ~[neoforge-21.1.219.jar%23199!/:?] {re:classloading}
	at TRANSFORMER/minecraft@1.21.1/net.minecraft.util.thread.BlockableEventLoop.pollTask(BlockableEventLoop.java:122) ~[neoforge-21.1.219.jar%23199!/:?] {re:mixin,pl:accesstransformer:B,re:computing_frames,pl:accesstransformer:B,re:classloading,pl:accesstransformer:B}
	at TRANSFORMER/minecraft@1.21.1/net.minecraft.server.level.ServerChunkCache$MainThreadExecutor.pollTask(ServerChunkCache.java:574) ~[neoforge-21.1.219.jar%23199!/:?] {re:classloading}
	at TRANSFORMER/minecraft@1.21.1/net.minecraft.server.level.ServerChunkCache.pollTask(ServerChunkCache.java:278) ~[neoforge-21.1.219.jar%23199!/:?] {re:classloading,pl:accesstransformer:B}
	at TRANSFORMER/minecraft@1.21.1/net.minecraft.server.MinecraftServer.pollTaskInternal(MinecraftServer.java:869) ~[neoforge-21.1.219.jar%23199!/:?] {re:mixin,pl:accesstransformer:B,re:classloading,pl:accesstransformer:B,pl:mixin:APP:ponder-common.mixins.json:accessor.MinecraftServerAccessor from mod ponder,pl:mixin:APP:kubejs.mixins.json:MinecraftServerMixin from mod kubejs,pl:mixin:A}
	at TRANSFORMER/minecraft@1.21.1/net.minecraft.server.MinecraftServer.pollTask(MinecraftServer.java:858) ~[neoforge-21.1.219.jar%23199!/:?] {re:mixin,pl:accesstransformer:B,re:classloading,pl:accesstransformer:B,pl:mixin:APP:ponder-common.mixins.json:accessor.MinecraftServerAccessor from mod ponder,pl:mixin:APP:kubejs.mixins.json:MinecraftServerMixin from mod kubejs,pl:mixin:A}
	at TRANSFORMER/minecraft@1.21.1/net.minecraft.util.thread.BlockableEventLoop.managedBlock(BlockableEventLoop.java:135) ~[neoforge-21.1.219.jar%23199!/:?] {re:mixin,pl:accesstransformer:B,re:computing_frames,pl:accesstransformer:B,re:classloading,pl:accesstransformer:B}
	at TRANSFORMER/minecraft@1.21.1/net.minecraft.server.MinecraftServer.managedBlock(MinecraftServer.java:830) ~[neoforge-21.1.219.jar%23199!/:?] {re:mixin,pl:accesstransformer:B,re:classloading,pl:accesstransformer:B,pl:mixin:APP:ponder-common.mixins.json:accessor.MinecraftServerAccessor from mod ponder,pl:mixin:APP:kubejs.mixins.json:MinecraftServerMixin from mod kubejs,pl:mixin:A}
	at TRANSFORMER/minecraft@1.21.1/net.minecraft.server.MinecraftServer.waitUntilNextTick(MinecraftServer.java:835) ~[neoforge-21.1.219.jar%23199!/:?] {re:mixin,pl:accesstransformer:B,re:classloading,pl:accesstransformer:B,pl:mixin:APP:ponder-common.mixins.json:accessor.MinecraftServerAccessor from mod ponder,pl:mixin:APP:kubejs.mixins.json:MinecraftServerMixin from mod kubejs,pl:mixin:A}
	at TRANSFORMER/minecraft@1.21.1/net.minecraft.server.MinecraftServer.prepareLevels(MinecraftServer.java:506) ~[neoforge-21.1.219.jar%23199!/:?] {re:mixin,pl:accesstransformer:B,re:classloading,pl:accesstransformer:B,pl:mixin:APP:ponder-common.mixins.json:accessor.MinecraftServerAccessor from mod ponder,pl:mixin:APP:kubejs.mixins.json:MinecraftServerMixin from mod kubejs,pl:mixin:A}
	at TRANSFORMER/minecraft@1.21.1/net.minecraft.server.MinecraftServer.loadLevel(MinecraftServer.java:339) ~[neoforge-21.1.219.jar%23199!/:?] {re:mixin,pl:accesstransformer:B,re:classloading,pl:accesstransformer:B,pl:mixin:APP:ponder-common.mixins.json:accessor.MinecraftServerAccessor from mod ponder,pl:mixin:APP:kubejs.mixins.json:MinecraftServerMixin from mod kubejs,pl:mixin:A}
	at TRANSFORMER/minecraft@1.21.1/net.minecraft.client.server.IntegratedServer.initServer(IntegratedServer.java:77) ~[neoforge-21.1.219.jar%23199!/:?] {re:classloading,pl:runtimedistcleaner:A}
	at TRANSFORMER/minecraft@1.21.1/net.minecraft.server.MinecraftServer.runServer(MinecraftServer.java:676) ~[neoforge-21.1.219.jar%23199!/:?] {re:mixin,pl:accesstransformer:B,re:classloading,pl:accesstransformer:B,pl:mixin:APP:ponder-common.mixins.json:accessor.MinecraftServerAccessor from mod ponder,pl:mixin:APP:kubejs.mixins.json:MinecraftServerMixin from mod kubejs,pl:mixin:A}
	at TRANSFORMER/minecraft@1.21.1/net.minecraft.server.MinecraftServer.lambda$spin$2(MinecraftServer.java:267) ~[neoforge-21.1.219.jar%23199!/:?] {re:mixin,pl:accesstransformer:B,re:classloading,pl:accesstransformer:B,pl:mixin:APP:ponder-common.mixins.json:accessor.MinecraftServerAccessor from mod ponder,pl:mixin:APP:kubejs.mixins.json:MinecraftServerMixin from mod kubejs,pl:mixin:A}
	at java.base/java.lang.Thread.run(Thread.java:1583) [?:?] {re:mixin}
[04:00:47] [Server thread/WARN] [minecraft/BlockEntity]: Skipping BlockEntity with id poopsky:toilet_block_entity
[04:00:47] [Server thread/ERROR] [minecraft/BlockEntity]: Failed to create block entity poopsky:toilet_block_entity
java.lang.IllegalStateException: Invalid block entity poopsky:toilet_block_entity // com.altnoir.poopsky.block.entity.ToiletBlockEntity state at BlockPos{x=-14, y=66, z=-31}, got Block{minecraft:air}
	at TRANSFORMER/minecraft@1.21.1/net.minecraft.world.level.block.entity.BlockEntity.validateBlockState(BlockEntity.java:52) ~[neoforge-21.1.219.jar%23199!/:?] {re:mixin,re:computing_frames,re:classloading,pl:mixin:APP:flywheel.impl.mixins.json:visualmanage.BlockEntityMixin from mod flywheel,pl:mixin:A}
	at TRANSFORMER/minecraft@1.21.1/net.minecraft.world.level.block.entity.BlockEntity.<init>(BlockEntity.java:46) ~[neoforge-21.1.219.jar%23199!/:?] {re:mixin,re:computing_frames,re:classloading,pl:mixin:APP:flywheel.impl.mixins.json:visualmanage.BlockEntityMixin from mod flywheel,pl:mixin:A}
	at TRANSFORMER/poopsky@1.21.1-1.5-dev/com.altnoir.poopsky.block.entity.ToiletBlockEntity.<init>(ToiletBlockEntity.java:41) ~[%23211!/:?] {re:classloading}
	at TRANSFORMER/minecraft@1.21.1/net.minecraft.world.level.block.entity.BlockEntityType.create(BlockEntityType.java:298) ~[neoforge-21.1.219.jar%23199!/:?] {re:mixin,pl:accesstransformer:B,re:classloading,pl:accesstransformer:B,pl:mixin:APP:flywheel.impl.mixins.json:BlockEntityTypeMixin from mod flywheel,pl:mixin:APP:neoforge.mixins.json:BlockEntityTypeAccessor from mod neoforge,pl:mixin:A}
	at TRANSFORMER/minecraft@1.21.1/net.minecraft.world.level.block.entity.BlockEntity.lambda$loadStatic$4(BlockEntity.java:171) ~[neoforge-21.1.219.jar%23199!/:?] {re:mixin,re:computing_frames,re:classloading,pl:mixin:APP:flywheel.impl.mixins.json:visualmanage.BlockEntityMixin from mod flywheel,pl:mixin:A}
	at java.base/java.util.Optional.map(Optional.java:260) ~[?:?] {re:computing_frames,re:mixin}
	at TRANSFORMER/minecraft@1.21.1/net.minecraft.world.level.block.entity.BlockEntity.loadStatic(BlockEntity.java:169) ~[neoforge-21.1.219.jar%23199!/:?] {re:mixin,re:computing_frames,re:classloading,pl:mixin:APP:flywheel.impl.mixins.json:visualmanage.BlockEntityMixin from mod flywheel,pl:mixin:A}
	at TRANSFORMER/minecraft@1.21.1/net.minecraft.world.level.chunk.storage.ChunkSerializer.lambda$postLoadChunk$10(ChunkSerializer.java:440) ~[neoforge-21.1.219.jar%23199!/:?] {re:classloading}
	at TRANSFORMER/minecraft@1.21.1/net.minecraft.world.level.chunk.LevelChunk.runPostLoad(LevelChunk.java:480) ~[neoforge-21.1.219.jar%23199!/:?] {re:mixin,re:classloading,pl:mixin:APP:flywheel.impl.mixins.json:visualmanage.LevelChunkMixin from mod flywheel,pl:mixin:A}
	at TRANSFORMER/minecraft@1.21.1/net.minecraft.world.level.chunk.status.ChunkStatusTasks.lambda$full$2(ChunkStatusTasks.java:206) ~[neoforge-21.1.219.jar%23199!/:?] {re:classloading}
	at java.base/java.util.concurrent.CompletableFuture$AsyncSupply.run(CompletableFuture.java:1768) ~[?:?] {}
	at TRANSFORMER/minecraft@1.21.1/net.minecraft.server.level.ChunkTaskPriorityQueueSorter.lambda$message$1(ChunkTaskPriorityQueueSorter.java:50) ~[neoforge-21.1.219.jar%23199!/:?] {re:classloading}
	at TRANSFORMER/minecraft@1.21.1/net.minecraft.util.thread.BlockableEventLoop.doRunTask(BlockableEventLoop.java:151) ~[neoforge-21.1.219.jar%23199!/:?] {re:mixin,pl:accesstransformer:B,re:computing_frames,pl:accesstransformer:B,re:classloading,pl:accesstransformer:B}
	at TRANSFORMER/minecraft@1.21.1/net.minecraft.server.level.ServerChunkCache$MainThreadExecutor.doRunTask(ServerChunkCache.java:565) ~[neoforge-21.1.219.jar%23199!/:?] {re:classloading}
	at TRANSFORMER/minecraft@1.21.1/net.minecraft.util.thread.BlockableEventLoop.pollTask(BlockableEventLoop.java:122) ~[neoforge-21.1.219.jar%23199!/:?] {re:mixin,pl:accesstransformer:B,re:computing_frames,pl:accesstransformer:B,re:classloading,pl:accesstransformer:B}
	at TRANSFORMER/minecraft@1.21.1/net.minecraft.server.level.ServerChunkCache$MainThreadExecutor.pollTask(ServerChunkCache.java:574) ~[neoforge-21.1.219.jar%23199!/:?] {re:classloading}
	at TRANSFORMER/minecraft@1.21.1/net.minecraft.server.level.ServerChunkCache.pollTask(ServerChunkCache.java:278) ~[neoforge-21.1.219.jar%23199!/:?] {re:classloading,pl:accesstransformer:B}
	at TRANSFORMER/minecraft@1.21.1/net.minecraft.server.MinecraftServer.pollTaskInternal(MinecraftServer.java:869) ~[neoforge-21.1.219.jar%23199!/:?] {re:mixin,pl:accesstransformer:B,re:classloading,pl:accesstransformer:B,pl:mixin:APP:ponder-common.mixins.json:accessor.MinecraftServerAccessor from mod ponder,pl:mixin:APP:kubejs.mixins.json:MinecraftServerMixin from mod kubejs,pl:mixin:A}
	at TRANSFORMER/minecraft@1.21.1/net.minecraft.server.MinecraftServer.pollTask(MinecraftServer.java:858) ~[neoforge-21.1.219.jar%23199!/:?] {re:mixin,pl:accesstransformer:B,re:classloading,pl:accesstransformer:B,pl:mixin:APP:ponder-common.mixins.json:accessor.MinecraftServerAccessor from mod ponder,pl:mixin:APP:kubejs.mixins.json:MinecraftServerMixin from mod kubejs,pl:mixin:A}
	at TRANSFORMER/minecraft@1.21.1/net.minecraft.util.thread.BlockableEventLoop.managedBlock(BlockableEventLoop.java:135) ~[neoforge-21.1.219.jar%23199!/:?] {re:mixin,pl:accesstransformer:B,re:computing_frames,pl:accesstransformer:B,re:classloading,pl:accesstransformer:B}
	at TRANSFORMER/minecraft@1.21.1/net.minecraft.server.MinecraftServer.managedBlock(MinecraftServer.java:830) ~[neoforge-21.1.219.jar%23199!/:?] {re:mixin,pl:accesstransformer:B,re:classloading,pl:accesstransformer:B,pl:mixin:APP:ponder-common.mixins.json:accessor.MinecraftServerAccessor from mod ponder,pl:mixin:APP:kubejs.mixins.json:MinecraftServerMixin from mod kubejs,pl:mixin:A}
	at TRANSFORMER/minecraft@1.21.1/net.minecraft.server.MinecraftServer.waitUntilNextTick(MinecraftServer.java:835) ~[neoforge-21.1.219.jar%23199!/:?] {re:mixin,pl:accesstransformer:B,re:classloading,pl:accesstransformer:B,pl:mixin:APP:ponder-common.mixins.json:accessor.MinecraftServerAccessor from mod ponder,pl:mixin:APP:kubejs.mixins.json:MinecraftServerMixin from mod kubejs,pl:mixin:A}
	at TRANSFORMER/minecraft@1.21.1/net.minecraft.server.MinecraftServer.prepareLevels(MinecraftServer.java:506) ~[neoforge-21.1.219.jar%23199!/:?] {re:mixin,pl:accesstransformer:B,re:classloading,pl:accesstransformer:B,pl:mixin:APP:ponder-common.mixins.json:accessor.MinecraftServerAccessor from mod ponder,pl:mixin:APP:kubejs.mixins.json:MinecraftServerMixin from mod kubejs,pl:mixin:A}
	at TRANSFORMER/minecraft@1.21.1/net.minecraft.server.MinecraftServer.loadLevel(MinecraftServer.java:339) ~[neoforge-21.1.219.jar%23199!/:?] {re:mixin,pl:accesstransformer:B,re:classloading,pl:accesstransformer:B,pl:mixin:APP:ponder-common.mixins.json:accessor.MinecraftServerAccessor from mod ponder,pl:mixin:APP:kubejs.mixins.json:MinecraftServerMixin from mod kubejs,pl:mixin:A}
	at TRANSFORMER/minecraft@1.21.1/net.minecraft.client.server.IntegratedServer.initServer(IntegratedServer.java:77) ~[neoforge-21.1.219.jar%23199!/:?] {re:classloading,pl:runtimedistcleaner:A}
	at TRANSFORMER/minecraft@1.21.1/net.minecraft.server.MinecraftServer.runServer(MinecraftServer.java:676) ~[neoforge-21.1.219.jar%23199!/:?] {re:mixin,pl:accesstransformer:B,re:classloading,pl:accesstransformer:B,pl:mixin:APP:ponder-common.mixins.json:accessor.MinecraftServerAccessor from mod ponder,pl:mixin:APP:kubejs.mixins.json:MinecraftServerMixin from mod kubejs,pl:mixin:A}
	at TRANSFORMER/minecraft@1.21.1/net.minecraft.server.MinecraftServer.lambda$spin$2(MinecraftServer.java:267) ~[neoforge-21.1.219.jar%23199!/:?] {re:mixin,pl:accesstransformer:B,re:classloading,pl:accesstransformer:B,pl:mixin:APP:ponder-common.mixins.json:accessor.MinecraftServerAccessor from mod ponder,pl:mixin:APP:kubejs.mixins.json:MinecraftServerMixin from mod kubejs,pl:mixin:A}
	at java.base/java.lang.Thread.run(Thread.java:1583) [?:?] {re:mixin}
[04:00:47] [Server thread/WARN] [minecraft/BlockEntity]: Skipping BlockEntity with id poopsky:toilet_block_entity
[04:00:47] [Server thread/ERROR] [minecraft/BlockEntity]: Failed to create block entity poopsky:toilet_block_entity
java.lang.IllegalStateException: Invalid block entity poopsky:toilet_block_entity // com.altnoir.poopsky.block.entity.ToiletBlockEntity state at BlockPos{x=-15, y=66, z=-31}, got Block{minecraft:air}
	at TRANSFORMER/minecraft@1.21.1/net.minecraft.world.level.block.entity.BlockEntity.validateBlockState(BlockEntity.java:52) ~[neoforge-21.1.219.jar%23199!/:?] {re:mixin,re:computing_frames,re:classloading,pl:mixin:APP:flywheel.impl.mixins.json:visualmanage.BlockEntityMixin from mod flywheel,pl:mixin:A}
	at TRANSFORMER/minecraft@1.21.1/net.minecraft.world.level.block.entity.BlockEntity.<init>(BlockEntity.java:46) ~[neoforge-21.1.219.jar%23199!/:?] {re:mixin,re:computing_frames,re:classloading,pl:mixin:APP:flywheel.impl.mixins.json:visualmanage.BlockEntityMixin from mod flywheel,pl:mixin:A}
	at TRANSFORMER/poopsky@1.21.1-1.5-dev/com.altnoir.poopsky.block.entity.ToiletBlockEntity.<init>(ToiletBlockEntity.java:41) ~[%23211!/:?] {re:classloading}
	at TRANSFORMER/minecraft@1.21.1/net.minecraft.world.level.block.entity.BlockEntityType.create(BlockEntityType.java:298) ~[neoforge-21.1.219.jar%23199!/:?] {re:mixin,pl:accesstransformer:B,re:classloading,pl:accesstransformer:B,pl:mixin:APP:flywheel.impl.mixins.json:BlockEntityTypeMixin from mod flywheel,pl:mixin:APP:neoforge.mixins.json:BlockEntityTypeAccessor from mod neoforge,pl:mixin:A}
	at TRANSFORMER/minecraft@1.21.1/net.minecraft.world.level.block.entity.BlockEntity.lambda$loadStatic$4(BlockEntity.java:171) ~[neoforge-21.1.219.jar%23199!/:?] {re:mixin,re:computing_frames,re:classloading,pl:mixin:APP:flywheel.impl.mixins.json:visualmanage.BlockEntityMixin from mod flywheel,pl:mixin:A}
	at java.base/java.util.Optional.map(Optional.java:260) ~[?:?] {re:computing_frames,re:mixin}
	at TRANSFORMER/minecraft@1.21.1/net.minecraft.world.level.block.entity.BlockEntity.loadStatic(BlockEntity.java:169) ~[neoforge-21.1.219.jar%23199!/:?] {re:mixin,re:computing_frames,re:classloading,pl:mixin:APP:flywheel.impl.mixins.json:visualmanage.BlockEntityMixin from mod flywheel,pl:mixin:A}
	at TRANSFORMER/minecraft@1.21.1/net.minecraft.world.level.chunk.storage.ChunkSerializer.lambda$postLoadChunk$10(ChunkSerializer.java:440) ~[neoforge-21.1.219.jar%23199!/:?] {re:classloading}
	at TRANSFORMER/minecraft@1.21.1/net.minecraft.world.level.chunk.LevelChunk.runPostLoad(LevelChunk.java:480) ~[neoforge-21.1.219.jar%23199!/:?] {re:mixin,re:classloading,pl:mixin:APP:flywheel.impl.mixins.json:visualmanage.LevelChunkMixin from mod flywheel,pl:mixin:A}
	at TRANSFORMER/minecraft@1.21.1/net.minecraft.world.level.chunk.status.ChunkStatusTasks.lambda$full$2(ChunkStatusTasks.java:206) ~[neoforge-21.1.219.jar%23199!/:?] {re:classloading}
	at java.base/java.util.concurrent.CompletableFuture$AsyncSupply.run(CompletableFuture.java:1768) ~[?:?] {}
	at TRANSFORMER/minecraft@1.21.1/net.minecraft.server.level.ChunkTaskPriorityQueueSorter.lambda$message$1(ChunkTaskPriorityQueueSorter.java:50) ~[neoforge-21.1.219.jar%23199!/:?] {re:classloading}
	at TRANSFORMER/minecraft@1.21.1/net.minecraft.util.thread.BlockableEventLoop.doRunTask(BlockableEventLoop.java:151) ~[neoforge-21.1.219.jar%23199!/:?] {re:mixin,pl:accesstransformer:B,re:computing_frames,pl:accesstransformer:B,re:classloading,pl:accesstransformer:B}
	at TRANSFORMER/minecraft@1.21.1/net.minecraft.server.level.ServerChunkCache$MainThreadExecutor.doRunTask(ServerChunkCache.java:565) ~[neoforge-21.1.219.jar%23199!/:?] {re:classloading}
	at TRANSFORMER/minecraft@1.21.1/net.minecraft.util.thread.BlockableEventLoop.pollTask(BlockableEventLoop.java:122) ~[neoforge-21.1.219.jar%23199!/:?] {re:mixin,pl:accesstransformer:B,re:computing_frames,pl:accesstransformer:B,re:classloading,pl:accesstransformer:B}
	at TRANSFORMER/minecraft@1.21.1/net.minecraft.server.level.ServerChunkCache$MainThreadExecutor.pollTask(ServerChunkCache.java:574) ~[neoforge-21.1.219.jar%23199!/:?] {re:classloading}
	at TRANSFORMER/minecraft@1.21.1/net.minecraft.server.level.ServerChunkCache.pollTask(ServerChunkCache.java:278) ~[neoforge-21.1.219.jar%23199!/:?] {re:classloading,pl:accesstransformer:B}
	at TRANSFORMER/minecraft@1.21.1/net.minecraft.server.MinecraftServer.pollTaskInternal(MinecraftServer.java:869) ~[neoforge-21.1.219.jar%23199!/:?] {re:mixin,pl:accesstransformer:B,re:classloading,pl:accesstransformer:B,pl:mixin:APP:ponder-common.mixins.json:accessor.MinecraftServerAccessor from mod ponder,pl:mixin:APP:kubejs.mixins.json:MinecraftServerMixin from mod kubejs,pl:mixin:A}
	at TRANSFORMER/minecraft@1.21.1/net.minecraft.server.MinecraftServer.pollTask(MinecraftServer.java:858) ~[neoforge-21.1.219.jar%23199!/:?] {re:mixin,pl:accesstransformer:B,re:classloading,pl:accesstransformer:B,pl:mixin:APP:ponder-common.mixins.json:accessor.MinecraftServerAccessor from mod ponder,pl:mixin:APP:kubejs.mixins.json:MinecraftServerMixin from mod kubejs,pl:mixin:A}
	at TRANSFORMER/minecraft@1.21.1/net.minecraft.util.thread.BlockableEventLoop.managedBlock(BlockableEventLoop.java:135) ~[neoforge-21.1.219.jar%23199!/:?] {re:mixin,pl:accesstransformer:B,re:computing_frames,pl:accesstransformer:B,re:classloading,pl:accesstransformer:B}
	at TRANSFORMER/minecraft@1.21.1/net.minecraft.server.MinecraftServer.managedBlock(MinecraftServer.java:830) ~[neoforge-21.1.219.jar%23199!/:?] {re:mixin,pl:accesstransformer:B,re:classloading,pl:accesstransformer:B,pl:mixin:APP:ponder-common.mixins.json:accessor.MinecraftServerAccessor from mod ponder,pl:mixin:APP:kubejs.mixins.json:MinecraftServerMixin from mod kubejs,pl:mixin:A}
	at TRANSFORMER/minecraft@1.21.1/net.minecraft.server.MinecraftServer.waitUntilNextTick(MinecraftServer.java:835) ~[neoforge-21.1.219.jar%23199!/:?] {re:mixin,pl:accesstransformer:B,re:classloading,pl:accesstransformer:B,pl:mixin:APP:ponder-common.mixins.json:accessor.MinecraftServerAccessor from mod ponder,pl:mixin:APP:kubejs.mixins.json:MinecraftServerMixin from mod kubejs,pl:mixin:A}
	at TRANSFORMER/minecraft@1.21.1/net.minecraft.server.MinecraftServer.prepareLevels(MinecraftServer.java:506) ~[neoforge-21.1.219.jar%23199!/:?] {re:mixin,pl:accesstransformer:B,re:classloading,pl:accesstransformer:B,pl:mixin:APP:ponder-common.mixins.json:accessor.MinecraftServerAccessor from mod ponder,pl:mixin:APP:kubejs.mixins.json:MinecraftServerMixin from mod kubejs,pl:mixin:A}
	at TRANSFORMER/minecraft@1.21.1/net.minecraft.server.MinecraftServer.loadLevel(MinecraftServer.java:339) ~[neoforge-21.1.219.jar%23199!/:?] {re:mixin,pl:accesstransformer:B,re:classloading,pl:accesstransformer:B,pl:mixin:APP:ponder-common.mixins.json:accessor.MinecraftServerAccessor from mod ponder,pl:mixin:APP:kubejs.mixins.json:MinecraftServerMixin from mod kubejs,pl:mixin:A}
	at TRANSFORMER/minecraft@1.21.1/net.minecraft.client.server.IntegratedServer.initServer(IntegratedServer.java:77) ~[neoforge-21.1.219.jar%23199!/:?] {re:classloading,pl:runtimedistcleaner:A}
	at TRANSFORMER/minecraft@1.21.1/net.minecraft.server.MinecraftServer.runServer(MinecraftServer.java:676) ~[neoforge-21.1.219.jar%23199!/:?] {re:mixin,pl:accesstransformer:B,re:classloading,pl:accesstransformer:B,pl:mixin:APP:ponder-common.mixins.json:accessor.MinecraftServerAccessor from mod ponder,pl:mixin:APP:kubejs.mixins.json:MinecraftServerMixin from mod kubejs,pl:mixin:A}
	at TRANSFORMER/minecraft@1.21.1/net.minecraft.server.MinecraftServer.lambda$spin$2(MinecraftServer.java:267) ~[neoforge-21.1.219.jar%23199!/:?] {re:mixin,pl:accesstransformer:B,re:classloading,pl:accesstransformer:B,pl:mixin:APP:ponder-common.mixins.json:accessor.MinecraftServerAccessor from mod ponder,pl:mixin:APP:kubejs.mixins.json:MinecraftServerMixin from mod kubejs,pl:mixin:A}
	at java.base/java.lang.Thread.run(Thread.java:1583) [?:?] {re:mixin}
[04:00:47] [Server thread/WARN] [minecraft/BlockEntity]: Skipping BlockEntity with id poopsky:toilet_block_entity
[04:00:47] [entity-deserializer/DEBUG] [mixin/]: Mixing NodeEvaluatorBurningCacher from touhou_little_maid.mixins.json into net.minecraft.world.level.pathfinder.NodeEvaluator
[04:00:47] [entity-deserializer/DEBUG] [mixin/]: touhou_little_maid.mixins.json:NodeEvaluatorBurningCacher from mod touhou_little_maid: Class version 65 required is higher than the class version supported by the current version of Mixin (JAVA_17 supports class version 61)
[04:00:47] [entity-deserializer/DEBUG] [mixin/]: touhou_little_maid.mixins.json:NodeEvaluatorBurningCacher from mod touhou_little_maid->@Inject::isBurningBlock(Lnet/minecraft/world/level/block/state/BlockState;Lorg/spongepowered/asm/mixin/injection/callback/CallbackInfoReturnable;)V does use it's CallbackInfoReturnable
[04:00:47] [entity-deserializer/DEBUG] [mixin/]: touhou_little_maid.mixins.json:NodeEvaluatorBurningCacher from mod touhou_little_maid->@Inject::postIsBurningBlock(Lnet/minecraft/world/level/block/state/BlockState;Lorg/spongepowered/asm/mixin/injection/callback/CallbackInfoReturnable;)V does use it's CallbackInfoReturnable
[04:00:47] [Server thread/ERROR] [minecraft/BlockEntity]: Failed to create block entity poopsky:toilet_block_entity
java.lang.IllegalStateException: Invalid block entity poopsky:toilet_block_entity // com.altnoir.poopsky.block.entity.ToiletBlockEntity state at BlockPos{x=-65, y=80, z=-3}, got Block{minecraft:air}
	at TRANSFORMER/minecraft@1.21.1/net.minecraft.world.level.block.entity.BlockEntity.validateBlockState(BlockEntity.java:52) ~[neoforge-21.1.219.jar%23199!/:?] {re:mixin,re:computing_frames,re:classloading,pl:mixin:APP:flywheel.impl.mixins.json:visualmanage.BlockEntityMixin from mod flywheel,pl:mixin:A}
	at TRANSFORMER/minecraft@1.21.1/net.minecraft.world.level.block.entity.BlockEntity.<init>(BlockEntity.java:46) ~[neoforge-21.1.219.jar%23199!/:?] {re:mixin,re:computing_frames,re:classloading,pl:mixin:APP:flywheel.impl.mixins.json:visualmanage.BlockEntityMixin from mod flywheel,pl:mixin:A}
	at TRANSFORMER/poopsky@1.21.1-1.5-dev/com.altnoir.poopsky.block.entity.ToiletBlockEntity.<init>(ToiletBlockEntity.java:41) ~[%23211!/:?] {re:classloading}
	at TRANSFORMER/minecraft@1.21.1/net.minecraft.world.level.block.entity.BlockEntityType.create(BlockEntityType.java:298) ~[neoforge-21.1.219.jar%23199!/:?] {re:mixin,pl:accesstransformer:B,re:classloading,pl:accesstransformer:B,pl:mixin:APP:flywheel.impl.mixins.json:BlockEntityTypeMixin from mod flywheel,pl:mixin:APP:neoforge.mixins.json:BlockEntityTypeAccessor from mod neoforge,pl:mixin:A}
	at TRANSFORMER/minecraft@1.21.1/net.minecraft.world.level.block.entity.BlockEntity.lambda$loadStatic$4(BlockEntity.java:171) ~[neoforge-21.1.219.jar%23199!/:?] {re:mixin,re:computing_frames,re:classloading,pl:mixin:APP:flywheel.impl.mixins.json:visualmanage.BlockEntityMixin from mod flywheel,pl:mixin:A}
	at java.base/java.util.Optional.map(Optional.java:260) ~[?:?] {re:computing_frames,re:mixin}
	at TRANSFORMER/minecraft@1.21.1/net.minecraft.world.level.block.entity.BlockEntity.loadStatic(BlockEntity.java:169) ~[neoforge-21.1.219.jar%23199!/:?] {re:mixin,re:computing_frames,re:classloading,pl:mixin:APP:flywheel.impl.mixins.json:visualmanage.BlockEntityMixin from mod flywheel,pl:mixin:A}
	at TRANSFORMER/minecraft@1.21.1/net.minecraft.world.level.chunk.storage.ChunkSerializer.lambda$postLoadChunk$10(ChunkSerializer.java:440) ~[neoforge-21.1.219.jar%23199!/:?] {re:classloading}
	at TRANSFORMER/minecraft@1.21.1/net.minecraft.world.level.chunk.LevelChunk.runPostLoad(LevelChunk.java:480) ~[neoforge-21.1.219.jar%23199!/:?] {re:mixin,re:classloading,pl:mixin:APP:flywheel.impl.mixins.json:visualmanage.LevelChunkMixin from mod flywheel,pl:mixin:A}
	at TRANSFORMER/minecraft@1.21.1/net.minecraft.world.level.chunk.status.ChunkStatusTasks.lambda$full$2(ChunkStatusTasks.java:206) ~[neoforge-21.1.219.jar%23199!/:?] {re:classloading}
	at java.base/java.util.concurrent.CompletableFuture$AsyncSupply.run(CompletableFuture.java:1768) ~[?:?] {}
	at TRANSFORMER/minecraft@1.21.1/net.minecraft.server.level.ChunkTaskPriorityQueueSorter.lambda$message$1(ChunkTaskPriorityQueueSorter.java:50) ~[neoforge-21.1.219.jar%23199!/:?] {re:classloading}
	at TRANSFORMER/minecraft@1.21.1/net.minecraft.util.thread.BlockableEventLoop.doRunTask(BlockableEventLoop.java:151) ~[neoforge-21.1.219.jar%23199!/:?] {re:mixin,pl:accesstransformer:B,re:computing_frames,pl:accesstransformer:B,re:classloading,pl:accesstransformer:B}
	at TRANSFORMER/minecraft@1.21.1/net.minecraft.server.level.ServerChunkCache$MainThreadExecutor.doRunTask(ServerChunkCache.java:565) ~[neoforge-21.1.219.jar%23199!/:?] {re:classloading}
	at TRANSFORMER/minecraft@1.21.1/net.minecraft.util.thread.BlockableEventLoop.pollTask(BlockableEventLoop.java:122) ~[neoforge-21.1.219.jar%23199!/:?] {re:mixin,pl:accesstransformer:B,re:computing_frames,pl:accesstransformer:B,re:classloading,pl:accesstransformer:B}
	at TRANSFORMER/minecraft@1.21.1/net.minecraft.server.level.ServerChunkCache$MainThreadExecutor.pollTask(ServerChunkCache.java:574) ~[neoforge-21.1.219.jar%23199!/:?] {re:classloading}
	at TRANSFORMER/minecraft@1.21.1/net.minecraft.server.level.ServerChunkCache.pollTask(ServerChunkCache.java:278) ~[neoforge-21.1.219.jar%23199!/:?] {re:classloading,pl:accesstransformer:B}
	at TRANSFORMER/minecraft@1.21.1/net.minecraft.server.MinecraftServer.pollTaskInternal(MinecraftServer.java:869) ~[neoforge-21.1.219.jar%23199!/:?] {re:mixin,pl:accesstransformer:B,re:classloading,pl:accesstransformer:B,pl:mixin:APP:ponder-common.mixins.json:accessor.MinecraftServerAccessor from mod ponder,pl:mixin:APP:kubejs.mixins.json:MinecraftServerMixin from mod kubejs,pl:mixin:A}
	at TRANSFORMER/minecraft@1.21.1/net.minecraft.server.MinecraftServer.pollTask(MinecraftServer.java:858) ~[neoforge-21.1.219.jar%23199!/:?] {re:mixin,pl:accesstransformer:B,re:classloading,pl:accesstransformer:B,pl:mixin:APP:ponder-common.mixins.json:accessor.MinecraftServerAccessor from mod ponder,pl:mixin:APP:kubejs.mixins.json:MinecraftServerMixin from mod kubejs,pl:mixin:A}
	at TRANSFORMER/minecraft@1.21.1/net.minecraft.util.thread.BlockableEventLoop.managedBlock(BlockableEventLoop.java:135) ~[neoforge-21.1.219.jar%23199!/:?] {re:mixin,pl:accesstransformer:B,re:computing_frames,pl:accesstransformer:B,re:classloading,pl:accesstransformer:B}
	at TRANSFORMER/minecraft@1.21.1/net.minecraft.server.MinecraftServer.managedBlock(MinecraftServer.java:830) ~[neoforge-21.1.219.jar%23199!/:?] {re:mixin,pl:accesstransformer:B,re:classloading,pl:accesstransformer:B,pl:mixin:APP:ponder-common.mixins.json:accessor.MinecraftServerAccessor from mod ponder,pl:mixin:APP:kubejs.mixins.json:MinecraftServerMixin from mod kubejs,pl:mixin:A}
	at TRANSFORMER/minecraft@1.21.1/net.minecraft.server.MinecraftServer.waitUntilNextTick(MinecraftServer.java:835) ~[neoforge-21.1.219.jar%23199!/:?] {re:mixin,pl:accesstransformer:B,re:classloading,pl:accesstransformer:B,pl:mixin:APP:ponder-common.mixins.json:accessor.MinecraftServerAccessor from mod ponder,pl:mixin:APP:kubejs.mixins.json:MinecraftServerMixin from mod kubejs,pl:mixin:A}
	at TRANSFORMER/minecraft@1.21.1/net.minecraft.server.MinecraftServer.prepareLevels(MinecraftServer.java:506) ~[neoforge-21.1.219.jar%23199!/:?] {re:mixin,pl:accesstransformer:B,re:classloading,pl:accesstransformer:B,pl:mixin:APP:ponder-common.mixins.json:accessor.MinecraftServerAccessor from mod ponder,pl:mixin:APP:kubejs.mixins.json:MinecraftServerMixin from mod kubejs,pl:mixin:A}
	at TRANSFORMER/minecraft@1.21.1/net.minecraft.server.MinecraftServer.loadLevel(MinecraftServer.java:339) ~[neoforge-21.1.219.jar%23199!/:?] {re:mixin,pl:accesstransformer:B,re:classloading,pl:accesstransformer:B,pl:mixin:APP:ponder-common.mixins.json:accessor.MinecraftServerAccessor from mod ponder,pl:mixin:APP:kubejs.mixins.json:MinecraftServerMixin from mod kubejs,pl:mixin:A}
	at TRANSFORMER/minecraft@1.21.1/net.minecraft.client.server.IntegratedServer.initServer(IntegratedServer.java:77) ~[neoforge-21.1.219.jar%23199!/:?] {re:classloading,pl:runtimedistcleaner:A}
	at TRANSFORMER/minecraft@1.21.1/net.minecraft.server.MinecraftServer.runServer(MinecraftServer.java:676) ~[neoforge-21.1.219.jar%23199!/:?] {re:mixin,pl:accesstransformer:B,re:classloading,pl:accesstransformer:B,pl:mixin:APP:ponder-common.mixins.json:accessor.MinecraftServerAccessor from mod ponder,pl:mixin:APP:kubejs.mixins.json:MinecraftServerMixin from mod kubejs,pl:mixin:A}
	at TRANSFORMER/minecraft@1.21.1/net.minecraft.server.MinecraftServer.lambda$spin$2(MinecraftServer.java:267) ~[neoforge-21.1.219.jar%23199!/:?] {re:mixin,pl:accesstransformer:B,re:classloading,pl:accesstransformer:B,pl:mixin:APP:ponder-common.mixins.json:accessor.MinecraftServerAccessor from mod ponder,pl:mixin:APP:kubejs.mixins.json:MinecraftServerMixin from mod kubejs,pl:mixin:A}
	at java.base/java.lang.Thread.run(Thread.java:1583) [?:?] {re:mixin}
[04:00:47] [Server thread/WARN] [minecraft/BlockEntity]: Skipping BlockEntity with id poopsky:toilet_block_entity
[04:00:47] [entity-deserializer/DEBUG] [mixin/]: Mixing ProjectileUtilMixin from create.mixins.json into net.minecraft.world.entity.projectile.ProjectileUtil
[04:00:47] [Server thread/INFO] [ne.ne.ne.se.pe.PermissionAPI/]: Successfully initialized permission handler neoforge:default_handler
[04:00:47] [Server thread/INFO] [co.wh.po.Powerful_dummy/]: HELLO from server starting
[04:00:47] [progressListener/INFO] [minecraft/LoggerChunkProgressListener]: Time elapsed: 390 ms
[04:00:47] [Server thread/INFO] [minecraft/IntegratedServer]: Changing view distance to 12, from 10
[04:00:47] [Server thread/INFO] [minecraft/IntegratedServer]: Changing simulation distance to 12, from 0
[04:00:47] [Render thread/DEBUG] [io.ne.ch.MultithreadEventLoopGroup/]: -Dio.netty.eventLoopThreads: 32
[04:00:47] [Render thread/DEBUG] [io.ne.ut.co.GlobalEventExecutor/]: -Dio.netty.globalEventExecutor.quietPeriodSeconds: 1
[04:00:47] [Render thread/DEBUG] [io.ne.ch.ni.NioEventLoop/]: -Dio.netty.noKeySetOptimization: false
[04:00:47] [Render thread/DEBUG] [io.ne.ch.ni.NioEventLoop/]: -Dio.netty.selectorAutoRebuildThreshold: 512
[04:00:47] [Render thread/DEBUG] [io.ne.ut.in.PlatformDependent/]: org.jctools-core.MpscChunkedArrayQueue: available
[04:00:47] [entity-deserializer/DEBUG] [mixin/]: Mixing TradeWithVillagerMixin from poopsky.mixins.json into net.minecraft.world.entity.ai.behavior.TradeWithVillager
[04:00:47] [Render thread/DEBUG] [io.ne.ch.DefaultChannelId/]: -Dio.netty.processId: 24860 (auto-detected)
[04:00:47] [Render thread/DEBUG] [io.ne.ut.NetUtil/]: -Djava.net.preferIPv4Stack: false
[04:00:47] [Render thread/DEBUG] [io.ne.ut.NetUtil/]: -Djava.net.preferIPv6Addresses: system
[04:00:47] [Render thread/DEBUG] [io.ne.ut.NetUtilInitializations/]: Loopback interface: loopback_0 (Software Loopback Interface 1, 0:0:0:0:0:0:0:1)
[04:00:47] [Render thread/DEBUG] [io.ne.ut.NetUtil/]: Failed to get SOMAXCONN from sysctl and file \proc\sys\net\core\somaxconn. Default: 200
[04:00:47] [Render thread/DEBUG] [io.ne.ch.DefaultChannelId/]: -Dio.netty.machineId: 00:00:00:00:00:00:00:e0 (auto-detected)
[04:00:47] [Render thread/DEBUG] [io.ne.ut.Recycler/]: -Dio.netty.recycler.maxCapacityPerThread: 4096
[04:00:47] [Render thread/DEBUG] [io.ne.ut.Recycler/]: -Dio.netty.recycler.ratio: 8
[04:00:47] [Render thread/DEBUG] [io.ne.ut.Recycler/]: -Dio.netty.recycler.chunkSize: 32
[04:00:47] [Render thread/DEBUG] [io.ne.ut.Recycler/]: -Dio.netty.recycler.blocking: false
[04:00:47] [Render thread/DEBUG] [io.ne.ut.Recycler/]: -Dio.netty.recycler.batchFastThreadLocalOnly: true
[04:00:47] [Netty Server IO #1/DEBUG] [ne.ne.ne.ne.fi.NetworkFilters/]: Injected net.neoforged.neoforge.network.filters.GenericPacketSplitter@411ca689 into net.minecraft.network.Connection@50b443d0
[04:00:47] [Netty Local Client IO #0/DEBUG] [ne.ne.ne.ne.fi.NetworkFilters/]: Injected net.neoforged.neoforge.network.filters.GenericPacketSplitter@35b3a656 into net.minecraft.network.Connection@fb699b5
[04:00:47] [Render thread/INFO] [co.si.cr.Create/]: Created 159 recipes which will be injected into the game
[04:00:47] [Render thread/INFO] [co.si.cr.Create/]: Created 0 tags which will be injected into the game
[04:00:48] [Render thread/DEBUG] [me.je.ne.st.StartEventObserver/]: JEI StartEventObserver received event: class net.neoforged.neoforge.event.TagsUpdatedEvent
[04:00:48] [Render thread/INFO] [EMI/]: [EMI] Recipes synchronized, waiting for tags to reload EMI...
[04:00:48] [Render thread/DEBUG] [mixin/]: Mixing SessionSearchTreesMixin from jade.mixins.json into net.minecraft.client.multiplayer.SessionSearchTrees
[04:00:48] [Render thread/DEBUG] [mixin/]: jade.mixins.json:SessionSearchTreesMixin from mod jade: Class version 65 required is higher than the class version supported by the current version of Mixin (JAVA_16 supports class version 60)
[04:00:48] [Render thread/DEBUG] [mixin/]: jade.mixins.json:SessionSearchTreesMixin from mod jade->@Inject::jade$preGet(Ljava/util/stream/Stream;Lnet/minecraft/world/item/Item$TooltipContext;Lnet/minecraft/world/item/TooltipFlag;Lorg/spongepowered/asm/mixin/injection/callback/CallbackInfoReturnable;)V doesn't use it's CallbackInfoReturnable
[04:00:48] [Netty Server IO #1/DEBUG] [ne.ne.ne.ne.fi.NetworkFilters/]: Injected net.neoforged.neoforge.network.filters.GenericPacketSplitter@47d86c3 into net.minecraft.network.Connection@50b443d0
[04:00:48] [Server thread/ERROR] [minecraft/ServerRecipeBook]: Tried to load unrecognized recipe: poopsky:jungle_toilet removed now.
[04:00:48] [Server thread/ERROR] [minecraft/ServerRecipeBook]: Tried to load unrecognized recipe: poopsky:lime_concrete_toilet removed now.
[04:00:48] [Server thread/ERROR] [minecraft/ServerRecipeBook]: Tried to load unrecognized recipe: poopsky:white_concrete_toilet removed now.
[04:00:48] [Server thread/ERROR] [minecraft/ServerRecipeBook]: Tried to load unrecognized recipe: poopsky:black_concrete_toilet removed now.
[04:00:48] [Server thread/ERROR] [minecraft/ServerRecipeBook]: Tried to load unrecognized recipe: poopsky:cobblestone_toilet removed now.
[04:00:48] [Server thread/ERROR] [minecraft/ServerRecipeBook]: Tried to load unrecognized recipe: poopsky:purple_concrete_toilet removed now.
[04:00:48] [Server thread/ERROR] [minecraft/ServerRecipeBook]: Tried to load unrecognized recipe: poopsky:mossy_stone_brick_toilet removed now.
[04:00:48] [Server thread/ERROR] [minecraft/ServerRecipeBook]: Tried to load unrecognized recipe: poopsky:green_concrete_toilet removed now.
[04:00:48] [Server thread/ERROR] [minecraft/ServerRecipeBook]: Tried to load unrecognized recipe: poopsky:orange_concrete_toilet removed now.
[04:00:48] [Server thread/ERROR] [minecraft/ServerRecipeBook]: Tried to load unrecognized recipe: poopsky:red_concrete_toilet removed now.
[04:00:48] [Server thread/ERROR] [minecraft/ServerRecipeBook]: Tried to load unrecognized recipe: poopsky:light_gray_concrete_toilet removed now.
[04:00:48] [Server thread/ERROR] [minecraft/ServerRecipeBook]: Tried to load unrecognized recipe: poopsky:gray_concrete_toilet removed now.
[04:00:48] [Server thread/ERROR] [minecraft/ServerRecipeBook]: Tried to load unrecognized recipe: poopsky:tile_toilet removed now.
[04:00:48] [Server thread/ERROR] [minecraft/ServerRecipeBook]: Tried to load unrecognized recipe: poopsky:pink_concrete_toilet removed now.
[04:00:48] [Server thread/ERROR] [minecraft/ServerRecipeBook]: Tried to load unrecognized recipe: poopsky:yellow_concrete_toilet removed now.
[04:00:48] [Server thread/ERROR] [minecraft/ServerRecipeBook]: Tried to load unrecognized recipe: poopsky:mossy_cobblestone_toilet removed now.
[04:00:48] [Server thread/ERROR] [minecraft/ServerRecipeBook]: Tried to load unrecognized recipe: poopsky:cherry_toilet removed now.
[04:00:48] [Server thread/ERROR] [minecraft/ServerRecipeBook]: Tried to load unrecognized recipe: poopsky:magenta_concrete_toilet removed now.
[04:00:48] [Server thread/ERROR] [minecraft/ServerRecipeBook]: Tried to load unrecognized recipe: poopsky:cyan_concrete_toilet removed now.
[04:00:48] [Server thread/ERROR] [minecraft/ServerRecipeBook]: Tried to load unrecognized recipe: poopsky:smooth_stone_toilet removed now.
[04:00:48] [Server thread/ERROR] [minecraft/ServerRecipeBook]: Tried to load unrecognized recipe: poopsky:dark_oak_toilet removed now.
[04:00:48] [Server thread/ERROR] [minecraft/ServerRecipeBook]: Tried to load unrecognized recipe: poopsky:spruce_toilet removed now.
[04:00:48] [Server thread/ERROR] [minecraft/ServerRecipeBook]: Tried to load unrecognized recipe: poopsky:acacia_toilet removed now.
[04:00:48] [Server thread/ERROR] [minecraft/ServerRecipeBook]: Tried to load unrecognized recipe: poopsky:warped_toilet removed now.
[04:00:48] [Server thread/ERROR] [minecraft/ServerRecipeBook]: Tried to load unrecognized recipe: poopsky:bamboo_toilet removed now.
[04:00:48] [Server thread/ERROR] [minecraft/ServerRecipeBook]: Tried to load unrecognized recipe: poopsky:brown_concrete_toilet removed now.
[04:00:48] [Server thread/ERROR] [minecraft/ServerRecipeBook]: Tried to load unrecognized recipe: poopsky:stone_brick_toilet removed now.
[04:00:48] [Server thread/ERROR] [minecraft/ServerRecipeBook]: Tried to load unrecognized recipe: poopsky:light_blue_concrete_toilet removed now.
[04:00:48] [Server thread/ERROR] [minecraft/ServerRecipeBook]: Tried to load unrecognized recipe: poopsky:crimson_toilet removed now.
[04:00:48] [Server thread/ERROR] [minecraft/ServerRecipeBook]: Tried to load unrecognized recipe: poopsky:blue_concrete_toilet removed now.
[04:00:48] [Server thread/ERROR] [minecraft/ServerRecipeBook]: Tried to load unrecognized recipe: poopsky:mangrove_toilet removed now.
[04:00:48] [Server thread/ERROR] [minecraft/ServerRecipeBook]: Tried to load unrecognized recipe: poopsky:birch_toilet removed now.
[04:00:48] [Server thread/ERROR] [minecraft/ServerRecipeBook]: Tried to load unrecognized recipe: poopsky:oak_toilet removed now.
[04:00:48] [Server thread/ERROR] [minecraft/ServerRecipeBook]: Tried to load unrecognized recipe: poopsky:jungle_toilet removed now.
[04:00:48] [Server thread/ERROR] [minecraft/ServerRecipeBook]: Tried to load unrecognized recipe: poopsky:lime_concrete_toilet removed now.
[04:00:48] [Server thread/ERROR] [minecraft/ServerRecipeBook]: Tried to load unrecognized recipe: poopsky:white_concrete_toilet removed now.
[04:00:48] [Server thread/ERROR] [minecraft/ServerRecipeBook]: Tried to load unrecognized recipe: poopsky:black_concrete_toilet removed now.
[04:00:48] [Server thread/ERROR] [minecraft/ServerRecipeBook]: Tried to load unrecognized recipe: poopsky:cobblestone_toilet removed now.
[04:00:48] [Server thread/ERROR] [minecraft/ServerRecipeBook]: Tried to load unrecognized recipe: poopsky:purple_concrete_toilet removed now.
[04:00:48] [Server thread/ERROR] [minecraft/ServerRecipeBook]: Tried to load unrecognized recipe: poopsky:mossy_stone_brick_toilet removed now.
[04:00:48] [Server thread/ERROR] [minecraft/ServerRecipeBook]: Tried to load unrecognized recipe: poopsky:green_concrete_toilet removed now.
[04:00:48] [Server thread/ERROR] [minecraft/ServerRecipeBook]: Tried to load unrecognized recipe: poopsky:orange_concrete_toilet removed now.
[04:00:48] [Server thread/ERROR] [minecraft/ServerRecipeBook]: Tried to load unrecognized recipe: poopsky:red_concrete_toilet removed now.
[04:00:48] [Server thread/ERROR] [minecraft/ServerRecipeBook]: Tried to load unrecognized recipe: poopsky:light_gray_concrete_toilet removed now.
[04:00:48] [Server thread/ERROR] [minecraft/ServerRecipeBook]: Tried to load unrecognized recipe: poopsky:gray_concrete_toilet removed now.
[04:00:48] [Server thread/ERROR] [minecraft/ServerRecipeBook]: Tried to load unrecognized recipe: poopsky:tile_toilet removed now.
[04:00:48] [Server thread/ERROR] [minecraft/ServerRecipeBook]: Tried to load unrecognized recipe: poopsky:pink_concrete_toilet removed now.
[04:00:48] [Server thread/ERROR] [minecraft/ServerRecipeBook]: Tried to load unrecognized recipe: poopsky:yellow_concrete_toilet removed now.
[04:00:48] [Server thread/ERROR] [minecraft/ServerRecipeBook]: Tried to load unrecognized recipe: poopsky:mossy_cobblestone_toilet removed now.
[04:00:48] [Server thread/ERROR] [minecraft/ServerRecipeBook]: Tried to load unrecognized recipe: poopsky:cherry_toilet removed now.
[04:00:48] [Server thread/ERROR] [minecraft/ServerRecipeBook]: Tried to load unrecognized recipe: poopsky:magenta_concrete_toilet removed now.
[04:00:48] [Server thread/ERROR] [minecraft/ServerRecipeBook]: Tried to load unrecognized recipe: poopsky:cyan_concrete_toilet removed now.
[04:00:48] [Server thread/ERROR] [minecraft/ServerRecipeBook]: Tried to load unrecognized recipe: poopsky:smooth_stone_toilet removed now.
[04:00:48] [Server thread/ERROR] [minecraft/ServerRecipeBook]: Tried to load unrecognized recipe: poopsky:dark_oak_toilet removed now.
[04:00:48] [Server thread/ERROR] [minecraft/ServerRecipeBook]: Tried to load unrecognized recipe: poopsky:spruce_toilet removed now.
[04:00:48] [Server thread/ERROR] [minecraft/ServerRecipeBook]: Tried to load unrecognized recipe: poopsky:acacia_toilet removed now.
[04:00:48] [Server thread/ERROR] [minecraft/ServerRecipeBook]: Tried to load unrecognized recipe: poopsky:warped_toilet removed now.
[04:00:48] [Server thread/ERROR] [minecraft/ServerRecipeBook]: Tried to load unrecognized recipe: poopsky:bamboo_toilet removed now.
[04:00:48] [Server thread/ERROR] [minecraft/ServerRecipeBook]: Tried to load unrecognized recipe: poopsky:brown_concrete_toilet removed now.
[04:00:48] [Server thread/ERROR] [minecraft/ServerRecipeBook]: Tried to load unrecognized recipe: poopsky:stone_brick_toilet removed now.
[04:00:48] [Server thread/ERROR] [minecraft/ServerRecipeBook]: Tried to load unrecognized recipe: poopsky:light_blue_concrete_toilet removed now.
[04:00:48] [Server thread/ERROR] [minecraft/ServerRecipeBook]: Tried to load unrecognized recipe: poopsky:crimson_toilet removed now.
[04:00:48] [Server thread/ERROR] [minecraft/ServerRecipeBook]: Tried to load unrecognized recipe: poopsky:blue_concrete_toilet removed now.
[04:00:48] [Server thread/ERROR] [minecraft/ServerRecipeBook]: Tried to load unrecognized recipe: poopsky:mangrove_toilet removed now.
[04:00:48] [Server thread/ERROR] [minecraft/ServerRecipeBook]: Tried to load unrecognized recipe: poopsky:birch_toilet removed now.
[04:00:48] [Server thread/ERROR] [minecraft/ServerRecipeBook]: Tried to load unrecognized recipe: poopsky:oak_toilet removed now.
[04:00:48] [Server thread/INFO] [minecraft/PlayerList]: Player1900[local:E:1768addc] logged in with entity id 80 at (-76.38281994464737, 88.6797680068652, -20.887191295963717)
[04:00:48] [Render thread/DEBUG] [mixin/]: Mixing ClientChunkCacheMixin from flywheel.impl.mixins.json into net.minecraft.client.multiplayer.ClientChunkCache
[04:00:48] [Render thread/DEBUG] [mixin/]: flywheel.impl.mixins.json:ClientChunkCacheMixin from mod flywheel->@Inject::flywheel$onLightUpdate(Lnet/minecraft/world/level/LightLayer;Lnet/minecraft/core/SectionPos;Lorg/spongepowered/asm/mixin/injection/callback/CallbackInfo;)V doesn't use it's CallbackInfo
[04:00:48] [Render thread/DEBUG] [mixin/]: flywheel.impl.mixins.json:ClientChunkCacheMixin from mod flywheel->@Inject::flywheel$onLightUpdate(Lnet/minecraft/world/level/LightLayer;Lnet/minecraft/core/SectionPos;Lorg/spongepowered/asm/mixin/injection/callback/CallbackInfo;)V has 0 override(s) in child classes
[04:00:48] [Render thread/DEBUG] [mixin/]: flywheel.impl.mixins.json:ClientChunkCacheMixin from mod flywheel->@Inject::flywheel$onLightUpdate(Lnet/minecraft/world/level/LightLayer;Lnet/minecraft/core/SectionPos;Lorg/spongepowered/asm/mixin/injection/callback/CallbackInfo;)V won't be passed a CallbackInfo as a result
[04:00:48] [Render thread/DEBUG] [co.si.cr.Create/]: Prepared Redstone Network Space for minecraft:overworld
[04:00:48] [Render thread/DEBUG] [co.si.cr.Create/]: Prepared Kinetic Network Space for minecraft:overworld
[04:00:48] [Render thread/DEBUG] [mixin/]: Mixing visualmanage.SectionCompilerMixin from flywheel.impl.mixins.json into net.minecraft.client.renderer.chunk.SectionCompiler
[04:00:48] [Render thread/DEBUG] [mixin/]: flywheel.impl.mixins.json:visualmanage.SectionCompilerMixin from mod flywheel->@Inject::flywheel$tryAddBlockEntity(Ljava/lang/Object;Lnet/minecraft/world/level/block/entity/BlockEntity;Lorg/spongepowered/asm/mixin/injection/callback/CallbackInfo;)V does use it's CallbackInfo
[04:00:48] [Server thread/INFO] [minecraft/MinecraftServer]: Player1900鍔犲叆浜嗘父鎴?
[04:00:48] [Render thread/INFO] [flywheel/]: Started 10 worker threads
[04:00:48] [Server thread/ERROR] [minecraft/ChunkSerializer]: Recoverable errors when loading section [-8, 4, -2]: (Unknown registry key in ResourceKey[minecraft:root / minecraft:block]: poopsky:mossy_cobblestone_toilet -> using default); (Unknown registry key in ResourceKey[minecraft:root / minecraft:block]: poopsky:mossy_cobblestone_toilet -> using default); (Unknown registry key in ResourceKey[minecraft:root / minecraft:block]: poopsky:mossy_cobblestone_toilet -> using default); (Unknown registry key in ResourceKey[minecraft:root / minecraft:block]: poopsky:mossy_cobblestone_toilet -> using default)
[04:00:48] [Server thread/ERROR] [minecraft/ChunkSerializer]: Recoverable errors when loading section [-8, 4, -1]: (Unknown registry key in ResourceKey[minecraft:root / minecraft:block]: poopsky:mossy_cobblestone_toilet -> using default)
[04:00:48] [Render thread/WARN] [minecraft/ClientRecipeBook]: Unknown recipe category: poopsky:anal_pressing/poopsky:anal_pressing/nether_gold_ore_to_gold_block
[04:00:48] [Render thread/WARN] [minecraft/ClientRecipeBook]: Unknown recipe category: poopsky:anal_pressing/poopsky:anal_pressing/emerald_ore_to_emerald_block
[04:00:48] [Render thread/WARN] [minecraft/ClientRecipeBook]: Unknown recipe category: poopsky:anal_pressing/poopsky:anal_pressing/nether_gold_ore_to_raw_gold_block
[04:00:48] [Render thread/WARN] [minecraft/ClientRecipeBook]: Unknown recipe category: poopsky:anal_pressing/poopsky:anal_pressing/gold_ore_to_raw_gold_block
[04:00:48] [Render thread/WARN] [minecraft/ClientRecipeBook]: Unknown recipe category: poopsky:anal_pressing/poopsky:anal_pressing/deepslate_diamond_ore_to_diamond_block
[04:00:48] [Render thread/WARN] [minecraft/ClientRecipeBook]: Unknown recipe category: poopsky:anal_pressing/poopsky:anal_pressing/deepslate_iron_ore_to_iron_block
[04:00:48] [Render thread/WARN] [minecraft/ClientRecipeBook]: Unknown recipe category: poopsky:anal_pressing/poopsky:anal_pressing/deepslate_coal_ore_to_coal_block
[04:00:48] [Render thread/WARN] [minecraft/ClientRecipeBook]: Unknown recipe category: poopsky:anal_pressing/poopsky:anal_pressing/gold_ore_to_gold_block
[04:00:48] [Render thread/WARN] [minecraft/ClientRecipeBook]: Unknown recipe category: poopsky:anal_pressing/poopsky:anal_pressing/deepslate_copper_ore_to_raw_copper_block
[04:00:48] [Render thread/WARN] [minecraft/ClientRecipeBook]: Unknown recipe category: poopsky:anal_pressing/poopsky:anal_pressing/lapis_ore_to_lapis_block
[04:00:48] [Render thread/WARN] [minecraft/ClientRecipeBook]: Unknown recipe category: poopsky:anal_pressing/poopsky:anal_pressing/deepslate_copper_ore_to_copper_block
[04:00:48] [Render thread/WARN] [minecraft/ClientRecipeBook]: Unknown recipe category: poopsky:anal_pressing/poopsky:anal_pressing/copper_ore_to_copper_block
[04:00:48] [Render thread/WARN] [minecraft/ClientRecipeBook]: Unknown recipe category: poopsky:anal_pressing/poopsky:anal_pressing/redstone_ore_to_redstone_block
[04:00:48] [Render thread/WARN] [minecraft/ClientRecipeBook]: Unknown recipe category: poopsky:anal_pressing/poopsky:anal_pressing/nether_quartz_ore_to_quartz_block
[04:00:48] [Render thread/WARN] [minecraft/ClientRecipeBook]: Unknown recipe category: poopsky:anal_pressing/poopsky:anal_pressing/deepslate_iron_ore_to_raw_iron_block
[04:00:48] [Render thread/WARN] [minecraft/ClientRecipeBook]: Unknown recipe category: poopsky:anal_pressing/poopsky:anal_pressing/deepslate_lapis_ore_to_lapis_block
[04:00:48] [Render thread/WARN] [minecraft/ClientRecipeBook]: Unknown recipe category: poopsky:anal_pressing/poopsky:anal_pressing/ancient_debris_to_netherite_block
[04:00:48] [Render thread/WARN] [minecraft/ClientRecipeBook]: Unknown recipe category: poopsky:anal_pressing/poopsky:anal_pressing/deepslate_emerald_ore_to_emerald_block
[04:00:48] [Render thread/WARN] [minecraft/ClientRecipeBook]: Unknown recipe category: poopsky:anal_pressing/poopsky:anal_pressing/iron_ore_to_iron_block
[04:00:48] [Render thread/WARN] [minecraft/ClientRecipeBook]: Unknown recipe category: poopsky:anal_pressing/poopsky:anal_pressing/deepslate_redstone_ore_to_redstone_block
[04:00:48] [Render thread/WARN] [minecraft/ClientRecipeBook]: Unknown recipe category: poopsky:anal_pressing/poopsky:anal_pressing/deepslate_gold_ore_to_raw_gold_block
[04:00:48] [Render thread/WARN] [minecraft/ClientRecipeBook]: Unknown recipe category: poopsky:anal_pressing/poopsky:anal_pressing/deepslate_gold_ore_to_gold_block
[04:00:48] [Render thread/WARN] [minecraft/ClientRecipeBook]: Unknown recipe category: poopsky:anal_pressing/poopsky:anal_pressing/coal_ore_to_coal_block
[04:00:48] [Render thread/WARN] [minecraft/ClientRecipeBook]: Unknown recipe category: poopsky:anal_pressing/poopsky:anal_pressing/copper_ore_to_raw_copper_block
[04:00:48] [Render thread/WARN] [minecraft/ClientRecipeBook]: Unknown recipe category: poopsky:anal_pressing/poopsky:anal_pressing/diamond_ore_to_diamond_block
[04:00:48] [Render thread/WARN] [minecraft/ClientRecipeBook]: Unknown recipe category: poopsky:anal_pressing/poopsky:anal_pressing/iron_ore_to_raw_iron_block
[04:00:48] [Render thread/WARN] [minecraft/ClientRecipeBook]: Unknown recipe category: poopsky:pop_explosion/poopsky:pop_explosion/sand_to_gravel
[04:00:48] [Render thread/WARN] [minecraft/ClientRecipeBook]: Unknown recipe category: poopsky:pop_explosion/poopsky:pop_explosion/diamond_to_coal_block
[04:00:48] [Render thread/WARN] [minecraft/ClientRecipeBook]: Unknown recipe category: poopsky:pop_explosion/poopsky:pop_explosion/gravel_to_cobblestone
[04:00:48] [Server thread/ERROR] [minecraft/BlockEntity]: Failed to create block entity poopsky:toilet_block_entity
java.lang.IllegalStateException: Invalid block entity poopsky:toilet_block_entity // com.altnoir.poopsky.block.entity.ToiletBlockEntity state at BlockPos{x=-94, y=75, z=-30}, got Block{minecraft:air}
	at TRANSFORMER/minecraft@1.21.1/net.minecraft.world.level.block.entity.BlockEntity.validateBlockState(BlockEntity.java:52) ~[neoforge-21.1.219.jar%23199!/:?] {re:mixin,re:computing_frames,re:classloading,pl:mixin:APP:flywheel.impl.mixins.json:visualmanage.BlockEntityMixin from mod flywheel,pl:mixin:A}
	at TRANSFORMER/minecraft@1.21.1/net.minecraft.world.level.block.entity.BlockEntity.<init>(BlockEntity.java:46) ~[neoforge-21.1.219.jar%23199!/:?] {re:mixin,re:computing_frames,re:classloading,pl:mixin:APP:flywheel.impl.mixins.json:visualmanage.BlockEntityMixin from mod flywheel,pl:mixin:A}
	at TRANSFORMER/poopsky@1.21.1-1.5-dev/com.altnoir.poopsky.block.entity.ToiletBlockEntity.<init>(ToiletBlockEntity.java:41) ~[%23211!/:?] {re:classloading}
	at TRANSFORMER/minecraft@1.21.1/net.minecraft.world.level.block.entity.BlockEntityType.create(BlockEntityType.java:298) ~[neoforge-21.1.219.jar%23199!/:?] {re:mixin,pl:accesstransformer:B,re:classloading,pl:accesstransformer:B,pl:mixin:APP:flywheel.impl.mixins.json:BlockEntityTypeMixin from mod flywheel,pl:mixin:APP:neoforge.mixins.json:BlockEntityTypeAccessor from mod neoforge,pl:mixin:A}
	at TRANSFORMER/minecraft@1.21.1/net.minecraft.world.level.block.entity.BlockEntity.lambda$loadStatic$4(BlockEntity.java:171) ~[neoforge-21.1.219.jar%23199!/:?] {re:mixin,re:computing_frames,re:classloading,pl:mixin:APP:flywheel.impl.mixins.json:visualmanage.BlockEntityMixin from mod flywheel,pl:mixin:A}
	at java.base/java.util.Optional.map(Optional.java:260) ~[?:?] {re:computing_frames,re:mixin}
	at TRANSFORMER/minecraft@1.21.1/net.minecraft.world.level.block.entity.BlockEntity.loadStatic(BlockEntity.java:169) ~[neoforge-21.1.219.jar%23199!/:?] {re:mixin,re:computing_frames,re:classloading,pl:mixin:APP:flywheel.impl.mixins.json:visualmanage.BlockEntityMixin from mod flywheel,pl:mixin:A}
	at TRANSFORMER/minecraft@1.21.1/net.minecraft.world.level.chunk.storage.ChunkSerializer.lambda$postLoadChunk$10(ChunkSerializer.java:440) ~[neoforge-21.1.219.jar%23199!/:?] {re:classloading}
	at TRANSFORMER/minecraft@1.21.1/net.minecraft.world.level.chunk.LevelChunk.runPostLoad(LevelChunk.java:480) ~[neoforge-21.1.219.jar%23199!/:?] {re:mixin,re:classloading,pl:mixin:APP:flywheel.impl.mixins.json:visualmanage.LevelChunkMixin from mod flywheel,pl:mixin:A}
	at TRANSFORMER/minecraft@1.21.1/net.minecraft.world.level.chunk.status.ChunkStatusTasks.lambda$full$2(ChunkStatusTasks.java:206) ~[neoforge-21.1.219.jar%23199!/:?] {re:classloading}
	at java.base/java.util.concurrent.CompletableFuture$AsyncSupply.run(CompletableFuture.java:1768) ~[?:?] {}
	at TRANSFORMER/minecraft@1.21.1/net.minecraft.server.level.ChunkTaskPriorityQueueSorter.lambda$message$1(ChunkTaskPriorityQueueSorter.java:50) ~[neoforge-21.1.219.jar%23199!/:?] {re:classloading}
	at TRANSFORMER/minecraft@1.21.1/net.minecraft.util.thread.BlockableEventLoop.doRunTask(BlockableEventLoop.java:151) ~[neoforge-21.1.219.jar%23199!/:?] {re:mixin,pl:accesstransformer:B,re:computing_frames,pl:accesstransformer:B,re:classloading,pl:accesstransformer:B}
	at TRANSFORMER/minecraft@1.21.1/net.minecraft.server.level.ServerChunkCache$MainThreadExecutor.doRunTask(ServerChunkCache.java:565) ~[neoforge-21.1.219.jar%23199!/:?] {re:classloading}
	at TRANSFORMER/minecraft@1.21.1/net.minecraft.util.thread.BlockableEventLoop.pollTask(BlockableEventLoop.java:122) ~[neoforge-21.1.219.jar%23199!/:?] {re:mixin,pl:accesstransformer:B,re:computing_frames,pl:accesstransformer:B,re:classloading,pl:accesstransformer:B}
	at TRANSFORMER/minecraft@1.21.1/net.minecraft.server.level.ServerChunkCache$MainThreadExecutor.pollTask(ServerChunkCache.java:574) ~[neoforge-21.1.219.jar%23199!/:?] {re:classloading}
	at TRANSFORMER/minecraft@1.21.1/net.minecraft.server.level.ServerChunkCache.pollTask(ServerChunkCache.java:278) ~[neoforge-21.1.219.jar%23199!/:?] {re:classloading,pl:accesstransformer:B}
	at TRANSFORMER/minecraft@1.21.1/net.minecraft.server.MinecraftServer.pollTaskInternal(MinecraftServer.java:869) ~[neoforge-21.1.219.jar%23199!/:?] {re:mixin,pl:accesstransformer:B,re:classloading,pl:accesstransformer:B,pl:mixin:APP:ponder-common.mixins.json:accessor.MinecraftServerAccessor from mod ponder,pl:mixin:APP:kubejs.mixins.json:MinecraftServerMixin from mod kubejs,pl:mixin:A}
	at TRANSFORMER/minecraft@1.21.1/net.minecraft.server.MinecraftServer.pollTask(MinecraftServer.java:858) ~[neoforge-21.1.219.jar%23199!/:?] {re:mixin,pl:accesstransformer:B,re:classloading,pl:accesstransformer:B,pl:mixin:APP:ponder-common.mixins.json:accessor.MinecraftServerAccessor from mod ponder,pl:mixin:APP:kubejs.mixins.json:MinecraftServerMixin from mod kubejs,pl:mixin:A}
	at TRANSFORMER/minecraft@1.21.1/net.minecraft.util.thread.BlockableEventLoop.runAllTasks(BlockableEventLoop.java:111) ~[neoforge-21.1.219.jar%23199!/:?] {re:mixin,pl:accesstransformer:B,re:computing_frames,pl:accesstransformer:B,re:classloading,pl:accesstransformer:B}
	at TRANSFORMER/minecraft@1.21.1/net.minecraft.server.MinecraftServer.waitUntilNextTick(MinecraftServer.java:834) ~[neoforge-21.1.219.jar%23199!/:?] {re:mixin,pl:accesstransformer:B,re:classloading,pl:accesstransformer:B,pl:mixin:APP:ponder-common.mixins.json:accessor.MinecraftServerAccessor from mod ponder,pl:mixin:APP:kubejs.mixins.json:MinecraftServerMixin from mod kubejs,pl:mixin:A}
	at TRANSFORMER/minecraft@1.21.1/net.minecraft.server.MinecraftServer.runServer(MinecraftServer.java:718) ~[neoforge-21.1.219.jar%23199!/:?] {re:mixin,pl:accesstransformer:B,re:classloading,pl:accesstransformer:B,pl:mixin:APP:ponder-common.mixins.json:accessor.MinecraftServerAccessor from mod ponder,pl:mixin:APP:kubejs.mixins.json:MinecraftServerMixin from mod kubejs,pl:mixin:A}
	at TRANSFORMER/minecraft@1.21.1/net.minecraft.server.MinecraftServer.lambda$spin$2(MinecraftServer.java:267) ~[neoforge-21.1.219.jar%23199!/:?] {re:mixin,pl:accesstransformer:B,re:classloading,pl:accesstransformer:B,pl:mixin:APP:ponder-common.mixins.json:accessor.MinecraftServerAccessor from mod ponder,pl:mixin:APP:kubejs.mixins.json:MinecraftServerMixin from mod kubejs,pl:mixin:A}
	at java.base/java.lang.Thread.run(Thread.java:1583) [?:?] {re:mixin}
[04:00:48] [Server thread/WARN] [minecraft/BlockEntity]: Skipping BlockEntity with id poopsky:toilet_block_entity
[04:00:48] [Server thread/ERROR] [minecraft/BlockEntity]: Failed to create block entity poopsky:toilet_block_entity
java.lang.IllegalStateException: Invalid block entity poopsky:toilet_block_entity // com.altnoir.poopsky.block.entity.ToiletBlockEntity state at BlockPos{x=-94, y=75, z=-31}, got Block{minecraft:air}
	at TRANSFORMER/minecraft@1.21.1/net.minecraft.world.level.block.entity.BlockEntity.validateBlockState(BlockEntity.java:52) ~[neoforge-21.1.219.jar%23199!/:?] {re:mixin,re:computing_frames,re:classloading,pl:mixin:APP:flywheel.impl.mixins.json:visualmanage.BlockEntityMixin from mod flywheel,pl:mixin:A}
	at TRANSFORMER/minecraft@1.21.1/net.minecraft.world.level.block.entity.BlockEntity.<init>(BlockEntity.java:46) ~[neoforge-21.1.219.jar%23199!/:?] {re:mixin,re:computing_frames,re:classloading,pl:mixin:APP:flywheel.impl.mixins.json:visualmanage.BlockEntityMixin from mod flywheel,pl:mixin:A}
	at TRANSFORMER/poopsky@1.21.1-1.5-dev/com.altnoir.poopsky.block.entity.ToiletBlockEntity.<init>(ToiletBlockEntity.java:41) ~[%23211!/:?] {re:classloading}
	at TRANSFORMER/minecraft@1.21.1/net.minecraft.world.level.block.entity.BlockEntityType.create(BlockEntityType.java:298) ~[neoforge-21.1.219.jar%23199!/:?] {re:mixin,pl:accesstransformer:B,re:classloading,pl:accesstransformer:B,pl:mixin:APP:flywheel.impl.mixins.json:BlockEntityTypeMixin from mod flywheel,pl:mixin:APP:neoforge.mixins.json:BlockEntityTypeAccessor from mod neoforge,pl:mixin:A}
	at TRANSFORMER/minecraft@1.21.1/net.minecraft.world.level.block.entity.BlockEntity.lambda$loadStatic$4(BlockEntity.java:171) ~[neoforge-21.1.219.jar%23199!/:?] {re:mixin,re:computing_frames,re:classloading,pl:mixin:APP:flywheel.impl.mixins.json:visualmanage.BlockEntityMixin from mod flywheel,pl:mixin:A}
	at java.base/java.util.Optional.map(Optional.java:260) ~[?:?] {re:computing_frames,re:mixin}
	at TRANSFORMER/minecraft@1.21.1/net.minecraft.world.level.block.entity.BlockEntity.loadStatic(BlockEntity.java:169) ~[neoforge-21.1.219.jar%23199!/:?] {re:mixin,re:computing_frames,re:classloading,pl:mixin:APP:flywheel.impl.mixins.json:visualmanage.BlockEntityMixin from mod flywheel,pl:mixin:A}
	at TRANSFORMER/minecraft@1.21.1/net.minecraft.world.level.chunk.storage.ChunkSerializer.lambda$postLoadChunk$10(ChunkSerializer.java:440) ~[neoforge-21.1.219.jar%23199!/:?] {re:classloading}
	at TRANSFORMER/minecraft@1.21.1/net.minecraft.world.level.chunk.LevelChunk.runPostLoad(LevelChunk.java:480) ~[neoforge-21.1.219.jar%23199!/:?] {re:mixin,re:classloading,pl:mixin:APP:flywheel.impl.mixins.json:visualmanage.LevelChunkMixin from mod flywheel,pl:mixin:A}
	at TRANSFORMER/minecraft@1.21.1/net.minecraft.world.level.chunk.status.ChunkStatusTasks.lambda$full$2(ChunkStatusTasks.java:206) ~[neoforge-21.1.219.jar%23199!/:?] {re:classloading}
	at java.base/java.util.concurrent.CompletableFuture$AsyncSupply.run(CompletableFuture.java:1768) ~[?:?] {}
	at TRANSFORMER/minecraft@1.21.1/net.minecraft.server.level.ChunkTaskPriorityQueueSorter.lambda$message$1(ChunkTaskPriorityQueueSorter.java:50) ~[neoforge-21.1.219.jar%23199!/:?] {re:classloading}
	at TRANSFORMER/minecraft@1.21.1/net.minecraft.util.thread.BlockableEventLoop.doRunTask(BlockableEventLoop.java:151) ~[neoforge-21.1.219.jar%23199!/:?] {re:mixin,pl:accesstransformer:B,re:computing_frames,pl:accesstransformer:B,re:classloading,pl:accesstransformer:B}
	at TRANSFORMER/minecraft@1.21.1/net.minecraft.server.level.ServerChunkCache$MainThreadExecutor.doRunTask(ServerChunkCache.java:565) ~[neoforge-21.1.219.jar%23199!/:?] {re:classloading}
	at TRANSFORMER/minecraft@1.21.1/net.minecraft.util.thread.BlockableEventLoop.pollTask(BlockableEventLoop.java:122) ~[neoforge-21.1.219.jar%23199!/:?] {re:mixin,pl:accesstransformer:B,re:computing_frames,pl:accesstransformer:B,re:classloading,pl:accesstransformer:B}
	at TRANSFORMER/minecraft@1.21.1/net.minecraft.server.level.ServerChunkCache$MainThreadExecutor.pollTask(ServerChunkCache.java:574) ~[neoforge-21.1.219.jar%23199!/:?] {re:classloading}
	at TRANSFORMER/minecraft@1.21.1/net.minecraft.server.level.ServerChunkCache.pollTask(ServerChunkCache.java:278) ~[neoforge-21.1.219.jar%23199!/:?] {re:classloading,pl:accesstransformer:B}
	at TRANSFORMER/minecraft@1.21.1/net.minecraft.server.MinecraftServer.pollTaskInternal(MinecraftServer.java:869) ~[neoforge-21.1.219.jar%23199!/:?] {re:mixin,pl:accesstransformer:B,re:classloading,pl:accesstransformer:B,pl:mixin:APP:ponder-common.mixins.json:accessor.MinecraftServerAccessor from mod ponder,pl:mixin:APP:kubejs.mixins.json:MinecraftServerMixin from mod kubejs,pl:mixin:A}
	at TRANSFORMER/minecraft@1.21.1/net.minecraft.server.MinecraftServer.pollTask(MinecraftServer.java:858) ~[neoforge-21.1.219.jar%23199!/:?] {re:mixin,pl:accesstransformer:B,re:classloading,pl:accesstransformer:B,pl:mixin:APP:ponder-common.mixins.json:accessor.MinecraftServerAccessor from mod ponder,pl:mixin:APP:kubejs.mixins.json:MinecraftServerMixin from mod kubejs,pl:mixin:A}
	at TRANSFORMER/minecraft@1.21.1/net.minecraft.util.thread.BlockableEventLoop.runAllTasks(BlockableEventLoop.java:111) ~[neoforge-21.1.219.jar%23199!/:?] {re:mixin,pl:accesstransformer:B,re:computing_frames,pl:accesstransformer:B,re:classloading,pl:accesstransformer:B}
	at TRANSFORMER/minecraft@1.21.1/net.minecraft.server.MinecraftServer.waitUntilNextTick(MinecraftServer.java:834) ~[neoforge-21.1.219.jar%23199!/:?] {re:mixin,pl:accesstransformer:B,re:classloading,pl:accesstransformer:B,pl:mixin:APP:ponder-common.mixins.json:accessor.MinecraftServerAccessor from mod ponder,pl:mixin:APP:kubejs.mixins.json:MinecraftServerMixin from mod kubejs,pl:mixin:A}
	at TRANSFORMER/minecraft@1.21.1/net.minecraft.server.MinecraftServer.runServer(MinecraftServer.java:718) ~[neoforge-21.1.219.jar%23199!/:?] {re:mixin,pl:accesstransformer:B,re:classloading,pl:accesstransformer:B,pl:mixin:APP:ponder-common.mixins.json:accessor.MinecraftServerAccessor from mod ponder,pl:mixin:APP:kubejs.mixins.json:MinecraftServerMixin from mod kubejs,pl:mixin:A}
	at TRANSFORMER/minecraft@1.21.1/net.minecraft.server.MinecraftServer.lambda$spin$2(MinecraftServer.java:267) ~[neoforge-21.1.219.jar%23199!/:?] {re:mixin,pl:accesstransformer:B,re:classloading,pl:accesstransformer:B,pl:mixin:APP:ponder-common.mixins.json:accessor.MinecraftServerAccessor from mod ponder,pl:mixin:APP:kubejs.mixins.json:MinecraftServerMixin from mod kubejs,pl:mixin:A}
	at java.base/java.lang.Thread.run(Thread.java:1583) [?:?] {re:mixin}
[04:00:48] [Server thread/WARN] [minecraft/BlockEntity]: Skipping BlockEntity with id poopsky:toilet_block_entity
[04:00:48] [Server thread/ERROR] [minecraft/BlockEntity]: Failed to create block entity poopsky:toilet_block_entity
java.lang.IllegalStateException: Invalid block entity poopsky:toilet_block_entity // com.altnoir.poopsky.block.entity.ToiletBlockEntity state at BlockPos{x=-87, y=73, z=-27}, got Block{minecraft:air}
	at TRANSFORMER/minecraft@1.21.1/net.minecraft.world.level.block.entity.BlockEntity.validateBlockState(BlockEntity.java:52) ~[neoforge-21.1.219.jar%23199!/:?] {re:mixin,re:computing_frames,re:classloading,pl:mixin:APP:flywheel.impl.mixins.json:visualmanage.BlockEntityMixin from mod flywheel,pl:mixin:A}
	at TRANSFORMER/minecraft@1.21.1/net.minecraft.world.level.block.entity.BlockEntity.<init>(BlockEntity.java:46) ~[neoforge-21.1.219.jar%23199!/:?] {re:mixin,re:computing_frames,re:classloading,pl:mixin:APP:flywheel.impl.mixins.json:visualmanage.BlockEntityMixin from mod flywheel,pl:mixin:A}
	at TRANSFORMER/poopsky@1.21.1-1.5-dev/com.altnoir.poopsky.block.entity.ToiletBlockEntity.<init>(ToiletBlockEntity.java:41) ~[%23211!/:?] {re:classloading}
	at TRANSFORMER/minecraft@1.21.1/net.minecraft.world.level.block.entity.BlockEntityType.create(BlockEntityType.java:298) ~[neoforge-21.1.219.jar%23199!/:?] {re:mixin,pl:accesstransformer:B,re:classloading,pl:accesstransformer:B,pl:mixin:APP:flywheel.impl.mixins.json:BlockEntityTypeMixin from mod flywheel,pl:mixin:APP:neoforge.mixins.json:BlockEntityTypeAccessor from mod neoforge,pl:mixin:A}
	at TRANSFORMER/minecraft@1.21.1/net.minecraft.world.level.block.entity.BlockEntity.lambda$loadStatic$4(BlockEntity.java:171) ~[neoforge-21.1.219.jar%23199!/:?] {re:mixin,re:computing_frames,re:classloading,pl:mixin:APP:flywheel.impl.mixins.json:visualmanage.BlockEntityMixin from mod flywheel,pl:mixin:A}
	at java.base/java.util.Optional.map(Optional.java:260) ~[?:?] {re:computing_frames,re:mixin}
	at TRANSFORMER/minecraft@1.21.1/net.minecraft.world.level.block.entity.BlockEntity.loadStatic(BlockEntity.java:169) ~[neoforge-21.1.219.jar%23199!/:?] {re:mixin,re:computing_frames,re:classloading,pl:mixin:APP:flywheel.impl.mixins.json:visualmanage.BlockEntityMixin from mod flywheel,pl:mixin:A}
	at TRANSFORMER/minecraft@1.21.1/net.minecraft.world.level.chunk.storage.ChunkSerializer.lambda$postLoadChunk$10(ChunkSerializer.java:440) ~[neoforge-21.1.219.jar%23199!/:?] {re:classloading}
	at TRANSFORMER/minecraft@1.21.1/net.minecraft.world.level.chunk.LevelChunk.runPostLoad(LevelChunk.java:480) ~[neoforge-21.1.219.jar%23199!/:?] {re:mixin,re:classloading,pl:mixin:APP:flywheel.impl.mixins.json:visualmanage.LevelChunkMixin from mod flywheel,pl:mixin:A}
	at TRANSFORMER/minecraft@1.21.1/net.minecraft.world.level.chunk.status.ChunkStatusTasks.lambda$full$2(ChunkStatusTasks.java:206) ~[neoforge-21.1.219.jar%23199!/:?] {re:classloading}
	at java.base/java.util.concurrent.CompletableFuture$AsyncSupply.run(CompletableFuture.java:1768) ~[?:?] {}
	at TRANSFORMER/minecraft@1.21.1/net.minecraft.server.level.ChunkTaskPriorityQueueSorter.lambda$message$1(ChunkTaskPriorityQueueSorter.java:50) ~[neoforge-21.1.219.jar%23199!/:?] {re:classloading}
	at TRANSFORMER/minecraft@1.21.1/net.minecraft.util.thread.BlockableEventLoop.doRunTask(BlockableEventLoop.java:151) ~[neoforge-21.1.219.jar%23199!/:?] {re:mixin,pl:accesstransformer:B,re:computing_frames,pl:accesstransformer:B,re:classloading,pl:accesstransformer:B}
	at TRANSFORMER/minecraft@1.21.1/net.minecraft.server.level.ServerChunkCache$MainThreadExecutor.doRunTask(ServerChunkCache.java:565) ~[neoforge-21.1.219.jar%23199!/:?] {re:classloading}
	at TRANSFORMER/minecraft@1.21.1/net.minecraft.util.thread.BlockableEventLoop.pollTask(BlockableEventLoop.java:122) ~[neoforge-21.1.219.jar%23199!/:?] {re:mixin,pl:accesstransformer:B,re:computing_frames,pl:accesstransformer:B,re:classloading,pl:accesstransformer:B}
	at TRANSFORMER/minecraft@1.21.1/net.minecraft.server.level.ServerChunkCache$MainThreadExecutor.pollTask(ServerChunkCache.java:574) ~[neoforge-21.1.219.jar%23199!/:?] {re:classloading}
	at TRANSFORMER/minecraft@1.21.1/net.minecraft.server.level.ServerChunkCache.pollTask(ServerChunkCache.java:278) ~[neoforge-21.1.219.jar%23199!/:?] {re:classloading,pl:accesstransformer:B}
	at TRANSFORMER/minecraft@1.21.1/net.minecraft.server.MinecraftServer.pollTaskInternal(MinecraftServer.java:869) ~[neoforge-21.1.219.jar%23199!/:?] {re:mixin,pl:accesstransformer:B,re:classloading,pl:accesstransformer:B,pl:mixin:APP:ponder-common.mixins.json:accessor.MinecraftServerAccessor from mod ponder,pl:mixin:APP:kubejs.mixins.json:MinecraftServerMixin from mod kubejs,pl:mixin:A}
	at TRANSFORMER/minecraft@1.21.1/net.minecraft.server.MinecraftServer.pollTask(MinecraftServer.java:858) ~[neoforge-21.1.219.jar%23199!/:?] {re:mixin,pl:accesstransformer:B,re:classloading,pl:accesstransformer:B,pl:mixin:APP:ponder-common.mixins.json:accessor.MinecraftServerAccessor from mod ponder,pl:mixin:APP:kubejs.mixins.json:MinecraftServerMixin from mod kubejs,pl:mixin:A}
	at TRANSFORMER/minecraft@1.21.1/net.minecraft.util.thread.BlockableEventLoop.runAllTasks(BlockableEventLoop.java:111) ~[neoforge-21.1.219.jar%23199!/:?] {re:mixin,pl:accesstransformer:B,re:computing_frames,pl:accesstransformer:B,re:classloading,pl:accesstransformer:B}
	at TRANSFORMER/minecraft@1.21.1/net.minecraft.server.MinecraftServer.waitUntilNextTick(MinecraftServer.java:834) ~[neoforge-21.1.219.jar%23199!/:?] {re:mixin,pl:accesstransformer:B,re:classloading,pl:accesstransformer:B,pl:mixin:APP:ponder-common.mixins.json:accessor.MinecraftServerAccessor from mod ponder,pl:mixin:APP:kubejs.mixins.json:MinecraftServerMixin from mod kubejs,pl:mixin:A}
	at TRANSFORMER/minecraft@1.21.1/net.minecraft.server.MinecraftServer.runServer(MinecraftServer.java:718) ~[neoforge-21.1.219.jar%23199!/:?] {re:mixin,pl:accesstransformer:B,re:classloading,pl:accesstransformer:B,pl:mixin:APP:ponder-common.mixins.json:accessor.MinecraftServerAccessor from mod ponder,pl:mixin:APP:kubejs.mixins.json:MinecraftServerMixin from mod kubejs,pl:mixin:A}
	at TRANSFORMER/minecraft@1.21.1/net.minecraft.server.MinecraftServer.lambda$spin$2(MinecraftServer.java:267) ~[neoforge-21.1.219.jar%23199!/:?] {re:mixin,pl:accesstransformer:B,re:classloading,pl:accesstransformer:B,pl:mixin:APP:ponder-common.mixins.json:accessor.MinecraftServerAccessor from mod ponder,pl:mixin:APP:kubejs.mixins.json:MinecraftServerMixin from mod kubejs,pl:mixin:A}
	at java.base/java.lang.Thread.run(Thread.java:1583) [?:?] {re:mixin}
[04:00:48] [Server thread/WARN] [minecraft/BlockEntity]: Skipping BlockEntity with id poopsky:toilet_block_entity
[04:00:48] [Render thread/DEBUG] [me.je.ne.st.StartEventObserver/]: JEI StartEventObserver received event: class net.neoforged.neoforge.client.event.RecipesUpdatedEvent
[04:00:48] [Server thread/ERROR] [minecraft/BlockEntity]: Failed to create block entity poopsky:toilet_block_entity
java.lang.IllegalStateException: Invalid block entity poopsky:toilet_block_entity // com.altnoir.poopsky.block.entity.ToiletBlockEntity state at BlockPos{x=-88, y=73, z=-27}, got Block{minecraft:air}
	at TRANSFORMER/minecraft@1.21.1/net.minecraft.world.level.block.entity.BlockEntity.validateBlockState(BlockEntity.java:52) ~[neoforge-21.1.219.jar%23199!/:?] {re:mixin,re:computing_frames,re:classloading,pl:mixin:APP:flywheel.impl.mixins.json:visualmanage.BlockEntityMixin from mod flywheel,pl:mixin:A}
	at TRANSFORMER/minecraft@1.21.1/net.minecraft.world.level.block.entity.BlockEntity.<init>(BlockEntity.java:46) ~[neoforge-21.1.219.jar%23199!/:?] {re:mixin,re:computing_frames,re:classloading,pl:mixin:APP:flywheel.impl.mixins.json:visualmanage.BlockEntityMixin from mod flywheel,pl:mixin:A}
	at TRANSFORMER/poopsky@1.21.1-1.5-dev/com.altnoir.poopsky.block.entity.ToiletBlockEntity.<init>(ToiletBlockEntity.java:41) ~[%23211!/:?] {re:classloading}
	at TRANSFORMER/minecraft@1.21.1/net.minecraft.world.level.block.entity.BlockEntityType.create(BlockEntityType.java:298) ~[neoforge-21.1.219.jar%23199!/:?] {re:mixin,pl:accesstransformer:B,re:classloading,pl:accesstransformer:B,pl:mixin:APP:flywheel.impl.mixins.json:BlockEntityTypeMixin from mod flywheel,pl:mixin:APP:neoforge.mixins.json:BlockEntityTypeAccessor from mod neoforge,pl:mixin:A}
	at TRANSFORMER/minecraft@1.21.1/net.minecraft.world.level.block.entity.BlockEntity.lambda$loadStatic$4(BlockEntity.java:171) ~[neoforge-21.1.219.jar%23199!/:?] {re:mixin,re:computing_frames,re:classloading,pl:mixin:APP:flywheel.impl.mixins.json:visualmanage.BlockEntityMixin from mod flywheel,pl:mixin:A}
	at java.base/java.util.Optional.map(Optional.java:260) ~[?:?] {re:computing_frames,re:mixin}
	at TRANSFORMER/minecraft@1.21.1/net.minecraft.world.level.block.entity.BlockEntity.loadStatic(BlockEntity.java:169) ~[neoforge-21.1.219.jar%23199!/:?] {re:mixin,re:computing_frames,re:classloading,pl:mixin:APP:flywheel.impl.mixins.json:visualmanage.BlockEntityMixin from mod flywheel,pl:mixin:A}
	at TRANSFORMER/minecraft@1.21.1/net.minecraft.world.level.chunk.storage.ChunkSerializer.lambda$postLoadChunk$10(ChunkSerializer.java:440) ~[neoforge-21.1.219.jar%23199!/:?] {re:classloading}
	at TRANSFORMER/minecraft@1.21.1/net.minecraft.world.level.chunk.LevelChunk.runPostLoad(LevelChunk.java:480) ~[neoforge-21.1.219.jar%23199!/:?] {re:mixin,re:classloading,pl:mixin:APP:flywheel.impl.mixins.json:visualmanage.LevelChunkMixin from mod flywheel,pl:mixin:A}
	at TRANSFORMER/minecraft@1.21.1/net.minecraft.world.level.chunk.status.ChunkStatusTasks.lambda$full$2(ChunkStatusTasks.java:206) ~[neoforge-21.1.219.jar%23199!/:?] {re:classloading}
	at java.base/java.util.concurrent.CompletableFuture$AsyncSupply.run(CompletableFuture.java:1768) ~[?:?] {}
	at TRANSFORMER/minecraft@1.21.1/net.minecraft.server.level.ChunkTaskPriorityQueueSorter.lambda$message$1(ChunkTaskPriorityQueueSorter.java:50) ~[neoforge-21.1.219.jar%23199!/:?] {re:classloading}
	at TRANSFORMER/minecraft@1.21.1/net.minecraft.util.thread.BlockableEventLoop.doRunTask(BlockableEventLoop.java:151) ~[neoforge-21.1.219.jar%23199!/:?] {re:mixin,pl:accesstransformer:B,re:computing_frames,pl:accesstransformer:B,re:classloading,pl:accesstransformer:B}
	at TRANSFORMER/minecraft@1.21.1/net.minecraft.server.level.ServerChunkCache$MainThreadExecutor.doRunTask(ServerChunkCache.java:565) ~[neoforge-21.1.219.jar%23199!/:?] {re:classloading}
	at TRANSFORMER/minecraft@1.21.1/net.minecraft.util.thread.BlockableEventLoop.pollTask(BlockableEventLoop.java:122) ~[neoforge-21.1.219.jar%23199!/:?] {re:mixin,pl:accesstransformer:B,re:computing_frames,pl:accesstransformer:B,re:classloading,pl:accesstransformer:B}
	at TRANSFORMER/minecraft@1.21.1/net.minecraft.server.level.ServerChunkCache$MainThreadExecutor.pollTask(ServerChunkCache.java:574) ~[neoforge-21.1.219.jar%23199!/:?] {re:classloading}
	at TRANSFORMER/minecraft@1.21.1/net.minecraft.server.level.ServerChunkCache.pollTask(ServerChunkCache.java:278) ~[neoforge-21.1.219.jar%23199!/:?] {re:classloading,pl:accesstransformer:B}
	at TRANSFORMER/minecraft@1.21.1/net.minecraft.server.MinecraftServer.pollTaskInternal(MinecraftServer.java:869) ~[neoforge-21.1.219.jar%23199!/:?] {re:mixin,pl:accesstransformer:B,re:classloading,pl:accesstransformer:B,pl:mixin:APP:ponder-common.mixins.json:accessor.MinecraftServerAccessor from mod ponder,pl:mixin:APP:kubejs.mixins.json:MinecraftServerMixin from mod kubejs,pl:mixin:A}
	at TRANSFORMER/minecraft@1.21.1/net.minecraft.server.MinecraftServer.pollTask(MinecraftServer.java:858) ~[neoforge-21.1.219.jar%23199!/:?] {re:mixin,pl:accesstransformer:B,re:classloading,pl:accesstransformer:B,pl:mixin:APP:ponder-common.mixins.json:accessor.MinecraftServerAccessor from mod ponder,pl:mixin:APP:kubejs.mixins.json:MinecraftServerMixin from mod kubejs,pl:mixin:A}
	at TRANSFORMER/minecraft@1.21.1/net.minecraft.util.thread.BlockableEventLoop.runAllTasks(BlockableEventLoop.java:111) ~[neoforge-21.1.219.jar%23199!/:?] {re:mixin,pl:accesstransformer:B,re:computing_frames,pl:accesstransformer:B,re:classloading,pl:accesstransformer:B}
	at TRANSFORMER/minecraft@1.21.1/net.minecraft.server.MinecraftServer.waitUntilNextTick(MinecraftServer.java:834) ~[neoforge-21.1.219.jar%23199!/:?] {re:mixin,pl:accesstransformer:B,re:classloading,pl:accesstransformer:B,pl:mixin:APP:ponder-common.mixins.json:accessor.MinecraftServerAccessor from mod ponder,pl:mixin:APP:kubejs.mixins.json:MinecraftServerMixin from mod kubejs,pl:mixin:A}
	at TRANSFORMER/minecraft@1.21.1/net.minecraft.server.MinecraftServer.runServer(MinecraftServer.java:718) ~[neoforge-21.1.219.jar%23199!/:?] {re:mixin,pl:accesstransformer:B,re:classloading,pl:accesstransformer:B,pl:mixin:APP:ponder-common.mixins.json:accessor.MinecraftServerAccessor from mod ponder,pl:mixin:APP:kubejs.mixins.json:MinecraftServerMixin from mod kubejs,pl:mixin:A}
	at TRANSFORMER/minecraft@1.21.1/net.minecraft.server.MinecraftServer.lambda$spin$2(MinecraftServer.java:267) ~[neoforge-21.1.219.jar%23199!/:?] {re:mixin,pl:accesstransformer:B,re:classloading,pl:accesstransformer:B,pl:mixin:APP:ponder-common.mixins.json:accessor.MinecraftServerAccessor from mod ponder,pl:mixin:APP:kubejs.mixins.json:MinecraftServerMixin from mod kubejs,pl:mixin:A}
	at java.base/java.lang.Thread.run(Thread.java:1583) [?:?] {re:mixin}
[04:00:48] [Render thread/DEBUG] [me.je.ne.st.StartEventObserver/]: JEI StartEventObserver transitioning state from LISTENING to JEI_STARTED
[04:00:48] [Server thread/WARN] [minecraft/BlockEntity]: Skipping BlockEntity with id poopsky:toilet_block_entity
[04:00:48] [Render thread/INFO] [me.je.co.ut.LoggedTimer/]: Starting JEI...
[04:00:48] [Render thread/INFO] [me.je.li.lo.PluginCaller/]: Registering item subtypes...
[04:00:48] [Render thread/DEBUG] [me.je.li.lo.PluginCallerTimerRunnable/]: Registering item subtypes: jei:minecraft...
[04:00:48] [Render thread/DEBUG] [me.je.li.lo.PluginCallerTimerRunnable/]: Registering item subtypes: farmersdelight:jei_plugin...
[04:00:48] [Render thread/DEBUG] [me.je.li.lo.PluginCallerTimerRunnable/]: Registering item subtypes: emi:jemi...
[04:00:48] [Render thread/DEBUG] [me.je.li.lo.PluginCallerTimerRunnable/]: Registering item subtypes: jade:main...
[04:00:48] [Render thread/DEBUG] [me.je.li.lo.PluginCallerTimerRunnable/]: Registering item subtypes: jei:neoforge_gui...
[04:00:48] [Render thread/DEBUG] [me.je.li.lo.PluginCallerTimerRunnable/]: Registering item subtypes: jei:debug...
[04:00:48] [Render thread/DEBUG] [me.je.li.lo.PluginCallerTimerRunnable/]: Registering item subtypes: jei:gui...
[04:00:48] [Render thread/DEBUG] [me.je.li.lo.PluginCallerTimerRunnable/]: Registering item subtypes: poopsky:jei_plugin...
[04:00:48] [Render thread/DEBUG] [me.je.li.lo.PluginCallerTimerRunnable/]: Registering item subtypes: touhou_little_maid:jei...
[04:00:48] [Render thread/DEBUG] [me.je.li.lo.PluginCallerTimerRunnable/]: Registering item subtypes: create:jei_plugin...
[04:00:48] [Render thread/DEBUG] [me.je.li.lo.PluginCallerTimerRunnable/]: Registering item subtypes: kubejs:jei...
[04:00:48] [Render thread/DEBUG] [me.je.li.lo.PluginCallerTimerRunnable/]: Registering item subtypes: jei:internal...
[04:00:48] [Render thread/INFO] [me.je.li.lo.PluginCaller/]: Registering item subtypes took 1.301 milliseconds
[04:00:48] [Render thread/INFO] [me.je.li.lo.PluginCaller/]: Registering fluid subtypes...
[04:00:48] [Render thread/DEBUG] [me.je.li.lo.PluginCallerTimerRunnable/]: Registering fluid subtypes: jei:minecraft...
[04:00:48] [Render thread/DEBUG] [me.je.li.lo.PluginCallerTimerRunnable/]: Registering fluid subtypes: farmersdelight:jei_plugin...
[04:00:48] [Render thread/DEBUG] [me.je.li.lo.PluginCallerTimerRunnable/]: Registering fluid subtypes: emi:jemi...
[04:00:48] [Render thread/DEBUG] [me.je.li.lo.PluginCallerTimerRunnable/]: Registering fluid subtypes: jade:main...
[04:00:48] [Render thread/DEBUG] [me.je.li.lo.PluginCallerTimerRunnable/]: Registering fluid subtypes: jei:neoforge_gui...
[04:00:48] [Render thread/DEBUG] [me.je.li.lo.PluginCallerTimerRunnable/]: Registering fluid subtypes: jei:debug...
[04:00:48] [Render thread/DEBUG] [me.je.li.lo.PluginCallerTimerRunnable/]: Registering fluid subtypes: jei:gui...
[04:00:48] [Render thread/DEBUG] [me.je.li.lo.PluginCallerTimerRunnable/]: Registering fluid subtypes: poopsky:jei_plugin...
[04:00:48] [Render thread/DEBUG] [me.je.li.lo.PluginCallerTimerRunnable/]: Registering fluid subtypes: touhou_little_maid:jei...
[04:00:48] [Render thread/DEBUG] [me.je.li.lo.PluginCallerTimerRunnable/]: Registering fluid subtypes: create:jei_plugin...
[04:00:48] [Render thread/DEBUG] [me.je.li.lo.PluginCallerTimerRunnable/]: Registering fluid subtypes: kubejs:jei...
[04:00:48] [Render thread/DEBUG] [me.je.li.lo.PluginCallerTimerRunnable/]: Registering fluid subtypes: jei:internal...
[04:00:48] [Render thread/INFO] [me.je.li.lo.PluginCaller/]: Registering fluid subtypes took 6.152 milliseconds
[04:00:48] [Render thread/INFO] [me.je.li.lo.PluginCaller/]: Registering ingredients...
[04:00:48] [Render thread/DEBUG] [me.je.li.lo.PluginCallerTimerRunnable/]: Registering ingredients: jei:minecraft...
[04:00:48] [Render thread/DEBUG] [me.je.li.pl.va.in.ItemStackListFactory/]: Added  402/ 402 new items from '寤虹瓚鏂瑰潡' creative tab's displayItems
[04:00:48] [Render thread/DEBUG] [me.je.li.pl.va.in.ItemStackListFactory/]: Added  198/ 198 new items from '鏌撹壊鏂瑰潡' creative tab's displayItems
[04:00:48] [Render thread/DEBUG] [me.je.li.pl.va.in.ItemStackListFactory/]: Added  201/ 226 new items from '鑷劧鏂瑰潡' creative tab's displayItems
[04:00:48] [Render thread/DEBUG] [me.je.li.pl.va.in.ItemStackListFactory/]: Added   92/ 226 new items from '鍔熻兘鏂瑰潡' creative tab's displayItems
[04:00:48] [Render thread/WARN] [me.je.li.pl.va.in.ItemStackListFactory/]: 47 duplicate items were found in '鍔熻兘鏂瑰潡' creative tab's: displayItems
This may indicate that these types of item need a subtype interpreter added to JEI:
[minecraft:painting]
[04:00:48] [Render thread/DEBUG] [me.je.li.pl.va.in.ItemStackListFactory/]: Added   29/  68 new items from '绾㈢煶鏂瑰潡' creative tab's displayItems
[04:00:48] [Render thread/DEBUG] [me.je.li.pl.va.in.ItemStackListFactory/]: Skipping creative tab: '宸蹭繚瀛樼殑蹇嵎鏍? because it is type: HOTBAR
[04:00:48] [Render thread/DEBUG] [me.je.li.pl.va.in.ItemStackListFactory/]: Skipping creative tab: '鎼滅储鐗╁搧' because it is type: SEARCH
[04:00:48] [Render thread/DEBUG] [me.je.li.pl.va.in.ItemStackListFactory/]: Added   92/ 113 new items from '宸ュ叿涓庡疄鐢ㄧ墿鍝? creative tab's displayItems
[04:00:48] [Render thread/WARN] [me.je.li.pl.va.in.ItemStackListFactory/]: 9 duplicate items were found in '宸ュ叿涓庡疄鐢ㄧ墿鍝? creative tab's: displayItems
This may indicate that these types of item need a subtype interpreter added to JEI:
[minecraft:firework_rocket, minecraft:goat_horn]
[04:00:48] [Render thread/DEBUG] [me.je.li.pl.va.in.ItemStackListFactory/]: Added   47/ 111 new items from '鎴樻枟鐢ㄥ搧' creative tab's displayItems
[04:00:48] [Render thread/WARN] [me.je.li.pl.va.in.ItemStackListFactory/]: 52 duplicate items were found in '鎴樻枟鐢ㄥ搧' creative tab's: displayItems
This may indicate that these types of item need a subtype interpreter added to JEI:
[minecraft:tipped_arrow]
[04:00:48] [Render thread/DEBUG] [me.je.li.pl.va.in.ItemStackListFactory/]: Added   43/ 220 new items from '椋熺墿涓庨ギ鍝? creative tab's displayItems
[04:00:48] [Render thread/WARN] [me.je.li.pl.va.in.ItemStackListFactory/]: 174 duplicate items were found in '椋熺墿涓庨ギ鍝? creative tab's: displayItems
This may indicate that these types of item need a subtype interpreter added to JEI:
[minecraft:suspicious_stew, minecraft:potion, minecraft:splash_potion, minecraft:ominous_bottle, minecraft:lingering_potion]
[04:00:48] [Render thread/DEBUG] [me.je.li.pl.va.in.ItemStackListFactory/]: Added  131/ 192 new items from '鍘熸潗鏂? creative tab's displayItems
[04:00:48] [Render thread/WARN] [me.je.li.pl.va.in.ItemStackListFactory/]: 47 duplicate items were found in '鍘熸潗鏂? creative tab's: displayItems
This may indicate that these types of item need a subtype interpreter added to JEI:
[minecraft:enchanted_book]
[04:00:48] [Render thread/DEBUG] [me.je.li.pl.va.in.ItemStackListFactory/]: Added    0/ 285 new items from '鍘熸潗鏂? creative tab's searchTabDisplayItems
[04:00:48] [Render thread/DEBUG] [me.je.li.pl.va.in.ItemStackListFactory/]: Added   81/  81 new items from '鍒锋€泲' creative tab's displayItems
[04:00:48] [Server thread/ERROR] [minecraft/BlockEntity]: Failed to create block entity poopsky:toilet_block_entity
java.lang.IllegalStateException: Invalid block entity poopsky:toilet_block_entity // com.altnoir.poopsky.block.entity.ToiletBlockEntity state at BlockPos{x=-120, y=71, z=-19}, got Block{minecraft:air}
	at TRANSFORMER/minecraft@1.21.1/net.minecraft.world.level.block.entity.BlockEntity.validateBlockState(BlockEntity.java:52) ~[neoforge-21.1.219.jar%23199!/:?] {re:mixin,re:computing_frames,re:classloading,pl:mixin:APP:flywheel.impl.mixins.json:visualmanage.BlockEntityMixin from mod flywheel,pl:mixin:A}
	at TRANSFORMER/minecraft@1.21.1/net.minecraft.world.level.block.entity.BlockEntity.<init>(BlockEntity.java:46) ~[neoforge-21.1.219.jar%23199!/:?] {re:mixin,re:computing_frames,re:classloading,pl:mixin:APP:flywheel.impl.mixins.json:visualmanage.BlockEntityMixin from mod flywheel,pl:mixin:A}
	at TRANSFORMER/poopsky@1.21.1-1.5-dev/com.altnoir.poopsky.block.entity.ToiletBlockEntity.<init>(ToiletBlockEntity.java:41) ~[%23211!/:?] {re:classloading}
	at TRANSFORMER/minecraft@1.21.1/net.minecraft.world.level.block.entity.BlockEntityType.create(BlockEntityType.java:298) ~[neoforge-21.1.219.jar%23199!/:?] {re:mixin,pl:accesstransformer:B,re:classloading,pl:accesstransformer:B,pl:mixin:APP:flywheel.impl.mixins.json:BlockEntityTypeMixin from mod flywheel,pl:mixin:APP:neoforge.mixins.json:BlockEntityTypeAccessor from mod neoforge,pl:mixin:A}
	at TRANSFORMER/minecraft@1.21.1/net.minecraft.world.level.block.entity.BlockEntity.lambda$loadStatic$4(BlockEntity.java:171) ~[neoforge-21.1.219.jar%23199!/:?] {re:mixin,re:computing_frames,re:classloading,pl:mixin:APP:flywheel.impl.mixins.json:visualmanage.BlockEntityMixin from mod flywheel,pl:mixin:A}
	at java.base/java.util.Optional.map(Optional.java:260) ~[?:?] {re:computing_frames,re:mixin}
	at TRANSFORMER/minecraft@1.21.1/net.minecraft.world.level.block.entity.BlockEntity.loadStatic(BlockEntity.java:169) ~[neoforge-21.1.219.jar%23199!/:?] {re:mixin,re:computing_frames,re:classloading,pl:mixin:APP:flywheel.impl.mixins.json:visualmanage.BlockEntityMixin from mod flywheel,pl:mixin:A}
	at TRANSFORMER/minecraft@1.21.1/net.minecraft.world.level.chunk.storage.ChunkSerializer.lambda$postLoadChunk$10(ChunkSerializer.java:440) ~[neoforge-21.1.219.jar%23199!/:?] {re:classloading}
	at TRANSFORMER/minecraft@1.21.1/net.minecraft.world.level.chunk.LevelChunk.runPostLoad(LevelChunk.java:480) ~[neoforge-21.1.219.jar%23199!/:?] {re:mixin,re:classloading,pl:mixin:APP:flywheel.impl.mixins.json:visualmanage.LevelChunkMixin from mod flywheel,pl:mixin:A}
	at TRANSFORMER/minecraft@1.21.1/net.minecraft.world.level.chunk.status.ChunkStatusTasks.lambda$full$2(ChunkStatusTasks.java:206) ~[neoforge-21.1.219.jar%23199!/:?] {re:classloading}
	at java.base/java.util.concurrent.CompletableFuture$AsyncSupply.run(CompletableFuture.java:1768) ~[?:?] {}
	at TRANSFORMER/minecraft@1.21.1/net.minecraft.server.level.ChunkTaskPriorityQueueSorter.lambda$message$1(ChunkTaskPriorityQueueSorter.java:50) ~[neoforge-21.1.219.jar%23199!/:?] {re:classloading}
	at TRANSFORMER/minecraft@1.21.1/net.minecraft.util.thread.BlockableEventLoop.doRunTask(BlockableEventLoop.java:151) ~[neoforge-21.1.219.jar%23199!/:?] {re:mixin,pl:accesstransformer:B,re:computing_frames,pl:accesstransformer:B,re:classloading,pl:accesstransformer:B}
	at TRANSFORMER/minecraft@1.21.1/net.minecraft.server.level.ServerChunkCache$MainThreadExecutor.doRunTask(ServerChunkCache.java:565) ~[neoforge-21.1.219.jar%23199!/:?] {re:classloading}
	at TRANSFORMER/minecraft@1.21.1/net.minecraft.util.thread.BlockableEventLoop.pollTask(BlockableEventLoop.java:122) ~[neoforge-21.1.219.jar%23199!/:?] {re:mixin,pl:accesstransformer:B,re:computing_frames,pl:accesstransformer:B,re:classloading,pl:accesstransformer:B}
	at TRANSFORMER/minecraft@1.21.1/net.minecraft.server.level.ServerChunkCache$MainThreadExecutor.pollTask(ServerChunkCache.java:574) ~[neoforge-21.1.219.jar%23199!/:?] {re:classloading}
	at TRANSFORMER/minecraft@1.21.1/net.minecraft.server.level.ServerChunkCache.pollTask(ServerChunkCache.java:278) ~[neoforge-21.1.219.jar%23199!/:?] {re:classloading,pl:accesstransformer:B}
	at TRANSFORMER/minecraft@1.21.1/net.minecraft.server.MinecraftServer.pollTaskInternal(MinecraftServer.java:869) ~[neoforge-21.1.219.jar%23199!/:?] {re:mixin,pl:accesstransformer:B,re:classloading,pl:accesstransformer:B,pl:mixin:APP:ponder-common.mixins.json:accessor.MinecraftServerAccessor from mod ponder,pl:mixin:APP:kubejs.mixins.json:MinecraftServerMixin from mod kubejs,pl:mixin:A}
	at TRANSFORMER/minecraft@1.21.1/net.minecraft.server.MinecraftServer.pollTask(MinecraftServer.java:858) ~[neoforge-21.1.219.jar%23199!/:?] {re:mixin,pl:accesstransformer:B,re:classloading,pl:accesstransformer:B,pl:mixin:APP:ponder-common.mixins.json:accessor.MinecraftServerAccessor from mod ponder,pl:mixin:APP:kubejs.mixins.json:MinecraftServerMixin from mod kubejs,pl:mixin:A}
	at TRANSFORMER/minecraft@1.21.1/net.minecraft.util.thread.BlockableEventLoop.managedBlock(BlockableEventLoop.java:135) ~[neoforge-21.1.219.jar%23199!/:?] {re:mixin,pl:accesstransformer:B,re:computing_frames,pl:accesstransformer:B,re:classloading,pl:accesstransformer:B}
	at TRANSFORMER/minecraft@1.21.1/net.minecraft.server.MinecraftServer.managedBlock(MinecraftServer.java:830) ~[neoforge-21.1.219.jar%23199!/:?] {re:mixin,pl:accesstransformer:B,re:classloading,pl:accesstransformer:B,pl:mixin:APP:ponder-common.mixins.json:accessor.MinecraftServerAccessor from mod ponder,pl:mixin:APP:kubejs.mixins.json:MinecraftServerMixin from mod kubejs,pl:mixin:A}
	at TRANSFORMER/minecraft@1.21.1/net.minecraft.server.MinecraftServer.waitUntilNextTick(MinecraftServer.java:835) ~[neoforge-21.1.219.jar%23199!/:?] {re:mixin,pl:accesstransformer:B,re:classloading,pl:accesstransformer:B,pl:mixin:APP:ponder-common.mixins.json:accessor.MinecraftServerAccessor from mod ponder,pl:mixin:APP:kubejs.mixins.json:MinecraftServerMixin from mod kubejs,pl:mixin:A}
	at TRANSFORMER/minecraft@1.21.1/net.minecraft.server.MinecraftServer.runServer(MinecraftServer.java:718) ~[neoforge-21.1.219.jar%23199!/:?] {re:mixin,pl:accesstransformer:B,re:classloading,pl:accesstransformer:B,pl:mixin:APP:ponder-common.mixins.json:accessor.MinecraftServerAccessor from mod ponder,pl:mixin:APP:kubejs.mixins.json:MinecraftServerMixin from mod kubejs,pl:mixin:A}
	at TRANSFORMER/minecraft@1.21.1/net.minecraft.server.MinecraftServer.lambda$spin$2(MinecraftServer.java:267) ~[neoforge-21.1.219.jar%23199!/:?] {re:mixin,pl:accesstransformer:B,re:classloading,pl:accesstransformer:B,pl:mixin:APP:ponder-common.mixins.json:accessor.MinecraftServerAccessor from mod ponder,pl:mixin:APP:kubejs.mixins.json:MinecraftServerMixin from mod kubejs,pl:mixin:A}
	at java.base/java.lang.Thread.run(Thread.java:1583) [?:?] {re:mixin}
[04:00:48] [Render thread/DEBUG] [me.je.li.pl.va.in.ItemStackListFactory/]: Item Group has no display items and no search tab display items. Items from this group will be missing from the JEI ingredient list. 绠＄悊鍛樼敤鍝?
[04:00:48] [Render thread/DEBUG] [me.je.li.pl.va.in.ItemStackListFactory/]: Skipping creative tab: '鐢熷瓨妯″紡鐗╁搧鏍? because it is type: INVENTORY
[04:00:48] [Server thread/WARN] [minecraft/BlockEntity]: Skipping BlockEntity with id poopsky:toilet_block_entity
[04:00:48] [Server thread/ERROR] [minecraft/BlockEntity]: Failed to create block entity poopsky:toilet_block_entity
java.lang.IllegalStateException: Invalid block entity poopsky:toilet_block_entity // com.altnoir.poopsky.block.entity.ToiletBlockEntity state at BlockPos{x=-121, y=71, z=-19}, got Block{minecraft:air}
	at TRANSFORMER/minecraft@1.21.1/net.minecraft.world.level.block.entity.BlockEntity.validateBlockState(BlockEntity.java:52) ~[neoforge-21.1.219.jar%23199!/:?] {re:mixin,re:computing_frames,re:classloading,pl:mixin:APP:flywheel.impl.mixins.json:visualmanage.BlockEntityMixin from mod flywheel,pl:mixin:A}
	at TRANSFORMER/minecraft@1.21.1/net.minecraft.world.level.block.entity.BlockEntity.<init>(BlockEntity.java:46) ~[neoforge-21.1.219.jar%23199!/:?] {re:mixin,re:computing_frames,re:classloading,pl:mixin:APP:flywheel.impl.mixins.json:visualmanage.BlockEntityMixin from mod flywheel,pl:mixin:A}
	at TRANSFORMER/poopsky@1.21.1-1.5-dev/com.altnoir.poopsky.block.entity.ToiletBlockEntity.<init>(ToiletBlockEntity.java:41) ~[%23211!/:?] {re:classloading}
	at TRANSFORMER/minecraft@1.21.1/net.minecraft.world.level.block.entity.BlockEntityType.create(BlockEntityType.java:298) ~[neoforge-21.1.219.jar%23199!/:?] {re:mixin,pl:accesstransformer:B,re:classloading,pl:accesstransformer:B,pl:mixin:APP:flywheel.impl.mixins.json:BlockEntityTypeMixin from mod flywheel,pl:mixin:APP:neoforge.mixins.json:BlockEntityTypeAccessor from mod neoforge,pl:mixin:A}
	at TRANSFORMER/minecraft@1.21.1/net.minecraft.world.level.block.entity.BlockEntity.lambda$loadStatic$4(BlockEntity.java:171) ~[neoforge-21.1.219.jar%23199!/:?] {re:mixin,re:computing_frames,re:classloading,pl:mixin:APP:flywheel.impl.mixins.json:visualmanage.BlockEntityMixin from mod flywheel,pl:mixin:A}
	at java.base/java.util.Optional.map(Optional.java:260) ~[?:?] {re:computing_frames,re:mixin}
	at TRANSFORMER/minecraft@1.21.1/net.minecraft.world.level.block.entity.BlockEntity.loadStatic(BlockEntity.java:169) ~[neoforge-21.1.219.jar%23199!/:?] {re:mixin,re:computing_frames,re:classloading,pl:mixin:APP:flywheel.impl.mixins.json:visualmanage.BlockEntityMixin from mod flywheel,pl:mixin:A}
	at TRANSFORMER/minecraft@1.21.1/net.minecraft.world.level.chunk.storage.ChunkSerializer.lambda$postLoadChunk$10(ChunkSerializer.java:440) ~[neoforge-21.1.219.jar%23199!/:?] {re:classloading}
	at TRANSFORMER/minecraft@1.21.1/net.minecraft.world.level.chunk.LevelChunk.runPostLoad(LevelChunk.java:480) ~[neoforge-21.1.219.jar%23199!/:?] {re:mixin,re:classloading,pl:mixin:APP:flywheel.impl.mixins.json:visualmanage.LevelChunkMixin from mod flywheel,pl:mixin:A}
	at TRANSFORMER/minecraft@1.21.1/net.minecraft.world.level.chunk.status.ChunkStatusTasks.lambda$full$2(ChunkStatusTasks.java:206) ~[neoforge-21.1.219.jar%23199!/:?] {re:classloading}
	at java.base/java.util.concurrent.CompletableFuture$AsyncSupply.run(CompletableFuture.java:1768) ~[?:?] {}
	at TRANSFORMER/minecraft@1.21.1/net.minecraft.server.level.ChunkTaskPriorityQueueSorter.lambda$message$1(ChunkTaskPriorityQueueSorter.java:50) ~[neoforge-21.1.219.jar%23199!/:?] {re:classloading}
	at TRANSFORMER/minecraft@1.21.1/net.minecraft.util.thread.BlockableEventLoop.doRunTask(BlockableEventLoop.java:151) ~[neoforge-21.1.219.jar%23199!/:?] {re:mixin,pl:accesstransformer:B,re:computing_frames,pl:accesstransformer:B,re:classloading,pl:accesstransformer:B}
	at TRANSFORMER/minecraft@1.21.1/net.minecraft.server.level.ServerChunkCache$MainThreadExecutor.doRunTask(ServerChunkCache.java:565) ~[neoforge-21.1.219.jar%23199!/:?] {re:classloading}
	at TRANSFORMER/minecraft@1.21.1/net.minecraft.util.thread.BlockableEventLoop.pollTask(BlockableEventLoop.java:122) ~[neoforge-21.1.219.jar%23199!/:?] {re:mixin,pl:accesstransformer:B,re:computing_frames,pl:accesstransformer:B,re:classloading,pl:accesstransformer:B}
	at TRANSFORMER/minecraft@1.21.1/net.minecraft.server.level.ServerChunkCache$MainThreadExecutor.pollTask(ServerChunkCache.java:574) ~[neoforge-21.1.219.jar%23199!/:?] {re:classloading}
	at TRANSFORMER/minecraft@1.21.1/net.minecraft.server.level.ServerChunkCache.pollTask(ServerChunkCache.java:278) ~[neoforge-21.1.219.jar%23199!/:?] {re:classloading,pl:accesstransformer:B}
	at TRANSFORMER/minecraft@1.21.1/net.minecraft.server.MinecraftServer.pollTaskInternal(MinecraftServer.java:869) ~[neoforge-21.1.219.jar%23199!/:?] {re:mixin,pl:accesstransformer:B,re:classloading,pl:accesstransformer:B,pl:mixin:APP:ponder-common.mixins.json:accessor.MinecraftServerAccessor from mod ponder,pl:mixin:APP:kubejs.mixins.json:MinecraftServerMixin from mod kubejs,pl:mixin:A}
	at TRANSFORMER/minecraft@1.21.1/net.minecraft.server.MinecraftServer.pollTask(MinecraftServer.java:858) ~[neoforge-21.1.219.jar%23199!/:?] {re:mixin,pl:accesstransformer:B,re:classloading,pl:accesstransformer:B,pl:mixin:APP:ponder-common.mixins.json:accessor.MinecraftServerAccessor from mod ponder,pl:mixin:APP:kubejs.mixins.json:MinecraftServerMixin from mod kubejs,pl:mixin:A}
	at TRANSFORMER/minecraft@1.21.1/net.minecraft.util.thread.BlockableEventLoop.managedBlock(BlockableEventLoop.java:135) ~[neoforge-21.1.219.jar%23199!/:?] {re:mixin,pl:accesstransformer:B,re:computing_frames,pl:accesstransformer:B,re:classloading,pl:accesstransformer:B}
	at TRANSFORMER/minecraft@1.21.1/net.minecraft.server.MinecraftServer.managedBlock(MinecraftServer.java:830) ~[neoforge-21.1.219.jar%23199!/:?] {re:mixin,pl:accesstransformer:B,re:classloading,pl:accesstransformer:B,pl:mixin:APP:ponder-common.mixins.json:accessor.MinecraftServerAccessor from mod ponder,pl:mixin:APP:kubejs.mixins.json:MinecraftServerMixin from mod kubejs,pl:mixin:A}
	at TRANSFORMER/minecraft@1.21.1/net.minecraft.server.MinecraftServer.waitUntilNextTick(MinecraftServer.java:835) ~[neoforge-21.1.219.jar%23199!/:?] {re:mixin,pl:accesstransformer:B,re:classloading,pl:accesstransformer:B,pl:mixin:APP:ponder-common.mixins.json:accessor.MinecraftServerAccessor from mod ponder,pl:mixin:APP:kubejs.mixins.json:MinecraftServerMixin from mod kubejs,pl:mixin:A}
	at TRANSFORMER/minecraft@1.21.1/net.minecraft.server.MinecraftServer.runServer(MinecraftServer.java:718) ~[neoforge-21.1.219.jar%23199!/:?] {re:mixin,pl:accesstransformer:B,re:classloading,pl:accesstransformer:B,pl:mixin:APP:ponder-common.mixins.json:accessor.MinecraftServerAccessor from mod ponder,pl:mixin:APP:kubejs.mixins.json:MinecraftServerMixin from mod kubejs,pl:mixin:A}
	at TRANSFORMER/minecraft@1.21.1/net.minecraft.server.MinecraftServer.lambda$spin$2(MinecraftServer.java:267) ~[neoforge-21.1.219.jar%23199!/:?] {re:mixin,pl:accesstransformer:B,re:classloading,pl:accesstransformer:B,pl:mixin:APP:ponder-common.mixins.json:accessor.MinecraftServerAccessor from mod ponder,pl:mixin:APP:kubejs.mixins.json:MinecraftServerMixin from mod kubejs,pl:mixin:A}
	at java.base/java.lang.Thread.run(Thread.java:1583) [?:?] {re:mixin}
[04:00:48] [Server thread/WARN] [minecraft/BlockEntity]: Skipping BlockEntity with id poopsky:toilet_block_entity
[04:00:48] [Render thread/DEBUG] [me.je.li.pl.va.in.ItemStackListFactory/]: Added  177/ 177 new items from '鍐滃か涔愪簨' creative tab's displayItems
[04:00:48] [Server thread/ERROR] [minecraft/BlockEntity]: Failed to create block entity poopsky:toilet_block_entity
java.lang.IllegalStateException: Invalid block entity poopsky:toilet_block_entity // com.altnoir.poopsky.block.entity.ToiletBlockEntity state at BlockPos{x=-120, y=71, z=-20}, got Block{minecraft:air}
	at TRANSFORMER/minecraft@1.21.1/net.minecraft.world.level.block.entity.BlockEntity.validateBlockState(BlockEntity.java:52) ~[neoforge-21.1.219.jar%23199!/:?] {re:mixin,re:computing_frames,re:classloading,pl:mixin:APP:flywheel.impl.mixins.json:visualmanage.BlockEntityMixin from mod flywheel,pl:mixin:A}
	at TRANSFORMER/minecraft@1.21.1/net.minecraft.world.level.block.entity.BlockEntity.<init>(BlockEntity.java:46) ~[neoforge-21.1.219.jar%23199!/:?] {re:mixin,re:computing_frames,re:classloading,pl:mixin:APP:flywheel.impl.mixins.json:visualmanage.BlockEntityMixin from mod flywheel,pl:mixin:A}
	at TRANSFORMER/poopsky@1.21.1-1.5-dev/com.altnoir.poopsky.block.entity.ToiletBlockEntity.<init>(ToiletBlockEntity.java:41) ~[%23211!/:?] {re:classloading}
	at TRANSFORMER/minecraft@1.21.1/net.minecraft.world.level.block.entity.BlockEntityType.create(BlockEntityType.java:298) ~[neoforge-21.1.219.jar%23199!/:?] {re:mixin,pl:accesstransformer:B,re:classloading,pl:accesstransformer:B,pl:mixin:APP:flywheel.impl.mixins.json:BlockEntityTypeMixin from mod flywheel,pl:mixin:APP:neoforge.mixins.json:BlockEntityTypeAccessor from mod neoforge,pl:mixin:A}
	at TRANSFORMER/minecraft@1.21.1/net.minecraft.world.level.block.entity.BlockEntity.lambda$loadStatic$4(BlockEntity.java:171) ~[neoforge-21.1.219.jar%23199!/:?] {re:mixin,re:computing_frames,re:classloading,pl:mixin:APP:flywheel.impl.mixins.json:visualmanage.BlockEntityMixin from mod flywheel,pl:mixin:A}
	at java.base/java.util.Optional.map(Optional.java:260) ~[?:?] {re:computing_frames,re:mixin}
	at TRANSFORMER/minecraft@1.21.1/net.minecraft.world.level.block.entity.BlockEntity.loadStatic(BlockEntity.java:169) ~[neoforge-21.1.219.jar%23199!/:?] {re:mixin,re:computing_frames,re:classloading,pl:mixin:APP:flywheel.impl.mixins.json:visualmanage.BlockEntityMixin from mod flywheel,pl:mixin:A}
	at TRANSFORMER/minecraft@1.21.1/net.minecraft.world.level.chunk.storage.ChunkSerializer.lambda$postLoadChunk$10(ChunkSerializer.java:440) ~[neoforge-21.1.219.jar%23199!/:?] {re:classloading}
	at TRANSFORMER/minecraft@1.21.1/net.minecraft.world.level.chunk.LevelChunk.runPostLoad(LevelChunk.java:480) ~[neoforge-21.1.219.jar%23199!/:?] {re:mixin,re:classloading,pl:mixin:APP:flywheel.impl.mixins.json:visualmanage.LevelChunkMixin from mod flywheel,pl:mixin:A}
	at TRANSFORMER/minecraft@1.21.1/net.minecraft.world.level.chunk.status.ChunkStatusTasks.lambda$full$2(ChunkStatusTasks.java:206) ~[neoforge-21.1.219.jar%23199!/:?] {re:classloading}
	at java.base/java.util.concurrent.CompletableFuture$AsyncSupply.run(CompletableFuture.java:1768) ~[?:?] {}
	at TRANSFORMER/minecraft@1.21.1/net.minecraft.server.level.ChunkTaskPriorityQueueSorter.lambda$message$1(ChunkTaskPriorityQueueSorter.java:50) ~[neoforge-21.1.219.jar%23199!/:?] {re:classloading}
	at TRANSFORMER/minecraft@1.21.1/net.minecraft.util.thread.BlockableEventLoop.doRunTask(BlockableEventLoop.java:151) ~[neoforge-21.1.219.jar%23199!/:?] {re:mixin,pl:accesstransformer:B,re:computing_frames,pl:accesstransformer:B,re:classloading,pl:accesstransformer:B}
	at TRANSFORMER/minecraft@1.21.1/net.minecraft.server.level.ServerChunkCache$MainThreadExecutor.doRunTask(ServerChunkCache.java:565) ~[neoforge-21.1.219.jar%23199!/:?] {re:classloading}
	at TRANSFORMER/minecraft@1.21.1/net.minecraft.util.thread.BlockableEventLoop.pollTask(BlockableEventLoop.java:122) ~[neoforge-21.1.219.jar%23199!/:?] {re:mixin,pl:accesstransformer:B,re:computing_frames,pl:accesstransformer:B,re:classloading,pl:accesstransformer:B}
	at TRANSFORMER/minecraft@1.21.1/net.minecraft.server.level.ServerChunkCache$MainThreadExecutor.pollTask(ServerChunkCache.java:574) ~[neoforge-21.1.219.jar%23199!/:?] {re:classloading}
	at TRANSFORMER/minecraft@1.21.1/net.minecraft.server.level.ServerChunkCache.pollTask(ServerChunkCache.java:278) ~[neoforge-21.1.219.jar%23199!/:?] {re:classloading,pl:accesstransformer:B}
	at TRANSFORMER/minecraft@1.21.1/net.minecraft.server.MinecraftServer.pollTaskInternal(MinecraftServer.java:869) ~[neoforge-21.1.219.jar%23199!/:?] {re:mixin,pl:accesstransformer:B,re:classloading,pl:accesstransformer:B,pl:mixin:APP:ponder-common.mixins.json:accessor.MinecraftServerAccessor from mod ponder,pl:mixin:APP:kubejs.mixins.json:MinecraftServerMixin from mod kubejs,pl:mixin:A}
	at TRANSFORMER/minecraft@1.21.1/net.minecraft.server.MinecraftServer.pollTask(MinecraftServer.java:858) ~[neoforge-21.1.219.jar%23199!/:?] {re:mixin,pl:accesstransformer:B,re:classloading,pl:accesstransformer:B,pl:mixin:APP:ponder-common.mixins.json:accessor.MinecraftServerAccessor from mod ponder,pl:mixin:APP:kubejs.mixins.json:MinecraftServerMixin from mod kubejs,pl:mixin:A}
	at TRANSFORMER/minecraft@1.21.1/net.minecraft.util.thread.BlockableEventLoop.managedBlock(BlockableEventLoop.java:135) ~[neoforge-21.1.219.jar%23199!/:?] {re:mixin,pl:accesstransformer:B,re:computing_frames,pl:accesstransformer:B,re:classloading,pl:accesstransformer:B}
	at TRANSFORMER/minecraft@1.21.1/net.minecraft.server.MinecraftServer.managedBlock(MinecraftServer.java:830) ~[neoforge-21.1.219.jar%23199!/:?] {re:mixin,pl:accesstransformer:B,re:classloading,pl:accesstransformer:B,pl:mixin:APP:ponder-common.mixins.json:accessor.MinecraftServerAccessor from mod ponder,pl:mixin:APP:kubejs.mixins.json:MinecraftServerMixin from mod kubejs,pl:mixin:A}
	at TRANSFORMER/minecraft@1.21.1/net.minecraft.server.MinecraftServer.waitUntilNextTick(MinecraftServer.java:835) ~[neoforge-21.1.219.jar%23199!/:?] {re:mixin,pl:accesstransformer:B,re:classloading,pl:accesstransformer:B,pl:mixin:APP:ponder-common.mixins.json:accessor.MinecraftServerAccessor from mod ponder,pl:mixin:APP:kubejs.mixins.json:MinecraftServerMixin from mod kubejs,pl:mixin:A}
	at TRANSFORMER/minecraft@1.21.1/net.minecraft.server.MinecraftServer.runServer(MinecraftServer.java:718) ~[neoforge-21.1.219.jar%23199!/:?] {re:mixin,pl:accesstransformer:B,re:classloading,pl:accesstransformer:B,pl:mixin:APP:ponder-common.mixins.json:accessor.MinecraftServerAccessor from mod ponder,pl:mixin:APP:kubejs.mixins.json:MinecraftServerMixin from mod kubejs,pl:mixin:A}
	at TRANSFORMER/minecraft@1.21.1/net.minecraft.server.MinecraftServer.lambda$spin$2(MinecraftServer.java:267) ~[neoforge-21.1.219.jar%23199!/:?] {re:mixin,pl:accesstransformer:B,re:classloading,pl:accesstransformer:B,pl:mixin:APP:ponder-common.mixins.json:accessor.MinecraftServerAccessor from mod ponder,pl:mixin:APP:kubejs.mixins.json:MinecraftServerMixin from mod kubejs,pl:mixin:A}
	at java.base/java.lang.Thread.run(Thread.java:1583) [?:?] {re:mixin}
[04:00:48] [Server thread/WARN] [minecraft/BlockEntity]: Skipping BlockEntity with id poopsky:toilet_block_entity
[04:00:48] [Server thread/ERROR] [minecraft/BlockEntity]: Failed to create block entity poopsky:toilet_block_entity
java.lang.IllegalStateException: Invalid block entity poopsky:toilet_block_entity // com.altnoir.poopsky.block.entity.ToiletBlockEntity state at BlockPos{x=-122, y=71, z=-19}, got Block{minecraft:air}
	at TRANSFORMER/minecraft@1.21.1/net.minecraft.world.level.block.entity.BlockEntity.validateBlockState(BlockEntity.java:52) ~[neoforge-21.1.219.jar%23199!/:?] {re:mixin,re:computing_frames,re:classloading,pl:mixin:APP:flywheel.impl.mixins.json:visualmanage.BlockEntityMixin from mod flywheel,pl:mixin:A}
	at TRANSFORMER/minecraft@1.21.1/net.minecraft.world.level.block.entity.BlockEntity.<init>(BlockEntity.java:46) ~[neoforge-21.1.219.jar%23199!/:?] {re:mixin,re:computing_frames,re:classloading,pl:mixin:APP:flywheel.impl.mixins.json:visualmanage.BlockEntityMixin from mod flywheel,pl:mixin:A}
	at TRANSFORMER/poopsky@1.21.1-1.5-dev/com.altnoir.poopsky.block.entity.ToiletBlockEntity.<init>(ToiletBlockEntity.java:41) ~[%23211!/:?] {re:classloading}
	at TRANSFORMER/minecraft@1.21.1/net.minecraft.world.level.block.entity.BlockEntityType.create(BlockEntityType.java:298) ~[neoforge-21.1.219.jar%23199!/:?] {re:mixin,pl:accesstransformer:B,re:classloading,pl:accesstransformer:B,pl:mixin:APP:flywheel.impl.mixins.json:BlockEntityTypeMixin from mod flywheel,pl:mixin:APP:neoforge.mixins.json:BlockEntityTypeAccessor from mod neoforge,pl:mixin:A}
	at TRANSFORMER/minecraft@1.21.1/net.minecraft.world.level.block.entity.BlockEntity.lambda$loadStatic$4(BlockEntity.java:171) ~[neoforge-21.1.219.jar%23199!/:?] {re:mixin,re:computing_frames,re:classloading,pl:mixin:APP:flywheel.impl.mixins.json:visualmanage.BlockEntityMixin from mod flywheel,pl:mixin:A}
	at java.base/java.util.Optional.map(Optional.java:260) ~[?:?] {re:computing_frames,re:mixin}
	at TRANSFORMER/minecraft@1.21.1/net.minecraft.world.level.block.entity.BlockEntity.loadStatic(BlockEntity.java:169) ~[neoforge-21.1.219.jar%23199!/:?] {re:mixin,re:computing_frames,re:classloading,pl:mixin:APP:flywheel.impl.mixins.json:visualmanage.BlockEntityMixin from mod flywheel,pl:mixin:A}
	at TRANSFORMER/minecraft@1.21.1/net.minecraft.world.level.chunk.storage.ChunkSerializer.lambda$postLoadChunk$10(ChunkSerializer.java:440) ~[neoforge-21.1.219.jar%23199!/:?] {re:classloading}
	at TRANSFORMER/minecraft@1.21.1/net.minecraft.world.level.chunk.LevelChunk.runPostLoad(LevelChunk.java:480) ~[neoforge-21.1.219.jar%23199!/:?] {re:mixin,re:classloading,pl:mixin:APP:flywheel.impl.mixins.json:visualmanage.LevelChunkMixin from mod flywheel,pl:mixin:A}
	at TRANSFORMER/minecraft@1.21.1/net.minecraft.world.level.chunk.status.ChunkStatusTasks.lambda$full$2(ChunkStatusTasks.java:206) ~[neoforge-21.1.219.jar%23199!/:?] {re:classloading}
	at java.base/java.util.concurrent.CompletableFuture$AsyncSupply.run(CompletableFuture.java:1768) ~[?:?] {}
	at TRANSFORMER/minecraft@1.21.1/net.minecraft.server.level.ChunkTaskPriorityQueueSorter.lambda$message$1(ChunkTaskPriorityQueueSorter.java:50) ~[neoforge-21.1.219.jar%23199!/:?] {re:classloading}
	at TRANSFORMER/minecraft@1.21.1/net.minecraft.util.thread.BlockableEventLoop.doRunTask(BlockableEventLoop.java:151) ~[neoforge-21.1.219.jar%23199!/:?] {re:mixin,pl:accesstransformer:B,re:computing_frames,pl:accesstransformer:B,re:classloading,pl:accesstransformer:B}
	at TRANSFORMER/minecraft@1.21.1/net.minecraft.server.level.ServerChunkCache$MainThreadExecutor.doRunTask(ServerChunkCache.java:565) ~[neoforge-21.1.219.jar%23199!/:?] {re:classloading}
	at TRANSFORMER/minecraft@1.21.1/net.minecraft.util.thread.BlockableEventLoop.pollTask(BlockableEventLoop.java:122) ~[neoforge-21.1.219.jar%23199!/:?] {re:mixin,pl:accesstransformer:B,re:computing_frames,pl:accesstransformer:B,re:classloading,pl:accesstransformer:B}
	at TRANSFORMER/minecraft@1.21.1/net.minecraft.server.level.ServerChunkCache$MainThreadExecutor.pollTask(ServerChunkCache.java:574) ~[neoforge-21.1.219.jar%23199!/:?] {re:classloading}
	at TRANSFORMER/minecraft@1.21.1/net.minecraft.server.level.ServerChunkCache.pollTask(ServerChunkCache.java:278) ~[neoforge-21.1.219.jar%23199!/:?] {re:classloading,pl:accesstransformer:B}
	at TRANSFORMER/minecraft@1.21.1/net.minecraft.server.MinecraftServer.pollTaskInternal(MinecraftServer.java:869) ~[neoforge-21.1.219.jar%23199!/:?] {re:mixin,pl:accesstransformer:B,re:classloading,pl:accesstransformer:B,pl:mixin:APP:ponder-common.mixins.json:accessor.MinecraftServerAccessor from mod ponder,pl:mixin:APP:kubejs.mixins.json:MinecraftServerMixin from mod kubejs,pl:mixin:A}
	at TRANSFORMER/minecraft@1.21.1/net.minecraft.server.MinecraftServer.pollTask(MinecraftServer.java:858) ~[neoforge-21.1.219.jar%23199!/:?] {re:mixin,pl:accesstransformer:B,re:classloading,pl:accesstransformer:B,pl:mixin:APP:ponder-common.mixins.json:accessor.MinecraftServerAccessor from mod ponder,pl:mixin:APP:kubejs.mixins.json:MinecraftServerMixin from mod kubejs,pl:mixin:A}
	at TRANSFORMER/minecraft@1.21.1/net.minecraft.util.thread.BlockableEventLoop.managedBlock(BlockableEventLoop.java:135) ~[neoforge-21.1.219.jar%23199!/:?] {re:mixin,pl:accesstransformer:B,re:computing_frames,pl:accesstransformer:B,re:classloading,pl:accesstransformer:B}
	at TRANSFORMER/minecraft@1.21.1/net.minecraft.server.MinecraftServer.managedBlock(MinecraftServer.java:830) ~[neoforge-21.1.219.jar%23199!/:?] {re:mixin,pl:accesstransformer:B,re:classloading,pl:accesstransformer:B,pl:mixin:APP:ponder-common.mixins.json:accessor.MinecraftServerAccessor from mod ponder,pl:mixin:APP:kubejs.mixins.json:MinecraftServerMixin from mod kubejs,pl:mixin:A}
	at TRANSFORMER/minecraft@1.21.1/net.minecraft.server.MinecraftServer.waitUntilNextTick(MinecraftServer.java:835) ~[neoforge-21.1.219.jar%23199!/:?] {re:mixin,pl:accesstransformer:B,re:classloading,pl:accesstransformer:B,pl:mixin:APP:ponder-common.mixins.json:accessor.MinecraftServerAccessor from mod ponder,pl:mixin:APP:kubejs.mixins.json:MinecraftServerMixin from mod kubejs,pl:mixin:A}
	at TRANSFORMER/minecraft@1.21.1/net.minecraft.server.MinecraftServer.runServer(MinecraftServer.java:718) ~[neoforge-21.1.219.jar%23199!/:?] {re:mixin,pl:accesstransformer:B,re:classloading,pl:accesstransformer:B,pl:mixin:APP:ponder-common.mixins.json:accessor.MinecraftServerAccessor from mod ponder,pl:mixin:APP:kubejs.mixins.json:MinecraftServerMixin from mod kubejs,pl:mixin:A}
	at TRANSFORMER/minecraft@1.21.1/net.minecraft.server.MinecraftServer.lambda$spin$2(MinecraftServer.java:267) ~[neoforge-21.1.219.jar%23199!/:?] {re:mixin,pl:accesstransformer:B,re:classloading,pl:accesstransformer:B,pl:mixin:APP:ponder-common.mixins.json:accessor.MinecraftServerAccessor from mod ponder,pl:mixin:APP:kubejs.mixins.json:MinecraftServerMixin from mod kubejs,pl:mixin:A}
	at java.base/java.lang.Thread.run(Thread.java:1583) [?:?] {re:mixin}
[04:00:48] [Server thread/WARN] [minecraft/BlockEntity]: Skipping BlockEntity with id poopsky:toilet_block_entity
[04:00:48] [Server thread/ERROR] [minecraft/BlockEntity]: Failed to create block entity poopsky:toilet_block_entity
java.lang.IllegalStateException: Invalid block entity poopsky:toilet_block_entity // com.altnoir.poopsky.block.entity.ToiletBlockEntity state at BlockPos{x=-124, y=71, z=-15}, got Block{minecraft:air}
	at TRANSFORMER/minecraft@1.21.1/net.minecraft.world.level.block.entity.BlockEntity.validateBlockState(BlockEntity.java:52) ~[neoforge-21.1.219.jar%23199!/:?] {re:mixin,re:computing_frames,re:classloading,pl:mixin:APP:flywheel.impl.mixins.json:visualmanage.BlockEntityMixin from mod flywheel,pl:mixin:A}
	at TRANSFORMER/minecraft@1.21.1/net.minecraft.world.level.block.entity.BlockEntity.<init>(BlockEntity.java:46) ~[neoforge-21.1.219.jar%23199!/:?] {re:mixin,re:computing_frames,re:classloading,pl:mixin:APP:flywheel.impl.mixins.json:visualmanage.BlockEntityMixin from mod flywheel,pl:mixin:A}
	at TRANSFORMER/poopsky@1.21.1-1.5-dev/com.altnoir.poopsky.block.entity.ToiletBlockEntity.<init>(ToiletBlockEntity.java:41) ~[%23211!/:?] {re:classloading}
	at TRANSFORMER/minecraft@1.21.1/net.minecraft.world.level.block.entity.BlockEntityType.create(BlockEntityType.java:298) ~[neoforge-21.1.219.jar%23199!/:?] {re:mixin,pl:accesstransformer:B,re:classloading,pl:accesstransformer:B,pl:mixin:APP:flywheel.impl.mixins.json:BlockEntityTypeMixin from mod flywheel,pl:mixin:APP:neoforge.mixins.json:BlockEntityTypeAccessor from mod neoforge,pl:mixin:A}
	at TRANSFORMER/minecraft@1.21.1/net.minecraft.world.level.block.entity.BlockEntity.lambda$loadStatic$4(BlockEntity.java:171) ~[neoforge-21.1.219.jar%23199!/:?] {re:mixin,re:computing_frames,re:classloading,pl:mixin:APP:flywheel.impl.mixins.json:visualmanage.BlockEntityMixin from mod flywheel,pl:mixin:A}
	at java.base/java.util.Optional.map(Optional.java:260) ~[?:?] {re:computing_frames,re:mixin}
	at TRANSFORMER/minecraft@1.21.1/net.minecraft.world.level.block.entity.BlockEntity.loadStatic(BlockEntity.java:169) ~[neoforge-21.1.219.jar%23199!/:?] {re:mixin,re:computing_frames,re:classloading,pl:mixin:APP:flywheel.impl.mixins.json:visualmanage.BlockEntityMixin from mod flywheel,pl:mixin:A}
	at TRANSFORMER/minecraft@1.21.1/net.minecraft.world.level.chunk.storage.ChunkSerializer.lambda$postLoadChunk$10(ChunkSerializer.java:440) ~[neoforge-21.1.219.jar%23199!/:?] {re:classloading}
	at TRANSFORMER/minecraft@1.21.1/net.minecraft.world.level.chunk.LevelChunk.runPostLoad(LevelChunk.java:480) ~[neoforge-21.1.219.jar%23199!/:?] {re:mixin,re:classloading,pl:mixin:APP:flywheel.impl.mixins.json:visualmanage.LevelChunkMixin from mod flywheel,pl:mixin:A}
	at TRANSFORMER/minecraft@1.21.1/net.minecraft.world.level.chunk.status.ChunkStatusTasks.lambda$full$2(ChunkStatusTasks.java:206) ~[neoforge-21.1.219.jar%23199!/:?] {re:classloading}
	at java.base/java.util.concurrent.CompletableFuture$AsyncSupply.run(CompletableFuture.java:1768) ~[?:?] {}
	at TRANSFORMER/minecraft@1.21.1/net.minecraft.server.level.ChunkTaskPriorityQueueSorter.lambda$message$1(ChunkTaskPriorityQueueSorter.java:50) ~[neoforge-21.1.219.jar%23199!/:?] {re:classloading}
	at TRANSFORMER/minecraft@1.21.1/net.minecraft.util.thread.BlockableEventLoop.doRunTask(BlockableEventLoop.java:151) ~[neoforge-21.1.219.jar%23199!/:?] {re:mixin,pl:accesstransformer:B,re:computing_frames,pl:accesstransformer:B,re:classloading,pl:accesstransformer:B}
	at TRANSFORMER/minecraft@1.21.1/net.minecraft.server.level.ServerChunkCache$MainThreadExecutor.doRunTask(ServerChunkCache.java:565) ~[neoforge-21.1.219.jar%23199!/:?] {re:classloading}
	at TRANSFORMER/minecraft@1.21.1/net.minecraft.util.thread.BlockableEventLoop.pollTask(BlockableEventLoop.java:122) ~[neoforge-21.1.219.jar%23199!/:?] {re:mixin,pl:accesstransformer:B,re:computing_frames,pl:accesstransformer:B,re:classloading,pl:accesstransformer:B}
	at TRANSFORMER/minecraft@1.21.1/net.minecraft.server.level.ServerChunkCache$MainThreadExecutor.pollTask(ServerChunkCache.java:574) ~[neoforge-21.1.219.jar%23199!/:?] {re:classloading}
	at TRANSFORMER/minecraft@1.21.1/net.minecraft.server.level.ServerChunkCache.pollTask(ServerChunkCache.java:278) ~[neoforge-21.1.219.jar%23199!/:?] {re:classloading,pl:accesstransformer:B}
	at TRANSFORMER/minecraft@1.21.1/net.minecraft.server.MinecraftServer.pollTaskInternal(MinecraftServer.java:869) ~[neoforge-21.1.219.jar%23199!/:?] {re:mixin,pl:accesstransformer:B,re:classloading,pl:accesstransformer:B,pl:mixin:APP:ponder-common.mixins.json:accessor.MinecraftServerAccessor from mod ponder,pl:mixin:APP:kubejs.mixins.json:MinecraftServerMixin from mod kubejs,pl:mixin:A}
	at TRANSFORMER/minecraft@1.21.1/net.minecraft.server.MinecraftServer.pollTask(MinecraftServer.java:858) ~[neoforge-21.1.219.jar%23199!/:?] {re:mixin,pl:accesstransformer:B,re:classloading,pl:accesstransformer:B,pl:mixin:APP:ponder-common.mixins.json:accessor.MinecraftServerAccessor from mod ponder,pl:mixin:APP:kubejs.mixins.json:MinecraftServerMixin from mod kubejs,pl:mixin:A}
	at TRANSFORMER/minecraft@1.21.1/net.minecraft.util.thread.BlockableEventLoop.managedBlock(BlockableEventLoop.java:135) ~[neoforge-21.1.219.jar%23199!/:?] {re:mixin,pl:accesstransformer:B,re:computing_frames,pl:accesstransformer:B,re:classloading,pl:accesstransformer:B}
	at TRANSFORMER/minecraft@1.21.1/net.minecraft.server.MinecraftServer.managedBlock(MinecraftServer.java:830) ~[neoforge-21.1.219.jar%23199!/:?] {re:mixin,pl:accesstransformer:B,re:classloading,pl:accesstransformer:B,pl:mixin:APP:ponder-common.mixins.json:accessor.MinecraftServerAccessor from mod ponder,pl:mixin:APP:kubejs.mixins.json:MinecraftServerMixin from mod kubejs,pl:mixin:A}
	at TRANSFORMER/minecraft@1.21.1/net.minecraft.server.MinecraftServer.waitUntilNextTick(MinecraftServer.java:835) ~[neoforge-21.1.219.jar%23199!/:?] {re:mixin,pl:accesstransformer:B,re:classloading,pl:accesstransformer:B,pl:mixin:APP:ponder-common.mixins.json:accessor.MinecraftServerAccessor from mod ponder,pl:mixin:APP:kubejs.mixins.json:MinecraftServerMixin from mod kubejs,pl:mixin:A}
	at TRANSFORMER/minecraft@1.21.1/net.minecraft.server.MinecraftServer.runServer(MinecraftServer.java:718) ~[neoforge-21.1.219.jar%23199!/:?] {re:mixin,pl:accesstransformer:B,re:classloading,pl:accesstransformer:B,pl:mixin:APP:ponder-common.mixins.json:accessor.MinecraftServerAccessor from mod ponder,pl:mixin:APP:kubejs.mixins.json:MinecraftServerMixin from mod kubejs,pl:mixin:A}
	at TRANSFORMER/minecraft@1.21.1/net.minecraft.server.MinecraftServer.lambda$spin$2(MinecraftServer.java:267) ~[neoforge-21.1.219.jar%23199!/:?] {re:mixin,pl:accesstransformer:B,re:classloading,pl:accesstransformer:B,pl:mixin:APP:ponder-common.mixins.json:accessor.MinecraftServerAccessor from mod ponder,pl:mixin:APP:kubejs.mixins.json:MinecraftServerMixin from mod kubejs,pl:mixin:A}
	at java.base/java.lang.Thread.run(Thread.java:1583) [?:?] {re:mixin}
[04:00:48] [Server thread/WARN] [minecraft/BlockEntity]: Skipping BlockEntity with id poopsky:toilet_block_entity
[04:00:48] [Render thread/DEBUG] [me.je.li.pl.va.in.ItemStackListFactory/]: Added  124/ 140 new items from '绌轰腑鍘曟墍' creative tab's displayItems
[04:00:48] [Render thread/WARN] [me.je.li.pl.va.in.ItemStackListFactory/]: 16 duplicate items were found in '绌轰腑鍘曟墍' creative tab's: displayItems
This may indicate that these types of item need a subtype interpreter added to JEI:
[poopsky:fly]
[04:00:48] [Render thread/DEBUG] [me.je.li.pl.va.in.ItemStackListFactory/]: Added   59/  64 new items from '杞︿竾濂充粏涓ㄤ富浣? creative tab's displayItems
[04:00:48] [Render thread/WARN] [me.je.li.pl.va.in.ItemStackListFactory/]: 2 duplicate items were found in '杞︿竾濂充粏涓ㄤ富浣? creative tab's: displayItems
This may indicate that these types of item need a subtype interpreter added to JEI:
[touhou_little_maid:entity_placeholder]
[04:00:48] [Render thread/DEBUG] [me.je.li.pl.va.in.ItemStackListFactory/]: Added    1/  60 new items from '杞︿竾濂充粏涓ㄥ潗鍨? creative tab's displayItems
[04:00:48] [Render thread/WARN] [me.je.li.pl.va.in.ItemStackListFactory/]: 59 duplicate items were found in '杞︿竾濂充粏涓ㄥ潗鍨? creative tab's: displayItems
This may indicate that these types of item need a subtype interpreter added to JEI:
[touhou_little_maid:chair]
[04:00:48] [Render thread/DEBUG] [me.je.li.pl.va.in.ItemStackListFactory/]: Added    1/ 234 new items from '杞︿竾濂充粏涓ㄦ墜鍔? creative tab's displayItems
[04:00:48] [Render thread/WARN] [me.je.li.pl.va.in.ItemStackListFactory/]: 233 duplicate items were found in '杞︿竾濂充粏涓ㄦ墜鍔? creative tab's: displayItems
This may indicate that these types of item need a subtype interpreter added to JEI:
[touhou_little_maid:garage_kit]
[04:00:48] [Render thread/DEBUG] [me.je.li.pl.va.in.ItemStackListFactory/]: Added  203/ 203 new items from '鏈烘鍔ㄥ姏' creative tab's displayItems
[04:00:48] [Render thread/DEBUG] [me.je.li.pl.va.in.ItemStackListFactory/]: Added   62/ 265 new items from '鏈烘鍔ㄥ姏' creative tab's searchTabDisplayItems
[04:00:48] [Render thread/DEBUG] [me.je.li.pl.va.in.ItemStackListFactory/]: Added  377/ 377 new items from '鏈烘鍔ㄥ姏涓ㄥ缓绛戞柟鍧? creative tab's displayItems
[04:00:48] [Render thread/DEBUG] [me.je.li.pl.va.in.ItemStackListFactory/]: Added   15/ 392 new items from '鏈烘鍔ㄥ姏涓ㄥ缓绛戞柟鍧? creative tab's searchTabDisplayItems
[04:00:48] [Render thread/DEBUG] [me.je.li.pl.va.in.ItemStackListFactory/]: Added    1/   1 new items from '娴嬭瘯鍋囦汉' creative tab's displayItems
[04:00:48] [Render thread/WARN] [me.je.li.pl.va.in.ItemStackListFactory/]: Item Group has no display items and no search tab display items. Items from this group will be missing from the JEI ingredient list. K.KubeJS
[04:00:48] [Render thread/INFO] [me.je.li.lo.PluginCallerTimerRunnable/]: Registering ingredients: jei:minecraft took 161.8 milliseconds
[04:00:48] [Render thread/DEBUG] [me.je.li.lo.PluginCallerTimerRunnable/]: Registering ingredients: farmersdelight:jei_plugin...
[04:00:48] [Render thread/DEBUG] [me.je.li.lo.PluginCallerTimerRunnable/]: Registering ingredients: emi:jemi...
[04:00:48] [Render thread/DEBUG] [me.je.li.lo.PluginCallerTimerRunnable/]: Registering ingredients: jade:main...
[04:00:48] [Render thread/DEBUG] [me.je.li.lo.PluginCallerTimerRunnable/]: Registering ingredients: jei:neoforge_gui...
[04:00:48] [Render thread/DEBUG] [me.je.li.lo.PluginCallerTimerRunnable/]: Registering ingredients: jei:debug...
[04:00:48] [Render thread/DEBUG] [me.je.li.lo.PluginCallerTimerRunnable/]: Registering ingredients: jei:gui...
[04:00:48] [Render thread/DEBUG] [me.je.li.lo.PluginCallerTimerRunnable/]: Registering ingredients: poopsky:jei_plugin...
[04:00:48] [Render thread/DEBUG] [me.je.li.lo.PluginCallerTimerRunnable/]: Registering ingredients: touhou_little_maid:jei...
[04:00:48] [Render thread/DEBUG] [me.je.li.lo.PluginCallerTimerRunnable/]: Registering ingredients: create:jei_plugin...
[04:00:48] [Render thread/DEBUG] [me.je.li.lo.PluginCallerTimerRunnable/]: Registering ingredients: kubejs:jei...
[04:00:48] [Render thread/DEBUG] [me.je.li.lo.PluginCallerTimerRunnable/]: Registering ingredients: jei:internal...
[04:00:48] [Render thread/INFO] [me.je.li.lo.PluginCaller/]: Registering ingredients took 162.9 milliseconds
[04:00:48] [Render thread/INFO] [me.je.li.lo.PluginCaller/]: Registering extra ingredients...
[04:00:48] [Render thread/DEBUG] [me.je.li.lo.PluginCallerTimerRunnable/]: Registering extra ingredients: jei:minecraft...
[04:00:48] [Render thread/DEBUG] [me.je.li.lo.PluginCallerTimerRunnable/]: Registering extra ingredients: farmersdelight:jei_plugin...
[04:00:48] [Render thread/DEBUG] [me.je.li.lo.PluginCallerTimerRunnable/]: Registering extra ingredients: emi:jemi...
[04:00:48] [Render thread/DEBUG] [me.je.li.lo.PluginCallerTimerRunnable/]: Registering extra ingredients: jade:main...
[04:00:48] [Render thread/DEBUG] [me.je.li.lo.PluginCallerTimerRunnable/]: Registering extra ingredients: jei:neoforge_gui...
[04:00:48] [Render thread/DEBUG] [me.je.li.lo.PluginCallerTimerRunnable/]: Registering extra ingredients: jei:debug...
[04:00:48] [Render thread/DEBUG] [me.je.li.lo.PluginCallerTimerRunnable/]: Registering extra ingredients: jei:gui...
[04:00:48] [Render thread/DEBUG] [me.je.li.lo.PluginCallerTimerRunnable/]: Registering extra ingredients: poopsky:jei_plugin...
[04:00:48] [Render thread/DEBUG] [me.je.li.lo.PluginCallerTimerRunnable/]: Registering extra ingredients: touhou_little_maid:jei...
[04:00:48] [Render thread/DEBUG] [me.je.li.lo.PluginCallerTimerRunnable/]: Registering extra ingredients: create:jei_plugin...
[04:00:48] [Render thread/DEBUG] [me.je.li.lo.PluginCallerTimerRunnable/]: Registering extra ingredients: kubejs:jei...
[04:00:48] [Render thread/DEBUG] [me.je.li.lo.PluginCallerTimerRunnable/]: Registering extra ingredients: jei:internal...
[04:00:48] [Render thread/INFO] [me.je.li.lo.PluginCaller/]: Registering extra ingredients took 7.630 milliseconds
[04:00:48] [Render thread/INFO] [me.je.li.lo.PluginCaller/]: Registering search ingredient aliases...
[04:00:48] [Render thread/DEBUG] [me.je.li.lo.PluginCallerTimerRunnable/]: Registering search ingredient aliases: jei:minecraft...
[04:00:48] [Render thread/DEBUG] [me.je.li.lo.PluginCallerTimerRunnable/]: Registering search ingredient aliases: farmersdelight:jei_plugin...
[04:00:48] [Render thread/DEBUG] [me.je.li.lo.PluginCallerTimerRunnable/]: Registering search ingredient aliases: emi:jemi...
[04:00:48] [Render thread/DEBUG] [me.je.li.lo.PluginCallerTimerRunnable/]: Registering search ingredient aliases: jade:main...
[04:00:48] [Render thread/DEBUG] [me.je.li.lo.PluginCallerTimerRunnable/]: Registering search ingredient aliases: jei:neoforge_gui...
[04:00:48] [Render thread/DEBUG] [me.je.li.lo.PluginCallerTimerRunnable/]: Registering search ingredient aliases: jei:debug...
[04:00:48] [Render thread/DEBUG] [me.je.li.lo.PluginCallerTimerRunnable/]: Registering search ingredient aliases: jei:gui...
[04:00:48] [Render thread/DEBUG] [me.je.li.lo.PluginCallerTimerRunnable/]: Registering search ingredient aliases: poopsky:jei_plugin...
[04:00:48] [Render thread/DEBUG] [me.je.li.lo.PluginCallerTimerRunnable/]: Registering search ingredient aliases: touhou_little_maid:jei...
[04:00:48] [Render thread/DEBUG] [me.je.li.lo.PluginCallerTimerRunnable/]: Registering search ingredient aliases: create:jei_plugin...
[04:00:48] [Render thread/DEBUG] [me.je.li.lo.PluginCallerTimerRunnable/]: Registering search ingredient aliases: kubejs:jei...
[04:00:48] [Render thread/DEBUG] [me.je.li.lo.PluginCallerTimerRunnable/]: Registering search ingredient aliases: jei:internal...
[04:00:48] [Render thread/INFO] [me.je.li.lo.PluginCaller/]: Registering search ingredient aliases took 885.1 microseconds
[04:00:48] [Render thread/INFO] [me.je.li.lo.PluginCaller/]: Registering Mod Info...
[04:00:48] [Render thread/DEBUG] [me.je.li.lo.PluginCallerTimerRunnable/]: Registering Mod Info: jei:minecraft...
[04:00:48] [Render thread/DEBUG] [me.je.li.lo.PluginCallerTimerRunnable/]: Registering Mod Info: farmersdelight:jei_plugin...
[04:00:48] [Render thread/DEBUG] [me.je.li.lo.PluginCallerTimerRunnable/]: Registering Mod Info: emi:jemi...
[04:00:48] [Render thread/DEBUG] [me.je.li.lo.PluginCallerTimerRunnable/]: Registering Mod Info: jade:main...
[04:00:48] [Render thread/DEBUG] [me.je.li.lo.PluginCallerTimerRunnable/]: Registering Mod Info: jei:neoforge_gui...
[04:00:48] [Render thread/DEBUG] [me.je.li.lo.PluginCallerTimerRunnable/]: Registering Mod Info: jei:debug...
[04:00:48] [Render thread/DEBUG] [me.je.li.lo.PluginCallerTimerRunnable/]: Registering Mod Info: jei:gui...
[04:00:48] [Render thread/DEBUG] [me.je.li.lo.PluginCallerTimerRunnable/]: Registering Mod Info: poopsky:jei_plugin...
[04:00:48] [Render thread/DEBUG] [me.je.li.lo.PluginCallerTimerRunnable/]: Registering Mod Info: touhou_little_maid:jei...
[04:00:48] [Render thread/DEBUG] [me.je.li.lo.PluginCallerTimerRunnable/]: Registering Mod Info: create:jei_plugin...
[04:00:48] [Render thread/DEBUG] [me.je.li.lo.PluginCallerTimerRunnable/]: Registering Mod Info: kubejs:jei...
[04:00:48] [Render thread/DEBUG] [me.je.li.lo.PluginCallerTimerRunnable/]: Registering Mod Info: jei:internal...
[04:00:48] [Render thread/INFO] [me.je.li.lo.PluginCaller/]: Registering Mod Info took 846.6 microseconds
[04:00:48] [Render thread/INFO] [me.je.li.lo.PluginCaller/]: Registering categories...
[04:00:48] [Render thread/DEBUG] [me.je.li.lo.PluginCallerTimerRunnable/]: Registering categories: jei:minecraft...
[04:00:48] [Render thread/INFO] [me.je.li.lo.PluginCallerTimerRunnable/]: Registering categories: jei:minecraft took 29.15 milliseconds
[04:00:48] [Render thread/DEBUG] [me.je.li.lo.PluginCallerTimerRunnable/]: Registering categories: farmersdelight:jei_plugin...
[04:00:48] [Render thread/DEBUG] [me.je.li.lo.PluginCallerTimerRunnable/]: Registering categories: emi:jemi...
[04:00:48] [Render thread/DEBUG] [me.je.li.lo.PluginCallerTimerRunnable/]: Registering categories: jade:main...
[04:00:48] [Render thread/DEBUG] [me.je.li.lo.PluginCallerTimerRunnable/]: Registering categories: jei:neoforge_gui...
[04:00:48] [Render thread/DEBUG] [me.je.li.lo.PluginCallerTimerRunnable/]: Registering categories: jei:debug...
[04:00:48] [Render thread/DEBUG] [me.je.li.lo.PluginCallerTimerRunnable/]: Registering categories: jei:gui...
[04:00:48] [Render thread/DEBUG] [me.je.li.lo.PluginCallerTimerRunnable/]: Registering categories: poopsky:jei_plugin...
[04:00:48] [Render thread/INFO] [me.je.li.lo.PluginCallerTimerRunnable/]: Registering categories: poopsky:jei_plugin took 35.56 milliseconds
[04:00:48] [Render thread/DEBUG] [me.je.li.lo.PluginCallerTimerRunnable/]: Registering categories: touhou_little_maid:jei...
[04:00:48] [Render thread/DEBUG] [me.je.li.lo.PluginCallerTimerRunnable/]: Registering categories: create:jei_plugin...
[04:00:49] [Render thread/INFO] [me.je.li.lo.PluginCallerTimerRunnable/]: Registering categories: create:jei_plugin took 83.52 milliseconds
[04:00:49] [Render thread/DEBUG] [me.je.li.lo.PluginCallerTimerRunnable/]: Registering categories: kubejs:jei...
[04:00:49] [Render thread/DEBUG] [me.je.li.lo.PluginCallerTimerRunnable/]: Registering categories: jei:internal...
[04:00:49] [Render thread/INFO] [me.je.li.lo.PluginCaller/]: Registering categories took 167.4 milliseconds
[04:00:49] [Render thread/INFO] [me.je.li.lo.PluginCaller/]: Registering vanilla category extensions...
[04:00:49] [Render thread/DEBUG] [me.je.li.lo.PluginCallerTimerRunnable/]: Registering vanilla category extensions: jei:minecraft...
[04:00:49] [Render thread/DEBUG] [me.je.li.lo.PluginCallerTimerRunnable/]: Registering vanilla category extensions: farmersdelight:jei_plugin...
[04:00:49] [Render thread/DEBUG] [me.je.li.lo.PluginCallerTimerRunnable/]: Registering vanilla category extensions: emi:jemi...
[04:00:49] [Render thread/DEBUG] [me.je.li.lo.PluginCallerTimerRunnable/]: Registering vanilla category extensions: jade:main...
[04:00:49] [Render thread/DEBUG] [me.je.li.lo.PluginCallerTimerRunnable/]: Registering vanilla category extensions: jei:neoforge_gui...
[04:00:49] [Render thread/DEBUG] [me.je.li.lo.PluginCallerTimerRunnable/]: Registering vanilla category extensions: jei:debug...
[04:00:49] [Render thread/DEBUG] [me.je.li.lo.PluginCallerTimerRunnable/]: Registering vanilla category extensions: jei:gui...
[04:00:49] [Render thread/DEBUG] [me.je.li.lo.PluginCallerTimerRunnable/]: Registering vanilla category extensions: poopsky:jei_plugin...
[04:00:49] [Render thread/DEBUG] [me.je.li.lo.PluginCallerTimerRunnable/]: Registering vanilla category extensions: touhou_little_maid:jei...
[04:00:49] [Render thread/DEBUG] [me.je.li.lo.PluginCallerTimerRunnable/]: Registering vanilla category extensions: create:jei_plugin...
[04:00:49] [Render thread/DEBUG] [me.je.li.lo.PluginCallerTimerRunnable/]: Registering vanilla category extensions: kubejs:jei...
[04:00:49] [Render thread/DEBUG] [me.je.li.lo.PluginCallerTimerRunnable/]: Registering vanilla category extensions: jei:internal...
[04:00:49] [Render thread/INFO] [me.je.li.lo.PluginCaller/]: Registering vanilla category extensions took 2.601 milliseconds
[04:00:49] [Render thread/INFO] [me.je.li.lo.PluginCaller/]: Registering recipe catalysts...
[04:00:49] [Render thread/DEBUG] [me.je.li.lo.PluginCallerTimerRunnable/]: Registering recipe catalysts: jei:minecraft...
[04:00:49] [Render thread/DEBUG] [me.je.li.lo.PluginCallerTimerRunnable/]: Registering recipe catalysts: farmersdelight:jei_plugin...
[04:00:49] [Render thread/DEBUG] [me.je.li.lo.PluginCallerTimerRunnable/]: Registering recipe catalysts: emi:jemi...
[04:00:49] [Render thread/DEBUG] [me.je.li.lo.PluginCallerTimerRunnable/]: Registering recipe catalysts: jade:main...
[04:00:49] [Render thread/DEBUG] [me.je.li.lo.PluginCallerTimerRunnable/]: Registering recipe catalysts: jei:neoforge_gui...
[04:00:49] [Render thread/DEBUG] [me.je.li.lo.PluginCallerTimerRunnable/]: Registering recipe catalysts: jei:debug...
[04:00:49] [Render thread/DEBUG] [me.je.li.lo.PluginCallerTimerRunnable/]: Registering recipe catalysts: jei:gui...
[04:00:49] [Render thread/DEBUG] [me.je.li.lo.PluginCallerTimerRunnable/]: Registering recipe catalysts: poopsky:jei_plugin...
[04:00:49] [Render thread/DEBUG] [me.je.li.lo.PluginCallerTimerRunnable/]: Registering recipe catalysts: touhou_little_maid:jei...
[04:00:49] [Render thread/DEBUG] [me.je.li.lo.PluginCallerTimerRunnable/]: Registering recipe catalysts: create:jei_plugin...
[04:00:49] [Render thread/DEBUG] [me.je.li.lo.PluginCallerTimerRunnable/]: Registering recipe catalysts: kubejs:jei...
[04:00:49] [Render thread/DEBUG] [me.je.li.lo.PluginCallerTimerRunnable/]: Registering recipe catalysts: jei:internal...
[04:00:49] [Render thread/INFO] [me.je.li.lo.PluginCaller/]: Registering recipe catalysts took 1.628 milliseconds
[04:00:49] [Render thread/INFO] [me.je.co.ut.LoggedTimer/]: Building recipe registry...
[04:00:49] [Render thread/INFO] [me.je.co.ut.LoggedTimer/]: Building recipe registry took 20.05 milliseconds
[04:00:49] [Render thread/INFO] [me.je.li.lo.PluginCaller/]: Registering advanced plugins...
[04:00:49] [Render thread/DEBUG] [me.je.li.lo.PluginCallerTimerRunnable/]: Registering advanced plugins: jei:minecraft...
[04:00:49] [Render thread/DEBUG] [me.je.li.lo.PluginCallerTimerRunnable/]: Registering advanced plugins: farmersdelight:jei_plugin...
[04:00:49] [Render thread/DEBUG] [me.je.li.lo.PluginCallerTimerRunnable/]: Registering advanced plugins: emi:jemi...
[04:00:49] [Render thread/DEBUG] [me.je.li.lo.PluginCallerTimerRunnable/]: Registering advanced plugins: jade:main...
[04:00:49] [Render thread/DEBUG] [me.je.li.lo.PluginCallerTimerRunnable/]: Registering advanced plugins: jei:neoforge_gui...
[04:00:49] [Render thread/DEBUG] [me.je.li.lo.PluginCallerTimerRunnable/]: Registering advanced plugins: jei:debug...
[04:00:49] [Render thread/DEBUG] [me.je.li.lo.PluginCallerTimerRunnable/]: Registering advanced plugins: jei:gui...
[04:00:49] [Render thread/DEBUG] [me.je.li.lo.PluginCallerTimerRunnable/]: Registering advanced plugins: poopsky:jei_plugin...
[04:00:49] [Render thread/DEBUG] [me.je.li.lo.PluginCallerTimerRunnable/]: Registering advanced plugins: touhou_little_maid:jei...
[04:00:49] [Render thread/DEBUG] [me.je.li.lo.PluginCallerTimerRunnable/]: Registering advanced plugins: create:jei_plugin...
[04:00:49] [Render thread/DEBUG] [me.je.li.lo.PluginCallerTimerRunnable/]: Registering advanced plugins: kubejs:jei...
[04:00:49] [Render thread/DEBUG] [me.je.li.lo.PluginCallerTimerRunnable/]: Registering advanced plugins: jei:internal...
[04:00:49] [Render thread/INFO] [me.je.li.lo.PluginCaller/]: Registering advanced plugins took 507.1 microseconds
[04:00:49] [Render thread/INFO] [me.je.li.lo.PluginCaller/]: Registering recipes...
[04:00:49] [Render thread/DEBUG] [me.je.li.lo.PluginCallerTimerRunnable/]: Registering recipes: jei:minecraft...
[04:00:49] [Render thread/DEBUG] [me.je.li.lo.PluginCallerTimerRunnable/]: Registering recipes: farmersdelight:jei_plugin...
[04:00:49] [Render thread/DEBUG] [me.je.li.re.RecipeManagerInternal/]: Adding recipes: RecipeType[uid=farmersdelight:cooking, recipeClass=class net.minecraft.world.item.crafting.RecipeHolder]
[04:00:49] [Render thread/DEBUG] [me.je.li.re.RecipeManagerInternal/]: Adding recipes: RecipeType[uid=farmersdelight:cutting, recipeClass=class net.minecraft.world.item.crafting.RecipeHolder]
[04:00:49] [Render thread/DEBUG] [me.je.li.re.RecipeManagerInternal/]: Adding recipes: RecipeType[uid=farmersdelight:decomposition, recipeClass=class vectorwing.farmersdelight.integration.jei.resource.DecompositionDummy]
[04:00:49] [Render thread/DEBUG] [me.je.li.re.RecipeManagerInternal/]: Adding recipes: RecipeType[uid=minecraft:crafting, recipeClass=class net.minecraft.world.item.crafting.RecipeHolder]
[04:00:49] [Render thread/DEBUG] [me.je.li.re.RecipeManagerInternal/]: Adding recipes: RecipeType[uid=jei:information, recipeClass=interface mezz.jei.api.recipe.vanilla.IJeiIngredientInfoRecipe]
[04:00:49] [Render thread/DEBUG] [me.je.li.re.RecipeManagerInternal/]: Adding recipes: RecipeType[uid=jei:information, recipeClass=interface mezz.jei.api.recipe.vanilla.IJeiIngredientInfoRecipe]
[04:00:49] [Render thread/DEBUG] [me.je.li.re.RecipeManagerInternal/]: Adding recipes: RecipeType[uid=jei:information, recipeClass=interface mezz.jei.api.recipe.vanilla.IJeiIngredientInfoRecipe]
[04:00:49] [Render thread/DEBUG] [me.je.li.re.RecipeManagerInternal/]: Adding recipes: RecipeType[uid=jei:information, recipeClass=interface mezz.jei.api.recipe.vanilla.IJeiIngredientInfoRecipe]
[04:00:49] [Render thread/DEBUG] [me.je.li.re.RecipeManagerInternal/]: Adding recipes: RecipeType[uid=jei:information, recipeClass=interface mezz.jei.api.recipe.vanilla.IJeiIngredientInfoRecipe]
[04:00:49] [Render thread/DEBUG] [me.je.li.re.RecipeManagerInternal/]: Adding recipes: RecipeType[uid=jei:information, recipeClass=interface mezz.jei.api.recipe.vanilla.IJeiIngredientInfoRecipe]
[04:00:49] [Render thread/DEBUG] [me.je.li.re.RecipeManagerInternal/]: Adding recipes: RecipeType[uid=jei:information, recipeClass=interface mezz.jei.api.recipe.vanilla.IJeiIngredientInfoRecipe]
[04:00:49] [Render thread/DEBUG] [me.je.li.re.RecipeManagerInternal/]: Adding recipes: RecipeType[uid=jei:information, recipeClass=interface mezz.jei.api.recipe.vanilla.IJeiIngredientInfoRecipe]
[04:00:49] [Render thread/DEBUG] [me.je.li.re.RecipeManagerInternal/]: Adding recipes: RecipeType[uid=jei:information, recipeClass=interface mezz.jei.api.recipe.vanilla.IJeiIngredientInfoRecipe]
[04:00:49] [Render thread/DEBUG] [me.je.li.re.RecipeManagerInternal/]: Adding recipes: RecipeType[uid=jei:information, recipeClass=interface mezz.jei.api.recipe.vanilla.IJeiIngredientInfoRecipe]
[04:00:49] [Render thread/DEBUG] [me.je.li.re.RecipeManagerInternal/]: Adding recipes: RecipeType[uid=jei:information, recipeClass=interface mezz.jei.api.recipe.vanilla.IJeiIngredientInfoRecipe]
[04:00:49] [Render thread/DEBUG] [me.je.li.re.RecipeManagerInternal/]: Adding recipes: RecipeType[uid=jei:information, recipeClass=interface mezz.jei.api.recipe.vanilla.IJeiIngredientInfoRecipe]
[04:00:49] [Render thread/DEBUG] [me.je.li.re.RecipeManagerInternal/]: Adding recipes: RecipeType[uid=jei:information, recipeClass=interface mezz.jei.api.recipe.vanilla.IJeiIngredientInfoRecipe]
[04:00:49] [Render thread/DEBUG] [me.je.li.re.RecipeManagerInternal/]: Adding recipes: RecipeType[uid=jei:information, recipeClass=interface mezz.jei.api.recipe.vanilla.IJeiIngredientInfoRecipe]
[04:00:49] [Render thread/DEBUG] [me.je.li.re.RecipeManagerInternal/]: Adding recipes: RecipeType[uid=jei:information, recipeClass=interface mezz.jei.api.recipe.vanilla.IJeiIngredientInfoRecipe]
[04:00:49] [Render thread/DEBUG] [me.je.li.re.RecipeManagerInternal/]: Adding recipes: RecipeType[uid=jei:information, recipeClass=interface mezz.jei.api.recipe.vanilla.IJeiIngredientInfoRecipe]
[04:00:49] [Render thread/INFO] [me.je.li.lo.PluginCallerTimerRunnable/]: Registering recipes: farmersdelight:jei_plugin took 74.59 milliseconds
[04:00:49] [Render thread/DEBUG] [me.je.li.lo.PluginCallerTimerRunnable/]: Registering recipes: emi:jemi...
[04:00:49] [Render thread/DEBUG] [me.je.li.lo.PluginCallerTimerRunnable/]: Registering recipes: jade:main...
[04:00:49] [Render thread/DEBUG] [me.je.li.lo.PluginCallerTimerRunnable/]: Registering recipes: jei:neoforge_gui...
[04:00:49] [Render thread/DEBUG] [me.je.li.lo.PluginCallerTimerRunnable/]: Registering recipes: jei:debug...
[04:00:49] [Render thread/DEBUG] [me.je.li.lo.PluginCallerTimerRunnable/]: Registering recipes: jei:gui...
[04:00:49] [Render thread/DEBUG] [me.je.li.lo.PluginCallerTimerRunnable/]: Registering recipes: poopsky:jei_plugin...
[04:00:49] [Render thread/DEBUG] [me.je.li.re.RecipeManagerInternal/]: Adding recipes: RecipeType[uid=poopsky:compooper, recipeClass=class com.altnoir.poopsky.compat.jei.CompooperRecipe]
[04:00:49] [Render thread/DEBUG] [me.je.li.re.RecipeManagerInternal/]: Adding recipes: RecipeType[uid=poopsky:sieve, recipeClass=class net.minecraft.world.item.crafting.RecipeHolder]
[04:00:49] [Render thread/DEBUG] [me.je.li.re.RecipeManagerInternal/]: Adding recipes: RecipeType[uid=poopsky:pop_explosion, recipeClass=class net.minecraft.world.item.crafting.RecipeHolder]
[04:00:49] [Render thread/DEBUG] [me.je.li.re.RecipeManagerInternal/]: Adding recipes: RecipeType[uid=poopsky:anal_pressing, recipeClass=class net.minecraft.world.item.crafting.RecipeHolder]
[04:00:49] [Render thread/DEBUG] [me.je.li.re.RecipeManagerInternal/]: Adding recipes: RecipeType[uid=poopsky:fly_nest, recipeClass=class net.minecraft.world.item.crafting.RecipeHolder]
[04:00:49] [Render thread/DEBUG] [me.je.li.re.RecipeManagerInternal/]: Adding recipes: RecipeType[uid=poopsky:breeding_box, recipeClass=class net.minecraft.world.item.crafting.RecipeHolder]
[04:00:49] [Render thread/DEBUG] [me.je.li.re.RecipeManagerInternal/]: Adding recipes: RecipeType[uid=poopsky:digesting, recipeClass=class net.minecraft.world.item.crafting.RecipeHolder]
[04:00:49] [Server thread/DEBUG] [mixin/]: Mixing StructureTemplateMixin from touhou_little_maid.mixins.json into net.minecraft.world.level.levelgen.structure.templatesystem.StructureTemplate
[04:00:49] [Server thread/DEBUG] [mixin/]: touhou_little_maid.mixins.json:StructureTemplateMixin from mod touhou_little_maid: Class version 65 required is higher than the class version supported by the current version of Mixin (JAVA_17 supports class version 61)
[04:00:49] [Server thread/DEBUG] [mixin/]: Renaming synthetic method lambda$createEntityIgnoreException$0(Lnet/minecraft/world/level/ServerLevelAccessor;Lorg/spongepowered/asm/mixin/injection/callback/CallbackInfoReturnable;Lnet/minecraft/world/entity/Entity;)V to md4eef09$touhou_little_maid$lambda$createEntityIgnoreException$0$0 in touhou_little_maid.mixins.json:StructureTemplateMixin from mod touhou_little_maid
[04:00:49] [Render thread/DEBUG] [me.je.li.lo.PluginCallerTimerRunnable/]: Registering recipes: touhou_little_maid:jei...
[04:00:49] [Render thread/DEBUG] [me.je.li.lo.PluginCallerTimerRunnable/]: Registering recipes: create:jei_plugin...
[04:00:49] [Render thread/DEBUG] [me.je.li.re.RecipeManagerInternal/]: Adding recipes: RecipeType[uid=create:milling, recipeClass=class net.minecraft.world.item.crafting.RecipeHolder]
[04:00:49] [Server thread/DEBUG] [mixin/]: touhou_little_maid.mixins.json:StructureTemplateMixin from mod touhou_little_maid->@Inject::createEntityIgnoreException(Lnet/minecraft/world/level/ServerLevelAccessor;Lnet/minecraft/nbt/CompoundTag;Lorg/spongepowered/asm/mixin/injection/callback/CallbackInfoReturnable;)V does use it's CallbackInfoReturnable
[04:00:49] [Server thread/DEBUG] [mixin/]: touhou_little_maid.mixins.json:StructureTemplateMixin from mod touhou_little_maid->@Inject::createEntityIgnoreException(Lnet/minecraft/world/level/ServerLevelAccessor;Lnet/minecraft/nbt/CompoundTag;Lorg/spongepowered/asm/mixin/injection/callback/CallbackInfoReturnable;)V does use it's CallbackInfoReturnable
[04:00:49] [Render thread/DEBUG] [me.je.li.re.RecipeManagerInternal/]: Adding recipes: RecipeType[uid=create:crushing, recipeClass=class net.minecraft.world.item.crafting.RecipeHolder]
[04:00:49] [Render thread/DEBUG] [me.je.li.re.RecipeManagerInternal/]: Adding recipes: RecipeType[uid=create:pressing, recipeClass=class net.minecraft.world.item.crafting.RecipeHolder]
[04:00:49] [Render thread/DEBUG] [me.je.li.re.RecipeManagerInternal/]: Adding recipes: RecipeType[uid=create:fan_washing, recipeClass=class net.minecraft.world.item.crafting.RecipeHolder]
[04:00:49] [Render thread/DEBUG] [me.je.li.re.RecipeManagerInternal/]: Adding recipes: RecipeType[uid=create:fan_smoking, recipeClass=class net.minecraft.world.item.crafting.RecipeHolder]
[04:00:49] [Render thread/DEBUG] [me.je.li.re.RecipeManagerInternal/]: Adding recipes: RecipeType[uid=create:fan_blasting, recipeClass=class net.minecraft.world.item.crafting.RecipeHolder]
[04:00:49] [Render thread/DEBUG] [me.je.li.re.RecipeManagerInternal/]: Adding recipes: RecipeType[uid=create:fan_haunting, recipeClass=class net.minecraft.world.item.crafting.RecipeHolder]
[04:00:49] [Render thread/DEBUG] [me.je.li.re.RecipeManagerInternal/]: Adding recipes: RecipeType[uid=create:mixing, recipeClass=class net.minecraft.world.item.crafting.RecipeHolder]
[04:00:49] [Render thread/DEBUG] [me.je.li.re.RecipeManagerInternal/]: Adding recipes: RecipeType[uid=create:automatic_shapeless, recipeClass=class net.minecraft.world.item.crafting.RecipeHolder]
[04:00:49] [Render thread/DEBUG] [me.je.li.re.RecipeManagerInternal/]: Adding recipes: RecipeType[uid=create:automatic_brewing, recipeClass=class net.minecraft.world.item.crafting.RecipeHolder]
[04:00:49] [Render thread/DEBUG] [me.je.li.re.RecipeManagerInternal/]: Adding recipes: RecipeType[uid=create:packing, recipeClass=class net.minecraft.world.item.crafting.RecipeHolder]
[04:00:49] [Render thread/DEBUG] [me.je.li.re.RecipeManagerInternal/]: Adding recipes: RecipeType[uid=create:automatic_packing, recipeClass=class net.minecraft.world.item.crafting.RecipeHolder]
[04:00:49] [Render thread/DEBUG] [me.je.li.re.RecipeManagerInternal/]: Adding recipes: RecipeType[uid=create:sawing, recipeClass=class net.minecraft.world.item.crafting.RecipeHolder]
[04:00:49] [Render thread/DEBUG] [me.je.li.re.RecipeManagerInternal/]: Adding recipes: RecipeType[uid=create:block_cutting, recipeClass=class net.minecraft.world.item.crafting.RecipeHolder]
[04:00:49] [Render thread/DEBUG] [me.je.li.re.RecipeManagerInternal/]: Adding recipes: RecipeType[uid=create:sandpaper_polishing, recipeClass=class net.minecraft.world.item.crafting.RecipeHolder]
[04:00:49] [Render thread/DEBUG] [me.je.li.re.RecipeManagerInternal/]: Adding recipes: RecipeType[uid=create:item_application, recipeClass=class net.minecraft.world.item.crafting.RecipeHolder]
[04:00:49] [Render thread/DEBUG] [me.je.li.re.RecipeManagerInternal/]: Adding recipes: RecipeType[uid=create:deploying, recipeClass=class net.minecraft.world.item.crafting.RecipeHolder]
[04:00:49] [Render thread/DEBUG] [me.je.li.re.RecipeManagerInternal/]: Adding recipes: RecipeType[uid=create:spout_filling, recipeClass=class net.minecraft.world.item.crafting.RecipeHolder]
[04:00:49] [Render thread/DEBUG] [me.je.li.re.RecipeManagerInternal/]: Adding recipes: RecipeType[uid=create:draining, recipeClass=class net.minecraft.world.item.crafting.RecipeHolder]
[04:00:49] [Render thread/DEBUG] [me.je.li.re.RecipeManagerInternal/]: Adding recipes: RecipeType[uid=create:automatic_shaped, recipeClass=class net.minecraft.world.item.crafting.RecipeHolder]
[04:00:49] [Render thread/DEBUG] [me.je.li.re.RecipeManagerInternal/]: Adding recipes: RecipeType[uid=create:mechanical_crafting, recipeClass=class net.minecraft.world.item.crafting.RecipeHolder]
[04:00:49] [Render thread/DEBUG] [me.je.li.re.RecipeManagerInternal/]: Adding recipes: RecipeType[uid=create:sequenced_assembly, recipeClass=class net.minecraft.world.item.crafting.RecipeHolder]
[04:00:49] [Render thread/DEBUG] [me.je.li.re.RecipeManagerInternal/]: Adding recipes: RecipeType[uid=create:mystery_conversion, recipeClass=class net.minecraft.world.item.crafting.RecipeHolder]
[04:00:49] [Render thread/DEBUG] [me.je.li.re.RecipeManagerInternal/]: Adding recipes: RecipeType[uid=minecraft:crafting, recipeClass=class net.minecraft.world.item.crafting.RecipeHolder]
[04:00:49] [Render thread/INFO] [me.je.li.lo.PluginCallerTimerRunnable/]: Registering recipes: create:jei_plugin took 136.6 milliseconds
[04:00:49] [Render thread/DEBUG] [me.je.li.lo.PluginCallerTimerRunnable/]: Registering recipes: kubejs:jei...
[04:00:49] [Render thread/DEBUG] [me.je.li.lo.PluginCallerTimerRunnable/]: Registering recipes: jei:internal...
[04:00:49] [Render thread/DEBUG] [me.je.li.pl.je.ta.TagInfoRecipeMaker/]: No valid ingredients found for minecraft:item tag: Juice (c:drinks/juice)
[04:00:49] [Render thread/DEBUG] [me.je.li.pl.je.ta.TagInfoRecipeMaker/]: No valid ingredients found for minecraft:item tag: Water (c:drinks/water)
[04:00:49] [Render thread/DEBUG] [me.je.li.pl.je.ta.TagInfoRecipeMaker/]: No valid ingredients found for minecraft:item tag: 绱按鏅?(create:stone_types/galosphere/amethyst)
[04:00:49] [Render thread/DEBUG] [me.je.li.pl.je.ta.TagInfoRecipeMaker/]: No valid ingredients found for minecraft:item tag: 鑽ч粍鏅?(create:stone_types/galosphere/lumiere)
[04:00:49] [Render thread/DEBUG] [me.je.li.pl.je.ta.TagInfoRecipeMaker/]: No valid ingredients found for minecraft:item tag: 纰ф捣鏂扮敓锛氱強鐟?(create:upgrade_aquatic/coral)
[04:00:49] [Render thread/DEBUG] [me.je.li.pl.je.ta.TagInfoRecipeMaker/]: No valid ingredients found for minecraft:item tag: Ropes (c:ropes)
[04:00:49] [Render thread/DEBUG] [me.je.li.pl.je.ta.TagInfoRecipeMaker/]: No valid ingredients found for minecraft:item tag: 骞借摑鏅?(create:stone_types/galosphere/allurite)
[04:00:49] [Render thread/DEBUG] [me.je.li.pl.je.ta.TagInfoRecipeMaker/]: No valid ingredients found for minecraft:item tag: #touhou_little_maid:maid_eat_blocklist_item (touhou_little_maid:maid_eat_blocklist_item)
[04:00:49] [Render thread/DEBUG] [me.je.li.pl.je.ta.TagInfoRecipeMaker/]: No valid ingredients found for minecraft:item tag: Candies (c:foods/candy)
[04:00:49] [Render thread/DEBUG] [me.je.li.re.RecipeManagerInternal/]: Adding recipes: RecipeType[uid=minecraft:tag_recipes/item, recipeClass=interface mezz.jei.library.plugins.jei.tags.ITagInfoRecipe]
[04:00:49] [Render thread/DEBUG] [me.je.li.pl.je.ta.TagInfoRecipeMaker/]: No valid ingredients found for minecraft:fluid tag: Gaseous (c:gaseous)
[04:00:49] [Render thread/DEBUG] [me.je.li.pl.je.ta.TagInfoRecipeMaker/]: No valid ingredients found for minecraft:fluid tag: Suspicious Stew (c:suspicious_stew)
[04:00:49] [Render thread/DEBUG] [me.je.li.pl.je.ta.TagInfoRecipeMaker/]: No valid ingredients found for minecraft:fluid tag: Rabbit Stew (c:rabbit_stew)
[04:00:49] [Render thread/DEBUG] [me.je.li.pl.je.ta.TagInfoRecipeMaker/]: No valid ingredients found for minecraft:fluid tag: Potion (c:potion)
[04:00:49] [Render thread/DEBUG] [me.je.li.pl.je.ta.TagInfoRecipeMaker/]: No valid ingredients found for minecraft:fluid tag: Experience (c:experience)
[04:00:49] [Render thread/DEBUG] [me.je.li.pl.je.ta.TagInfoRecipeMaker/]: No valid ingredients found for minecraft:fluid tag: Beetroot Soup (c:beetroot_soup)
[04:00:49] [Render thread/DEBUG] [me.je.li.pl.je.ta.TagInfoRecipeMaker/]: No valid ingredients found for minecraft:fluid tag: Mushroom Stew (c:mushroom_stew)
[04:00:49] [Render thread/DEBUG] [me.je.li.re.RecipeManagerInternal/]: Adding recipes: RecipeType[uid=minecraft:tag_recipes/fluid, recipeClass=interface mezz.jei.library.plugins.jei.tags.ITagInfoRecipe]
[04:00:49] [Render thread/DEBUG] [me.je.li.pl.je.ta.TagInfoRecipeMaker/]: No valid ingredients found for minecraft:block tag: #minecraft:candle_cakes (minecraft:candle_cakes)
[04:00:49] [Render thread/DEBUG] [me.je.li.pl.je.ta.TagInfoRecipeMaker/]: No valid ingredients found for minecraft:block tag: #minecraft:strider_warm_blocks (minecraft:strider_warm_blocks)
[04:00:49] [Render thread/DEBUG] [me.je.li.pl.je.ta.TagInfoRecipeMaker/]: No valid ingredients found for minecraft:block tag: #minecraft:portals (minecraft:portals)
[04:00:49] [Render thread/DEBUG] [me.je.li.pl.je.ta.TagInfoRecipeMaker/]: No valid ingredients found for minecraft:block tag: #minecraft:invalid_spawn_inside (minecraft:invalid_spawn_inside)
[04:00:49] [Render thread/DEBUG] [me.je.li.pl.je.ta.TagInfoRecipeMaker/]: No valid ingredients found for minecraft:block tag: #c:mineable/knife (c:mineable/knife)
[04:00:49] [Render thread/DEBUG] [me.je.li.pl.je.ta.TagInfoRecipeMaker/]: No valid ingredients found for minecraft:block tag: #minecraft:incorrect_for_diamond_tool (minecraft:incorrect_for_diamond_tool)
[04:00:49] [Render thread/DEBUG] [me.je.li.pl.je.ta.TagInfoRecipeMaker/]: No valid ingredients found for minecraft:block tag: #minecraft:air (minecraft:air)
[04:00:49] [Render thread/DEBUG] [me.je.li.pl.je.ta.TagInfoRecipeMaker/]: No valid ingredients found for minecraft:block tag: #farmersdelight:drops_cake_slice (farmersdelight:drops_cake_slice)
[04:00:49] [Render thread/DEBUG] [me.je.li.pl.je.ta.TagInfoRecipeMaker/]: No valid ingredients found for minecraft:block tag: #minecraft:incorrect_for_netherite_tool (minecraft:incorrect_for_netherite_tool)
[04:00:49] [Render thread/DEBUG] [me.je.li.pl.je.ta.TagInfoRecipeMaker/]: No valid ingredients found for minecraft:block tag: 涓嶅彲瑁呴厤 (create:non_movable)
[04:00:49] [Render thread/DEBUG] [me.je.li.pl.je.ta.TagInfoRecipeMaker/]: No valid ingredients found for minecraft:block tag: 涓嶅彲鏀跺壊 (create:non_harvestable)
[04:00:49] [Render thread/DEBUG] [me.je.li.pl.je.ta.TagInfoRecipeMaker/]: No valid ingredients found for minecraft:block tag: #minecraft:fire (minecraft:fire)
[04:00:49] [Render thread/DEBUG] [me.je.li.pl.je.ta.TagInfoRecipeMaker/]: No valid ingredients found for minecraft:block tag: Needs Netherite Tools (neoforge:needs_netherite_tool)
[04:00:49] [Render thread/DEBUG] [me.je.li.pl.je.ta.TagInfoRecipeMaker/]: No valid ingredients found for minecraft:block tag: Enderman Place On Blacklist (neoforge:enderman_place_on_blacklist)
[04:00:49] [Render thread/DEBUG] [me.je.li.pl.je.ta.TagInfoRecipeMaker/]: No valid ingredients found for minecraft:block tag: Ropes (c:ropes)
[04:00:49] [Render thread/DEBUG] [me.je.li.re.RecipeManagerInternal/]: Adding recipes: RecipeType[uid=minecraft:tag_recipes/block, recipeClass=interface mezz.jei.library.plugins.jei.tags.ITagInfoRecipe]
[04:00:49] [Render thread/INFO] [me.je.li.lo.PluginCallerTimerRunnable/]: Registering recipes: jei:internal took 64.56 milliseconds
[04:00:49] [Render thread/INFO] [me.je.li.lo.PluginCaller/]: Registering recipes took 290.8 milliseconds
[04:00:49] [Render thread/INFO] [me.je.li.lo.PluginCaller/]: Registering recipes transfer handlers...
[04:00:49] [Render thread/DEBUG] [me.je.li.lo.PluginCallerTimerRunnable/]: Registering recipes transfer handlers: jei:minecraft...
[04:00:49] [Render thread/DEBUG] [me.je.li.lo.PluginCallerTimerRunnable/]: Registering recipes transfer handlers: farmersdelight:jei_plugin...
[04:00:49] [Render thread/DEBUG] [me.je.li.lo.PluginCallerTimerRunnable/]: Registering recipes transfer handlers: emi:jemi...
[04:00:49] [Render thread/DEBUG] [me.je.li.lo.PluginCallerTimerRunnable/]: Registering recipes transfer handlers: jade:main...
[04:00:49] [Render thread/DEBUG] [me.je.li.lo.PluginCallerTimerRunnable/]: Registering recipes transfer handlers: jei:neoforge_gui...
[04:00:49] [Render thread/DEBUG] [me.je.li.lo.PluginCallerTimerRunnable/]: Registering recipes transfer handlers: jei:debug...
[04:00:49] [Render thread/DEBUG] [me.je.li.lo.PluginCallerTimerRunnable/]: Registering recipes transfer handlers: jei:gui...
[04:00:49] [Render thread/DEBUG] [me.je.li.lo.PluginCallerTimerRunnable/]: Registering recipes transfer handlers: poopsky:jei_plugin...
[04:00:49] [Render thread/DEBUG] [me.je.li.lo.PluginCallerTimerRunnable/]: Registering recipes transfer handlers: touhou_little_maid:jei...
[04:00:49] [Render thread/DEBUG] [me.je.li.lo.PluginCallerTimerRunnable/]: Registering recipes transfer handlers: create:jei_plugin...
[04:00:49] [Render thread/DEBUG] [me.je.li.lo.PluginCallerTimerRunnable/]: Registering recipes transfer handlers: kubejs:jei...
[04:00:49] [Render thread/DEBUG] [me.je.li.lo.PluginCallerTimerRunnable/]: Registering recipes transfer handlers: jei:internal...
[04:00:49] [Render thread/INFO] [me.je.li.lo.PluginCaller/]: Registering recipes transfer handlers took 7.352 milliseconds
[04:00:49] [Render thread/INFO] [me.je.co.ut.LoggedTimer/]: Building runtime...
[04:00:49] [Render thread/DEBUG] [mixin/]: Mixing CreativeModeInventoryScreenMixin from betteradvancedtooltips.mixins.json into net.minecraft.client.gui.screens.inventory.CreativeModeInventoryScreen
[04:00:49] [Render thread/INFO] [me.je.li.lo.PluginCaller/]: Registering gui handlers...
[04:00:49] [Render thread/DEBUG] [me.je.li.lo.PluginCallerTimerRunnable/]: Registering gui handlers: jei:minecraft...
[04:00:49] [Render thread/DEBUG] [me.je.li.lo.PluginCallerTimerRunnable/]: Registering gui handlers: farmersdelight:jei_plugin...
[04:00:49] [Render thread/DEBUG] [me.je.li.lo.PluginCallerTimerRunnable/]: Registering gui handlers: emi:jemi...
[04:00:49] [Render thread/DEBUG] [me.je.li.lo.PluginCallerTimerRunnable/]: Registering gui handlers: jade:main...
[04:00:49] [Render thread/DEBUG] [me.je.li.lo.PluginCallerTimerRunnable/]: Registering gui handlers: jei:neoforge_gui...
[04:00:49] [Render thread/DEBUG] [me.je.li.lo.PluginCallerTimerRunnable/]: Registering gui handlers: jei:debug...
[04:00:49] [Render thread/DEBUG] [me.je.li.lo.PluginCallerTimerRunnable/]: Registering gui handlers: jei:gui...
[04:00:49] [Render thread/DEBUG] [me.je.li.lo.PluginCallerTimerRunnable/]: Registering gui handlers: poopsky:jei_plugin...
[04:00:49] [Render thread/DEBUG] [me.je.li.lo.PluginCallerTimerRunnable/]: Registering gui handlers: touhou_little_maid:jei...
[04:00:49] [Render thread/DEBUG] [me.je.li.lo.PluginCallerTimerRunnable/]: Registering gui handlers: create:jei_plugin...
[04:00:49] [Render thread/DEBUG] [me.je.li.lo.PluginCallerTimerRunnable/]: Registering gui handlers: kubejs:jei...
[04:00:49] [Render thread/DEBUG] [me.je.li.lo.PluginCallerTimerRunnable/]: Registering gui handlers: jei:internal...
[04:00:49] [Render thread/INFO] [me.je.li.lo.PluginCaller/]: Registering gui handlers took 6.786 milliseconds
[04:00:49] [Render thread/INFO] [me.je.li.lo.PluginCaller/]: Registering Runtime...
[04:00:49] [Render thread/DEBUG] [me.je.li.lo.PluginCallerTimerRunnable/]: Registering Runtime: jei:minecraft...
[04:00:49] [Render thread/DEBUG] [me.je.li.lo.PluginCallerTimerRunnable/]: Registering Runtime: farmersdelight:jei_plugin...
[04:00:49] [Render thread/DEBUG] [me.je.li.lo.PluginCallerTimerRunnable/]: Registering Runtime: emi:jemi...
[04:00:49] [Render thread/DEBUG] [me.je.li.lo.PluginCallerTimerRunnable/]: Registering Runtime: jade:main...
[04:00:49] [Render thread/DEBUG] [me.je.li.lo.PluginCallerTimerRunnable/]: Registering Runtime: jei:neoforge_gui...
[04:00:49] [Render thread/DEBUG] [me.je.li.lo.PluginCallerTimerRunnable/]: Registering Runtime: jei:debug...
[04:00:49] [Render thread/DEBUG] [me.je.li.lo.PluginCallerTimerRunnable/]: Registering Runtime: jei:gui...
[04:00:49] [Render thread/DEBUG] [me.je.li.lo.PluginCallerTimerRunnable/]: Registering Runtime: poopsky:jei_plugin...
[04:00:49] [Render thread/DEBUG] [me.je.li.lo.PluginCallerTimerRunnable/]: Registering Runtime: touhou_little_maid:jei...
[04:00:49] [Render thread/DEBUG] [me.je.li.lo.PluginCallerTimerRunnable/]: Registering Runtime: create:jei_plugin...
[04:00:49] [Render thread/DEBUG] [me.je.li.lo.PluginCallerTimerRunnable/]: Registering Runtime: kubejs:jei...
[04:00:49] [Render thread/DEBUG] [me.je.li.lo.PluginCallerTimerRunnable/]: Registering Runtime: jei:internal...
[04:00:49] [Render thread/INFO] [me.je.li.lo.PluginCaller/]: Registering Runtime took 5.655 milliseconds
[04:00:49] [Render thread/INFO] [me.je.co.ut.LoggedTimer/]: Building runtime took 37.60 milliseconds
[04:00:49] [Render thread/INFO] [me.je.li.lo.PluginCaller/]: Sending Runtime...
[04:00:49] [Render thread/DEBUG] [me.je.li.lo.PluginCallerTimerRunnable/]: Sending Runtime: jei:minecraft...
[04:00:49] [Render thread/DEBUG] [me.je.li.lo.PluginCallerTimerRunnable/]: Sending Runtime: farmersdelight:jei_plugin...
[04:00:49] [Render thread/DEBUG] [me.je.li.lo.PluginCallerTimerRunnable/]: Sending Runtime: emi:jemi...
[04:00:49] [Render thread/DEBUG] [me.je.li.lo.PluginCallerTimerRunnable/]: Sending Runtime: jade:main...
[04:00:49] [Render thread/DEBUG] [me.je.li.lo.PluginCallerTimerRunnable/]: Sending Runtime: jei:neoforge_gui...
[04:00:49] [Render thread/DEBUG] [me.je.li.lo.PluginCallerTimerRunnable/]: Sending Runtime: jei:debug...
[04:00:49] [Render thread/DEBUG] [me.je.li.lo.PluginCallerTimerRunnable/]: Sending Runtime: jei:gui...
[04:00:49] [Render thread/DEBUG] [me.je.li.lo.PluginCallerTimerRunnable/]: Sending Runtime: poopsky:jei_plugin...
[04:00:49] [Render thread/DEBUG] [me.je.li.lo.PluginCallerTimerRunnable/]: Sending Runtime: touhou_little_maid:jei...
[04:00:49] [Render thread/DEBUG] [me.je.li.lo.PluginCallerTimerRunnable/]: Sending Runtime: create:jei_plugin...
[04:00:49] [Render thread/DEBUG] [me.je.li.lo.PluginCallerTimerRunnable/]: Sending Runtime: kubejs:jei...
[04:00:49] [Render thread/DEBUG] [me.je.li.lo.PluginCallerTimerRunnable/]: Sending Runtime: jei:internal...
[04:00:49] [Render thread/INFO] [me.je.li.lo.PluginCaller/]: Sending Runtime took 804.6 microseconds
[04:00:49] [Render thread/INFO] [me.je.co.ut.LoggedTimer/]: Starting JEI took 832.2 milliseconds
[04:00:49] [Render thread/INFO] [EMI/]: [EMI] Tags synchronized, reloading EMI
[04:00:49] [Render thread/INFO] [EMI/]: [EMI] Starting Reload
[04:00:49] [Thread-13/INFO] [EMI/]: [EMI] Starting EMI reload...
[04:00:49] [Thread-13/INFO] [EMI/]: [EMI] Clearing data
[04:00:49] [Render thread/INFO] [sn.ja.Jade/]: Received config from the server: 
[04:00:49] [Render thread/INFO] [minecraft/ChatComponent]: [System] [CHAT] [杞︿竾濂充粏] 鐐瑰嚮杩欓噷瀹夎甯曠鑾夋墜鍐屾ā缁勬潵鑾峰彇鎵嬪唽
[04:00:49] [Render thread/INFO] [minecraft/AdvancementTree]: Loaded 41 advancements
[04:00:49] [Thread-13/INFO] [EMI/]: [EMI] Initializing plugin from emi
[04:00:49] [Thread-13/INFO] [EMI/]: [EMI] Initialized plugin from emi in 17ms
[04:00:49] [Thread-13/INFO] [EMI/]: [EMI] Initializing plugin from touhou_little_maid
[04:00:49] [Thread-13/INFO] [EMI/]: [EMI] Initialized plugin from touhou_little_maid in 0ms
[04:00:49] [Thread-13/INFO] [EMI/]: [EMI] Initializing plugin from kubejs
[04:00:49] [Thread-13/INFO] [EMI/]: [EMI] Initialized plugin from kubejs in 0ms
[04:00:49] [Thread-13/INFO] [EMI/]: [EMI] Initializing plugin from jemi
[04:00:49] [Thread-13/INFO] [EMI/]: [EMI] Initialized plugin from jemi in 0ms
[04:00:49] [Thread-13/INFO] [EMI/]: [EMI] Processing tags
[04:00:49] [Thread-13/ERROR] [EMI/]: [EMI] Untranslated tag #poopsky:fan_processing_catalysts/digesting
[04:00:49] [Thread-13/INFO] [EMI/]: [EMI]  Tag warning can be disabled in the config, EMI docs describe how to add a translation or exclude tags.
[04:00:49] [Thread-13/ERROR] [EMI/]: [EMI] Untranslated tag #c:buckets/chocolate
[04:00:49] [Thread-13/ERROR] [EMI/]: [EMI] Untranslated tag #c:crops/cabbage
[04:00:49] [Thread-13/ERROR] [EMI/]: [EMI] Untranslated tag #c:crops/grain
[04:00:49] [Thread-13/ERROR] [EMI/]: [EMI] Untranslated tag #c:crops/onion
[04:00:49] [Thread-13/ERROR] [EMI/]: [EMI] Untranslated tag #c:crops/rice
[04:00:49] [Thread-13/ERROR] [EMI/]: [EMI] Untranslated tag #c:crops/tomato
[04:00:49] [Thread-13/ERROR] [EMI/]: [EMI] Untranslated tag #c:drinks/tea
[04:00:49] [Thread-13/ERROR] [EMI/]: [EMI] Untranslated tag #c:foods/cabbage
[04:00:49] [Thread-13/ERROR] [EMI/]: [EMI] Untranslated tag #c:foods/chocolate
[04:00:49] [Thread-13/ERROR] [EMI/]: [EMI] Untranslated tag #c:foods/cooked_bacon
[04:00:49] [Thread-13/ERROR] [EMI/]: [EMI] Untranslated tag #c:foods/cooked_beef
[04:00:49] [Thread-13/ERROR] [EMI/]: [EMI] Untranslated tag #c:foods/cooked_chicken
[04:00:49] [Thread-13/ERROR] [EMI/]: [EMI] Untranslated tag #c:foods/cooked_cod
[04:00:49] [Thread-13/ERROR] [EMI/]: [EMI] Untranslated tag #c:foods/cooked_egg
[04:00:49] [Thread-13/ERROR] [EMI/]: [EMI] Untranslated tag #c:foods/cooked_mutton
[04:00:49] [Thread-13/ERROR] [EMI/]: [EMI] Untranslated tag #c:foods/cooked_pork
[04:00:49] [Thread-13/ERROR] [EMI/]: [EMI] Untranslated tag #c:foods/cooked_salmon
[04:00:49] [Thread-13/ERROR] [EMI/]: [EMI] Untranslated tag #c:foods/leafy_green
[04:00:49] [Thread-13/ERROR] [EMI/]: [EMI] Untranslated tag #c:foods/milk
[04:00:49] [Thread-13/ERROR] [EMI/]: [EMI] Untranslated tag #c:foods/onion
[04:00:49] [Thread-13/ERROR] [EMI/]: [EMI] Untranslated tag #c:foods/pasta
[04:00:49] [Thread-13/ERROR] [EMI/]: [EMI] Untranslated tag #c:foods/raw_bacon
[04:00:49] [Thread-13/ERROR] [EMI/]: [EMI] Untranslated tag #c:foods/raw_beef
[04:00:49] [Thread-13/ERROR] [EMI/]: [EMI] Untranslated tag #c:foods/raw_chicken
[04:00:49] [Thread-13/ERROR] [EMI/]: [EMI] Untranslated tag #c:foods/raw_cod
[04:00:49] [Thread-13/ERROR] [EMI/]: [EMI] Untranslated tag #c:foods/raw_mutton
[04:00:49] [Thread-13/ERROR] [EMI/]: [EMI] Untranslated tag #c:foods/raw_pork
[04:00:49] [Thread-13/ERROR] [EMI/]: [EMI] Untranslated tag #c:foods/raw_salmon
[04:00:49] [Thread-13/ERROR] [EMI/]: [EMI] Untranslated tag #c:foods/safe_raw_fish
[04:00:49] [Thread-13/ERROR] [EMI/]: [EMI] Untranslated tag #c:foods/tomato
[04:00:49] [Thread-13/ERROR] [EMI/]: [EMI] Untranslated tag #c:storage_blocks/beetroot
[04:00:49] [Thread-13/ERROR] [EMI/]: [EMI] Untranslated tag #c:storage_blocks/cabbage
[04:00:49] [Thread-13/ERROR] [EMI/]: [EMI] Untranslated tag #c:storage_blocks/carrot
[04:00:49] [Thread-13/ERROR] [EMI/]: [EMI] Untranslated tag #c:storage_blocks/onion
[04:00:49] [Thread-13/ERROR] [EMI/]: [EMI] Untranslated tag #c:storage_blocks/potato
[04:00:49] [Thread-13/ERROR] [EMI/]: [EMI] Untranslated tag #c:storage_blocks/rice
[04:00:49] [Thread-13/ERROR] [EMI/]: [EMI] Untranslated tag #c:storage_blocks/rice_panicle
[04:00:49] [Thread-13/ERROR] [EMI/]: [EMI] Untranslated tag #c:storage_blocks/straw
[04:00:49] [Thread-13/ERROR] [EMI/]: [EMI] Untranslated tag #c:storage_blocks/tomato
[04:00:49] [Thread-13/ERROR] [EMI/]: [EMI] Untranslated tag #c:tools/knife
[04:00:49] [Thread-13/ERROR] [EMI/]: [EMI] Untranslated tag #createaddition:plant_foods
[04:00:49] [Thread-13/ERROR] [EMI/]: [EMI] Untranslated tag #createaddition:plants
[04:00:49] [Thread-13/ERROR] [EMI/]: [EMI] Untranslated tag #curios:head
[04:00:49] [Thread-13/ERROR] [EMI/]: [EMI] Untranslated tag #farmersdelight:cabbage_roll_ingredients
[04:00:49] [Thread-13/ERROR] [EMI/]: [EMI] Untranslated tag #farmersdelight:cabinets
[04:00:49] [Thread-13/ERROR] [EMI/]: [EMI] Untranslated tag #farmersdelight:cabinets/wooden
[04:00:49] [Thread-13/ERROR] [EMI/]: [EMI] Untranslated tag #farmersdelight:canvas_signs
[04:00:49] [Thread-13/ERROR] [EMI/]: [EMI] Untranslated tag #farmersdelight:drinks
[04:00:49] [Thread-13/ERROR] [EMI/]: [EMI] Untranslated tag #farmersdelight:enchantable/knife
[04:00:49] [Thread-13/ERROR] [EMI/]: [EMI] Untranslated tag #farmersdelight:feasts
[04:00:49] [Thread-13/ERROR] [EMI/]: [EMI] Untranslated tag #farmersdelight:flat_on_cutting_board
[04:00:49] [Thread-13/ERROR] [EMI/]: [EMI] Untranslated tag #farmersdelight:hanging_canvas_signs
[04:00:49] [Thread-13/ERROR] [EMI/]: [EMI] Untranslated tag #farmersdelight:meals
[04:00:49] [Thread-13/ERROR] [EMI/]: [EMI] Untranslated tag #farmersdelight:offhand_equipment
[04:00:49] [Thread-13/ERROR] [EMI/]: [EMI] Untranslated tag #farmersdelight:serving_containers
[04:00:49] [Thread-13/ERROR] [EMI/]: [EMI] Untranslated tag #farmersdelight:straw_harvesters
[04:00:49] [Thread-13/ERROR] [EMI/]: [EMI] Untranslated tag #farmersdelight:tools/knives
[04:00:49] [Thread-13/ERROR] [EMI/]: [EMI] Untranslated tag #farmersdelight:wild_crops
[04:00:49] [Thread-13/ERROR] [EMI/]: [EMI] Untranslated tag #origins:meat
[04:00:49] [Thread-13/ERROR] [EMI/]: [EMI] Untranslated tag #poopsky:poops
[04:00:49] [Thread-13/ERROR] [EMI/]: [EMI] Untranslated tag #poopsky:toilet_blocks
[04:00:49] [Thread-13/ERROR] [EMI/]: [EMI] Untranslated tag #sereneseasons:autumn_crops
[04:00:49] [Thread-13/ERROR] [EMI/]: [EMI] Untranslated tag #sereneseasons:spring_crops
[04:00:49] [Thread-13/ERROR] [EMI/]: [EMI] Untranslated tag #sereneseasons:summer_crops
[04:00:49] [Thread-13/ERROR] [EMI/]: [EMI] Untranslated tag #sereneseasons:winter_crops
[04:00:49] [Thread-13/ERROR] [EMI/]: [EMI] Untranslated tag #tconstruct:seeds
[04:00:49] [Thread-13/ERROR] [EMI/]: [EMI] Untranslated tag #touhou_little_maid:gohei_enchantable
[04:00:49] [Thread-13/ERROR] [EMI/]: [EMI] Untranslated tag #touhou_little_maid:maid_mending_blocklist_item
[04:00:49] [Thread-13/ERROR] [EMI/]: [EMI] Untranslated tag #touhou_little_maid:maid_plantable_seeds
[04:00:49] [Thread-13/ERROR] [EMI/]: [EMI] Untranslated tag #touhou_little_maid:maid_tamed_item
[04:00:49] [Thread-13/ERROR] [EMI/]: [EMI] Untranslated tag #touhou_little_maid:maid_vanishing_blocklist_item
[04:00:49] [Thread-13/INFO] [EMI/]: [EMI]  Tag warning can be disabled in the config, EMI docs describe how to add a translation or exclude tags.
[04:00:49] [Thread-13/INFO] [EMI/]: [EMI] Constructing index
[04:00:49] [Thread-13/INFO] [EMI/]: [EMI] Reloading item groups on client thread...
[04:00:49] [Thread-13/INFO] [EMI/]: [EMI] Reloading item groups on client thread took 73ms
[04:00:49] [Thread-13/INFO] [EMI/]: [EMI] Loading plugin from emi
[04:00:50] [Thread-13/INFO] [EMI/]: [EMI] Reloaded plugin from emi in 349ms
[04:00:50] [Thread-13/INFO] [EMI/]: [EMI] Loading plugin from touhou_little_maid
[04:00:50] [Thread-13/INFO] [EMI/]: [EMI] Reloaded plugin from touhou_little_maid in 23ms
[04:00:50] [Thread-13/INFO] [EMI/]: [EMI] Loading plugin from kubejs
[04:00:50] [Thread-13/INFO] [EMI/]: [EMI] Reloaded plugin from kubejs in 2ms
[04:00:50] [Thread-13/INFO] [EMI/]: [EMI] Loading plugin from jemi
[04:00:50] [Thread-13/INFO] [EMI/]: [EMI] [JEMI] Waiting for JEI to finish reloading...
[04:00:50] [Thread-13/INFO] [EMI/]: [EMI] Waiting for JEI to finish...
[04:00:50] [Thread-13/INFO] [EMI/]: [EMI] [JEMI] JEI reloaded!
[04:00:50] [Thread-13/INFO] [EMI/]: [EMI] Loading information from JEI...
[04:00:50] [Thread-13/INFO] [EMI/]: [EMI] Processing JEI stacks...
[04:00:50] [Thread-13/INFO] [EMI/]: [EMI] Processing JEI subtypes...
[04:00:50] [Thread-13/INFO] [EMI/]: [EMI] Processing JEI recipes...
[04:00:50] [Thread-13/INFO] [EMI/]: [EMI] [JEMI] Collecting data for 鍚堟垚
[04:00:50] [Thread-13/INFO] [EMI/]: [EMI] Loading JEI data for 鍚堟垚
[04:00:50] [Thread-13/INFO] [EMI/]: [EMI] [JEMI] Collecting data for 閾佺牕
[04:00:50] [Thread-13/INFO] [EMI/]: [EMI] Loading JEI data for 閾佺牕
[04:00:50] [Thread-13/INFO] [EMI/]: [EMI] [JEMI] Collecting data for 楂樼倝
[04:00:50] [Thread-13/INFO] [EMI/]: [EMI] Loading JEI data for 楂樼倝
[04:00:50] [Thread-13/INFO] [EMI/]: [EMI] [JEMI] Collecting data for 閰块€?
[04:00:50] [Thread-13/INFO] [EMI/]: [EMI] Loading JEI data for 閰块€?
[04:00:50] [Thread-13/INFO] [EMI/]: [EMI] [JEMI] Collecting data for 钀ョ伀鐑归オ
[04:00:50] [Thread-13/INFO] [EMI/]: [EMI] Loading JEI data for 钀ョ伀鐑归オ
[04:00:50] [Thread-13/INFO] [EMI/]: [EMI] [JEMI] Collecting data for 鍫嗚偉
[04:00:50] [Thread-13/INFO] [EMI/]: [EMI] Loading JEI data for 鍫嗚偉
[04:00:50] [Thread-13/INFO] [EMI/]: [EMI] [JEMI] Collecting data for 鐕冩枡
[04:00:50] [Thread-13/INFO] [EMI/]: [EMI] Loading JEI data for 鐕冩枡
[04:00:50] [Thread-13/INFO] [EMI/]: [EMI] [JEMI] Collecting data for 鐮傝疆
[04:00:50] [Thread-13/INFO] [EMI/]: [EMI] Loading JEI data for 鐮傝疆
[04:00:50] [Thread-13/INFO] [EMI/]: [EMI] [JEMI] Collecting data for 鐑х偧
[04:00:50] [Thread-13/INFO] [EMI/]: [EMI] Loading JEI data for 鐑х偧
[04:00:50] [Thread-13/INFO] [EMI/]: [EMI] [JEMI] Collecting data for 閿婚€犲彴
[04:00:50] [Thread-13/INFO] [EMI/]: [EMI] Loading JEI data for 閿婚€犲彴
[04:00:50] [Thread-13/INFO] [EMI/]: [EMI] [JEMI] Collecting data for 鐑熺啅
[04:00:50] [Thread-13/INFO] [EMI/]: [EMI] Loading JEI data for 鐑熺啅
[04:00:50] [Thread-13/INFO] [EMI/]: [EMI] [JEMI] Collecting data for 鍒囩煶
[04:00:50] [Thread-13/INFO] [EMI/]: [EMI] Loading JEI data for 鍒囩煶
[04:00:50] [Thread-13/INFO] [EMI/]: [EMI] [JEMI] Collecting data for 鏂瑰潡鏍囩
[04:00:50] [Thread-13/INFO] [EMI/]: [EMI] Loading JEI data for 鏂瑰潡鏍囩
[04:00:50] [Thread-13/INFO] [EMI/]: [EMI] [JEMI] Collecting data for 娴佷綋鏍囩
[04:00:50] [Thread-13/INFO] [EMI/]: [EMI] Loading JEI data for 娴佷綋鏍囩
[04:00:50] [Thread-13/INFO] [EMI/]: [EMI] [JEMI] Collecting data for 鐗╁搧鏍囩
[04:00:50] [Thread-13/INFO] [EMI/]: [EMI] Loading JEI data for 鐗╁搧鏍囩
[04:00:50] [Thread-13/INFO] [EMI/]: [EMI] [JEMI] Collecting data for 鐑归オ
[04:00:50] [Thread-13/INFO] [EMI/]: [EMI] Loading JEI data for 鐑归オ
[04:00:50] [Thread-13/INFO] [EMI/]: [EMI] [JEMI] Collecting data for 鐮ф澘
[04:00:50] [Thread-13/INFO] [EMI/]: [EMI] Loading JEI data for 鐮ф澘
[04:00:50] [Thread-13/INFO] [EMI/]: [EMI] [JEMI] Collecting data for 鍒嗚В
[04:00:50] [Thread-13/INFO] [EMI/]: [EMI] Loading JEI data for 鍒嗚В
[04:00:50] [Thread-13/INFO] [EMI/]: [EMI] [JEMI] Collecting data for 淇℃伅
[04:00:50] [Thread-13/INFO] [EMI/]: [EMI] Loading JEI data for 淇℃伅
[04:00:50] [Thread-13/INFO] [EMI/]: [EMI] [JEMI] Collecting data for 鑷姩閰块€?
[04:00:50] [Thread-13/INFO] [EMI/]: [EMI] Loading JEI data for 鑷姩閰块€?
[04:00:50] [Thread-13/INFO] [EMI/]: [EMI] [JEMI] Collecting data for 鑷姩鍘嬬缉
[04:00:50] [Thread-13/INFO] [EMI/]: [EMI] Loading JEI data for 鑷姩鍘嬬缉
[04:00:50] [Thread-13/INFO] [EMI/]: [EMI] [JEMI] Collecting data for 鑷姩鍚堟垚
[04:00:50] [Thread-13/INFO] [EMI/]: [EMI] Loading JEI data for 鑷姩鍚堟垚
[04:00:50] [Thread-13/INFO] [EMI/]: [EMI] [JEMI] Collecting data for 鑷姩鎼呮媽
[04:00:50] [Thread-13/INFO] [EMI/]: [EMI] Loading JEI data for 鑷姩鎼呮媽
[04:00:50] [Thread-13/INFO] [EMI/]: [EMI] [JEMI] Collecting data for 鏂瑰潡鍒囧壊
[04:00:50] [Thread-13/INFO] [EMI/]: [EMI] Loading JEI data for 鏂瑰潡鍒囧壊
[04:00:50] [Thread-13/INFO] [EMI/]: [EMI] [JEMI] Collecting data for 绮夌
[04:00:50] [Thread-13/INFO] [EMI/]: [EMI] Loading JEI data for 绮夌
[04:00:50] [Thread-13/INFO] [EMI/]: [EMI] [JEMI] Collecting data for 浣跨敤
[04:00:50] [Thread-13/INFO] [EMI/]: [EMI] Loading JEI data for 浣跨敤
[04:00:50] [Thread-13/INFO] [EMI/]: [EMI] [JEMI] Collecting data for 鍒嗘恫
[04:00:50] [Thread-13/INFO] [EMI/]: [EMI] Loading JEI data for 鍒嗘恫
[04:00:50] [Thread-13/INFO] [EMI/]: [EMI] [JEMI] Collecting data for 鎵归噺鐔旂偧
[04:00:50] [Thread-13/INFO] [EMI/]: [EMI] Loading JEI data for 鎵归噺鐔旂偧
[04:00:50] [Thread-13/INFO] [EMI/]: [EMI] [JEMI] Collecting data for 鎵归噺缂犻瓊
[04:00:50] [Thread-13/INFO] [EMI/]: [EMI] Loading JEI data for 鎵归噺缂犻瓊
[04:00:50] [Thread-13/INFO] [EMI/]: [EMI] [JEMI] Collecting data for 鎵归噺鐑熺啅
[04:00:50] [Thread-13/INFO] [EMI/]: [EMI] Loading JEI data for 鎵归噺鐑熺啅
[04:00:50] [Thread-13/INFO] [EMI/]: [EMI] [JEMI] Collecting data for 鎵归噺娲楁钉
[04:00:50] [Thread-13/INFO] [EMI/]: [EMI] Loading JEI data for 鎵归噺娲楁钉
[04:00:50] [Thread-13/INFO] [EMI/]: [EMI] [JEMI] Collecting data for 鎵嬪姩鐗╁搧浣跨敤
[04:00:50] [Thread-13/INFO] [EMI/]: [EMI] Loading JEI data for 鎵嬪姩鐗╁搧浣跨敤
[04:00:50] [Thread-13/INFO] [EMI/]: [EMI] [JEMI] Collecting data for 鍔ㄥ姏鍚堟垚
[04:00:50] [Thread-13/INFO] [EMI/]: [EMI] Loading JEI data for 鍔ㄥ姏鍚堟垚
[04:00:50] [Thread-13/INFO] [EMI/]: [EMI] [JEMI] Collecting data for 鐮旂（
[04:00:50] [Thread-13/INFO] [EMI/]: [EMI] Loading JEI data for 鐮旂（
[04:00:50] [Thread-13/INFO] [EMI/]: [EMI] [JEMI] Collecting data for 娣峰悎鎼呮媽
[04:00:50] [Thread-13/INFO] [EMI/]: [EMI] Loading JEI data for 娣峰悎鎼呮媽
[04:00:50] [Thread-13/INFO] [EMI/]: [EMI] [JEMI] Collecting data for 绁炵杞寲
[04:00:50] [Thread-13/INFO] [EMI/]: [EMI] Loading JEI data for 绁炵杞寲
[04:00:50] [Thread-13/INFO] [EMI/]: [EMI] [JEMI] Collecting data for 濉戝舰
[04:00:50] [Thread-13/INFO] [EMI/]: [EMI] Loading JEI data for 濉戝舰
[04:00:50] [Thread-13/INFO] [EMI/]: [EMI] [JEMI] Collecting data for 鍐插帇
[04:00:50] [Thread-13/INFO] [EMI/]: [EMI] Loading JEI data for 鍐插帇
[04:00:50] [Thread-13/INFO] [EMI/]: [EMI] [JEMI] Collecting data for 鐮傜焊鎵撶（
[04:00:50] [Thread-13/INFO] [EMI/]: [EMI] Loading JEI data for 鐮傜焊鎵撶（
[04:00:50] [Thread-13/INFO] [EMI/]: [EMI] [JEMI] Collecting data for 鍒囧墛
[04:00:50] [Thread-13/INFO] [EMI/]: [EMI] Loading JEI data for 鍒囧墛
[04:00:50] [Thread-13/INFO] [EMI/]: [EMI] [JEMI] Collecting data for 搴忓垪缁勮
[04:00:50] [Thread-13/INFO] [EMI/]: [EMI] Loading JEI data for 搴忓垪缁勮
[04:00:50] [Thread-13/INFO] [EMI/]: [EMI] [JEMI] Collecting data for 娉ㄦ恫
[04:00:50] [Thread-13/INFO] [EMI/]: [EMI] Loading JEI data for 娉ㄦ恫
[04:00:50] [Thread-13/INFO] [EMI/]: [EMI] [JEMI] Collecting data for 鑲涙皵鍐插帇
[04:00:50] [Thread-13/INFO] [EMI/]: [EMI] Loading JEI data for 鑲涙皵鍐插帇
[04:00:50] [Thread-13/INFO] [EMI/]: [EMI] [JEMI] Collecting data for 绻佽偛绠?
[04:00:50] [Thread-13/INFO] [EMI/]: [EMI] Loading JEI data for 绻佽偛绠?
[04:00:50] [Thread-13/INFO] [EMI/]: [EMI] [JEMI] Collecting data for 鍫嗙勃妗?
[04:00:50] [Thread-13/INFO] [EMI/]: [EMI] Loading JEI data for 鍫嗙勃妗?
[04:00:50] [Thread-13/INFO] [EMI/]: [EMI] [JEMI] Collecting data for 鎵归噺鍖栫勃
[04:00:50] [Thread-13/INFO] [EMI/]: [EMI] Loading JEI data for 鎵归噺鍖栫勃
[04:00:50] [Thread-13/INFO] [EMI/]: [EMI] [JEMI] Collecting data for 鑻嶈潎绐?
[04:00:50] [Thread-13/INFO] [EMI/]: [EMI] Loading JEI data for 鑻嶈潎绐?
[04:00:50] [Thread-13/INFO] [EMI/]: [EMI] [JEMI] Collecting data for POP鐖嗙偢杞寲
[04:00:50] [Thread-13/INFO] [EMI/]: [EMI] Loading JEI data for POP鐖嗙偢杞寲
[04:00:50] [Thread-13/INFO] [EMI/]: [EMI] [JEMI] Collecting data for 绛涙灦
[04:00:50] [Thread-13/INFO] [EMI/]: [EMI] Loading JEI data for 绛涙灦
[04:00:50] [Thread-13/INFO] [EMI/]: [EMI] Reloaded plugin from jemi in 183ms
[04:00:50] [Thread-13/INFO] [EMI/]: [EMI] Baking index
[04:00:50] [Thread-13/INFO] [EMI/]: [EMI] Registering late recipes
[04:00:50] [Thread-13/INFO] [EMI/]: [EMI] Baking recipes
[04:00:50] [Thread-13/ERROR] [EMI/]: [EMI] 2 recipes loaded with the same id: jei:/c/dyed/light_blue
[04:00:50] [Thread-13/ERROR] [EMI/]: [EMI] 2 recipes loaded with the same id: jei:/create/milling/large_fern
[04:00:50] [Thread-13/ERROR] [EMI/]: [EMI] 2 recipes loaded with the same id: jei:/c/fences
[04:00:50] [Thread-13/ERROR] [EMI/]: [EMI] 2 recipes loaded with the same id: jei:/minecraft/soul_fire_base_blocks
[04:00:50] [Thread-13/ERROR] [EMI/]: [EMI] 2 recipes loaded with the same id: jei:/c/dyed/magenta
[04:00:50] [Thread-13/ERROR] [EMI/]: [EMI] 2 recipes loaded with the same id: jei:/minecraft/prismarine
[04:00:50] [Thread-13/ERROR] [EMI/]: [EMI] 2 recipes loaded with the same id: jei:/minecraft/deepslate_tiles
[04:00:50] [Thread-13/ERROR] [EMI/]: [EMI] 2 recipes loaded with the same id: jei:/c/storage_blocks/slime
[04:00:50] [Thread-13/ERROR] [EMI/]: [EMI] 2 recipes loaded with the same id: jei:/create/valve_handles
[04:00:50] [Thread-13/ERROR] [EMI/]: [EMI] 2 recipes loaded with the same id: jei:/c/storage_blocks/straw
[04:00:50] [Thread-13/ERROR] [EMI/]: [EMI] 2 recipes loaded with the same id: jei:/c/storage_blocks/carrot
[04:00:50] [Thread-13/ERROR] [EMI/]: [EMI] 2 recipes loaded with the same id: jei:/create/milling/granite
[04:00:50] [Thread-13/ERROR] [EMI/]: [EMI] 2 recipes loaded with the same id: jei:/create/milling/rose_bush
[04:00:50] [Thread-13/ERROR] [EMI/]: [EMI] 2 recipes loaded with the same id: jei:/minecraft/cut_sandstone
[04:00:50] [Thread-13/ERROR] [EMI/]: [EMI] 2 recipes loaded with the same id: jei:/poopsky/poop_bricks_from_poop_block
[04:00:50] [Thread-13/ERROR] [EMI/]: [EMI] 2 recipes loaded with the same id: jei:/minecraft/waxed_cut_copper
[04:00:50] [Thread-13/ERROR] [EMI/]: [EMI] 2 recipes loaded with the same id: jei:/c/storage_blocks/bone_meal
[04:00:50] [Thread-13/ERROR] [EMI/]: [EMI] 2 recipes loaded with the same id: jei:/c/storage_blocks/wheat
[04:00:50] [Thread-13/ERROR] [EMI/]: [EMI] 2 recipes loaded with the same id: jei:/c/ores/gold
[04:00:50] [Thread-13/ERROR] [EMI/]: [EMI] 2 recipes loaded with the same id: jei:/c/ores_in_ground/stone
[04:00:50] [Thread-13/ERROR] [EMI/]: [EMI] 2 recipes loaded with the same id: jei:/c/storage_blocks/raw_zinc
[04:00:50] [Thread-13/ERROR] [EMI/]: [EMI] 2 recipes loaded with the same id: jei:/c/dyed/gray
[04:00:50] [Thread-13/ERROR] [EMI/]: [EMI] 2 recipes loaded with the same id: jei:/c/ores/quartz
[04:00:50] [Thread-13/ERROR] [EMI/]: [EMI] 2 recipes loaded with the same id: jei:/minecraft/snow_block
[04:00:50] [Thread-13/ERROR] [EMI/]: [EMI] 2 recipes loaded with the same id: jei:/minecraft/wooden_buttons
[04:00:50] [Thread-13/ERROR] [EMI/]: [EMI] 2 recipes loaded with the same id: jei:/c/glazed_terracottas
[04:00:50] [Thread-13/ERROR] [EMI/]: [EMI] 2 recipes loaded with the same id: jei:/minecraft/wooden_pressure_plates
[04:00:50] [Thread-13/ERROR] [EMI/]: [EMI] 2 recipes loaded with the same id: jei:/create/milling/pitcher_plant
[04:00:50] [Thread-13/ERROR] [EMI/]: [EMI] 2 recipes loaded with the same id: jei:/c/chests
[04:00:50] [Thread-13/ERROR] [EMI/]: [EMI] 2 recipes loaded with the same id: jei:/minecraft/spruce_logs
[04:00:50] [Thread-13/ERROR] [EMI/]: [EMI] 2 recipes loaded with the same id: jei:/c/storage_blocks/tomato
[04:00:50] [Thread-13/ERROR] [EMI/]: [EMI] 2 recipes loaded with the same id: jei:/minecraft/waxed_weathered_cut_copper
[04:00:50] [Thread-13/ERROR] [EMI/]: [EMI] 2 recipes loaded with the same id: jei:/minecraft/dried_kelp_block
[04:00:50] [Thread-13/ERROR] [EMI/]: [EMI] 2 recipes loaded with the same id: jei:/minecraft/oak_logs
[04:00:50] [Thread-13/ERROR] [EMI/]: [EMI] 2 recipes loaded with the same id: jei:/minecraft/dark_oak_wood
[04:00:50] [Thread-13/ERROR] [EMI/]: [EMI] 2 recipes loaded with the same id: jei:/minecraft/wooden_trapdoors
[04:00:50] [Thread-13/ERROR] [EMI/]: [EMI] 2 recipes loaded with the same id: jei:/create/fan_processing_catalysts/blasting
[04:00:50] [Thread-13/ERROR] [EMI/]: [EMI] 2 recipes loaded with the same id: jei:/c/storage_blocks/rice
[04:00:50] [Thread-13/ERROR] [EMI/]: [EMI] 2 recipes loaded with the same id: jei:/farmersdelight/integration/create/milling/wild_rice
[04:00:50] [Thread-13/ERROR] [EMI/]: [EMI] 2 recipes loaded with the same id: jei:/minecraft/waxed_exposed_cut_copper
[04:00:50] [Thread-13/ERROR] [EMI/]: [EMI] 2 recipes loaded with the same id: jei:/c/storage_blocks/gold
[04:00:50] [Thread-13/ERROR] [EMI/]: [EMI] 2 recipes loaded with the same id: jei:/create/crafting/materials/copper_ingot
[04:00:50] [Thread-13/ERROR] [EMI/]: [EMI] 2 recipes loaded with the same id: jei:/c/storage_blocks/copper
[04:00:50] [Thread-13/ERROR] [EMI/]: [EMI] 2 recipes loaded with the same id: jei:/create/crafting/materials/experience_block
[04:00:50] [Thread-13/ERROR] [EMI/]: [EMI] 2 recipes loaded with the same id: jei:/create/milling/bone
[04:00:50] [Thread-13/ERROR] [EMI/]: [EMI] 2 recipes loaded with the same id: jei:/farmersdelight/cabbage_crate
[04:00:50] [Thread-13/ERROR] [EMI/]: [EMI] 2 recipes loaded with the same id: jei:/minecraft/beds
[04:00:50] [Thread-13/ERROR] [EMI/]: [EMI] 2 recipes loaded with the same id: jei:/farmersdelight/straw_bale
[04:00:50] [Thread-13/ERROR] [EMI/]: [EMI] 2 recipes loaded with the same id: jei:/c/dyed/white
[04:00:50] [Thread-13/ERROR] [EMI/]: [EMI] 2 recipes loaded with the same id: jei:/c/ores/netherite_scrap
[04:00:50] [Thread-13/ERROR] [EMI/]: [EMI] 2 recipes loaded with the same id: jei:/c/stripped_woods
[04:00:50] [Thread-13/ERROR] [EMI/]: [EMI] 2 recipes loaded with the same id: jei:/minecraft/mangrove_wood
[04:00:50] [Thread-13/ERROR] [EMI/]: [EMI] 2 recipes loaded with the same id: jei:/minecraft/candles
[04:00:50] [Thread-13/ERROR] [EMI/]: [EMI] 2 recipes loaded with the same id: jei:/c/sandstone/uncolored_slabs
[04:00:50] [Thread-13/ERROR] [EMI/]: [EMI] 2 recipes loaded with the same id: jei:/create/table_cloths
[04:00:50] [Thread-13/ERROR] [EMI/]: [EMI] 2 recipes loaded with the same id: jei:/minecraft/buttons
[04:00:50] [Thread-13/ERROR] [EMI/]: [EMI] 2 recipes loaded with the same id: jei:/minecraft/gold_ores
[04:00:50] [Thread-13/ERROR] [EMI/]: [EMI] 2 recipes loaded with the same id: jei:/minecraft/bamboo_blocks
[04:00:50] [Thread-13/ERROR] [EMI/]: [EMI] 2 recipes loaded with the same id: jei:/c/storage_blocks/iron
[04:00:50] [Thread-13/ERROR] [EMI/]: [EMI] 2 recipes loaded with the same id: jei:/c/storage_blocks/raw_copper
[04:00:50] [Thread-13/ERROR] [EMI/]: [EMI] 2 recipes loaded with the same id: jei:/c/dyed/light_gray
[04:00:50] [Thread-13/ERROR] [EMI/]: [EMI] 2 recipes loaded with the same id: jei:/farmersdelight/sweet_berry_cheesecake_from_slices
[04:00:50] [Thread-13/ERROR] [EMI/]: [EMI] 2 recipes loaded with the same id: jei:/create/milling/wither_rose
[04:00:50] [Thread-13/ERROR] [EMI/]: [EMI] 2 recipes loaded with the same id: jei:/minecraft/stairs
[04:00:50] [Thread-13/ERROR] [EMI/]: [EMI] 2 recipes loaded with the same id: jei:/c/ore_bearing_ground/netherrack
[04:00:50] [Thread-13/ERROR] [EMI/]: [EMI] 2 recipes loaded with the same id: jei:/farmersdelight/safety_net
[04:00:50] [Thread-13/ERROR] [EMI/]: [EMI] 2 recipes loaded with the same id: jei:/create/milling/cornflower
[04:00:50] [Thread-13/ERROR] [EMI/]: [EMI] 2 recipes loaded with the same id: jei:/create/milling/terracotta
[04:00:50] [Thread-13/ERROR] [EMI/]: [EMI] 2 recipes loaded with the same id: jei:/minecraft/logs_that_burn
[04:00:50] [Thread-13/ERROR] [EMI/]: [EMI] 2 recipes loaded with the same id: jei:/minecraft/polished_andesite
[04:00:50] [Thread-13/ERROR] [EMI/]: [EMI] 2 recipes loaded with the same id: jei:/create/milling/blue_orchid
[04:00:50] [Thread-13/ERROR] [EMI/]: [EMI] 2 recipes loaded with the same id: jei:/minecraft/jungle_logs
[04:00:50] [Thread-13/ERROR] [EMI/]: [EMI] 2 recipes loaded with the same id: jei:/minecraft/sandstone
[04:00:50] [Thread-13/ERROR] [EMI/]: [EMI] 2 recipes loaded with the same id: jei:/minecraft/birch_wood
[04:00:50] [Thread-13/ERROR] [EMI/]: [EMI] 2 recipes loaded with the same id: jei:/farmersdelight/pumpkin_from_slices
[04:00:50] [Thread-13/ERROR] [EMI/]: [EMI] 2 recipes loaded with the same id: jei:/minecraft/stripped_cherry_wood
[04:00:50] [Thread-13/ERROR] [EMI/]: [EMI] 2 recipes loaded with the same id: jei:/c/ores_in_ground/netherrack
[04:00:50] [Thread-13/ERROR] [EMI/]: [EMI] 2 recipes loaded with the same id: jei:/c/storage_blocks/raw_gold
[04:00:50] [Thread-13/ERROR] [EMI/]: [EMI] 2 recipes loaded with the same id: jei:/c/storage_blocks/emerald
[04:00:50] [Thread-13/ERROR] [EMI/]: [EMI] 2 recipes loaded with the same id: jei:/minecraft/coal_ores
[04:00:50] [Thread-13/ERROR] [EMI/]: [EMI] 2 recipes loaded with the same id: jei:/c/chests/wooden
[04:00:50] [Thread-13/ERROR] [EMI/]: [EMI] 2 recipes loaded with the same id: jei:/c/cobblestones/mossy
[04:00:50] [Thread-13/ERROR] [EMI/]: [EMI] 2 recipes loaded with the same id: jei:/minecraft/stripped_crimson_hyphae
[04:00:50] [Thread-13/ERROR] [EMI/]: [EMI] 2 recipes loaded with the same id: jei:/minecraft/diamond_ores
[04:00:50] [Thread-13/ERROR] [EMI/]: [EMI] 2 recipes loaded with the same id: jei:/c/sands
[04:00:50] [Thread-13/ERROR] [EMI/]: [EMI] 2 recipes loaded with the same id: jei:/create/milling/poppy
[04:00:50] [Thread-13/ERROR] [EMI/]: [EMI] 2 recipes loaded with the same id: jei:/farmersdelight/integration/create/milling/wild_beetroots
[04:00:50] [Thread-13/ERROR] [EMI/]: [EMI] 2 recipes loaded with the same id: jei:/c/ores/iron
[04:00:50] [Thread-13/ERROR] [EMI/]: [EMI] 2 recipes loaded with the same id: jei:/c/barrels
[04:00:50] [Thread-13/ERROR] [EMI/]: [EMI] 2 recipes loaded with the same id: jei:/create/tracks
[04:00:50] [Thread-13/ERROR] [EMI/]: [EMI] 2 recipes loaded with the same id: jei:/create/milling/calcite
[04:00:50] [Thread-13/ERROR] [EMI/]: [EMI] 2 recipes loaded with the same id: jei:/c/pumpkins/jack_o_lanterns
[04:00:50] [Thread-13/ERROR] [EMI/]: [EMI] 2 recipes loaded with the same id: jei:/minecraft/emerald_block
[04:00:50] [Thread-13/ERROR] [EMI/]: [EMI] 2 recipes loaded with the same id: jei:/minecraft/stripped_dark_oak_wood
[04:00:50] [Thread-13/ERROR] [EMI/]: [EMI] 2 recipes loaded with the same id: jei:/minecraft/slime_block
[04:00:50] [Thread-13/ERROR] [EMI/]: [EMI] 2 recipes loaded with the same id: jei:/c/dyed/orange
[04:00:50] [Thread-13/ERROR] [EMI/]: [EMI] 2 recipes loaded with the same id: jei:/create/milling/fern
[04:00:50] [Thread-13/ERROR] [EMI/]: [EMI] 2 recipes loaded with the same id: jei:/farmersdelight/potato_crate
[04:00:50] [Thread-13/ERROR] [EMI/]: [EMI] 2 recipes loaded with the same id: jei:/create/milling/ink_sac
[04:00:50] [Thread-13/ERROR] [EMI/]: [EMI] 2 recipes loaded with the same id: jei:/create/milling/short_grass
[04:00:50] [Thread-13/ERROR] [EMI/]: [EMI] 2 recipes loaded with the same id: jei:/farmersdelight/integration/create/milling/wild_carrots
[04:00:50] [Thread-13/ERROR] [EMI/]: [EMI] 2 recipes loaded with the same id: jei:/minecraft/dripstone_block
[04:00:50] [Thread-13/ERROR] [EMI/]: [EMI] 2 recipes loaded with the same id: jei:/create/postboxes
[04:00:50] [Thread-13/ERROR] [EMI/]: [EMI] 2 recipes loaded with the same id: jei:/c/gravels
[04:00:50] [Thread-13/ERROR] [EMI/]: [EMI] 2 recipes loaded with the same id: jei:/c/dyed/pink
[04:00:50] [Thread-13/ERROR] [EMI/]: [EMI] 2 recipes loaded with the same id: jei:/create/crafting/materials/brass_block_from_compacting
[04:00:50] [Thread-13/ERROR] [EMI/]: [EMI] 2 recipes loaded with the same id: jei:/create/toolboxes
[04:00:50] [Thread-13/ERROR] [EMI/]: [EMI] 2 recipes loaded with the same id: jei:/minecraft/acacia_logs
[04:00:50] [Thread-13/ERROR] [EMI/]: [EMI] 2 recipes loaded with the same id: jei:/create/milling/saddle
[04:00:50] [Thread-13/ERROR] [EMI/]: [EMI] 2 recipes loaded with the same id: jei:/create/milling/lily_of_the_valley
[04:00:50] [Thread-13/ERROR] [EMI/]: [EMI] 2 recipes loaded with the same id: jei:/c/glass_panes
[04:00:50] [Thread-13/ERROR] [EMI/]: [EMI] 2 recipes loaded with the same id: jei:/create/milling/sugar_cane
[04:00:50] [Thread-13/ERROR] [EMI/]: [EMI] 2 recipes loaded with the same id: jei:/create/milling/peony
[04:00:50] [Thread-13/ERROR] [EMI/]: [EMI] 2 recipes loaded with the same id: jei:/minecraft/oxidized_cut_copper
[04:00:50] [Thread-13/ERROR] [EMI/]: [EMI] 2 recipes loaded with the same id: jei:/poopsky/raw_wither_poop_block_from_wither_poop_ball
[04:00:50] [Thread-13/ERROR] [EMI/]: [EMI] 2 recipes loaded with the same id: jei:/poopsky/golden_poop_block_from_golden_poop
[04:00:50] [Thread-13/ERROR] [EMI/]: [EMI] 2 recipes loaded with the same id: jei:/create/milling/coal
[04:00:50] [Thread-13/ERROR] [EMI/]: [EMI] 2 recipes loaded with the same id: jei:/c/dyed/yellow
[04:00:50] [Thread-13/ERROR] [EMI/]: [EMI] 2 recipes loaded with the same id: jei:/minecraft/jungle_wood
[04:00:50] [Thread-13/ERROR] [EMI/]: [EMI] 2 recipes loaded with the same id: jei:/minecraft/gold_ingot_from_nuggets
[04:00:50] [Thread-13/ERROR] [EMI/]: [EMI] 2 recipes loaded with the same id: jei:/minecraft/gold_block
[04:00:50] [Thread-13/ERROR] [EMI/]: [EMI] 2 recipes loaded with the same id: jei:/sereneseasons/summer_crops
[04:00:50] [Thread-13/ERROR] [EMI/]: [EMI] 2 recipes loaded with the same id: jei:/c/barrels/wooden
[04:00:50] [Thread-13/ERROR] [EMI/]: [EMI] 2 recipes loaded with the same id: jei:/c/stones
[04:00:50] [Thread-13/ERROR] [EMI/]: [EMI] 2 recipes loaded with the same id: jei:/minecraft/cherry_logs
[04:00:50] [Thread-13/ERROR] [EMI/]: [EMI] 2 recipes loaded with the same id: jei:/minecraft/iron_ingot_from_nuggets
[04:00:50] [Thread-13/ERROR] [EMI/]: [EMI] 2 recipes loaded with the same id: jei:/minecraft/warped_stems
[04:00:50] [Thread-13/ERROR] [EMI/]: [EMI] 2 recipes loaded with the same id: jei:/c/ores/zinc
[04:00:50] [Thread-13/ERROR] [EMI/]: [EMI] 2 recipes loaded with the same id: jei:/minecraft/polished_diorite
[04:00:50] [Thread-13/ERROR] [EMI/]: [EMI] 2 recipes loaded with the same id: jei:/poopsky/chili_poop_block_from_chili_poop
[04:00:50] [Thread-13/ERROR] [EMI/]: [EMI] 2 recipes loaded with the same id: jei:/c/storage_blocks/andesite_alloy
[04:00:50] [Thread-13/ERROR] [EMI/]: [EMI] 2 recipes loaded with the same id: jei:/c/chains
[04:00:50] [Thread-13/ERROR] [EMI/]: [EMI] 2 recipes loaded with the same id: jei:/c/ores/coal
[04:00:50] [Thread-13/ERROR] [EMI/]: [EMI] 2 recipes loaded with the same id: jei:/c/glass_blocks/cheap
[04:00:50] [Thread-13/ERROR] [EMI/]: [EMI] 2 recipes loaded with the same id: jei:/minecraft/stripped_oak_wood
[04:00:50] [Thread-13/ERROR] [EMI/]: [EMI] 2 recipes loaded with the same id: jei:/minecraft/warped_hyphae
[04:00:50] [Thread-13/ERROR] [EMI/]: [EMI] 2 recipes loaded with the same id: jei:/minecraft/leather
[04:00:50] [Thread-13/ERROR] [EMI/]: [EMI] 2 recipes loaded with the same id: jei:/minecraft/glowstone
[04:00:50] [Thread-13/ERROR] [EMI/]: [EMI] 2 recipes loaded with the same id: jei:/create/milling/tall_grass
[04:00:50] [Thread-13/ERROR] [EMI/]: [EMI] 2 recipes loaded with the same id: jei:/create/milling/beetroot
[04:00:50] [Thread-13/ERROR] [EMI/]: [EMI] 2 recipes loaded with the same id: jei:/create/milling/clay
[04:00:50] [Thread-13/ERROR] [EMI/]: [EMI] 2 recipes loaded with the same id: jei:/minecraft/magma_block
[04:00:50] [Thread-13/ERROR] [EMI/]: [EMI] 2 recipes loaded with the same id: jei:/create/crafting/materials/zinc_ingot_from_compacting
[04:00:50] [Thread-13/ERROR] [EMI/]: [EMI] 2 recipes loaded with the same id: jei:/c/sandstone/stairs
[04:00:50] [Thread-13/ERROR] [EMI/]: [EMI] 2 recipes loaded with the same id: jei:/minecraft/stripped_mangrove_wood
[04:00:50] [Thread-13/ERROR] [EMI/]: [EMI] 2 recipes loaded with the same id: jei:/farmersdelight/tomato_crate
[04:00:50] [Thread-13/ERROR] [EMI/]: [EMI] 2 recipes loaded with the same id: jei:/c/storage_blocks/cabbage
[04:00:50] [Thread-13/ERROR] [EMI/]: [EMI] 2 recipes loaded with the same id: jei:/poopsky/toilet_blocks
[04:00:50] [Thread-13/ERROR] [EMI/]: [EMI] 2 recipes loaded with the same id: jei:/c/sands/red
[04:00:50] [Thread-13/ERROR] [EMI/]: [EMI] 2 recipes loaded with the same id: jei:/minecraft/saplings
[04:00:50] [Thread-13/ERROR] [EMI/]: [EMI] 2 recipes loaded with the same id: jei:/c/ores/copper
[04:00:50] [Thread-13/ERROR] [EMI/]: [EMI] 2 recipes loaded with the same id: jei:/minecraft/cherry_wood
[04:00:50] [Thread-13/ERROR] [EMI/]: [EMI] 2 recipes loaded with the same id: jei:/minecraft/weathered_cut_copper
[04:00:50] [Thread-13/ERROR] [EMI/]: [EMI] 2 recipes loaded with the same id: jei:/c/fences/wooden
[04:00:50] [Thread-13/ERROR] [EMI/]: [EMI] 2 recipes loaded with the same id: jei:/farmersdelight/integration/create/milling/wild_tomatoes
[04:00:50] [Thread-13/ERROR] [EMI/]: [EMI] 2 recipes loaded with the same id: jei:/minecraft/white_wool_from_string
[04:00:50] [Thread-13/ERROR] [EMI/]: [EMI] 2 recipes loaded with the same id: jei:/c/ores/lapis
[04:00:50] [Thread-13/ERROR] [EMI/]: [EMI] 2 recipes loaded with the same id: jei:/c/storage_blocks/cardboard
[04:00:50] [Thread-13/ERROR] [EMI/]: [EMI] 2 recipes loaded with the same id: jei:/farmersdelight/canvas
[04:00:50] [Thread-13/ERROR] [EMI/]: [EMI] 2 recipes loaded with the same id: jei:/minecraft/raw_copper_block
[04:00:50] [Thread-13/ERROR] [EMI/]: [EMI] 2 recipes loaded with the same id: jei:/c/clusters
[04:00:50] [Thread-13/ERROR] [EMI/]: [EMI] 2 recipes loaded with the same id: jei:/c/obsidians/crying
[04:00:50] [Thread-13/ERROR] [EMI/]: [EMI] 2 recipes loaded with the same id: jei:/create/milling/red_tulip
[04:00:50] [Thread-13/ERROR] [EMI/]: [EMI] 2 recipes loaded with the same id: jei:/create/milling/lapis_lazuli
[04:00:50] [Thread-13/ERROR] [EMI/]: [EMI] 2 recipes loaded with the same id: jei:/create/milling/torchflower
[04:00:50] [Thread-13/ERROR] [EMI/]: [EMI] 2 recipes loaded with the same id: jei:/poopsky/cut_poop_block_from_dried_poop_block
[04:00:50] [Thread-13/ERROR] [EMI/]: [EMI] 2 recipes loaded with the same id: jei:/minecraft/stripped_spruce_wood
[04:00:50] [Thread-13/ERROR] [EMI/]: [EMI] 2 recipes loaded with the same id: jei:/poopsky/raw_sapling_poop_block_from_sapling_poop_ball
[04:00:50] [Thread-13/ERROR] [EMI/]: [EMI] 2 recipes loaded with the same id: jei:/c/sandstone/uncolored_stairs
[04:00:50] [Thread-13/ERROR] [EMI/]: [EMI] 2 recipes loaded with the same id: jei:/c/budding_blocks
[04:00:50] [Thread-13/ERROR] [EMI/]: [EMI] 2 recipes loaded with the same id: jei:/c/fence_gates/wooden
[04:00:50] [Thread-13/ERROR] [EMI/]: [EMI] 2 recipes loaded with the same id: jei:/create/milling/andesite
[04:00:50] [Thread-13/ERROR] [EMI/]: [EMI] 2 recipes loaded with the same id: jei:/create/crafting/materials/raw_zinc_block
[04:00:50] [Thread-13/ERROR] [EMI/]: [EMI] 42 recipes loaded with the same id: touhou_little_maid:altar_recipe
[04:00:50] [Thread-13/ERROR] [EMI/]: [EMI] 2 recipes loaded with the same id: jei:/farmersdelight/rice_bale
[04:00:50] [Thread-13/ERROR] [EMI/]: [EMI] 2 recipes loaded with the same id: jei:/c/ore_rates/singular
[04:00:50] [Thread-13/ERROR] [EMI/]: [EMI] 2 recipes loaded with the same id: jei:/minecraft/acacia_wood
[04:00:50] [Thread-13/ERROR] [EMI/]: [EMI] 2 recipes loaded with the same id: jei:/c/storage_blocks/dried_kelp
[04:00:50] [Thread-13/ERROR] [EMI/]: [EMI] 2 recipes loaded with the same id: jei:/c/dyed/black
[04:00:50] [Thread-13/ERROR] [EMI/]: [EMI] 2 recipes loaded with the same id: jei:/minecraft/netherite_block
[04:00:50] [Thread-13/ERROR] [EMI/]: [EMI] 2 recipes loaded with the same id: jei:/minecraft/honey_block
[04:00:50] [Thread-13/ERROR] [EMI/]: [EMI] 2 recipes loaded with the same id: jei:/minecraft/cut_copper
[04:00:50] [Thread-13/ERROR] [EMI/]: [EMI] 2 recipes loaded with the same id: jei:/minecraft/crimson_hyphae
[04:00:50] [Thread-13/ERROR] [EMI/]: [EMI] 2 recipes loaded with the same id: jei:/c/ore_rates/sparse
[04:00:50] [Thread-13/ERROR] [EMI/]: [EMI] 2 recipes loaded with the same id: jei:/farmersdelight/beetroot_crate
[04:00:50] [Thread-13/ERROR] [EMI/]: [EMI] 2 recipes loaded with the same id: jei:/create/seats
[04:00:50] [Thread-13/ERROR] [EMI/]: [EMI] 2 recipes loaded with the same id: jei:/minecraft/iron_block
[04:00:50] [Thread-13/ERROR] [EMI/]: [EMI] 2 recipes loaded with the same id: jei:/create/milling/charcoal
[04:00:50] [Thread-13/ERROR] [EMI/]: [EMI] 2 recipes loaded with the same id: jei:/minecraft/clay
[04:00:50] [Thread-13/ERROR] [EMI/]: [EMI] 2 recipes loaded with the same id: jei:/minecraft/iron_trapdoor
[04:00:50] [Thread-13/ERROR] [EMI/]: [EMI] 2 recipes loaded with the same id: jei:/c/sands/colorless
[04:00:50] [Thread-13/ERROR] [EMI/]: [EMI] 2 recipes loaded with the same id: jei:/minecraft/mangrove_logs
[04:00:50] [Thread-13/ERROR] [EMI/]: [EMI] 2 recipes loaded with the same id: jei:/minecraft/slabs
[04:00:50] [Thread-13/ERROR] [EMI/]: [EMI] 2 recipes loaded with the same id: jei:/poopsky/poolime_poop_block_from_compacting
[04:00:50] [Thread-13/ERROR] [EMI/]: [EMI] 2 recipes loaded with the same id: jei:/create/milling/oxeye_daisy
[04:00:50] [Thread-13/ERROR] [EMI/]: [EMI] 2 recipes loaded with the same id: jei:/poopsky/raw_sea_poop_block_from_sea_poop_ball
[04:00:50] [Thread-13/ERROR] [EMI/]: [EMI] 2 recipes loaded with the same id: jei:/c/chests/ender
[04:00:50] [Thread-13/ERROR] [EMI/]: [EMI] 2 recipes loaded with the same id: jei:/c/dyed/purple
[04:00:50] [Thread-13/ERROR] [EMI/]: [EMI] 2 recipes loaded with the same id: jei:/minecraft/banners
[04:00:50] [Thread-13/ERROR] [EMI/]: [EMI] 2 recipes loaded with the same id: jei:/c/sandstone/slabs
[04:00:50] [Thread-13/ERROR] [EMI/]: [EMI] 2 recipes loaded with the same id: jei:/minecraft/bone_block
[04:00:50] [Thread-13/ERROR] [EMI/]: [EMI] 2 recipes loaded with the same id: jei:/minecraft/oak_wood
[04:00:50] [Thread-13/ERROR] [EMI/]: [EMI] 2 recipes loaded with the same id: jei:/c/dyed/cyan
[04:00:50] [Thread-13/ERROR] [EMI/]: [EMI] 2 recipes loaded with the same id: jei:/sereneseasons/spring_crops
[04:00:50] [Thread-13/ERROR] [EMI/]: [EMI] 2 recipes loaded with the same id: jei:/minecraft/stone_buttons
[04:00:50] [Thread-13/ERROR] [EMI/]: [EMI] 2 recipes loaded with the same id: jei:/c/dyed
[04:00:50] [Thread-13/ERROR] [EMI/]: [EMI] 2 recipes loaded with the same id: jei:/create/potions
[04:00:50] [Thread-13/ERROR] [EMI/]: [EMI] 2 recipes loaded with the same id: jei:/c/pumpkins/normal
[04:00:50] [Thread-13/ERROR] [EMI/]: [EMI] 2 recipes loaded with the same id: jei:/minecraft/smelts_to_glass
[04:00:50] [Thread-13/ERROR] [EMI/]: [EMI] 2 recipes loaded with the same id: jei:/minecraft/deepslate_bricks
[04:00:50] [Thread-13/ERROR] [EMI/]: [EMI] 2 recipes loaded with the same id: jei:/minecraft/nether_bricks
[04:00:50] [Thread-13/ERROR] [EMI/]: [EMI] 2 recipes loaded with the same id: jei:/c/storage_blocks/beetroot
[04:00:50] [Thread-13/ERROR] [EMI/]: [EMI] 2 recipes loaded with the same id: jei:/minecraft/trapdoors
[04:00:50] [Thread-13/ERROR] [EMI/]: [EMI] 2 recipes loaded with the same id: jei:/minecraft/tuff_bricks
[04:00:50] [Thread-13/ERROR] [EMI/]: [EMI] 2 recipes loaded with the same id: jei:/farmersdelight/wild_crops
[04:00:50] [Thread-13/ERROR] [EMI/]: [EMI] 3 recipes loaded with the same id: jei:/minecraft/anvil
[04:00:50] [Thread-13/ERROR] [EMI/]: [EMI] 2 recipes loaded with the same id: jei:/create/milling/sandstone
[04:00:50] [Thread-13/ERROR] [EMI/]: [EMI] 2 recipes loaded with the same id: jei:/farmersdelight/carrot_crate
[04:00:50] [Thread-13/ERROR] [EMI/]: [EMI] 2 recipes loaded with the same id: jei:/minecraft/wooden_stairs
[04:00:50] [Thread-13/ERROR] [EMI/]: [EMI] 2 recipes loaded with the same id: jei:/minecraft/polished_blackstone
[04:00:50] [Thread-13/ERROR] [EMI/]: [EMI] 4 recipes loaded with the same id: jei:/minecraft/stone_bricks
[04:00:50] [Thread-13/ERROR] [EMI/]: [EMI] 2 recipes loaded with the same id: jei:/c/sandstone/red_slabs
[04:00:50] [Thread-13/ERROR] [EMI/]: [EMI] 2 recipes loaded with the same id: jei:/minecraft/crafting_table
[04:00:50] [Thread-13/ERROR] [EMI/]: [EMI] 2 recipes loaded with the same id: jei:/minecraft/planks
[04:00:50] [Thread-13/ERROR] [EMI/]: [EMI] 2 recipes loaded with the same id: jei:/minecraft/leaves
[04:00:50] [Thread-13/ERROR] [EMI/]: [EMI] 2 recipes loaded with the same id: jei:/farmersdelight/integration/create/milling/wild_potatoes
[04:00:50] [Thread-13/ERROR] [EMI/]: [EMI] 2 recipes loaded with the same id: jei:/create/milling/allium
[04:00:50] [Thread-13/ERROR] [EMI/]: [EMI] 2 recipes loaded with the same id: jei:/sereneseasons/winter_crops
[04:00:50] [Thread-13/ERROR] [EMI/]: [EMI] 2 recipes loaded with the same id: jei:/minecraft/doors
[04:00:50] [Thread-13/ERROR] [EMI/]: [EMI] 2 recipes loaded with the same id: jei:/c/dyed/green
[04:00:50] [Thread-13/ERROR] [EMI/]: [EMI] 2 recipes loaded with the same id: jei:/minecraft/stripped_birch_wood
[04:00:50] [Thread-13/ERROR] [EMI/]: [EMI] 2 recipes loaded with the same id: jei:/minecraft/copper_ores
[04:00:50] [Thread-13/ERROR] [EMI/]: [EMI] 2 recipes loaded with the same id: jei:/create/milling/pink_petals
[04:00:50] [Thread-13/ERROR] [EMI/]: [EMI] 2 recipes loaded with the same id: jei:/c/storage_blocks/redstone
[04:00:50] [Thread-13/ERROR] [EMI/]: [EMI] 2 recipes loaded with the same id: jei:/c/storage_blocks/lapis
[04:00:50] [Thread-13/ERROR] [EMI/]: [EMI] 2 recipes loaded with the same id: jei:/minecraft/spruce_wood
[04:00:50] [Thread-13/ERROR] [EMI/]: [EMI] 2 recipes loaded with the same id: jei:/minecraft/sand
[04:00:50] [Thread-13/ERROR] [EMI/]: [EMI] 2 recipes loaded with the same id: jei:/minecraft/dark_oak_logs
[04:00:50] [Thread-13/ERROR] [EMI/]: [EMI] 2 recipes loaded with the same id: jei:/create/milling/wheat
[04:00:50] [Thread-13/ERROR] [EMI/]: [EMI] 2 recipes loaded with the same id: jei:/minecraft/emerald_ores
[04:00:50] [Thread-13/ERROR] [EMI/]: [EMI] 2 recipes loaded with the same id: jei:/create/milling/orange_tulip
[04:00:50] [Thread-13/ERROR] [EMI/]: [EMI] 2 recipes loaded with the same id: jei:/minecraft/raw_gold_block
[04:00:50] [Thread-13/ERROR] [EMI/]: [EMI] 2 recipes loaded with the same id: jei:/minecraft/cut_red_sandstone
[04:00:50] [Thread-13/ERROR] [EMI/]: [EMI] 2 recipes loaded with the same id: jei:/c/concretes
[04:00:50] [Thread-13/ERROR] [EMI/]: [EMI] 2 recipes loaded with the same id: jei:/minecraft/coal_block
[04:00:50] [Thread-13/ERROR] [EMI/]: [EMI] 2 recipes loaded with the same id: jei:/c/glass_blocks/tinted
[04:00:50] [Thread-13/ERROR] [EMI/]: [EMI] 2 recipes loaded with the same id: jei:/minecraft/wart_blocks
[04:00:50] [Thread-13/ERROR] [EMI/]: [EMI] 2 recipes loaded with the same id: jei:/c/cobblestones/infested
[04:00:50] [Thread-13/ERROR] [EMI/]: [EMI] 2 recipes loaded with the same id: jei:/c/glass_panes/colorless
[04:00:50] [Thread-13/ERROR] [EMI/]: [EMI] 2 recipes loaded with the same id: jei:/create/milling/pink_tulip
[04:00:50] [Thread-13/ERROR] [EMI/]: [EMI] 2 recipes loaded with the same id: jei:/poopsky/raw_poop_block_from_poop_ball
[04:00:50] [Thread-13/ERROR] [EMI/]: [EMI] 2 recipes loaded with the same id: jei:/c/sandstone/red_stairs
[04:00:50] [Thread-13/ERROR] [EMI/]: [EMI] 2 recipes loaded with the same id: jei:/poopsky/poolime_block_from_poop_ball
[04:00:50] [Thread-13/ERROR] [EMI/]: [EMI] 2 recipes loaded with the same id: jei:/c/player_workstations/furnaces
[04:00:50] [Thread-13/ERROR] [EMI/]: [EMI] 2 recipes loaded with the same id: jei:/c/cobblestones/deepslate
[04:00:50] [Thread-13/ERROR] [EMI/]: [EMI] 2 recipes loaded with the same id: jei:/poopsky/fan_processing_catalysts/digesting
[04:00:50] [Thread-13/ERROR] [EMI/]: [EMI] 2 recipes loaded with the same id: jei:/c/ore_bearing_ground/stone
[04:00:50] [Thread-13/ERROR] [EMI/]: [EMI] 2 recipes loaded with the same id: jei:/c/sandstone/blocks
[04:00:50] [Thread-13/ERROR] [EMI/]: [EMI] 2 recipes loaded with the same id: jei:/minecraft/birch_logs
[04:00:50] [Thread-13/ERROR] [EMI/]: [EMI] 2 recipes loaded with the same id: jei:/farmersdelight/integration/create/milling/rice_panicle
[04:00:50] [Thread-13/ERROR] [EMI/]: [EMI] 2 recipes loaded with the same id: jei:/minecraft/polished_blackstone_bricks
[04:00:50] [Thread-13/ERROR] [EMI/]: [EMI] 2 recipes loaded with the same id: jei:/minecraft/tall_flowers
[04:00:50] [Thread-13/ERROR] [EMI/]: [EMI] 2 recipes loaded with the same id: jei:/minecraft/stripped_acacia_wood
[04:00:50] [Thread-13/ERROR] [EMI/]: [EMI] 2 recipes loaded with the same id: jei:/farmersdelight/integration/create/milling/wild_onions
[04:00:50] [Thread-13/ERROR] [EMI/]: [EMI] 2 recipes loaded with the same id: jei:/minecraft/amethyst_block
[04:00:50] [Thread-13/ERROR] [EMI/]: [EMI] 2 recipes loaded with the same id: jei:/c/pumpkins
[04:00:50] [Thread-13/ERROR] [EMI/]: [EMI] 2 recipes loaded with the same id: jei:/c/sandstone/uncolored_blocks
[04:00:50] [Thread-13/ERROR] [EMI/]: [EMI] 2 recipes loaded with the same id: jei:/c/end_stones
[04:00:50] [Thread-13/ERROR] [EMI/]: [EMI] 2 recipes loaded with the same id: jei:/c/dyed/brown
[04:00:50] [Thread-13/ERROR] [EMI/]: [EMI] 2 recipes loaded with the same id: jei:/c/storage_blocks/onion
[04:00:50] [Thread-13/ERROR] [EMI/]: [EMI] 2 recipes loaded with the same id: jei:/c/storage_blocks/brass
[04:00:50] [Thread-13/ERROR] [EMI/]: [EMI] 2 recipes loaded with the same id: jei:/sereneseasons/autumn_crops
[04:00:50] [Thread-13/ERROR] [EMI/]: [EMI] 2 recipes loaded with the same id: jei:/create/milling/white_tulip
[04:00:50] [Thread-13/ERROR] [EMI/]: [EMI] 2 recipes loaded with the same id: jei:/minecraft/wool
[04:00:50] [Thread-13/ERROR] [EMI/]: [EMI] 2 recipes loaded with the same id: jei:/create/milling/cactus
[04:00:50] [Thread-13/ERROR] [EMI/]: [EMI] 2 recipes loaded with the same id: jei:/create/milling/cobblestone
[04:00:50] [Thread-13/ERROR] [EMI/]: [EMI] 2 recipes loaded with the same id: jei:/poopsky/mossy_cobblestone_from_compacting
[04:00:50] [Thread-13/ERROR] [EMI/]: [EMI] 2 recipes loaded with the same id: jei:/c/storage_blocks/zinc
[04:00:50] [Thread-13/ERROR] [EMI/]: [EMI] 2 recipes loaded with the same id: jei:/c/pumpkins/carved
[04:00:50] [Thread-13/ERROR] [EMI/]: [EMI] 2 recipes loaded with the same id: jei:/c/fence_gates
[04:00:50] [Thread-13/ERROR] [EMI/]: [EMI] 2 recipes loaded with the same id: jei:/minecraft/dirt
[04:00:50] [Thread-13/ERROR] [EMI/]: [EMI] 2 recipes loaded with the same id: jei:/c/storage_blocks/rice_panicle
[04:00:50] [Thread-13/ERROR] [EMI/]: [EMI] 2 recipes loaded with the same id: jei:/minecraft/signs
[04:00:50] [Thread-13/ERROR] [EMI/]: [EMI] 2 recipes loaded with the same id: jei:/create/crafting/materials/brass_ingot_from_compacting
[04:00:50] [Thread-13/ERROR] [EMI/]: [EMI] 2 recipes loaded with the same id: jei:/c/ores
[04:00:50] [Thread-13/ERROR] [EMI/]: [EMI] 2 recipes loaded with the same id: jei:/c/glass_blocks
[04:00:50] [Thread-13/ERROR] [EMI/]: [EMI] 2 recipes loaded with the same id: jei:/c/storage_blocks/coal
[04:00:50] [Thread-13/ERROR] [EMI/]: [EMI] 2 recipes loaded with the same id: jei:/c/chests/trapped
[04:00:50] [Thread-13/ERROR] [EMI/]: [EMI] 2 recipes loaded with the same id: jei:/minecraft/flowers
[04:00:50] [Thread-13/ERROR] [EMI/]: [EMI] 2 recipes loaded with the same id: jei:/minecraft/lapis_block
[04:00:50] [Thread-13/ERROR] [EMI/]: [EMI] 2 recipes loaded with the same id: jei:/minecraft/mud_bricks
[04:00:50] [Thread-13/ERROR] [EMI/]: [EMI] 2 recipes loaded with the same id: jei:/minecraft/completes_find_tree_tutorial
[04:00:50] [Thread-13/ERROR] [EMI/]: [EMI] 2 recipes loaded with the same id: jei:/minecraft/snow
[04:00:50] [Thread-13/ERROR] [EMI/]: [EMI] 2 recipes loaded with the same id: jei:/c/villager_job_sites
[04:00:50] [Thread-13/ERROR] [EMI/]: [EMI] 2 recipes loaded with the same id: jei:/farmersdelight/onion_crate
[04:00:50] [Thread-13/ERROR] [EMI/]: [EMI] 2 recipes loaded with the same id: jei:/minecraft/waxed_oxidized_cut_copper
[04:00:50] [Thread-13/ERROR] [EMI/]: [EMI] 2 recipes loaded with the same id: jei:/poopsky/poop_trapdoor
[04:00:50] [Thread-13/ERROR] [EMI/]: [EMI] 2 recipes loaded with the same id: jei:/minecraft/fences
[04:00:50] [Thread-13/ERROR] [EMI/]: [EMI] 2 recipes loaded with the same id: jei:/farmersdelight/chocolate_pie_from_slices
[04:00:50] [Thread-13/ERROR] [EMI/]: [EMI] 2 recipes loaded with the same id: jei:/c/storage_blocks/raw_iron
[04:00:50] [Thread-13/ERROR] [EMI/]: [EMI] 2 recipes loaded with the same id: jei:/minecraft/stripped_warped_hyphae
[04:00:50] [Thread-13/ERROR] [EMI/]: [EMI] 2 recipes loaded with the same id: jei:/minecraft/polished_deepslate
[04:00:50] [Thread-13/ERROR] [EMI/]: [EMI] 2 recipes loaded with the same id: jei:/c/bookshelves
[04:00:50] [Thread-13/ERROR] [EMI/]: [EMI] 2 recipes loaded with the same id: jei:/farmersdelight/rice_bag
[04:00:50] [Thread-13/ERROR] [EMI/]: [EMI] 2 recipes loaded with the same id: jei:/c/ores_in_ground/deepslate
[04:00:50] [Thread-13/ERROR] [EMI/]: [EMI] 2 recipes loaded with the same id: jei:/minecraft/exposed_cut_copper
[04:00:50] [Thread-13/ERROR] [EMI/]: [EMI] 2 recipes loaded with the same id: jei:/c/ores/diamond
[04:00:50] [Thread-13/ERROR] [EMI/]: [EMI] 2 recipes loaded with the same id: jei:/c/storage_blocks/netherite
[04:00:50] [Thread-13/ERROR] [EMI/]: [EMI] 2 recipes loaded with the same id: jei:/c/ores/redstone
[04:00:50] [Thread-13/ERROR] [EMI/]: [EMI] 2 recipes loaded with the same id: jei:/minecraft/lapis_ores
[04:00:50] [Thread-13/ERROR] [EMI/]: [EMI] 2 recipes loaded with the same id: jei:/minecraft/wooden_doors
[04:00:50] [Thread-13/ERROR] [EMI/]: [EMI] 2 recipes loaded with the same id: jei:/c/cobblestones
[04:00:50] [Thread-13/ERROR] [EMI/]: [EMI] 2 recipes loaded with the same id: jei:/c/ore_rates/dense
[04:00:50] [Thread-13/ERROR] [EMI/]: [EMI] 2 recipes loaded with the same id: jei:/minecraft/redstone_ores
[04:00:50] [Thread-13/ERROR] [EMI/]: [EMI] 2 recipes loaded with the same id: jei:/create/crafting/materials/andesite_alloy_block
[04:00:50] [Thread-13/ERROR] [EMI/]: [EMI] 2 recipes loaded with the same id: jei:/poopsky/crafting_table_from_spall
[04:00:50] [Thread-13/ERROR] [EMI/]: [EMI] 2 recipes loaded with the same id: jei:/create/milling/dripstone_block
[04:00:50] [Thread-13/ERROR] [EMI/]: [EMI] 2 recipes loaded with the same id: jei:/create/milling/cocoa_beans
[04:00:50] [Thread-13/ERROR] [EMI/]: [EMI] 2 recipes loaded with the same id: jei:/farmersdelight/apple_pie_from_slices
[04:00:50] [Thread-13/ERROR] [EMI/]: [EMI] 2 recipes loaded with the same id: jei:/minecraft/stripped_jungle_wood
[04:00:50] [Thread-13/ERROR] [EMI/]: [EMI] 2 recipes loaded with the same id: jei:/minecraft/honeycomb_block
[04:00:50] [Thread-13/ERROR] [EMI/]: [EMI] 2 recipes loaded with the same id: jei:/create/casing
[04:00:50] [Thread-13/ERROR] [EMI/]: [EMI] 2 recipes loaded with the same id: jei:/minecraft/quartz_bricks
[04:00:50] [Thread-13/ERROR] [EMI/]: [EMI] 2 recipes loaded with the same id: jei:/poopsky/poop_block_from_poop
[04:00:50] [Thread-13/ERROR] [EMI/]: [EMI] 2 recipes loaded with the same id: jei:/minecraft/rails
[04:00:50] [Thread-13/ERROR] [EMI/]: [EMI] 2 recipes loaded with the same id: jei:/minecraft/copper_block
[04:00:50] [Thread-13/ERROR] [EMI/]: [EMI] 2 recipes loaded with the same id: jei:/c/storage_blocks/diamond
[04:00:50] [Thread-13/ERROR] [EMI/]: [EMI] 2 recipes loaded with the same id: jei:/c/sandstone/red_blocks
[04:00:50] [Thread-13/ERROR] [EMI/]: [EMI] 2 recipes loaded with the same id: jei:/c/netherracks
[04:00:50] [Thread-13/ERROR] [EMI/]: [EMI] 2 recipes loaded with the same id: jei:/c/fences/nether_brick
[04:00:50] [Thread-13/ERROR] [EMI/]: [EMI] 2 recipes loaded with the same id: jei:/c/obsidians/normal
[04:00:50] [Thread-13/ERROR] [EMI/]: [EMI] 2 recipes loaded with the same id: jei:/c/dyed/blue
[04:00:50] [Thread-13/ERROR] [EMI/]: [EMI] 2 recipes loaded with the same id: jei:/c/cobblestones/normal
[04:00:50] [Thread-13/ERROR] [EMI/]: [EMI] 2 recipes loaded with the same id: jei:/minecraft/fence_gates
[04:00:50] [Thread-13/ERROR] [EMI/]: [EMI] 2 recipes loaded with the same id: jei:/c/player_workstations/crafting_tables
[04:00:50] [Thread-13/ERROR] [EMI/]: [EMI] 2 recipes loaded with the same id: jei:/farmersdelight/integration/create/milling/wild_cabbages
[04:00:50] [Thread-13/ERROR] [EMI/]: [EMI] 2 recipes loaded with the same id: jei:/minecraft/raw_iron_block
[04:00:50] [Thread-13/ERROR] [EMI/]: [EMI] 2 recipes loaded with the same id: jei:/minecraft/wooden_slabs
[04:00:50] [Thread-13/ERROR] [EMI/]: [EMI] 2 recipes loaded with the same id: jei:/minecraft/small_flowers
[04:00:50] [Thread-13/ERROR] [EMI/]: [EMI] 2 recipes loaded with the same id: jei:/c/ores/emerald
[04:00:50] [Thread-13/ERROR] [EMI/]: [EMI] 2 recipes loaded with the same id: jei:/create/milling/azure_bluet
[04:00:50] [Thread-13/ERROR] [EMI/]: [EMI] 2 recipes loaded with the same id: jei:/minecraft/dampens_vibrations
[04:00:50] [Thread-13/ERROR] [EMI/]: [EMI] 2 recipes loaded with the same id: jei:/minecraft/red_sandstone
[04:00:50] [Thread-13/ERROR] [EMI/]: [EMI] 2 recipes loaded with the same id: jei:/c/ore_bearing_ground/deepslate
[04:00:50] [Thread-13/ERROR] [EMI/]: [EMI] 2 recipes loaded with the same id: jei:/minecraft/wool_carpets
[04:00:50] [Thread-13/ERROR] [EMI/]: [EMI] 2 recipes loaded with the same id: jei:/c/storage_blocks
[04:00:50] [Thread-13/ERROR] [EMI/]: [EMI] 2 recipes loaded with the same id: jei:/create/milling/sunflower
[04:00:50] [Thread-13/ERROR] [EMI/]: [EMI] 2 recipes loaded with the same id: jei:/minecraft/piglin_repellents
[04:00:50] [Thread-13/ERROR] [EMI/]: [EMI] 2 recipes loaded with the same id: jei:/minecraft/crimson_stems
[04:00:50] [Thread-13/ERROR] [EMI/]: [EMI] 2 recipes loaded with the same id: jei:/minecraft/redstone_block
[04:00:50] [Thread-13/ERROR] [EMI/]: [EMI] 2 recipes loaded with the same id: jei:/create/milling/lilac
[04:00:50] [Thread-13/ERROR] [EMI/]: [EMI] 2 recipes loaded with the same id: jei:/create/crafting/materials/zinc_block_from_compacting
[04:00:50] [Thread-13/ERROR] [EMI/]: [EMI] 2 recipes loaded with the same id: jei:/c/buds
[04:00:50] [Thread-13/ERROR] [EMI/]: [EMI] 2 recipes loaded with the same id: jei:/minecraft/end_stone_bricks
[04:00:50] [Thread-13/ERROR] [EMI/]: [EMI] 3 recipes loaded with the same id: jei:/minecraft/terracotta
[04:00:50] [Thread-13/ERROR] [EMI/]: [EMI] 2 recipes loaded with the same id: jei:/create/milling/dandelion
[04:00:50] [Thread-13/ERROR] [EMI/]: [EMI] 2 recipes loaded with the same id: jei:/minecraft/polished_granite
[04:00:50] [Thread-13/ERROR] [EMI/]: [EMI] 2 recipes loaded with the same id: jei:/minecraft/purpur_block
[04:00:50] [Thread-13/ERROR] [EMI/]: [EMI] 2 recipes loaded with the same id: jei:/minecraft/bricks
[04:00:50] [Thread-13/ERROR] [EMI/]: [EMI] 2 recipes loaded with the same id: jei:/c/obsidians
[04:00:50] [Thread-13/ERROR] [EMI/]: [EMI] 2 recipes loaded with the same id: jei:/c/storage_blocks/potato
[04:00:50] [Thread-13/ERROR] [EMI/]: [EMI] 2 recipes loaded with the same id: jei:/minecraft/iron_ores
[04:00:50] [Thread-13/ERROR] [EMI/]: [EMI] 2 recipes loaded with the same id: jei:/minecraft/wooden_fences
[04:00:50] [Thread-13/ERROR] [EMI/]: [EMI] 2 recipes loaded with the same id: jei:/minecraft/quartz_block
[04:00:50] [Thread-13/ERROR] [EMI/]: [EMI] 2 recipes loaded with the same id: jei:/c/stripped_logs
[04:00:50] [Thread-13/ERROR] [EMI/]: [EMI] 2 recipes loaded with the same id: jei:/c/dyed/red
[04:00:50] [Thread-13/ERROR] [EMI/]: [EMI] 2 recipes loaded with the same id: jei:/poopsky/gravel_from_flint_x4
[04:00:50] [Thread-13/ERROR] [EMI/]: [EMI] 2 recipes loaded with the same id: jei:/minecraft/logs
[04:00:50] [Thread-13/ERROR] [EMI/]: [EMI] 2 recipes loaded with the same id: jei:/c/glass_blocks/colorless
[04:00:50] [Thread-13/ERROR] [EMI/]: [EMI] 2 recipes loaded with the same id: jei:/create/milling/bone_meal
[04:00:50] [Thread-13/ERROR] [EMI/]: [EMI] 2 recipes loaded with the same id: jei:/minecraft/polished_tuff
[04:00:50] [Thread-13/ERROR] [EMI/]: [EMI] 2 recipes loaded with the same id: jei:/minecraft/diamond_block
[04:00:50] [Thread-13/ERROR] [EMI/]: [EMI] 2 recipes loaded with the same id: jei:/minecraft/walls
[04:00:50] [Thread-13/ERROR] [EMI/]: [EMI] 2 recipes loaded with the same id: jei:/c/dyed/lime
[04:00:50] [Thread-13/ERROR] [EMI/]: [EMI] 2 recipes loaded with the same id: jei:/minecraft/polished_basalt
[04:00:50] [Thread-13/ERROR] [EMI/]: [EMI] 2 recipes loaded with the same id: jei:/create/milling/sea_pickle
[04:00:50] [Thread-13/ERROR] [EMI/]: [EMI] 2 recipes loaded with the same id: jei:/create/crafting/materials/cardboard_block
[04:00:50] [Thread-13/ERROR] [EMI/]: [EMI] Recipe touhou_little_maid:altar_recipe not present in recipe manager. Consider prefixing its path with '/' if it is synthetic.
[04:00:50] [Thread-13/ERROR] [EMI/]: [EMI] Recipe create:create.toolbox.color/white not present in recipe manager. Consider prefixing its path with '/' if it is synthetic.
[04:00:50] [Thread-13/ERROR] [EMI/]: [EMI] Recipe create:create.toolbox.color/orange not present in recipe manager. Consider prefixing its path with '/' if it is synthetic.
[04:00:50] [Thread-13/ERROR] [EMI/]: [EMI] Recipe create:create.toolbox.color/magenta not present in recipe manager. Consider prefixing its path with '/' if it is synthetic.
[04:00:50] [Thread-13/ERROR] [EMI/]: [EMI] Recipe create:create.toolbox.color/light_blue not present in recipe manager. Consider prefixing its path with '/' if it is synthetic.
[04:00:50] [Thread-13/ERROR] [EMI/]: [EMI] Recipe create:create.toolbox.color/yellow not present in recipe manager. Consider prefixing its path with '/' if it is synthetic.
[04:00:50] [Thread-13/ERROR] [EMI/]: [EMI] Recipe create:create.toolbox.color/lime not present in recipe manager. Consider prefixing its path with '/' if it is synthetic.
[04:00:50] [Thread-13/ERROR] [EMI/]: [EMI] Recipe create:create.toolbox.color/pink not present in recipe manager. Consider prefixing its path with '/' if it is synthetic.
[04:00:50] [Thread-13/ERROR] [EMI/]: [EMI] Recipe create:create.toolbox.color/gray not present in recipe manager. Consider prefixing its path with '/' if it is synthetic.
[04:00:50] [Thread-13/ERROR] [EMI/]: [EMI] Recipe create:create.toolbox.color/light_gray not present in recipe manager. Consider prefixing its path with '/' if it is synthetic.
[04:00:50] [Thread-13/ERROR] [EMI/]: [EMI] Recipe create:create.toolbox.color/cyan not present in recipe manager. Consider prefixing its path with '/' if it is synthetic.
[04:00:50] [Thread-13/ERROR] [EMI/]: [EMI] Recipe create:create.toolbox.color/purple not present in recipe manager. Consider prefixing its path with '/' if it is synthetic.
[04:00:50] [Thread-13/ERROR] [EMI/]: [EMI] Recipe create:create.toolbox.color/blue not present in recipe manager. Consider prefixing its path with '/' if it is synthetic.
[04:00:50] [Thread-13/ERROR] [EMI/]: [EMI] Recipe create:create.toolbox.color/green not present in recipe manager. Consider prefixing its path with '/' if it is synthetic.
[04:00:50] [Thread-13/ERROR] [EMI/]: [EMI] Recipe create:create.toolbox.color/red not present in recipe manager. Consider prefixing its path with '/' if it is synthetic.
[04:00:50] [Thread-13/ERROR] [EMI/]: [EMI] Recipe create:create.toolbox.color/black not present in recipe manager. Consider prefixing its path with '/' if it is synthetic.
[04:00:50] [Thread-13/INFO] [EMI/]: [EMI] Baked 9538 recipes in 265ms
[04:00:50] [Thread-13/ERROR] [EMI/]: Error parsing NBT in deserialized stack
java.util.NoSuchElementException: No value present
	at java.base/java.util.Optional.orElseThrow(Optional.java:377) ~[?:?] {re:computing_frames,re:mixin}
	at TRANSFORMER/emi@1.1.22+1.21.1+neoforge/dev.emi.emi.stack.serializer.ItemEmiStackSerializer.create(ItemEmiStackSerializer.java:21) ~[emi-1.1.22+1.21.1+neoforge.jar%23203!/:?] {re:classloading}
	at TRANSFORMER/emi@1.1.22+1.21.1+neoforge/dev.emi.emi.api.stack.serializer.EmiStackSerializer.deserialize(EmiStackSerializer.java:70) ~[emi-1.1.22+1.21.1+neoforge.jar%23203!/:?] {re:classloading}
	at TRANSFORMER/emi@1.1.22+1.21.1+neoforge/dev.emi.emi.registry.EmiIngredientSerializers.deserialize(EmiIngredientSerializers.java:75) ~[emi-1.1.22+1.21.1+neoforge.jar%23203!/:?] {re:classloading}
	at TRANSFORMER/emi@1.1.22+1.21.1+neoforge/dev.emi.emi.api.stack.serializer.EmiIngredientSerializer.getDeserialized(EmiIngredientSerializer.java:23) ~[emi-1.1.22+1.21.1+neoforge.jar%23203!/:?] {re:classloading}
	at TRANSFORMER/emi@1.1.22+1.21.1+neoforge/dev.emi.emi.runtime.EmiSidebars.load(EmiSidebars.java:98) ~[emi-1.1.22+1.21.1+neoforge.jar%23203!/:?] {re:mixin,re:classloading}
	at TRANSFORMER/emi@1.1.22+1.21.1+neoforge/dev.emi.emi.runtime.EmiPersistentData.load(EmiPersistentData.java:41) ~[emi-1.1.22+1.21.1+neoforge.jar%23203!/:?] {re:classloading}
	at TRANSFORMER/emi@1.1.22+1.21.1+neoforge/dev.emi.emi.runtime.EmiReloadManager$ReloadWorker.run(EmiReloadManager.java:221) ~[emi-1.1.22+1.21.1+neoforge.jar%23203!/:?] {re:classloading}
	at java.base/java.lang.Thread.run(Thread.java:1583) [?:?] {re:mixin}
[04:00:50] [Thread-13/ERROR] [EMI/]: Error parsing NBT in deserialized stack
java.util.NoSuchElementException: No value present
	at java.base/java.util.Optional.orElseThrow(Optional.java:377) ~[?:?] {re:computing_frames,re:mixin}
	at TRANSFORMER/emi@1.1.22+1.21.1+neoforge/dev.emi.emi.stack.serializer.ItemEmiStackSerializer.create(ItemEmiStackSerializer.java:21) ~[emi-1.1.22+1.21.1+neoforge.jar%23203!/:?] {re:classloading}
	at TRANSFORMER/emi@1.1.22+1.21.1+neoforge/dev.emi.emi.api.stack.serializer.EmiStackSerializer.deserialize(EmiStackSerializer.java:70) ~[emi-1.1.22+1.21.1+neoforge.jar%23203!/:?] {re:classloading}
	at TRANSFORMER/emi@1.1.22+1.21.1+neoforge/dev.emi.emi.registry.EmiIngredientSerializers.deserialize(EmiIngredientSerializers.java:75) ~[emi-1.1.22+1.21.1+neoforge.jar%23203!/:?] {re:classloading}
	at TRANSFORMER/emi@1.1.22+1.21.1+neoforge/dev.emi.emi.api.stack.serializer.EmiIngredientSerializer.getDeserialized(EmiIngredientSerializer.java:23) ~[emi-1.1.22+1.21.1+neoforge.jar%23203!/:?] {re:classloading}
	at TRANSFORMER/emi@1.1.22+1.21.1+neoforge/dev.emi.emi.runtime.EmiSidebars.load(EmiSidebars.java:98) ~[emi-1.1.22+1.21.1+neoforge.jar%23203!/:?] {re:mixin,re:classloading}
	at TRANSFORMER/emi@1.1.22+1.21.1+neoforge/dev.emi.emi.runtime.EmiPersistentData.load(EmiPersistentData.java:41) ~[emi-1.1.22+1.21.1+neoforge.jar%23203!/:?] {re:classloading}
	at TRANSFORMER/emi@1.1.22+1.21.1+neoforge/dev.emi.emi.runtime.EmiReloadManager$ReloadWorker.run(EmiReloadManager.java:221) ~[emi-1.1.22+1.21.1+neoforge.jar%23203!/:?] {re:classloading}
	at java.base/java.lang.Thread.run(Thread.java:1583) [?:?] {re:mixin}
[04:00:50] [Thread-13/INFO] [EMI/]: [EMI] Baking search
[04:00:50] [Thread-17/ERROR] [EMI/]: [EMI] 2 recipes loaded with the same id: jei:/c/dyed/light_blue
[04:00:50] [Thread-17/ERROR] [EMI/]: [EMI] 2 recipes loaded with the same id: jei:/create/milling/large_fern
[04:00:50] [Thread-17/ERROR] [EMI/]: [EMI] 2 recipes loaded with the same id: jei:/c/fences
[04:00:50] [Thread-17/ERROR] [EMI/]: [EMI] 2 recipes loaded with the same id: jei:/minecraft/soul_fire_base_blocks
[04:00:50] [Thread-17/ERROR] [EMI/]: [EMI] 2 recipes loaded with the same id: jei:/c/dyed/magenta
[04:00:50] [Thread-17/ERROR] [EMI/]: [EMI] 2 recipes loaded with the same id: jei:/minecraft/prismarine
[04:00:50] [Thread-17/ERROR] [EMI/]: [EMI] 2 recipes loaded with the same id: jei:/minecraft/deepslate_tiles
[04:00:50] [Thread-17/ERROR] [EMI/]: [EMI] 2 recipes loaded with the same id: jei:/c/storage_blocks/slime
[04:00:50] [Thread-17/ERROR] [EMI/]: [EMI] 2 recipes loaded with the same id: jei:/create/valve_handles
[04:00:50] [Thread-17/ERROR] [EMI/]: [EMI] 2 recipes loaded with the same id: jei:/c/storage_blocks/straw
[04:00:50] [Thread-17/ERROR] [EMI/]: [EMI] 2 recipes loaded with the same id: jei:/c/storage_blocks/carrot
[04:00:50] [Thread-17/ERROR] [EMI/]: [EMI] 2 recipes loaded with the same id: jei:/create/milling/granite
[04:00:50] [Thread-17/ERROR] [EMI/]: [EMI] 2 recipes loaded with the same id: jei:/create/milling/rose_bush
[04:00:50] [Thread-17/ERROR] [EMI/]: [EMI] 2 recipes loaded with the same id: jei:/minecraft/cut_sandstone
[04:00:50] [Thread-17/ERROR] [EMI/]: [EMI] 2 recipes loaded with the same id: jei:/poopsky/poop_bricks_from_poop_block
[04:00:50] [Thread-17/ERROR] [EMI/]: [EMI] 2 recipes loaded with the same id: jei:/minecraft/waxed_cut_copper
[04:00:50] [Thread-17/ERROR] [EMI/]: [EMI] 2 recipes loaded with the same id: jei:/c/storage_blocks/bone_meal
[04:00:50] [Thread-17/ERROR] [EMI/]: [EMI] 2 recipes loaded with the same id: jei:/c/storage_blocks/wheat
[04:00:50] [Thread-17/ERROR] [EMI/]: [EMI] 2 recipes loaded with the same id: jei:/c/ores/gold
[04:00:50] [Thread-17/ERROR] [EMI/]: [EMI] 2 recipes loaded with the same id: jei:/c/ores_in_ground/stone
[04:00:50] [Thread-17/ERROR] [EMI/]: [EMI] 2 recipes loaded with the same id: jei:/c/storage_blocks/raw_zinc
[04:00:50] [Thread-17/ERROR] [EMI/]: [EMI] 2 recipes loaded with the same id: jei:/c/dyed/gray
[04:00:50] [Thread-17/ERROR] [EMI/]: [EMI] 2 recipes loaded with the same id: jei:/c/ores/quartz
[04:00:50] [Thread-17/ERROR] [EMI/]: [EMI] 2 recipes loaded with the same id: jei:/minecraft/snow_block
[04:00:50] [Thread-17/ERROR] [EMI/]: [EMI] 2 recipes loaded with the same id: jei:/minecraft/wooden_buttons
[04:00:50] [Thread-17/ERROR] [EMI/]: [EMI] 2 recipes loaded with the same id: jei:/c/glazed_terracottas
[04:00:50] [Thread-17/ERROR] [EMI/]: [EMI] 2 recipes loaded with the same id: jei:/minecraft/wooden_pressure_plates
[04:00:50] [Thread-17/ERROR] [EMI/]: [EMI] 2 recipes loaded with the same id: jei:/create/milling/pitcher_plant
[04:00:50] [Thread-17/ERROR] [EMI/]: [EMI] 2 recipes loaded with the same id: jei:/c/chests
[04:00:50] [Thread-17/ERROR] [EMI/]: [EMI] 2 recipes loaded with the same id: jei:/minecraft/spruce_logs
[04:00:50] [Thread-17/ERROR] [EMI/]: [EMI] 2 recipes loaded with the same id: jei:/c/storage_blocks/tomato
[04:00:50] [Thread-17/ERROR] [EMI/]: [EMI] 2 recipes loaded with the same id: jei:/minecraft/waxed_weathered_cut_copper
[04:00:50] [Thread-17/ERROR] [EMI/]: [EMI] 2 recipes loaded with the same id: jei:/minecraft/dried_kelp_block
[04:00:50] [Thread-17/ERROR] [EMI/]: [EMI] 2 recipes loaded with the same id: jei:/minecraft/oak_logs
[04:00:50] [Thread-17/ERROR] [EMI/]: [EMI] 2 recipes loaded with the same id: jei:/minecraft/dark_oak_wood
[04:00:50] [Thread-17/ERROR] [EMI/]: [EMI] 2 recipes loaded with the same id: jei:/minecraft/wooden_trapdoors
[04:00:50] [Thread-17/ERROR] [EMI/]: [EMI] 2 recipes loaded with the same id: jei:/create/fan_processing_catalysts/blasting
[04:00:50] [Thread-17/ERROR] [EMI/]: [EMI] 2 recipes loaded with the same id: jei:/c/storage_blocks/rice
[04:00:50] [Thread-17/ERROR] [EMI/]: [EMI] 2 recipes loaded with the same id: jei:/farmersdelight/integration/create/milling/wild_rice
[04:00:50] [Thread-17/ERROR] [EMI/]: [EMI] 2 recipes loaded with the same id: jei:/minecraft/waxed_exposed_cut_copper
[04:00:50] [Thread-17/ERROR] [EMI/]: [EMI] 2 recipes loaded with the same id: jei:/c/storage_blocks/gold
[04:00:50] [Thread-17/ERROR] [EMI/]: [EMI] 2 recipes loaded with the same id: jei:/create/crafting/materials/copper_ingot
[04:00:50] [Thread-17/ERROR] [EMI/]: [EMI] 2 recipes loaded with the same id: jei:/c/storage_blocks/copper
[04:00:50] [Thread-17/ERROR] [EMI/]: [EMI] 2 recipes loaded with the same id: jei:/create/crafting/materials/experience_block
[04:00:50] [Thread-17/ERROR] [EMI/]: [EMI] 2 recipes loaded with the same id: jei:/create/milling/bone
[04:00:50] [Thread-17/ERROR] [EMI/]: [EMI] 2 recipes loaded with the same id: jei:/farmersdelight/cabbage_crate
[04:00:50] [Thread-17/ERROR] [EMI/]: [EMI] 2 recipes loaded with the same id: jei:/minecraft/beds
[04:00:50] [Thread-17/ERROR] [EMI/]: [EMI] 2 recipes loaded with the same id: jei:/farmersdelight/straw_bale
[04:00:50] [Thread-17/ERROR] [EMI/]: [EMI] 2 recipes loaded with the same id: jei:/c/dyed/white
[04:00:50] [Thread-17/ERROR] [EMI/]: [EMI] 2 recipes loaded with the same id: jei:/c/ores/netherite_scrap
[04:00:50] [Thread-17/ERROR] [EMI/]: [EMI] 2 recipes loaded with the same id: jei:/c/stripped_woods
[04:00:50] [Thread-17/ERROR] [EMI/]: [EMI] 2 recipes loaded with the same id: jei:/minecraft/mangrove_wood
[04:00:50] [Thread-17/ERROR] [EMI/]: [EMI] 2 recipes loaded with the same id: jei:/minecraft/candles
[04:00:50] [Thread-17/ERROR] [EMI/]: [EMI] 2 recipes loaded with the same id: jei:/c/sandstone/uncolored_slabs
[04:00:50] [Thread-17/ERROR] [EMI/]: [EMI] 2 recipes loaded with the same id: jei:/create/table_cloths
[04:00:50] [Thread-17/ERROR] [EMI/]: [EMI] 2 recipes loaded with the same id: jei:/minecraft/buttons
[04:00:50] [Thread-17/ERROR] [EMI/]: [EMI] 2 recipes loaded with the same id: jei:/minecraft/gold_ores
[04:00:50] [Thread-17/ERROR] [EMI/]: [EMI] 2 recipes loaded with the same id: jei:/minecraft/bamboo_blocks
[04:00:50] [Thread-17/ERROR] [EMI/]: [EMI] 2 recipes loaded with the same id: jei:/c/storage_blocks/iron
[04:00:50] [Thread-17/ERROR] [EMI/]: [EMI] 2 recipes loaded with the same id: jei:/c/storage_blocks/raw_copper
[04:00:50] [Thread-17/ERROR] [EMI/]: [EMI] 2 recipes loaded with the same id: jei:/c/dyed/light_gray
[04:00:50] [Thread-17/ERROR] [EMI/]: [EMI] 2 recipes loaded with the same id: jei:/farmersdelight/sweet_berry_cheesecake_from_slices
[04:00:50] [Thread-17/ERROR] [EMI/]: [EMI] 2 recipes loaded with the same id: jei:/create/milling/wither_rose
[04:00:50] [Thread-17/ERROR] [EMI/]: [EMI] 2 recipes loaded with the same id: jei:/minecraft/stairs
[04:00:50] [Thread-17/ERROR] [EMI/]: [EMI] 2 recipes loaded with the same id: jei:/c/ore_bearing_ground/netherrack
[04:00:50] [Thread-17/ERROR] [EMI/]: [EMI] 2 recipes loaded with the same id: jei:/farmersdelight/safety_net
[04:00:50] [Thread-17/ERROR] [EMI/]: [EMI] 2 recipes loaded with the same id: jei:/create/milling/cornflower
[04:00:50] [Thread-17/ERROR] [EMI/]: [EMI] 2 recipes loaded with the same id: jei:/create/milling/terracotta
[04:00:50] [Thread-17/ERROR] [EMI/]: [EMI] 2 recipes loaded with the same id: jei:/minecraft/logs_that_burn
[04:00:50] [Thread-17/ERROR] [EMI/]: [EMI] 2 recipes loaded with the same id: jei:/minecraft/polished_andesite
[04:00:50] [Thread-17/ERROR] [EMI/]: [EMI] 2 recipes loaded with the same id: jei:/create/milling/blue_orchid
[04:00:50] [Thread-17/ERROR] [EMI/]: [EMI] 2 recipes loaded with the same id: jei:/minecraft/jungle_logs
[04:00:50] [Thread-17/ERROR] [EMI/]: [EMI] 2 recipes loaded with the same id: jei:/minecraft/sandstone
[04:00:50] [Thread-17/ERROR] [EMI/]: [EMI] 2 recipes loaded with the same id: jei:/minecraft/birch_wood
[04:00:50] [Thread-17/ERROR] [EMI/]: [EMI] 2 recipes loaded with the same id: jei:/farmersdelight/pumpkin_from_slices
[04:00:50] [Thread-17/ERROR] [EMI/]: [EMI] 2 recipes loaded with the same id: jei:/minecraft/stripped_cherry_wood
[04:00:50] [Thread-17/ERROR] [EMI/]: [EMI] 2 recipes loaded with the same id: jei:/c/ores_in_ground/netherrack
[04:00:50] [Thread-17/ERROR] [EMI/]: [EMI] 2 recipes loaded with the same id: jei:/c/storage_blocks/raw_gold
[04:00:50] [Thread-17/ERROR] [EMI/]: [EMI] 2 recipes loaded with the same id: jei:/c/storage_blocks/emerald
[04:00:50] [Thread-17/ERROR] [EMI/]: [EMI] 2 recipes loaded with the same id: jei:/minecraft/coal_ores
[04:00:50] [Thread-17/ERROR] [EMI/]: [EMI] 2 recipes loaded with the same id: jei:/c/chests/wooden
[04:00:50] [Thread-17/ERROR] [EMI/]: [EMI] 2 recipes loaded with the same id: jei:/c/cobblestones/mossy
[04:00:50] [Thread-17/ERROR] [EMI/]: [EMI] 2 recipes loaded with the same id: jei:/minecraft/stripped_crimson_hyphae
[04:00:50] [Thread-17/ERROR] [EMI/]: [EMI] 2 recipes loaded with the same id: jei:/minecraft/diamond_ores
[04:00:50] [Thread-17/ERROR] [EMI/]: [EMI] 2 recipes loaded with the same id: jei:/c/sands
[04:00:50] [Thread-17/ERROR] [EMI/]: [EMI] 2 recipes loaded with the same id: jei:/create/milling/poppy
[04:00:50] [Thread-17/ERROR] [EMI/]: [EMI] 2 recipes loaded with the same id: jei:/farmersdelight/integration/create/milling/wild_beetroots
[04:00:50] [Thread-17/ERROR] [EMI/]: [EMI] 2 recipes loaded with the same id: jei:/c/ores/iron
[04:00:50] [Thread-17/ERROR] [EMI/]: [EMI] 2 recipes loaded with the same id: jei:/c/barrels
[04:00:50] [Thread-17/ERROR] [EMI/]: [EMI] 2 recipes loaded with the same id: jei:/create/tracks
[04:00:50] [Thread-17/ERROR] [EMI/]: [EMI] 2 recipes loaded with the same id: jei:/create/milling/calcite
[04:00:50] [Thread-17/ERROR] [EMI/]: [EMI] 2 recipes loaded with the same id: jei:/c/pumpkins/jack_o_lanterns
[04:00:50] [Thread-17/ERROR] [EMI/]: [EMI] 2 recipes loaded with the same id: jei:/minecraft/emerald_block
[04:00:50] [Thread-17/ERROR] [EMI/]: [EMI] 2 recipes loaded with the same id: jei:/minecraft/stripped_dark_oak_wood
[04:00:50] [Thread-17/ERROR] [EMI/]: [EMI] 2 recipes loaded with the same id: jei:/minecraft/slime_block
[04:00:50] [Thread-17/ERROR] [EMI/]: [EMI] 2 recipes loaded with the same id: jei:/c/dyed/orange
[04:00:50] [Thread-17/ERROR] [EMI/]: [EMI] 2 recipes loaded with the same id: jei:/create/milling/fern
[04:00:50] [Thread-17/ERROR] [EMI/]: [EMI] 2 recipes loaded with the same id: jei:/farmersdelight/potato_crate
[04:00:50] [Thread-17/ERROR] [EMI/]: [EMI] 2 recipes loaded with the same id: jei:/create/milling/ink_sac
[04:00:50] [Thread-17/ERROR] [EMI/]: [EMI] 2 recipes loaded with the same id: jei:/create/milling/short_grass
[04:00:50] [Thread-17/ERROR] [EMI/]: [EMI] 2 recipes loaded with the same id: jei:/farmersdelight/integration/create/milling/wild_carrots
[04:00:50] [Thread-17/ERROR] [EMI/]: [EMI] 2 recipes loaded with the same id: jei:/minecraft/dripstone_block
[04:00:50] [Thread-17/ERROR] [EMI/]: [EMI] 2 recipes loaded with the same id: jei:/create/postboxes
[04:00:50] [Thread-17/ERROR] [EMI/]: [EMI] 2 recipes loaded with the same id: jei:/c/gravels
[04:00:50] [Thread-17/ERROR] [EMI/]: [EMI] 2 recipes loaded with the same id: jei:/c/dyed/pink
[04:00:50] [Thread-17/ERROR] [EMI/]: [EMI] 2 recipes loaded with the same id: jei:/create/crafting/materials/brass_block_from_compacting
[04:00:50] [Thread-17/ERROR] [EMI/]: [EMI] 2 recipes loaded with the same id: jei:/create/toolboxes
[04:00:50] [Thread-17/ERROR] [EMI/]: [EMI] 2 recipes loaded with the same id: jei:/minecraft/acacia_logs
[04:00:50] [Thread-17/ERROR] [EMI/]: [EMI] 2 recipes loaded with the same id: jei:/create/milling/saddle
[04:00:50] [Thread-17/ERROR] [EMI/]: [EMI] 2 recipes loaded with the same id: jei:/create/milling/lily_of_the_valley
[04:00:50] [Thread-17/ERROR] [EMI/]: [EMI] 2 recipes loaded with the same id: jei:/c/glass_panes
[04:00:50] [Thread-17/ERROR] [EMI/]: [EMI] 2 recipes loaded with the same id: jei:/create/milling/sugar_cane
[04:00:50] [Thread-17/ERROR] [EMI/]: [EMI] 2 recipes loaded with the same id: jei:/create/milling/peony
[04:00:50] [Thread-17/ERROR] [EMI/]: [EMI] 2 recipes loaded with the same id: jei:/minecraft/oxidized_cut_copper
[04:00:50] [Thread-17/ERROR] [EMI/]: [EMI] 2 recipes loaded with the same id: jei:/poopsky/raw_wither_poop_block_from_wither_poop_ball
[04:00:50] [Thread-17/ERROR] [EMI/]: [EMI] 2 recipes loaded with the same id: jei:/poopsky/golden_poop_block_from_golden_poop
[04:00:50] [Thread-17/ERROR] [EMI/]: [EMI] 2 recipes loaded with the same id: jei:/create/milling/coal
[04:00:50] [Thread-17/ERROR] [EMI/]: [EMI] 2 recipes loaded with the same id: jei:/c/dyed/yellow
[04:00:50] [Thread-17/ERROR] [EMI/]: [EMI] 2 recipes loaded with the same id: jei:/minecraft/jungle_wood
[04:00:50] [Thread-17/ERROR] [EMI/]: [EMI] 2 recipes loaded with the same id: jei:/minecraft/gold_ingot_from_nuggets
[04:00:50] [Thread-17/ERROR] [EMI/]: [EMI] 2 recipes loaded with the same id: jei:/minecraft/gold_block
[04:00:50] [Thread-17/ERROR] [EMI/]: [EMI] 2 recipes loaded with the same id: jei:/sereneseasons/summer_crops
[04:00:50] [Thread-17/ERROR] [EMI/]: [EMI] 2 recipes loaded with the same id: jei:/c/barrels/wooden
[04:00:50] [Thread-17/ERROR] [EMI/]: [EMI] 2 recipes loaded with the same id: jei:/c/stones
[04:00:50] [Thread-17/ERROR] [EMI/]: [EMI] 2 recipes loaded with the same id: jei:/minecraft/cherry_logs
[04:00:50] [Thread-17/ERROR] [EMI/]: [EMI] 2 recipes loaded with the same id: jei:/minecraft/iron_ingot_from_nuggets
[04:00:50] [Thread-17/ERROR] [EMI/]: [EMI] 2 recipes loaded with the same id: jei:/minecraft/warped_stems
[04:00:50] [Thread-17/ERROR] [EMI/]: [EMI] 2 recipes loaded with the same id: jei:/c/ores/zinc
[04:00:50] [Thread-17/ERROR] [EMI/]: [EMI] 2 recipes loaded with the same id: jei:/minecraft/polished_diorite
[04:00:50] [Thread-17/ERROR] [EMI/]: [EMI] 2 recipes loaded with the same id: jei:/poopsky/chili_poop_block_from_chili_poop
[04:00:50] [Thread-17/ERROR] [EMI/]: [EMI] 2 recipes loaded with the same id: jei:/c/storage_blocks/andesite_alloy
[04:00:50] [Thread-17/ERROR] [EMI/]: [EMI] 2 recipes loaded with the same id: jei:/c/chains
[04:00:50] [Thread-17/ERROR] [EMI/]: [EMI] 2 recipes loaded with the same id: jei:/c/ores/coal
[04:00:50] [Thread-17/ERROR] [EMI/]: [EMI] 2 recipes loaded with the same id: jei:/c/glass_blocks/cheap
[04:00:50] [Thread-17/ERROR] [EMI/]: [EMI] 2 recipes loaded with the same id: jei:/minecraft/stripped_oak_wood
[04:00:50] [Thread-17/ERROR] [EMI/]: [EMI] 2 recipes loaded with the same id: jei:/minecraft/warped_hyphae
[04:00:50] [Thread-17/ERROR] [EMI/]: [EMI] 2 recipes loaded with the same id: jei:/minecraft/leather
[04:00:50] [Thread-17/ERROR] [EMI/]: [EMI] 2 recipes loaded with the same id: jei:/minecraft/glowstone
[04:00:50] [Thread-17/ERROR] [EMI/]: [EMI] 2 recipes loaded with the same id: jei:/create/milling/tall_grass
[04:00:50] [Thread-17/ERROR] [EMI/]: [EMI] 2 recipes loaded with the same id: jei:/create/milling/beetroot
[04:00:50] [Thread-17/ERROR] [EMI/]: [EMI] 2 recipes loaded with the same id: jei:/create/milling/clay
[04:00:50] [Thread-17/ERROR] [EMI/]: [EMI] 2 recipes loaded with the same id: jei:/minecraft/magma_block
[04:00:50] [Thread-17/ERROR] [EMI/]: [EMI] 2 recipes loaded with the same id: jei:/create/crafting/materials/zinc_ingot_from_compacting
[04:00:50] [Thread-17/ERROR] [EMI/]: [EMI] 2 recipes loaded with the same id: jei:/c/sandstone/stairs
[04:00:50] [Thread-17/ERROR] [EMI/]: [EMI] 2 recipes loaded with the same id: jei:/minecraft/stripped_mangrove_wood
[04:00:50] [Thread-17/ERROR] [EMI/]: [EMI] 2 recipes loaded with the same id: jei:/farmersdelight/tomato_crate
[04:00:50] [Thread-17/ERROR] [EMI/]: [EMI] 2 recipes loaded with the same id: jei:/c/storage_blocks/cabbage
[04:00:50] [Thread-17/ERROR] [EMI/]: [EMI] 2 recipes loaded with the same id: jei:/poopsky/toilet_blocks
[04:00:50] [Thread-17/ERROR] [EMI/]: [EMI] 2 recipes loaded with the same id: jei:/c/sands/red
[04:00:50] [Thread-17/ERROR] [EMI/]: [EMI] 2 recipes loaded with the same id: jei:/minecraft/saplings
[04:00:50] [Thread-17/ERROR] [EMI/]: [EMI] 2 recipes loaded with the same id: jei:/c/ores/copper
[04:00:50] [Thread-17/ERROR] [EMI/]: [EMI] 2 recipes loaded with the same id: jei:/minecraft/cherry_wood
[04:00:50] [Thread-17/ERROR] [EMI/]: [EMI] 2 recipes loaded with the same id: jei:/minecraft/weathered_cut_copper
[04:00:50] [Thread-17/ERROR] [EMI/]: [EMI] 2 recipes loaded with the same id: jei:/c/fences/wooden
[04:00:50] [Thread-17/ERROR] [EMI/]: [EMI] 2 recipes loaded with the same id: jei:/farmersdelight/integration/create/milling/wild_tomatoes
[04:00:50] [Thread-17/ERROR] [EMI/]: [EMI] 2 recipes loaded with the same id: jei:/minecraft/white_wool_from_string
[04:00:50] [Thread-17/ERROR] [EMI/]: [EMI] 2 recipes loaded with the same id: jei:/c/ores/lapis
[04:00:50] [Thread-17/ERROR] [EMI/]: [EMI] 2 recipes loaded with the same id: jei:/c/storage_blocks/cardboard
[04:00:50] [Thread-17/ERROR] [EMI/]: [EMI] 2 recipes loaded with the same id: jei:/farmersdelight/canvas
[04:00:50] [Thread-17/ERROR] [EMI/]: [EMI] 2 recipes loaded with the same id: jei:/minecraft/raw_copper_block
[04:00:50] [Thread-17/ERROR] [EMI/]: [EMI] 2 recipes loaded with the same id: jei:/c/clusters
[04:00:50] [Thread-17/ERROR] [EMI/]: [EMI] 2 recipes loaded with the same id: jei:/c/obsidians/crying
[04:00:50] [Thread-17/ERROR] [EMI/]: [EMI] 2 recipes loaded with the same id: jei:/create/milling/red_tulip
[04:00:50] [Thread-17/ERROR] [EMI/]: [EMI] 2 recipes loaded with the same id: jei:/create/milling/lapis_lazuli
[04:00:50] [Thread-17/ERROR] [EMI/]: [EMI] 2 recipes loaded with the same id: jei:/create/milling/torchflower
[04:00:50] [Thread-17/ERROR] [EMI/]: [EMI] 2 recipes loaded with the same id: jei:/poopsky/cut_poop_block_from_dried_poop_block
[04:00:50] [Thread-17/ERROR] [EMI/]: [EMI] 2 recipes loaded with the same id: jei:/minecraft/stripped_spruce_wood
[04:00:50] [Thread-17/ERROR] [EMI/]: [EMI] 2 recipes loaded with the same id: jei:/poopsky/raw_sapling_poop_block_from_sapling_poop_ball
[04:00:50] [Thread-17/ERROR] [EMI/]: [EMI] 2 recipes loaded with the same id: jei:/c/sandstone/uncolored_stairs
[04:00:50] [Thread-17/ERROR] [EMI/]: [EMI] 2 recipes loaded with the same id: jei:/c/budding_blocks
[04:00:50] [Thread-17/ERROR] [EMI/]: [EMI] 2 recipes loaded with the same id: jei:/c/fence_gates/wooden
[04:00:50] [Thread-17/ERROR] [EMI/]: [EMI] 2 recipes loaded with the same id: jei:/create/milling/andesite
[04:00:50] [Thread-17/ERROR] [EMI/]: [EMI] 2 recipes loaded with the same id: jei:/create/crafting/materials/raw_zinc_block
[04:00:50] [Thread-17/ERROR] [EMI/]: [EMI] 42 recipes loaded with the same id: touhou_little_maid:altar_recipe
[04:00:50] [Thread-17/ERROR] [EMI/]: [EMI] 2 recipes loaded with the same id: jei:/farmersdelight/rice_bale
[04:00:50] [Thread-17/ERROR] [EMI/]: [EMI] 2 recipes loaded with the same id: jei:/c/ore_rates/singular
[04:00:50] [Thread-17/ERROR] [EMI/]: [EMI] 2 recipes loaded with the same id: jei:/minecraft/acacia_wood
[04:00:50] [Thread-17/ERROR] [EMI/]: [EMI] 2 recipes loaded with the same id: jei:/c/storage_blocks/dried_kelp
[04:00:50] [Thread-17/ERROR] [EMI/]: [EMI] 2 recipes loaded with the same id: jei:/c/dyed/black
[04:00:50] [Thread-17/ERROR] [EMI/]: [EMI] 2 recipes loaded with the same id: jei:/minecraft/netherite_block
[04:00:50] [Thread-17/ERROR] [EMI/]: [EMI] 2 recipes loaded with the same id: jei:/minecraft/honey_block
[04:00:50] [Thread-17/ERROR] [EMI/]: [EMI] 2 recipes loaded with the same id: jei:/minecraft/cut_copper
[04:00:50] [Thread-17/ERROR] [EMI/]: [EMI] 2 recipes loaded with the same id: jei:/minecraft/crimson_hyphae
[04:00:50] [Thread-17/ERROR] [EMI/]: [EMI] 2 recipes loaded with the same id: jei:/c/ore_rates/sparse
[04:00:50] [Thread-17/ERROR] [EMI/]: [EMI] 2 recipes loaded with the same id: jei:/farmersdelight/beetroot_crate
[04:00:50] [Thread-17/ERROR] [EMI/]: [EMI] 2 recipes loaded with the same id: jei:/create/seats
[04:00:50] [Thread-17/ERROR] [EMI/]: [EMI] 2 recipes loaded with the same id: jei:/minecraft/iron_block
[04:00:50] [Thread-17/ERROR] [EMI/]: [EMI] 2 recipes loaded with the same id: jei:/create/milling/charcoal
[04:00:50] [Thread-17/ERROR] [EMI/]: [EMI] 2 recipes loaded with the same id: jei:/minecraft/clay
[04:00:50] [Thread-17/ERROR] [EMI/]: [EMI] 2 recipes loaded with the same id: jei:/minecraft/iron_trapdoor
[04:00:50] [Thread-17/ERROR] [EMI/]: [EMI] 2 recipes loaded with the same id: jei:/c/sands/colorless
[04:00:50] [Thread-17/ERROR] [EMI/]: [EMI] 2 recipes loaded with the same id: jei:/minecraft/mangrove_logs
[04:00:50] [Thread-17/ERROR] [EMI/]: [EMI] 2 recipes loaded with the same id: jei:/minecraft/slabs
[04:00:50] [Thread-17/ERROR] [EMI/]: [EMI] 2 recipes loaded with the same id: jei:/poopsky/poolime_poop_block_from_compacting
[04:00:50] [Thread-17/ERROR] [EMI/]: [EMI] 2 recipes loaded with the same id: jei:/create/milling/oxeye_daisy
[04:00:50] [Thread-17/ERROR] [EMI/]: [EMI] 2 recipes loaded with the same id: jei:/poopsky/raw_sea_poop_block_from_sea_poop_ball
[04:00:50] [Thread-17/ERROR] [EMI/]: [EMI] 2 recipes loaded with the same id: jei:/c/chests/ender
[04:00:50] [Thread-17/ERROR] [EMI/]: [EMI] 2 recipes loaded with the same id: jei:/c/dyed/purple
[04:00:50] [Thread-17/ERROR] [EMI/]: [EMI] 2 recipes loaded with the same id: jei:/minecraft/banners
[04:00:50] [Thread-17/ERROR] [EMI/]: [EMI] 2 recipes loaded with the same id: jei:/c/sandstone/slabs
[04:00:50] [Thread-17/ERROR] [EMI/]: [EMI] 2 recipes loaded with the same id: jei:/minecraft/bone_block
[04:00:50] [Thread-17/ERROR] [EMI/]: [EMI] 2 recipes loaded with the same id: jei:/minecraft/oak_wood
[04:00:50] [Thread-17/ERROR] [EMI/]: [EMI] 2 recipes loaded with the same id: jei:/c/dyed/cyan
[04:00:50] [Thread-17/ERROR] [EMI/]: [EMI] 2 recipes loaded with the same id: jei:/sereneseasons/spring_crops
[04:00:50] [Thread-17/ERROR] [EMI/]: [EMI] 2 recipes loaded with the same id: jei:/minecraft/stone_buttons
[04:00:50] [Thread-17/ERROR] [EMI/]: [EMI] 2 recipes loaded with the same id: jei:/c/dyed
[04:00:50] [Thread-17/ERROR] [EMI/]: [EMI] 2 recipes loaded with the same id: jei:/create/potions
[04:00:50] [Thread-17/ERROR] [EMI/]: [EMI] 2 recipes loaded with the same id: jei:/c/pumpkins/normal
[04:00:50] [Thread-17/ERROR] [EMI/]: [EMI] 2 recipes loaded with the same id: jei:/minecraft/smelts_to_glass
[04:00:50] [Thread-17/ERROR] [EMI/]: [EMI] 2 recipes loaded with the same id: jei:/minecraft/deepslate_bricks
[04:00:50] [Thread-17/ERROR] [EMI/]: [EMI] 2 recipes loaded with the same id: jei:/minecraft/nether_bricks
[04:00:50] [Thread-17/ERROR] [EMI/]: [EMI] 2 recipes loaded with the same id: jei:/c/storage_blocks/beetroot
[04:00:50] [Thread-17/ERROR] [EMI/]: [EMI] 2 recipes loaded with the same id: jei:/minecraft/trapdoors
[04:00:50] [Thread-17/ERROR] [EMI/]: [EMI] 2 recipes loaded with the same id: jei:/minecraft/tuff_bricks
[04:00:50] [Thread-17/ERROR] [EMI/]: [EMI] 2 recipes loaded with the same id: jei:/farmersdelight/wild_crops
[04:00:50] [Thread-17/ERROR] [EMI/]: [EMI] 3 recipes loaded with the same id: jei:/minecraft/anvil
[04:00:50] [Thread-17/ERROR] [EMI/]: [EMI] 2 recipes loaded with the same id: jei:/create/milling/sandstone
[04:00:50] [Thread-17/ERROR] [EMI/]: [EMI] 2 recipes loaded with the same id: jei:/farmersdelight/carrot_crate
[04:00:50] [Thread-17/ERROR] [EMI/]: [EMI] 2 recipes loaded with the same id: jei:/minecraft/wooden_stairs
[04:00:50] [Thread-17/ERROR] [EMI/]: [EMI] 2 recipes loaded with the same id: jei:/minecraft/polished_blackstone
[04:00:50] [Thread-17/ERROR] [EMI/]: [EMI] 4 recipes loaded with the same id: jei:/minecraft/stone_bricks
[04:00:50] [Thread-17/ERROR] [EMI/]: [EMI] 2 recipes loaded with the same id: jei:/c/sandstone/red_slabs
[04:00:50] [Thread-17/ERROR] [EMI/]: [EMI] 2 recipes loaded with the same id: jei:/minecraft/crafting_table
[04:00:50] [Thread-17/ERROR] [EMI/]: [EMI] 2 recipes loaded with the same id: jei:/minecraft/planks
[04:00:50] [Thread-17/ERROR] [EMI/]: [EMI] 2 recipes loaded with the same id: jei:/minecraft/leaves
[04:00:50] [Thread-17/ERROR] [EMI/]: [EMI] 2 recipes loaded with the same id: jei:/farmersdelight/integration/create/milling/wild_potatoes
[04:00:50] [Thread-17/ERROR] [EMI/]: [EMI] 2 recipes loaded with the same id: jei:/create/milling/allium
[04:00:50] [Thread-17/ERROR] [EMI/]: [EMI] 2 recipes loaded with the same id: jei:/sereneseasons/winter_crops
[04:00:50] [Thread-17/ERROR] [EMI/]: [EMI] 2 recipes loaded with the same id: jei:/minecraft/doors
[04:00:50] [Thread-17/ERROR] [EMI/]: [EMI] 2 recipes loaded with the same id: jei:/c/dyed/green
[04:00:50] [Thread-17/ERROR] [EMI/]: [EMI] 2 recipes loaded with the same id: jei:/minecraft/stripped_birch_wood
[04:00:50] [Thread-17/ERROR] [EMI/]: [EMI] 2 recipes loaded with the same id: jei:/minecraft/copper_ores
[04:00:50] [Thread-17/ERROR] [EMI/]: [EMI] 2 recipes loaded with the same id: jei:/create/milling/pink_petals
[04:00:50] [Thread-17/ERROR] [EMI/]: [EMI] 2 recipes loaded with the same id: jei:/c/storage_blocks/redstone
[04:00:50] [Thread-17/ERROR] [EMI/]: [EMI] 2 recipes loaded with the same id: jei:/c/storage_blocks/lapis
[04:00:50] [Thread-17/ERROR] [EMI/]: [EMI] 2 recipes loaded with the same id: jei:/minecraft/spruce_wood
[04:00:50] [Thread-17/ERROR] [EMI/]: [EMI] 2 recipes loaded with the same id: jei:/minecraft/sand
[04:00:50] [Thread-17/ERROR] [EMI/]: [EMI] 2 recipes loaded with the same id: jei:/minecraft/dark_oak_logs
[04:00:50] [Thread-17/ERROR] [EMI/]: [EMI] 2 recipes loaded with the same id: jei:/create/milling/wheat
[04:00:50] [Thread-17/ERROR] [EMI/]: [EMI] 2 recipes loaded with the same id: jei:/minecraft/emerald_ores
[04:00:50] [Thread-17/ERROR] [EMI/]: [EMI] 2 recipes loaded with the same id: jei:/create/milling/orange_tulip
[04:00:50] [Thread-17/ERROR] [EMI/]: [EMI] 2 recipes loaded with the same id: jei:/minecraft/raw_gold_block
[04:00:50] [Thread-17/ERROR] [EMI/]: [EMI] 2 recipes loaded with the same id: jei:/minecraft/cut_red_sandstone
[04:00:50] [Thread-17/ERROR] [EMI/]: [EMI] 2 recipes loaded with the same id: jei:/c/concretes
[04:00:50] [Thread-17/ERROR] [EMI/]: [EMI] 2 recipes loaded with the same id: jei:/minecraft/coal_block
[04:00:50] [Thread-17/ERROR] [EMI/]: [EMI] 2 recipes loaded with the same id: jei:/c/glass_blocks/tinted
[04:00:50] [Thread-17/ERROR] [EMI/]: [EMI] 2 recipes loaded with the same id: jei:/minecraft/wart_blocks
[04:00:50] [Thread-17/ERROR] [EMI/]: [EMI] 2 recipes loaded with the same id: jei:/c/cobblestones/infested
[04:00:50] [Thread-17/ERROR] [EMI/]: [EMI] 2 recipes loaded with the same id: jei:/c/glass_panes/colorless
[04:00:50] [Thread-17/ERROR] [EMI/]: [EMI] 2 recipes loaded with the same id: jei:/create/milling/pink_tulip
[04:00:50] [Thread-17/ERROR] [EMI/]: [EMI] 2 recipes loaded with the same id: jei:/poopsky/raw_poop_block_from_poop_ball
[04:00:50] [Thread-17/ERROR] [EMI/]: [EMI] 2 recipes loaded with the same id: jei:/c/sandstone/red_stairs
[04:00:50] [Thread-17/ERROR] [EMI/]: [EMI] 2 recipes loaded with the same id: jei:/poopsky/poolime_block_from_poop_ball
[04:00:50] [Thread-17/ERROR] [EMI/]: [EMI] 2 recipes loaded with the same id: jei:/c/player_workstations/furnaces
[04:00:50] [Thread-17/ERROR] [EMI/]: [EMI] 2 recipes loaded with the same id: jei:/c/cobblestones/deepslate
[04:00:50] [Thread-17/ERROR] [EMI/]: [EMI] 2 recipes loaded with the same id: jei:/poopsky/fan_processing_catalysts/digesting
[04:00:50] [Thread-17/ERROR] [EMI/]: [EMI] 2 recipes loaded with the same id: jei:/c/ore_bearing_ground/stone
[04:00:50] [Thread-17/ERROR] [EMI/]: [EMI] 2 recipes loaded with the same id: jei:/c/sandstone/blocks
[04:00:50] [Thread-17/ERROR] [EMI/]: [EMI] 2 recipes loaded with the same id: jei:/minecraft/birch_logs
[04:00:50] [Thread-17/ERROR] [EMI/]: [EMI] 2 recipes loaded with the same id: jei:/farmersdelight/integration/create/milling/rice_panicle
[04:00:50] [Thread-17/ERROR] [EMI/]: [EMI] 2 recipes loaded with the same id: jei:/minecraft/polished_blackstone_bricks
[04:00:50] [Thread-17/ERROR] [EMI/]: [EMI] 2 recipes loaded with the same id: jei:/minecraft/tall_flowers
[04:00:50] [Thread-17/ERROR] [EMI/]: [EMI] 2 recipes loaded with the same id: jei:/minecraft/stripped_acacia_wood
[04:00:50] [Thread-17/ERROR] [EMI/]: [EMI] 2 recipes loaded with the same id: jei:/farmersdelight/integration/create/milling/wild_onions
[04:00:50] [Thread-17/ERROR] [EMI/]: [EMI] 2 recipes loaded with the same id: jei:/minecraft/amethyst_block
[04:00:50] [Thread-17/ERROR] [EMI/]: [EMI] 2 recipes loaded with the same id: jei:/c/pumpkins
[04:00:50] [Thread-17/ERROR] [EMI/]: [EMI] 2 recipes loaded with the same id: jei:/c/sandstone/uncolored_blocks
[04:00:50] [Thread-17/ERROR] [EMI/]: [EMI] 2 recipes loaded with the same id: jei:/c/end_stones
[04:00:50] [Thread-17/ERROR] [EMI/]: [EMI] 2 recipes loaded with the same id: jei:/c/dyed/brown
[04:00:50] [Thread-17/ERROR] [EMI/]: [EMI] 2 recipes loaded with the same id: jei:/c/storage_blocks/onion
[04:00:50] [Thread-17/ERROR] [EMI/]: [EMI] 2 recipes loaded with the same id: jei:/c/storage_blocks/brass
[04:00:50] [Thread-17/ERROR] [EMI/]: [EMI] 2 recipes loaded with the same id: jei:/sereneseasons/autumn_crops
[04:00:50] [Thread-17/ERROR] [EMI/]: [EMI] 2 recipes loaded with the same id: jei:/create/milling/white_tulip
[04:00:50] [Thread-17/ERROR] [EMI/]: [EMI] 2 recipes loaded with the same id: jei:/minecraft/wool
[04:00:50] [Thread-17/ERROR] [EMI/]: [EMI] 2 recipes loaded with the same id: jei:/create/milling/cactus
[04:00:50] [Thread-17/ERROR] [EMI/]: [EMI] 2 recipes loaded with the same id: jei:/create/milling/cobblestone
[04:00:50] [Thread-17/ERROR] [EMI/]: [EMI] 2 recipes loaded with the same id: jei:/poopsky/mossy_cobblestone_from_compacting
[04:00:50] [Thread-17/ERROR] [EMI/]: [EMI] 2 recipes loaded with the same id: jei:/c/storage_blocks/zinc
[04:00:50] [Thread-17/ERROR] [EMI/]: [EMI] 2 recipes loaded with the same id: jei:/c/pumpkins/carved
[04:00:50] [Thread-17/ERROR] [EMI/]: [EMI] 2 recipes loaded with the same id: jei:/c/fence_gates
[04:00:50] [Thread-17/ERROR] [EMI/]: [EMI] 2 recipes loaded with the same id: jei:/minecraft/dirt
[04:00:50] [Thread-17/ERROR] [EMI/]: [EMI] 2 recipes loaded with the same id: jei:/c/storage_blocks/rice_panicle
[04:00:50] [Thread-17/ERROR] [EMI/]: [EMI] 2 recipes loaded with the same id: jei:/minecraft/signs
[04:00:50] [Thread-17/ERROR] [EMI/]: [EMI] 2 recipes loaded with the same id: jei:/create/crafting/materials/brass_ingot_from_compacting
[04:00:50] [Thread-17/ERROR] [EMI/]: [EMI] 2 recipes loaded with the same id: jei:/c/ores
[04:00:50] [Thread-17/ERROR] [EMI/]: [EMI] 2 recipes loaded with the same id: jei:/c/glass_blocks
[04:00:50] [Thread-17/ERROR] [EMI/]: [EMI] 2 recipes loaded with the same id: jei:/c/storage_blocks/coal
[04:00:50] [Thread-17/ERROR] [EMI/]: [EMI] 2 recipes loaded with the same id: jei:/c/chests/trapped
[04:00:50] [Thread-17/ERROR] [EMI/]: [EMI] 2 recipes loaded with the same id: jei:/minecraft/flowers
[04:00:50] [Thread-17/ERROR] [EMI/]: [EMI] 2 recipes loaded with the same id: jei:/minecraft/lapis_block
[04:00:50] [Thread-17/ERROR] [EMI/]: [EMI] 2 recipes loaded with the same id: jei:/minecraft/mud_bricks
[04:00:50] [Thread-17/ERROR] [EMI/]: [EMI] 2 recipes loaded with the same id: jei:/minecraft/completes_find_tree_tutorial
[04:00:50] [Thread-17/ERROR] [EMI/]: [EMI] 2 recipes loaded with the same id: jei:/minecraft/snow
[04:00:50] [Thread-17/ERROR] [EMI/]: [EMI] 2 recipes loaded with the same id: jei:/c/villager_job_sites
[04:00:50] [Thread-17/ERROR] [EMI/]: [EMI] 2 recipes loaded with the same id: jei:/farmersdelight/onion_crate
[04:00:50] [Thread-17/ERROR] [EMI/]: [EMI] 2 recipes loaded with the same id: jei:/minecraft/waxed_oxidized_cut_copper
[04:00:50] [Thread-17/ERROR] [EMI/]: [EMI] 2 recipes loaded with the same id: jei:/poopsky/poop_trapdoor
[04:00:50] [Thread-17/ERROR] [EMI/]: [EMI] 2 recipes loaded with the same id: jei:/minecraft/fences
[04:00:50] [Thread-17/ERROR] [EMI/]: [EMI] 2 recipes loaded with the same id: jei:/farmersdelight/chocolate_pie_from_slices
[04:00:50] [Thread-17/ERROR] [EMI/]: [EMI] 2 recipes loaded with the same id: jei:/c/storage_blocks/raw_iron
[04:00:50] [Thread-17/ERROR] [EMI/]: [EMI] 2 recipes loaded with the same id: jei:/minecraft/stripped_warped_hyphae
[04:00:50] [Thread-17/ERROR] [EMI/]: [EMI] 2 recipes loaded with the same id: jei:/minecraft/polished_deepslate
[04:00:50] [Thread-17/ERROR] [EMI/]: [EMI] 2 recipes loaded with the same id: jei:/c/bookshelves
[04:00:50] [Thread-17/ERROR] [EMI/]: [EMI] 2 recipes loaded with the same id: jei:/farmersdelight/rice_bag
[04:00:50] [Thread-17/ERROR] [EMI/]: [EMI] 2 recipes loaded with the same id: jei:/c/ores_in_ground/deepslate
[04:00:50] [Thread-17/ERROR] [EMI/]: [EMI] 2 recipes loaded with the same id: jei:/minecraft/exposed_cut_copper
[04:00:50] [Thread-17/ERROR] [EMI/]: [EMI] 2 recipes loaded with the same id: jei:/c/ores/diamond
[04:00:50] [Thread-17/ERROR] [EMI/]: [EMI] 2 recipes loaded with the same id: jei:/c/storage_blocks/netherite
[04:00:50] [Thread-17/ERROR] [EMI/]: [EMI] 2 recipes loaded with the same id: jei:/c/ores/redstone
[04:00:50] [Thread-17/ERROR] [EMI/]: [EMI] 2 recipes loaded with the same id: jei:/minecraft/lapis_ores
[04:00:50] [Thread-17/ERROR] [EMI/]: [EMI] 2 recipes loaded with the same id: jei:/minecraft/wooden_doors
[04:00:50] [Thread-17/ERROR] [EMI/]: [EMI] 2 recipes loaded with the same id: jei:/c/cobblestones
[04:00:50] [Thread-17/ERROR] [EMI/]: [EMI] 2 recipes loaded with the same id: jei:/c/ore_rates/dense
[04:00:50] [Thread-17/ERROR] [EMI/]: [EMI] 2 recipes loaded with the same id: jei:/minecraft/redstone_ores
[04:00:50] [Thread-17/ERROR] [EMI/]: [EMI] 2 recipes loaded with the same id: jei:/create/crafting/materials/andesite_alloy_block
[04:00:50] [Thread-17/ERROR] [EMI/]: [EMI] 2 recipes loaded with the same id: jei:/poopsky/crafting_table_from_spall
[04:00:50] [Thread-17/ERROR] [EMI/]: [EMI] 2 recipes loaded with the same id: jei:/create/milling/dripstone_block
[04:00:50] [Thread-17/ERROR] [EMI/]: [EMI] 2 recipes loaded with the same id: jei:/create/milling/cocoa_beans
[04:00:50] [Thread-17/ERROR] [EMI/]: [EMI] 2 recipes loaded with the same id: jei:/farmersdelight/apple_pie_from_slices
[04:00:50] [Thread-17/ERROR] [EMI/]: [EMI] 2 recipes loaded with the same id: jei:/minecraft/stripped_jungle_wood
[04:00:50] [Thread-17/ERROR] [EMI/]: [EMI] 2 recipes loaded with the same id: jei:/minecraft/honeycomb_block
[04:00:50] [Thread-17/ERROR] [EMI/]: [EMI] 2 recipes loaded with the same id: jei:/create/casing
[04:00:50] [Thread-17/ERROR] [EMI/]: [EMI] 2 recipes loaded with the same id: jei:/minecraft/quartz_bricks
[04:00:50] [Thread-17/ERROR] [EMI/]: [EMI] 2 recipes loaded with the same id: jei:/poopsky/poop_block_from_poop
[04:00:50] [Thread-17/ERROR] [EMI/]: [EMI] 2 recipes loaded with the same id: jei:/minecraft/rails
[04:00:50] [Thread-17/ERROR] [EMI/]: [EMI] 2 recipes loaded with the same id: jei:/minecraft/copper_block
[04:00:50] [Thread-17/ERROR] [EMI/]: [EMI] 2 recipes loaded with the same id: jei:/c/storage_blocks/diamond
[04:00:50] [Thread-17/ERROR] [EMI/]: [EMI] 2 recipes loaded with the same id: jei:/c/sandstone/red_blocks
[04:00:50] [Thread-17/ERROR] [EMI/]: [EMI] 2 recipes loaded with the same id: jei:/c/netherracks
[04:00:50] [Thread-17/ERROR] [EMI/]: [EMI] 2 recipes loaded with the same id: jei:/c/fences/nether_brick
[04:00:50] [Thread-17/ERROR] [EMI/]: [EMI] 2 recipes loaded with the same id: jei:/c/obsidians/normal
[04:00:50] [Thread-17/ERROR] [EMI/]: [EMI] 2 recipes loaded with the same id: jei:/c/dyed/blue
[04:00:50] [Thread-17/ERROR] [EMI/]: [EMI] 2 recipes loaded with the same id: jei:/c/cobblestones/normal
[04:00:50] [Thread-17/ERROR] [EMI/]: [EMI] 2 recipes loaded with the same id: jei:/minecraft/fence_gates
[04:00:50] [Thread-17/ERROR] [EMI/]: [EMI] 2 recipes loaded with the same id: jei:/c/player_workstations/crafting_tables
[04:00:50] [Thread-17/ERROR] [EMI/]: [EMI] 2 recipes loaded with the same id: jei:/farmersdelight/integration/create/milling/wild_cabbages
[04:00:50] [Thread-17/ERROR] [EMI/]: [EMI] 2 recipes loaded with the same id: jei:/minecraft/raw_iron_block
[04:00:50] [Thread-17/ERROR] [EMI/]: [EMI] 2 recipes loaded with the same id: jei:/minecraft/wooden_slabs
[04:00:50] [Thread-17/ERROR] [EMI/]: [EMI] 2 recipes loaded with the same id: jei:/minecraft/small_flowers
[04:00:50] [Thread-17/ERROR] [EMI/]: [EMI] 2 recipes loaded with the same id: jei:/c/ores/emerald
[04:00:50] [Thread-17/ERROR] [EMI/]: [EMI] 2 recipes loaded with the same id: jei:/create/milling/azure_bluet
[04:00:50] [Thread-17/ERROR] [EMI/]: [EMI] 2 recipes loaded with the same id: jei:/minecraft/dampens_vibrations
[04:00:50] [Thread-17/ERROR] [EMI/]: [EMI] 2 recipes loaded with the same id: jei:/minecraft/red_sandstone
[04:00:50] [Thread-17/ERROR] [EMI/]: [EMI] 2 recipes loaded with the same id: jei:/c/ore_bearing_ground/deepslate
[04:00:50] [Thread-17/ERROR] [EMI/]: [EMI] 2 recipes loaded with the same id: jei:/minecraft/wool_carpets
[04:00:50] [Thread-17/ERROR] [EMI/]: [EMI] 2 recipes loaded with the same id: jei:/c/storage_blocks
[04:00:50] [Thread-17/ERROR] [EMI/]: [EMI] 2 recipes loaded with the same id: jei:/create/milling/sunflower
[04:00:50] [Thread-17/ERROR] [EMI/]: [EMI] 2 recipes loaded with the same id: jei:/minecraft/piglin_repellents
[04:00:50] [Thread-17/ERROR] [EMI/]: [EMI] 2 recipes loaded with the same id: jei:/minecraft/crimson_stems
[04:00:50] [Thread-17/ERROR] [EMI/]: [EMI] 2 recipes loaded with the same id: jei:/minecraft/redstone_block
[04:00:50] [Thread-17/ERROR] [EMI/]: [EMI] 2 recipes loaded with the same id: jei:/create/milling/lilac
[04:00:50] [Thread-17/ERROR] [EMI/]: [EMI] 2 recipes loaded with the same id: jei:/create/crafting/materials/zinc_block_from_compacting
[04:00:50] [Thread-17/ERROR] [EMI/]: [EMI] 2 recipes loaded with the same id: jei:/c/buds
[04:00:50] [Thread-17/ERROR] [EMI/]: [EMI] 2 recipes loaded with the same id: jei:/minecraft/end_stone_bricks
[04:00:50] [Thread-17/ERROR] [EMI/]: [EMI] 3 recipes loaded with the same id: jei:/minecraft/terracotta
[04:00:50] [Thread-17/ERROR] [EMI/]: [EMI] 2 recipes loaded with the same id: jei:/create/milling/dandelion
[04:00:50] [Thread-17/ERROR] [EMI/]: [EMI] 2 recipes loaded with the same id: jei:/minecraft/polished_granite
[04:00:50] [Thread-17/ERROR] [EMI/]: [EMI] 2 recipes loaded with the same id: jei:/minecraft/purpur_block
[04:00:50] [Thread-17/ERROR] [EMI/]: [EMI] 2 recipes loaded with the same id: jei:/minecraft/bricks
[04:00:50] [Thread-17/ERROR] [EMI/]: [EMI] 2 recipes loaded with the same id: jei:/c/obsidians
[04:00:50] [Thread-17/ERROR] [EMI/]: [EMI] 2 recipes loaded with the same id: jei:/c/storage_blocks/potato
[04:00:50] [Thread-17/ERROR] [EMI/]: [EMI] 2 recipes loaded with the same id: jei:/minecraft/iron_ores
[04:00:50] [Thread-17/ERROR] [EMI/]: [EMI] 2 recipes loaded with the same id: jei:/minecraft/wooden_fences
[04:00:50] [Thread-17/ERROR] [EMI/]: [EMI] 2 recipes loaded with the same id: jei:/minecraft/quartz_block
[04:00:50] [Thread-17/ERROR] [EMI/]: [EMI] 2 recipes loaded with the same id: jei:/c/stripped_logs
[04:00:50] [Thread-17/ERROR] [EMI/]: [EMI] 2 recipes loaded with the same id: jei:/c/dyed/red
[04:00:50] [Thread-17/ERROR] [EMI/]: [EMI] 2 recipes loaded with the same id: jei:/poopsky/gravel_from_flint_x4
[04:00:50] [Thread-17/ERROR] [EMI/]: [EMI] 2 recipes loaded with the same id: jei:/minecraft/logs
[04:00:50] [Thread-17/ERROR] [EMI/]: [EMI] 2 recipes loaded with the same id: jei:/c/glass_blocks/colorless
[04:00:50] [Thread-17/ERROR] [EMI/]: [EMI] 2 recipes loaded with the same id: jei:/create/milling/bone_meal
[04:00:50] [Thread-17/ERROR] [EMI/]: [EMI] 2 recipes loaded with the same id: jei:/minecraft/polished_tuff
[04:00:50] [Thread-17/ERROR] [EMI/]: [EMI] 2 recipes loaded with the same id: jei:/minecraft/diamond_block
[04:00:50] [Thread-17/ERROR] [EMI/]: [EMI] 2 recipes loaded with the same id: jei:/minecraft/walls
[04:00:50] [Thread-17/ERROR] [EMI/]: [EMI] 2 recipes loaded with the same id: jei:/c/dyed/lime
[04:00:50] [Thread-17/ERROR] [EMI/]: [EMI] 2 recipes loaded with the same id: jei:/minecraft/polished_basalt
[04:00:50] [Thread-17/ERROR] [EMI/]: [EMI] 2 recipes loaded with the same id: jei:/create/milling/sea_pickle
[04:00:50] [Thread-17/ERROR] [EMI/]: [EMI] 2 recipes loaded with the same id: jei:/create/crafting/materials/cardboard_block
[04:00:50] [Thread-17/ERROR] [EMI/]: [EMI] Recipe touhou_little_maid:altar_recipe not present in recipe manager. Consider prefixing its path with '/' if it is synthetic.
[04:00:50] [Thread-17/ERROR] [EMI/]: [EMI] Recipe create:create.toolbox.color/white not present in recipe manager. Consider prefixing its path with '/' if it is synthetic.
[04:00:50] [Thread-17/ERROR] [EMI/]: [EMI] Recipe create:create.toolbox.color/orange not present in recipe manager. Consider prefixing its path with '/' if it is synthetic.
[04:00:50] [Thread-17/ERROR] [EMI/]: [EMI] Recipe create:create.toolbox.color/magenta not present in recipe manager. Consider prefixing its path with '/' if it is synthetic.
[04:00:50] [Thread-17/ERROR] [EMI/]: [EMI] Recipe create:create.toolbox.color/light_blue not present in recipe manager. Consider prefixing its path with '/' if it is synthetic.
[04:00:50] [Thread-17/ERROR] [EMI/]: [EMI] Recipe create:create.toolbox.color/yellow not present in recipe manager. Consider prefixing its path with '/' if it is synthetic.
[04:00:50] [Thread-17/ERROR] [EMI/]: [EMI] Recipe create:create.toolbox.color/lime not present in recipe manager. Consider prefixing its path with '/' if it is synthetic.
[04:00:50] [Thread-17/ERROR] [EMI/]: [EMI] Recipe create:create.toolbox.color/pink not present in recipe manager. Consider prefixing its path with '/' if it is synthetic.
[04:00:50] [Thread-17/ERROR] [EMI/]: [EMI] Recipe create:create.toolbox.color/gray not present in recipe manager. Consider prefixing its path with '/' if it is synthetic.
[04:00:50] [Thread-17/ERROR] [EMI/]: [EMI] Recipe create:create.toolbox.color/light_gray not present in recipe manager. Consider prefixing its path with '/' if it is synthetic.
[04:00:50] [Thread-17/ERROR] [EMI/]: [EMI] Recipe create:create.toolbox.color/cyan not present in recipe manager. Consider prefixing its path with '/' if it is synthetic.
[04:00:50] [Thread-17/ERROR] [EMI/]: [EMI] Recipe create:create.toolbox.color/purple not present in recipe manager. Consider prefixing its path with '/' if it is synthetic.
[04:00:50] [Thread-17/ERROR] [EMI/]: [EMI] Recipe create:create.toolbox.color/blue not present in recipe manager. Consider prefixing its path with '/' if it is synthetic.
[04:00:50] [Thread-17/ERROR] [EMI/]: [EMI] Recipe create:create.toolbox.color/green not present in recipe manager. Consider prefixing its path with '/' if it is synthetic.
[04:00:50] [Thread-17/ERROR] [EMI/]: [EMI] Recipe create:create.toolbox.color/red not present in recipe manager. Consider prefixing its path with '/' if it is synthetic.
[04:00:50] [Thread-17/ERROR] [EMI/]: [EMI] Recipe create:create.toolbox.color/black not present in recipe manager. Consider prefixing its path with '/' if it is synthetic.
[04:00:50] [JEI Deduplicating Run Executor 0/DEBUG] [me.je.co.co.fi.ConfigSerializer/]: Saving config file: F:\Minecraft\ModDev\PoopSkyMod\run\config\jei\jei-colors.ini
[04:00:50] [JEI Deduplicating Run Executor 0/DEBUG] [me.je.co.co.fi.ConfigSerializer/]: Saving config file: F:\Minecraft\ModDev\PoopSkyMod\run\config\jei\jei-client.ini
[04:00:50] [JEI Deduplicating Run Executor 0/DEBUG] [me.je.co.co.fi.ConfigSerializer/]: Saving config file: F:\Minecraft\ModDev\PoopSkyMod\run\config\jei\jei-mod-id-format.ini
[04:00:50] [JEI Deduplicating Run Executor 0/DEBUG] [me.je.co.co.fi.ConfigSerializer/]: Saving config file: F:\Minecraft\ModDev\PoopSkyMod\run\config\jei\jei-debug.ini
[04:00:50] [Thread-17/INFO] [EMI/]: [EMI] Baked recipes after reload in 149ms
[04:00:50] [Thread-13/INFO] [EMI/]: [EMI] Finishing up
[04:00:50] [Thread-13/INFO] [EMI/]: [EMI] Reloaded EMI in 1395ms
[04:00:51] [JEI Config File Watcher/DEBUG] [me.je.co.co.fi.FileWatcherThread/]: Detected changes in files:
F:\Minecraft\ModDev\PoopSkyMod\run\config\jei\jei-colors.ini
F:\Minecraft\ModDev\PoopSkyMod\run\config\jei\jei-client.ini
F:\Minecraft\ModDev\PoopSkyMod\run\config\jei\jei-mod-id-format.ini
F:\Minecraft\ModDev\PoopSkyMod\run\config\jei\jei-debug.ini
[04:00:51] [Server thread/INFO] [minecraft/IntegratedServer]: Saving and pausing game...
[04:00:51] [Server thread/INFO] [minecraft/MinecraftServer]: Saving chunks for level 'ServerLevel[鏂扮殑涓栫晫]'/minecraft:overworld
[04:00:51] [Server thread/INFO] [minecraft/MinecraftServer]: Saving chunks for level 'ServerLevel[鏂扮殑涓栫晫]'/minecraft:the_nether
[04:00:51] [Server thread/INFO] [minecraft/MinecraftServer]: Saving chunks for level 'ServerLevel[鏂扮殑涓栫晫]'/minecraft:the_end
[04:00:51] [Server thread/DEBUG] [ne.ne.ne.co.CommonHooks/WP]: Gathered mod list to write to world save 鏂扮殑涓栫晫
[04:00:54] [Render thread/DEBUG] [mixin/]: Mixing accessor.OrderedTextTooltipComponentAccessor from emi.mixins.json into net.minecraft.client.gui.screens.inventory.tooltip.ClientTextTooltip
[04:00:54] [Render thread/DEBUG] [mixin/]: emi.mixins.json:accessor.OrderedTextTooltipComponentAccessor from mod emi: Class version 65 required is higher than the class version supported by the current version of Mixin (JAVA_17 supports class version 61)
[04:00:58] [Server thread/INFO] [minecraft/MinecraftServer]: Player1900瀹屾垚浜嗘寫鎴榌鐐僵鍘曟墍]
[04:00:58] [Render thread/INFO] [minecraft/ChatComponent]: [System] [CHAT] Player1900瀹屾垚浜嗘寫鎴榌鐐僵鍘曟墍]
[04:00:58] [Render thread/INFO] [minecraft/AdvancementTree]: Loaded 46 advancements
[04:01:01] [Flywheel Task Executor #9/DEBUG] [io.ne.ut.in.ThreadLocalRandom/]: -Dio.netty.initialSeedUniquifier: 0xaa728c03f6b324c2
[04:01:01] [Render thread/DEBUG] [flywheel/backend/shaders/]: Compiled culling/create_instance_cull_rotating in 10.285 ms
[04:01:01] [Render thread/DEBUG] [flywheel/backend/shaders/]: Linked dev.engine_room.flywheel.lib.instance.SimpleInstanceType@65d2100c in 11.941 ms
[04:01:01] [Render thread/DEBUG] [flywheel/backend/shaders/]: Compiled utilities/flywheel_internal_indirect_scatter in 214.700 渭s
[04:01:01] [Render thread/DEBUG] [flywheel/backend/shaders/]: Linked flywheel:internal/indirect/scatter.glsl in 415.000 渭s
[04:01:01] [Render thread/DEBUG] [flywheel/backend/shaders/]: Compiled utilities/flywheel_internal_indirect_downsample_first in 589.200 渭s
[04:01:01] [Render thread/DEBUG] [flywheel/backend/shaders/]: Linked flywheel:internal/indirect/downsample_first.glsl in 1.012 ms
[04:01:01] [Render thread/DEBUG] [flywheel/backend/shaders/]: Compiled utilities/flywheel_internal_indirect_downsample_second in 462.000 渭s
[04:01:01] [Render thread/DEBUG] [flywheel/backend/shaders/]: Linked flywheel:internal/indirect/downsample_second.glsl in 810.700 渭s
[04:01:01] [Render thread/DEBUG] [flywheel/backend/shaders/]: Compiled utilities/flywheel_internal_indirect_apply in 186.600 渭s
[04:01:01] [Render thread/DEBUG] [flywheel/backend/shaders/]: Linked flywheel:internal/indirect/apply.glsl in 305.900 渭s
[04:01:01] [Render thread/DEBUG] [flywheel/backend/shaders/]: Compiled pipeline/indirect/create_instance_rotating/flywheel_material_default_default in 3.447 ms
[04:01:01] [Render thread/DEBUG] [flywheel/backend/shaders/]: Compiled pipeline/indirect/frag/flywheel_material_default/flywheel_light_smooth_when_embedded_default in 2.707 ms
[04:01:01] [Render thread/DEBUG] [de.en.fl.ba.gl.sh.GlProgram/]: No active uniform '_flw_depthRange' exists. Could be unused.
[04:01:01] [Render thread/DEBUG] [de.en.fl.ba.gl.sh.GlProgram/]: No active uniform '_flw_coefficients' exists. Could be unused.
[04:01:01] [Render thread/DEBUG] [de.en.fl.ba.gl.sh.GlProgram/]: No active uniform '_flw_blueNoise' exists. Could be unused.
[04:01:01] [Render thread/DEBUG] [flywheel/backend/shaders/]: Linked PipelineProgramKey[instanceType=dev.engine_room.flywheel.lib.instance.SimpleInstanceType@65d2100c, contextShader=DEFAULT, light=SimpleLightShader[source=flywheel:light/smooth_when_embedded.glsl], materialShaders=SimpleMaterialShaders[vertexSource=flywheel:material/default.vert, fragmentSource=flywheel:material/default.frag], useCutout=false, debugEnabled=false, oit=OFF] in 7.226 ms
[04:01:01] [Render thread/DEBUG] [flywheel/backend/shaders/]: Compiled pipeline/indirect/create_instance_rotating/flywheel_material_default_default in 369.300 渭s
[04:01:01] [Render thread/DEBUG] [flywheel/backend/shaders/]: Compiled pipeline/indirect/frag/flywheel_material_default/flywheel_light_smooth_when_embedded_default_cutout in 599.700 渭s
[04:01:01] [Render thread/DEBUG] [de.en.fl.ba.gl.sh.GlProgram/]: No active uniform '_flw_depthRange' exists. Could be unused.
[04:01:01] [Render thread/DEBUG] [de.en.fl.ba.gl.sh.GlProgram/]: No active uniform '_flw_coefficients' exists. Could be unused.
[04:01:01] [Render thread/DEBUG] [de.en.fl.ba.gl.sh.GlProgram/]: No active uniform '_flw_blueNoise' exists. Could be unused.
[04:01:01] [Render thread/DEBUG] [flywheel/backend/shaders/]: Linked PipelineProgramKey[instanceType=dev.engine_room.flywheel.lib.instance.SimpleInstanceType@65d2100c, contextShader=DEFAULT, light=SimpleLightShader[source=flywheel:light/smooth_when_embedded.glsl], materialShaders=SimpleMaterialShaders[vertexSource=flywheel:material/default.vert, fragmentSource=flywheel:material/default.frag], useCutout=true, debugEnabled=false, oit=OFF] in 1.613 ms
[04:01:10] [Render thread/INFO] [minecraft/AdvancementTree]: Loaded 58 advancements
[04:01:11] [Render thread/INFO] [minecraft/AdvancementTree]: Loaded 68 advancements
[04:01:20] [Server thread/INFO] [minecraft/IntegratedServer]: Saving and pausing game...
[04:01:20] [Server thread/INFO] [minecraft/MinecraftServer]: Saving chunks for level 'ServerLevel[鏂扮殑涓栫晫]'/minecraft:overworld
[04:01:20] [Server thread/INFO] [minecraft/MinecraftServer]: Saving chunks for level 'ServerLevel[鏂扮殑涓栫晫]'/minecraft:the_nether
[04:01:20] [Server thread/INFO] [minecraft/MinecraftServer]: Saving chunks for level 'ServerLevel[鏂扮殑涓栫晫]'/minecraft:the_end
[04:01:20] [Server thread/DEBUG] [ne.ne.ne.co.CommonHooks/WP]: Gathered mod list to write to world save 鏂扮殑涓栫晫
[04:01:21] [Render thread/INFO] [minecraft/Minecraft]: Stopping!
[04:01:21] [Render thread/DEBUG] [me.je.ne.st.StartEventObserver/]: JEI StartEventObserver received event: class net.neoforged.neoforge.client.event.ClientPlayerNetworkEvent$LoggingOut
[04:01:21] [Render thread/DEBUG] [me.je.ne.st.StartEventObserver/]: JEI StartEventObserver transitioning state from JEI_STARTED to LISTENING
[04:01:21] [Render thread/INFO] [me.je.li.st.JeiStarter/]: Stopping JEI
[04:01:21] [Render thread/INFO] [me.je.li.lo.PluginCaller/]: Sending Runtime Unavailable...
[04:01:21] [Render thread/DEBUG] [me.je.li.lo.PluginCallerTimerRunnable/]: Sending Runtime Unavailable: jei:minecraft...
[04:01:21] [Render thread/DEBUG] [me.je.li.lo.PluginCallerTimerRunnable/]: Sending Runtime Unavailable: farmersdelight:jei_plugin...
[04:01:21] [Render thread/DEBUG] [me.je.li.lo.PluginCallerTimerRunnable/]: Sending Runtime Unavailable: emi:jemi...
[04:01:21] [Render thread/DEBUG] [me.je.li.lo.PluginCallerTimerRunnable/]: Sending Runtime Unavailable: jade:main...
[04:01:21] [Render thread/DEBUG] [me.je.li.lo.PluginCallerTimerRunnable/]: Sending Runtime Unavailable: jei:neoforge_gui...
[04:01:21] [Render thread/INFO] [me.je.ne.pl.ne.NeoForgeGuiPlugin/]: Stopping JEI GUI
[04:01:21] [Render thread/DEBUG] [me.je.li.lo.PluginCallerTimerRunnable/]: Sending Runtime Unavailable: jei:debug...
[04:01:21] [Render thread/DEBUG] [me.je.li.lo.PluginCallerTimerRunnable/]: Sending Runtime Unavailable: jei:gui...
[04:01:21] [Render thread/DEBUG] [me.je.li.lo.PluginCallerTimerRunnable/]: Sending Runtime Unavailable: poopsky:jei_plugin...
[04:01:21] [Render thread/DEBUG] [me.je.li.lo.PluginCallerTimerRunnable/]: Sending Runtime Unavailable: touhou_little_maid:jei...
[04:01:21] [Render thread/DEBUG] [me.je.li.lo.PluginCallerTimerRunnable/]: Sending Runtime Unavailable: create:jei_plugin...
[04:01:21] [Render thread/DEBUG] [me.je.li.lo.PluginCallerTimerRunnable/]: Sending Runtime Unavailable: kubejs:jei...
[04:01:21] [Render thread/DEBUG] [me.je.li.lo.PluginCallerTimerRunnable/]: Sending Runtime Unavailable: jei:internal...
[04:01:21] [Render thread/INFO] [me.je.li.lo.PluginCaller/]: Sending Runtime Unavailable took 808.2 microseconds
[04:01:21] [Render thread/DEBUG] [co.si.cr.Create/]: Removed Redstone Network Space for minecraft:overworld
[04:01:21] [Render thread/DEBUG] [co.si.cr.Create/]: Removed Kinetic Network Space for minecraft:overworld
[04:01:21] [Server thread/INFO] [minecraft/ServerGamePacketListenerImpl]: Player1900 lost connection: 杩炴帴涓柇
[04:01:21] [Server thread/INFO] [minecraft/MinecraftServer]: Player1900閫€鍑轰簡娓告垙
[04:01:21] [Server thread/INFO] [minecraft/ServerCommonPacketListenerImpl]: Stopping singleplayer server as player logged out
[04:01:21] [Server thread/INFO] [minecraft/MinecraftServer]: Stopping server
[04:01:21] [Server thread/INFO] [minecraft/MinecraftServer]: Saving players
[04:01:21] [Server thread/INFO] [minecraft/MinecraftServer]: Saving worlds
[04:01:21] [Server thread/INFO] [minecraft/MinecraftServer]: Saving chunks for level 'ServerLevel[鏂扮殑涓栫晫]'/minecraft:overworld
[04:01:22] [Server thread/INFO] [minecraft/MinecraftServer]: Saving chunks for level 'ServerLevel[鏂扮殑涓栫晫]'/minecraft:the_nether
[04:01:22] [Server thread/INFO] [minecraft/MinecraftServer]: Saving chunks for level 'ServerLevel[鏂扮殑涓栫晫]'/minecraft:the_end
[04:01:22] [Server thread/DEBUG] [ne.ne.ne.co.CommonHooks/WP]: Gathered mod list to write to world save 鏂扮殑涓栫晫
[04:01:22] [Server thread/INFO] [minecraft/MinecraftServer]: ThreadedAnvilChunkStorage (鏂扮殑涓栫晫): All chunks are saved
[04:01:22] [Server thread/INFO] [minecraft/MinecraftServer]: ThreadedAnvilChunkStorage (DIM-1): All chunks are saved
[04:01:22] [Server thread/INFO] [minecraft/MinecraftServer]: ThreadedAnvilChunkStorage (DIM1): All chunks are saved
[04:01:22] [Server thread/INFO] [minecraft/MinecraftServer]: ThreadedAnvilChunkStorage: All dimensions are saved
[04:01:22] [Server thread/DEBUG] [co.si.cr.Create/]: Removed Redstone Network Space for minecraft:overworld
[04:01:22] [Server thread/DEBUG] [co.si.cr.Create/]: Removed Kinetic Network Space for minecraft:overworld
[04:01:22] [Server thread/DEBUG] [co.si.cr.Create/]: Removed Redstone Network Space for minecraft:the_nether
[04:01:22] [Server thread/DEBUG] [co.si.cr.Create/]: Removed Kinetic Network Space for minecraft:the_nether
[04:01:22] [Server thread/DEBUG] [co.si.cr.Create/]: Removed Redstone Network Space for minecraft:the_end
[04:01:22] [Server thread/DEBUG] [co.si.cr.Create/]: Removed Kinetic Network Space for minecraft:the_end
[04:01:22] [Server thread/INFO] [KubeJS/]: Closed KubeJS Virtual Resource Pack [Before Mods, data]
[04:01:22] [Server thread/INFO] [KubeJS/]: Closed KubeJS Virtual Resource Pack [Internal, data]
[04:01:22] [Server thread/INFO] [KubeJS/]: Closed KubeJS Virtual Resource Pack [Registries, data]
[04:01:22] [Server thread/INFO] [KubeJS/]: Closed KubeJS Virtual Resource Pack [After Mods, data]
[04:01:22] [Server thread/INFO] [KubeJS/]: Closed KubeJS Virtual Resource Pack [Last, data]
[04:01:22] [Server thread/DEBUG] [ne.ne.fm.co.ConfigTracker/CONFIG]: Unloading configs type SERVER
[04:01:22] [Render thread/INFO] [KubeJS/]: Closed KubeJS Virtual Resource Pack [Before Mods, assets]
[04:01:22] [Render thread/INFO] [KubeJS/]: Closed KubeJS Virtual Resource Pack [Internal, assets]
[04:01:22] [Render thread/INFO] [KubeJS/]: Closed KubeJS Virtual Resource Pack [After Mods, assets]
[04:01:22] [Render thread/INFO] [KubeJS/]: Closed KubeJS Virtual Resource Pack [Last, assets]

[Incubating] Problems report is available at: file:///F:/Minecraft/ModDev/PoopSkyMod/build/reports/problems/problems-report.html

Deprecated Gradle features were used in this build, making it incompatible with Gradle 9.0.

You can use '--warning-mode all' to show the individual deprecation warnings and determine if they come from your own scripts or plugins.

For more on this, please refer to https://docs.gradle.org/8.12.1/userguide/command_line_interface.html#sec:command_line_warnings in the Gradle documentation.

BUILD SUCCESSFUL in 1m 30s
8 actionable tasks: 4 executed, 4 up-to-date
